# Exported from MakeClothes (TM)
# author Elvaerwyn
# license CC BY 4.0
# homepage http://www.makehuman.org/
v 0.9825 8.5071 0.3020
v 0.9760 8.4856 0.1049
v 0.9617 8.5530 0.0949
v 0.9712 8.5683 0.2854
v 0.9636 8.5827 0.4747
v 0.9753 8.5267 0.4978
v 0.9718 8.4418 0.1104
v 0.9791 8.4666 0.3090
v 0.9629 8.4659 -0.0853
v 0.9551 8.4194 -0.0810
v 0.9474 8.5397 -0.0884
v 0.9371 8.6343 0.0816
v 0.9419 8.6431 0.2612
v 0.9288 8.6502 0.4381
v 0.9471 8.5431 0.6841
v 0.9360 8.5955 0.6539
v 0.8806 8.6095 0.8142
v 0.8912 8.5575 0.8521
v 0.8847 8.5231 0.8658
v 0.9415 8.5079 0.6953
v 0.9710 8.4894 0.5068
v 0.9556 8.4673 0.5049
v 0.9654 8.4429 0.3085
v 0.9402 8.4054 0.1088
v 0.9585 8.4164 0.1114
v 0.9459 8.4324 0.3024
v 0.9207 8.4050 0.1033
v 0.9004 8.3805 -0.0775
v 0.9201 8.3806 -0.0770
v 0.9396 8.3923 -0.0782
v 0.9248 8.4319 0.2926
v 0.9040 8.4113 0.0958
v 0.8842 8.3880 -0.0798
v 0.8632 8.3558 -0.2496
v 0.8846 8.3565 -0.2547
v 0.8602 8.3479 -0.4338
v 0.9072 8.3704 -0.2601
v 0.8326 8.3290 -0.4238
v 0.7627 8.2920 -0.5843
v 0.7967 8.3198 -0.5991
v 0.9273 8.4008 -0.2651
v 0.8864 8.3849 -0.4411
v 0.9071 8.4414 -0.4440
v 0.9409 8.4509 -0.2683
v 0.9320 8.5287 -0.2660
v 0.8589 8.4349 -0.6118
v 0.8765 8.5216 -0.6054
v 0.9168 8.5205 -0.4406
v 0.8305 8.3679 -0.6090
v 0.7936 8.4308 -0.7712
v 0.8165 8.5288 -0.7620
v 0.8523 8.6237 -0.5830
v 0.8897 8.6183 -0.4256
v 0.9128 8.6205 -0.2618
v 0.9284 8.6268 -0.0928
v 0.9183 8.7256 0.0654
v 0.9236 8.7209 -0.1008
v 0.8854 8.8208 0.0514
v 0.8778 8.8148 0.2059
v 0.9163 8.7284 0.2347
v 0.8899 8.8223 -0.1028
v 0.8394 8.9052 0.0395
v 0.8358 8.8963 0.1784
v 0.8552 8.8062 0.3518
v 0.8938 8.7267 0.3964
v 0.9117 8.6607 0.6089
v 0.8774 8.7344 0.5535
v 0.8239 8.7469 0.6885
v 0.8569 8.6739 0.7578
v 0.7669 8.6979 0.8791
v 0.7900 8.6299 0.9470
v 0.8005 8.5749 0.9929
v 0.6709 8.6541 1.0528
v 0.6821 8.5945 1.1060
v 0.7950 8.5390 1.0095
v 0.8664 8.5033 0.8618
v 0.9241 8.4873 0.6922
v 0.9337 8.4576 0.4955
v 0.9001 8.4785 0.6797
v 0.9103 8.4573 0.4818
v 0.9065 8.4380 0.2812
v 0.8895 8.4209 0.0855
v 0.8697 8.3997 -0.0841
v 0.8331 8.3791 -0.2436
v 0.8469 8.3642 -0.2461
v 0.8081 8.3260 -0.4128
v 0.7907 8.3353 -0.4026
v 0.7337 8.2844 -0.5671
v 0.6388 8.2256 -0.7129
v 0.6733 8.2415 -0.7363
v 0.7151 8.2833 -0.7558
v 0.7576 8.3481 -0.7684
v 0.6657 8.3288 -0.9144
v 0.6155 8.2445 -0.8999
v 0.5998 8.4343 -1.0429
v 0.7083 8.4294 -0.9169
v 0.5531 8.3182 -1.0414
v 0.4627 8.4502 -1.1407
v 0.4743 8.5734 -1.1108
v 0.6277 8.5551 -1.0292
v 0.7348 8.5400 -0.9052
v 0.4176 8.3242 -1.1422
v 0.2984 8.4747 -1.2096
v 0.3240 8.5938 -1.2021
v 0.4796 8.6873 -1.0851
v 0.6376 8.6734 -1.0058
v 0.7313 8.6528 -0.8770
v 0.8018 8.6356 -0.7349
v 0.8736 8.7270 -0.5760
v 0.8177 8.7447 -0.7231
v 0.8474 8.8391 -0.5572
v 0.8744 8.8286 -0.4081
v 0.9087 8.7185 -0.4228
v 0.7926 8.8548 -0.6997
v 0.7916 8.9352 -0.5355
v 0.8217 8.9234 -0.3923
v 0.8866 8.8231 -0.2563
v 0.9246 8.7176 -0.2639
v 0.8365 8.9157 -0.2476
v 0.7553 9.0177 -0.3755
v 0.7740 9.0081 -0.2380
v 0.8409 8.9105 -0.1031
v 0.7833 8.9987 -0.1032
v 0.7156 9.0725 0.0070
v 0.7861 8.9888 0.0265
v 0.7087 9.0850 -0.1073
v 0.6125 9.1651 -0.0306
v 0.6132 9.1563 0.0533
v 0.7176 9.0597 0.1112
v 0.7852 8.9771 0.1485
v 0.6074 9.1738 -0.1232
v 0.4758 9.2562 -0.0858
v 0.6947 9.0974 -0.2298
v 0.5959 9.1818 -0.2251
v 0.4794 9.2570 -0.1509
v 0.3450 9.3218 -0.1768
v 0.3442 9.3221 -0.1316
v 0.4717 9.2543 -0.0240
v 0.6048 9.1508 0.1279
v 0.6966 9.0470 0.1992
v 0.7629 8.9629 0.2566
v 0.8133 8.8843 0.3061
v 0.8323 8.8102 0.4902
v 0.7847 8.8864 0.4244
v 0.7853 8.8246 0.6116
v 0.6986 8.8545 0.7061
v 0.7352 8.7743 0.7964
v 0.6163 8.8007 0.8787
v 0.5828 8.8836 0.7775
v 0.6470 8.7232 0.9735
v 0.5086 8.7507 1.0450
v 0.4809 8.8298 0.9413
v 0.3323 8.8360 0.9834
v 0.3568 8.7671 1.0943
v 0.5309 8.6789 1.1326
v 0.5424 8.6148 1.1912
v 0.6787 8.5559 1.1251
v 0.6653 8.5351 1.1194
v 0.7784 8.5190 1.0045
v 0.8418 8.4953 0.8462
v 0.7555 8.5113 0.9859
v 0.8159 8.4962 0.8254
v 0.8748 8.4787 0.6625
v 0.7941 8.5033 0.8058
v 0.8532 8.4856 0.6452
v 0.8902 8.4637 0.4673
v 0.8724 8.4738 0.4507
v 0.8906 8.4475 0.2672
v 0.8767 8.4300 0.0719
v 0.8766 8.4569 0.2498
v 0.8643 8.4339 0.0530
v 0.8363 8.4279 -0.1024
v 0.8556 8.4131 -0.0907
v 0.8644 8.4639 0.2360
v 0.8565 8.4846 0.4309
v 0.8418 8.4931 0.4087
v 0.7999 8.5183 0.5747
v 0.8168 8.5082 0.6033
v 0.7570 8.5267 0.7586
v 0.7389 8.5378 0.7255
v 0.6595 8.5521 0.8526
v 0.8342 8.4964 0.6262
v 0.7749 8.5143 0.7844
v 0.6769 8.5410 0.8880
v 0.5797 8.5532 0.9909
v 0.4561 8.5741 1.0299
v 0.6937 8.5292 0.9158
v 0.5942 8.5428 1.0201
v 0.4687 8.5650 1.0667
v 0.3469 8.5769 1.1146
v 0.2109 8.5973 1.0961
v 0.4801 8.5560 1.0968
v 0.3548 8.5688 1.1457
v 0.2175 8.5886 1.1346
v 0.0834 8.5999 1.1251
v -0.0540 8.6197 1.0454
v 0.2218 8.5801 1.1666
v 0.0843 8.5904 1.1579
v -0.0525 8.6097 1.0852
v -0.1875 8.6156 1.0139
v -0.3173 8.6238 0.8767
v -0.3188 8.6150 0.9102
v -0.4422 8.6059 0.7819
v -0.4395 8.6133 0.7550
v -0.5493 8.5948 0.6180
v -0.3238 8.6046 0.9391
v -0.4473 8.5965 0.8073
v -0.5536 8.5890 0.6363
v -0.6465 8.5687 0.4836
v -0.5582 8.5808 0.6588
v -0.6519 8.5608 0.5021
v -0.7139 8.5527 0.3335
v -0.7593 8.5379 0.1849
v -0.7422 8.5598 0.1750
v -0.7661 8.5405 0.0371
v -0.7237 8.5417 0.3464
v -0.7744 8.5206 0.1908
v -0.7869 8.5124 0.0370
v -0.7960 8.4717 -0.1114
v -0.7616 8.4498 -0.2423
v -0.8057 8.4900 0.0351
v -0.8175 8.4443 -0.1214
v -0.7863 8.4098 -0.2619
v -0.7585 8.3377 -0.4106
v -0.7325 8.3847 -0.3821
v -0.8101 8.3781 -0.2803
v -0.7845 8.3005 -0.4372
v -0.7132 8.2673 -0.5529
v -0.6505 8.2095 -0.6829
v -0.5447 8.2320 -0.7428
v -0.7406 8.2238 -0.5876
v -0.6784 8.1621 -0.7250
v -0.5710 8.1741 -0.7936
v -0.4772 8.1542 -0.8828
v -0.5982 8.1252 -0.8420
v -0.5027 8.1049 -0.9360
v -0.3720 8.1425 -0.9494
v -0.2580 8.1333 -0.9928
v -0.3949 8.0929 -1.0057
v -0.2778 8.0836 -1.0506
v -0.1378 8.1229 -1.0127
v -0.0130 8.1153 -1.0083
v -0.1542 8.0728 -1.0707
v -0.0256 8.0649 -1.0649
v 0.1146 8.1166 -0.9789
v 0.2432 8.1346 -0.9245
v 0.2514 8.1922 -0.8747
v 0.3745 8.2305 -0.8026
v 0.1060 8.0661 -1.0323
v 0.2385 8.0852 -0.9728
v 0.3706 8.1764 -0.8457
v 0.4914 8.2327 -0.7484
v 0.4907 8.2817 -0.7127
v 0.3699 8.1306 -0.8877
v 0.4944 8.1931 -0.7829
v 0.6005 8.2927 -0.6367
v 0.6934 8.3442 -0.5140
v 0.6068 8.2590 -0.6632
v 0.7026 8.3149 -0.5323
v 0.7658 8.3772 -0.3827
v 0.8198 8.3982 -0.2419
v 0.7776 8.3530 -0.3928
v 0.7149 8.2941 -0.5499
v 0.6182 8.2343 -0.6885
v 0.5264 8.1585 -0.8471
v 0.5662 8.1856 -0.8763
v 0.4975 8.2156 -1.0261
v 0.4432 8.1390 -0.9995
v 0.3065 8.1159 -1.0992
v 0.3614 8.2084 -1.1271
v 0.2071 8.2265 -1.1941
v 0.2570 8.3491 -1.2083
v 0.0801 8.3833 -1.2386
v 0.0416 8.2572 -1.2260
v -0.0833 8.5346 -1.2369
v 0.1122 8.5059 -1.2399
v -0.1044 8.4153 -1.2352
v -0.2765 8.5558 -1.1923
v -0.2659 8.6546 -1.1838
v -0.0698 8.6360 -1.2325
v 0.1310 8.6156 -1.2316
v -0.2875 8.4384 -1.1966
v -0.4666 8.5667 -1.1333
v -0.4602 8.6688 -1.1270
v -0.2561 8.7424 -1.1744
v -0.0614 8.7272 -1.2216
v 0.1393 8.7159 -1.2155
v 0.3338 8.7059 -1.1818
v 0.4767 8.7955 -1.0600
v 0.3310 8.8101 -1.1552
v 0.4725 8.9006 -1.0417
v 0.6091 8.8917 -0.9483
v 0.6310 8.7866 -0.9774
v 0.3192 8.9068 -1.1266
v 0.4506 8.9932 -1.0196
v 0.5738 8.9843 -0.9223
v 0.7120 8.8729 -0.8307
v 0.7369 8.7657 -0.8580
v 0.6700 8.9691 -0.8058
v 0.5256 9.0657 -0.8908
v 0.6123 9.0551 -0.7766
v 0.7417 8.9521 -0.6752
v 0.6775 9.0419 -0.6489
v 0.6404 9.1176 -0.4866
v 0.7242 9.0287 -0.5134
v 0.5978 9.1252 -0.6148
v 0.5418 9.1976 -0.4527
v 0.5725 9.1914 -0.3372
v 0.6722 9.1084 -0.3573
v 0.5047 9.1995 -0.5677
v 0.4301 9.2661 -0.4084
v 0.5408 9.1316 -0.7361
v 0.4573 9.1995 -0.6770
v 0.4005 9.2642 -0.5023
v 0.2879 9.3209 -0.4225
v 0.3086 9.3241 -0.3562
v 0.4562 9.2635 -0.3148
v 0.4745 9.2588 -0.2264
v 0.3270 9.3242 -0.2906
v 0.3395 9.3229 -0.2296
v 0.1951 9.3746 -0.2340
v 0.1886 9.3742 -0.2649
v 0.1995 9.3746 -0.2063
v 0.2011 9.3747 -0.1821
v 0.3388 9.3237 -0.0921
v 0.3308 9.3255 -0.0555
v 0.4631 9.2533 0.0323
v 0.5787 9.1559 0.1912
v 0.4408 9.2605 0.0800
v 0.5344 9.1704 0.2463
v 0.6361 9.0663 0.3578
v 0.6721 9.0505 0.2820
v 0.4077 9.2702 0.1229
v 0.4741 9.1920 0.2967
v 0.5617 9.0931 0.4181
v 0.6976 8.9822 0.4493
v 0.7340 8.9654 0.3563
v 0.7451 8.9023 0.5328
v 0.6610 8.9333 0.6151
v 0.5513 8.9706 0.6795
v 0.4506 8.9128 0.8315
v 0.3093 8.9296 0.8725
v 0.1651 8.9343 0.9050
v 0.1825 8.8448 1.0169
v 0.2003 8.7747 1.1267
v 0.3768 8.6992 1.1873
v 0.2152 8.7086 1.2179
v 0.2255 8.6442 1.2769
v 0.3881 8.6330 1.2481
v 0.3904 8.5904 1.2692
v 0.5418 8.5737 1.2119
v 0.5328 8.5517 1.2053
v 0.3864 8.5675 1.2613
v 0.6463 8.5274 1.0980
v 0.5190 8.5435 1.1814
v 0.6262 8.5283 1.0702
v 0.7316 8.5124 0.9616
v 0.7114 8.5190 0.9393
v 0.6093 8.5339 1.0455
v 0.4915 8.5485 1.1238
v 0.3620 8.5624 1.1740
v 0.5041 8.5441 1.1508
v 0.3696 8.5587 1.2028
v 0.2270 8.5697 1.2257
v 0.3786 8.5587 1.2355
v 0.2297 8.5702 1.2596
v 0.0772 8.5798 1.2518
v 0.0804 8.5789 1.2177
v 0.2246 8.5734 1.1959
v 0.0830 8.5829 1.1877
v -0.0545 8.5993 1.1180
v -0.0592 8.5908 1.1476
v -0.1987 8.5958 1.0741
v -0.1916 8.6048 1.0456
v -0.2083 8.5911 1.1022
v -0.3425 8.5915 0.9915
v -0.2199 8.5933 1.1332
v -0.3554 8.5943 1.0190
v -0.4792 8.5874 0.8774
v -0.4662 8.5842 0.8539
v -0.3319 8.5958 0.9655
v -0.0660 8.5863 1.1771
v -0.0742 8.5879 1.2102
v -0.2318 8.6044 1.1586
v -0.3680 8.6063 1.0414
v -0.4915 8.6002 0.8959
v -0.5769 8.5692 0.6985
v -0.5898 8.5725 0.7175
v -0.6855 8.5518 0.5482
v -0.6718 8.5487 0.5337
v -0.6605 8.5529 0.5187
v -0.5662 8.5731 0.6792
v -0.4555 8.5883 0.8310
v -0.7485 8.5270 0.3681
v -0.7649 8.5300 0.3784
v -0.8271 8.5055 0.2080
v -0.8066 8.5016 0.2017
v -0.7350 8.5322 0.3577
v -0.7896 8.5077 0.1962
v -0.8245 8.4743 0.0339
v -0.8400 8.4259 -0.1296
v -0.8458 8.4678 0.0342
v -0.8662 8.4195 -0.1347
v -0.8674 8.3520 -0.3057
v -0.8982 8.4321 -0.1354
v -0.8717 8.4747 0.0369
v -0.8972 8.4981 0.0412
v -0.9302 8.4655 -0.1323
v -0.9060 8.3741 -0.3094
v -0.8935 8.3081 -0.4817
v -0.8493 8.2739 -0.4752
v -0.8363 8.3564 -0.2954
v -0.8138 8.2753 -0.4595
v -0.7720 8.1966 -0.6171
v -0.7102 8.1354 -0.7614
v -0.8102 8.2002 -0.6383
v -0.7482 8.1461 -0.7882
v -0.6621 8.1190 -0.9167
v -0.7948 8.2083 -0.8015
v -0.8577 8.2481 -0.6479
v -0.9054 8.3334 -0.6469
v -0.8411 8.3092 -0.8021
v -0.7020 8.1939 -0.9342
v -0.5847 8.1923 -1.0419
v -0.5561 8.1073 -1.0202
v -0.6281 8.1007 -0.8843
v -0.5289 8.0827 -0.9832
v -0.4163 8.0720 -1.0563
v -0.2938 8.0628 -1.1034
v -0.4350 8.1003 -1.0970
v -0.3032 8.0918 -1.1470
v -0.1646 8.0777 -1.1701
v -0.3035 8.1842 -1.1768
v -0.4498 8.1915 -1.1227
v -0.4605 8.3151 -1.1351
v -0.2976 8.3082 -1.1937
v -0.1506 8.1664 -1.2036
v 0.0049 8.1429 -1.2012
v -0.0219 8.0625 -1.1646
v -0.1645 8.0509 -1.1244
v -0.0304 8.0409 -1.1179
v 0.1064 8.0392 -1.0829
v 0.2433 8.0555 -1.0191
v 0.1220 8.0533 -1.1287
v 0.2638 8.0612 -1.0617
v 0.4001 8.0987 -0.9654
v 0.3777 8.1002 -0.9277
v 0.5043 8.1647 -0.8158
v 0.1588 8.1217 -1.1669
v -0.1286 8.2873 -1.2248
v -0.4663 8.4457 -1.1374
v -0.6301 8.4429 -1.0466
v -0.6107 8.3119 -1.0497
v -0.7814 8.5667 -0.9122
v -0.6391 8.5689 -1.0369
v -0.7709 8.4353 -0.9304
v -0.9009 8.5634 -0.7755
v -0.8993 8.6908 -0.7557
v -0.7710 8.6858 -0.8918
v -0.6339 8.6797 -1.0249
v -0.8785 8.4329 -0.7920
v -0.9669 8.5660 -0.6195
v -0.9649 8.6895 -0.5988
v -0.8771 8.8097 -0.7343
v -0.7573 8.7960 -0.8767
v -0.6175 8.7798 -1.0105
v -0.4479 8.7598 -1.1168
v -0.2469 8.8248 -1.1642
v -0.4307 8.8456 -1.1018
v -0.2372 8.9072 -1.1514
v -0.0524 8.8993 -1.1799
v -0.0562 8.8136 -1.2039
v -0.4098 8.9307 -1.0813
v -0.2237 8.9960 -1.1247
v -0.0485 8.9881 -1.1506
v 0.1357 8.9005 -1.1671
v 0.1400 8.8101 -1.1934
v 0.1290 8.9889 -1.1384
v -0.0446 9.0737 -1.1108
v 0.1194 9.0717 -1.1002
v 0.3010 8.9959 -1.0975
v 0.2735 9.0701 -1.0531
v 0.3684 9.1403 -0.9350
v 0.4142 9.0721 -0.9861
v 0.2410 9.1332 -0.9891
v 0.3135 9.1978 -0.8540
v 0.3955 9.1996 -0.7751
v 0.4657 9.1371 -0.8449
v 0.2065 9.1917 -0.9003
v 0.2506 9.2472 -0.7320
v 0.1073 9.1455 -1.0423
v 0.0940 9.2084 -0.9516
v 0.1696 9.2451 -0.7753
v 0.1323 9.3046 -0.6212
v 0.1882 9.3084 -0.5892
v 0.3161 9.2566 -0.6717
v 0.3637 9.2603 -0.5916
v 0.2304 9.3115 -0.5423
v 0.2628 9.3161 -0.4856
v 0.1570 9.3677 -0.3653
v 0.1406 9.3647 -0.3949
v 0.1696 9.3706 -0.3325
v 0.1800 9.3730 -0.2983
v 0.1191 9.3627 -0.4193
v 0.0911 9.3622 -0.4368
v 0.0586 9.3632 -0.4470
v 0.0237 9.3656 -0.4492
v -0.0114 9.3694 -0.4429
v -0.0447 9.3747 -0.4274
v -0.0739 9.3807 -0.4049
v -0.0968 9.3868 -0.3775
v -0.1112 9.3924 -0.3470
v -0.2364 9.3532 -0.5095
v -0.2673 9.3633 -0.4509
v -0.1144 9.3974 -0.3152
v -0.1119 9.4009 -0.2834
v -0.1054 9.4032 -0.2521
v -0.0964 9.4050 -0.2217
v -0.0863 9.4057 -0.1933
v -0.0761 9.4060 -0.1675
v -0.0658 9.4061 -0.1441
v -0.0553 9.4060 -0.1230
v -0.0445 9.4055 -0.1045
v -0.0326 9.4052 -0.0890
v -0.0187 9.4053 -0.0771
v -0.0019 9.4060 -0.0694
v 0.0180 9.4071 -0.0652
v 0.0407 9.4080 -0.0644
v 0.0656 9.4077 -0.0669
v 0.0913 9.4058 -0.0720
v 0.1166 9.4019 -0.0797
v 0.1401 9.3961 -0.0893
v 0.1609 9.3900 -0.1003
v 0.1774 9.3843 -0.1129
v 0.1890 9.3800 -0.1270
v 0.1963 9.3771 -0.1430
v 0.2003 9.3754 -0.1611
v 0.3153 9.3303 -0.0238
v 0.2925 9.3381 0.0047
v 0.2617 9.3490 0.0297
v 0.3636 9.2851 0.1609
v 0.3037 9.3062 0.1898
v 0.2225 9.3612 0.0507
v 0.3961 9.2215 0.3393
v 0.4675 9.1313 0.4691
v 0.5137 9.0502 0.5778
v 0.6171 9.0121 0.5204
v 0.3929 9.0854 0.6229
v 0.3563 9.1643 0.5094
v 0.2384 9.1832 0.5434
v 0.2640 9.1025 0.6593
v 0.4230 9.0013 0.7280
v 0.2876 9.0223 0.7677
v 0.1479 9.0121 0.7961
v 0.0214 8.9388 0.9275
v 0.0329 8.8482 1.0329
v 0.0431 8.7817 1.1369
v 0.0525 8.7124 1.2201
v 0.0610 8.6519 1.2739
v 0.2304 8.6024 1.2961
v 0.2314 8.5794 1.2867
v 0.0731 8.5895 1.2794
v -0.0830 8.5982 1.2373
v -0.2421 8.6269 1.1704
v -0.0916 8.6205 1.2491
v -0.2493 8.6633 1.1603
v -0.3831 8.6667 1.0435
v -0.2516 8.7160 1.1202
v -0.3809 8.7199 1.0097
v -0.4959 8.7209 0.8690
v -0.5026 8.6640 0.8972
v -0.3781 8.6297 1.0519
v -0.0992 8.6581 1.2360
v -0.1051 8.7140 1.1889
v -0.2502 8.7806 1.0569
v -0.3730 8.7855 0.9559
v -0.4818 8.7912 0.8246
v -0.6096 8.6542 0.7322
v -0.5992 8.7166 0.7097
v -0.6934 8.7073 0.5429
v -0.7057 8.6391 0.5593
v -0.7060 8.5935 0.5638
v -0.6093 8.6119 0.7383
v -0.5003 8.6248 0.9044
v -0.6016 8.5857 0.7320
v -0.6981 8.5656 0.5591
v -0.7803 8.5447 0.3866
v -0.8470 8.5230 0.2140
v -0.8617 8.5568 0.2184
v -0.7907 8.5746 0.3908
v -0.7923 8.6234 0.3891
v -0.8672 8.6099 0.2203
v -0.9175 8.5394 0.0464
v -0.9566 8.5190 -0.1261
v -0.9449 8.4227 -0.3071
v -0.9382 8.3750 -0.4800
v -0.9706 8.4697 -0.4698
v -0.9772 8.4940 -0.2995
v -0.9965 8.5818 -0.2874
v -0.9863 8.5757 -0.4541
v -0.9445 8.4439 -0.6366
v -0.9766 8.6869 -0.4354
v -0.9717 8.5906 -0.1171
v -0.9696 8.6810 -0.1065
v -0.9961 8.6835 -0.2721
v -0.9542 8.7892 -0.2597
v -0.9328 8.7823 -0.1011
v -0.9569 8.7983 -0.4181
v -0.9435 8.8085 -0.5778
v -0.8418 8.9192 -0.7146
v -0.9069 8.9207 -0.5597
v -0.7975 9.0182 -0.6983
v -0.6942 8.9929 -0.8428
v -0.7314 8.8989 -0.8608
v -0.8592 9.0238 -0.5466
v -0.7493 9.1052 -0.6862
v -0.6549 9.0798 -0.8261
v -0.5638 8.9619 -0.9743
v -0.5932 8.8728 -0.9937
v -0.5324 9.0494 -0.9526
v -0.6078 9.1575 -0.8045
v -0.4950 9.1308 -0.9237
v -0.3867 9.0191 -1.0554
v -0.3592 9.1041 -1.0203
v -0.1862 9.1615 -1.0282
v -0.2071 9.0829 -1.0856
v -0.3240 9.1800 -0.9680
v -0.1575 9.2268 -0.9391
v -0.0316 9.2159 -0.9600
v -0.0397 9.1509 -1.0519
v -0.2763 9.2424 -0.8863
v -0.1172 9.2765 -0.8047
v -0.4466 9.2019 -0.8794
v -0.3818 9.2598 -0.8087
v -0.2113 9.2893 -0.7623
v -0.1326 9.3315 -0.6057
v -0.0675 9.3220 -0.6354
v -0.0177 9.2670 -0.8217
v 0.0813 9.2602 -0.8151
v 0.0012 9.3150 -0.6474
v 0.0695 9.3103 -0.6429
v -0.1902 9.3423 -0.5624
v -0.2946 9.3034 -0.7001
v -0.3618 9.3175 -0.6239
v -0.4074 9.3303 -0.5395
v -0.2788 9.3713 -0.3906
v -0.2755 9.3777 -0.3288
v -0.2613 9.3824 -0.2660
v -0.3840 9.3554 -0.1846
v -0.2408 9.3859 -0.2047
v -0.4080 9.3530 -0.2749
v -0.5105 9.3143 -0.1643
v -0.4788 9.3114 -0.0526
v -0.6219 9.2580 -0.1423
v -0.5383 9.3130 -0.2764
v -0.6507 9.2593 -0.2691
v -0.7462 9.1913 -0.2579
v -0.7184 9.1868 -0.1214
v -0.5848 9.2535 -0.0176
v -0.5416 9.2445 0.1026
v -0.4422 9.3053 0.0518
v -0.3566 9.3551 -0.0964
v -0.2205 9.3870 -0.1484
v -0.2000 9.3868 -0.0969
v -0.1792 9.3863 -0.0504
v -0.2616 9.3457 0.1082
v -0.1585 9.3843 -0.0085
v -0.2918 9.3514 0.0450
v -0.3674 9.2807 0.2372
v -0.3311 9.2612 0.3155
v -0.4465 9.2136 0.3198
v -0.4036 9.2959 0.1462
v -0.4947 9.2310 0.2157
v -0.5682 9.1600 0.2598
v -0.5081 9.1438 0.3742
v -0.3962 9.1894 0.4079
v -0.3430 9.1727 0.4838
v -0.2906 9.2475 0.3787
v -0.2318 9.3381 0.1656
v -0.1374 9.3816 0.0287
v -0.1140 9.3789 0.0594
v -0.0870 9.3779 0.0834
v -0.1134 9.3234 0.2751
v -0.0532 9.3788 0.0979
v -0.1622 9.3244 0.2525
v -0.1780 9.2397 0.4543
v -0.0953 9.2401 0.4633
v -0.2070 9.1626 0.5843
v -0.2425 9.2435 0.4273
v -0.2841 9.1691 0.5471
v -0.3126 9.0926 0.6474
v -0.2248 9.0864 0.6970
v -0.1108 9.1651 0.5980
v -0.0006 9.1778 0.5931
v 0.0018 9.2527 0.4543
v -0.0522 9.3263 0.2830
v -0.0134 9.3810 0.1046
v 0.0320 9.3836 0.1031
v 0.0806 9.3844 0.0948
v 0.1676 9.3358 0.2402
v 0.1299 9.3803 0.0832
v 0.0933 9.3406 0.2584
v 0.2054 9.2680 0.4000
v 0.3039 9.2488 0.3727
v 0.2383 9.3239 0.2163
v 0.1775 9.3726 0.0679
v 0.1053 9.2709 0.4289
v 0.1179 9.1827 0.5713
v 0.1321 9.0908 0.6858
v 0.0032 9.0955 0.7114
v 0.0110 9.0123 0.8201
v -0.1157 8.9368 0.9250
v -0.1180 9.0112 0.8232
v -0.2407 8.9320 0.8884
v -0.2462 8.8540 0.9774
v -0.3470 8.9383 0.8122
v -0.3611 8.8598 0.8882
v -0.1128 8.8567 1.0247
v -0.2349 9.0098 0.7968
v -0.3322 9.0157 0.7339
v -0.4364 8.9480 0.7041
v -0.4618 8.8696 0.7686
v -0.5767 8.7922 0.6724
v -0.5479 8.8762 0.6261
v -0.6400 8.8856 0.4856
v -0.6710 8.7917 0.5173
v -0.7576 8.7861 0.3634
v -0.7795 8.6962 0.3789
v -0.8435 8.6913 0.2144
v -0.8237 8.7818 0.2074
v -0.9278 8.5996 0.0519
v -0.9066 8.6855 0.0531
v -0.8866 8.7806 0.0541
v -0.9092 8.8934 -0.0945
v -0.8713 8.8890 0.0573
v -0.8707 9.0066 -0.0924
v -0.8913 9.0129 -0.2421
v -0.9261 8.9008 -0.2495
v -0.8282 9.0062 0.0519
v -0.8000 9.1013 -0.1042
v -0.8261 9.1089 -0.2474
v -0.8875 9.0196 -0.3944
v -0.9259 8.9094 -0.4037
v -0.8291 9.1141 -0.3936
v -0.7548 9.1928 -0.3964
v -0.8045 9.1134 -0.5405
v -0.7384 9.1894 -0.5350
v -0.6197 9.2415 -0.6486
v -0.6914 9.1792 -0.6720
v -0.6564 9.2520 -0.5236
v -0.5270 9.2916 -0.6074
v -0.4675 9.2768 -0.7132
v -0.5475 9.2235 -0.7702
v -0.5538 9.3016 -0.4987
v -0.6645 9.2574 -0.3967
v -0.5552 9.3086 -0.3881
v -0.4260 9.3401 -0.4529
v -0.4240 9.3476 -0.3645
v -0.7552 9.0949 0.0331
v -0.6770 9.1810 0.0110
v -0.6257 9.1723 0.1384
v -0.6970 9.0883 0.1651
v -0.6304 9.0804 0.2928
v -0.5593 9.0670 0.4158
v -0.4450 9.1169 0.4752
v -0.3804 9.0974 0.5666
v -0.4105 9.0236 0.6385
v -0.5173 8.9622 0.5775
v -0.4840 9.0423 0.5288
v -0.6025 8.9813 0.4509
v -0.6861 8.9940 0.3213
v -0.7248 8.8866 0.3428
v -0.8035 8.8867 0.2009
v -0.7650 9.0036 0.1899
v -0.1096 8.7822 1.1159
v -0.1175 9.0900 0.7165
v -0.2007 9.3290 0.2160
v -0.3242 9.3537 -0.0211
v 0.0678 8.6122 1.2902
v 0.0200 9.3354 0.2726
v -0.7405 8.3059 -0.9380
v -0.3223 8.6575 -0.4913
v -0.1903 8.6361 -0.5848
v -0.3779 8.6710 -0.4279
v -0.4247 8.6863 -0.3551
v -0.4608 8.7031 -0.2749
v 0.1284 8.6180 -0.6155
v -0.4861 8.7211 -0.1910
v 0.2868 8.6219 -0.5457
v -0.4735 8.7960 0.1407
v 0.4818 8.6467 -0.3701
v -0.4336 8.8144 0.2029
v -0.3424 8.8237 0.2450
v -0.2814 8.8295 0.2813
v 0.4617 8.7626 0.1305
v 0.1517 8.8201 0.3337
v 0.2997 8.8001 0.2750
v 0.7178 8.4068 1.0403
v 0.7946 8.3754 0.9339
v 0.8145 8.3775 0.9352
v 0.7355 8.4119 1.0432
v 0.6305 8.4438 1.1258
v 0.6163 8.4359 1.1196
v 0.7689 8.3803 0.9162
v 0.6947 8.4079 1.0212
v 0.6671 8.4165 0.9826
v 0.7389 8.3924 0.8795
v 0.8398 8.3413 0.7954
v 0.8131 8.3517 0.7763
v 0.8606 8.3404 0.7981
v 0.8263 8.3865 0.9198
v 0.7454 8.4234 1.0295
v 0.6381 8.4577 1.1157
v 0.4972 8.4609 1.1771
v 0.5070 8.4709 1.1871
v 0.3718 8.4898 1.2310
v 0.3674 8.4787 1.2182
v 0.3594 8.4760 1.1899
v 0.4832 8.4588 1.1515
v 0.5972 8.4348 1.0975
v 0.5738 8.4419 1.0560
v 0.7059 8.4118 0.8209
v 0.6362 8.4334 0.9212
v 0.5812 8.4731 0.7923
v 0.6511 8.4508 0.7024
v 0.7002 8.4321 0.5830
v 0.5995 8.4909 0.5832
v 0.5256 8.5171 0.6546
v 0.4804 8.5594 0.5340
v 0.5415 8.5414 0.4605
v 0.6482 8.4718 0.4808
v 0.6816 8.4580 0.3692
v 0.7316 8.4162 0.4518
v 0.7491 8.3947 0.6827
v 0.7826 8.3700 0.7395
v 0.8062 8.3462 0.5849
v 0.8353 8.3227 0.6253
v 0.8657 8.2848 0.5178
v 0.8608 8.3080 0.6488
v 0.8435 8.2994 0.4868
v 0.8634 8.2754 0.4297
v 0.8753 8.2643 0.4009
v 0.8839 8.2776 0.5170
v 0.8811 8.3044 0.6521
v 0.8487 8.2814 0.3770
v 0.8185 8.3223 0.4376
v 0.8282 8.3027 0.3170
v 0.8616 8.2707 0.3119
v 0.8884 8.2654 0.3800
v 0.8970 8.2814 0.5016
v 0.8945 8.3116 0.6398
v 0.8735 8.3486 0.7845
v 0.8275 8.4026 0.8877
v 0.8765 8.3649 0.7546
v 0.8159 8.4250 0.8388
v 0.7332 8.4627 0.9510
v 0.7455 8.4405 0.9988
v 0.8677 8.3885 0.7083
v 0.7892 8.4529 0.7733
v 0.7064 8.4885 0.8858
v 0.6254 8.4987 1.0436
v 0.6370 8.4766 1.0884
v 0.5113 8.4870 1.1808
v 0.5090 8.5073 1.1571
v 0.3680 8.5282 1.2058
v 0.3722 8.5071 1.2272
v 0.2275 8.5130 1.2575
v 0.2320 8.4960 1.2614
v 0.2337 8.4851 1.2483
v 0.0921 8.4928 1.2714
v 0.0999 8.4830 1.2592
v 0.2323 8.4818 1.2193
v 0.3471 8.4823 1.1431
v 0.4650 8.4653 1.1071
v 0.5461 8.4578 0.9915
v 0.4422 8.4810 1.0405
v 0.4922 8.4988 0.8504
v 0.4432 8.5397 0.7137
v 0.4004 8.5807 0.5862
v 0.4776 8.6213 0.3279
v 0.4233 8.6272 0.3925
v 0.3641 8.7879 0.2339
v 0.4189 8.7756 0.1856
v 0.5197 8.6132 0.2563
v 0.5935 8.5210 0.3778
v 0.6334 8.4988 0.2856
v 0.7625 8.3929 0.3265
v 0.7212 8.4323 0.2643
v 0.7603 8.4059 0.1670
v 0.7831 8.3768 0.2171
v 0.8061 8.3389 0.2626
v 0.7913 8.3565 0.3846
v 0.7719 8.3792 0.5266
v 0.8113 8.3693 0.1398
v 0.7990 8.3934 0.0992
v 0.8290 8.3946 0.0770
v 0.8377 8.3720 0.1104
v 0.8274 8.3317 0.1864
v 0.8449 8.2944 0.2427
v 0.8633 8.2999 0.2111
v 0.8767 8.2736 0.2848
v 0.8970 8.2851 0.3787
v 0.8882 8.2936 0.2896
v 0.8989 8.3102 0.3892
v 0.9025 8.3259 0.4642
v 0.9036 8.2999 0.4892
v 0.8941 8.3227 0.3303
v 0.8779 8.3187 0.2187
v 0.8842 8.3466 0.2646
v 0.8924 8.3520 0.4109
v 0.8945 8.3540 0.5775
v 0.8995 8.3291 0.6162
v 0.8779 8.3830 0.5200
v 0.8449 8.4177 0.6461
v 0.8155 8.4479 0.5801
v 0.8554 8.4130 0.4569
v 0.7228 8.5072 0.6460
v 0.7553 8.4814 0.7044
v 0.7867 8.4761 0.5229
v 0.6999 8.5279 0.6113
v 0.6192 8.5511 0.7260
v 0.6949 8.5406 0.6136
v 0.6150 8.5602 0.7308
v 0.5226 8.5749 0.8306
v 0.5254 8.5694 0.8249
v 0.6413 8.5349 0.7594
v 0.6731 8.5135 0.8173
v 0.7662 8.4993 0.4868
v 0.7613 8.5145 0.4843
v 0.7031 8.5461 0.6413
v 0.6236 8.5630 0.7617
v 0.5312 8.5755 0.8621
v 0.4199 8.5840 0.9022
v 0.4190 8.5867 0.9075
v 0.3052 8.5978 0.9563
v 0.3039 8.5965 0.9517
v 0.3125 8.5919 0.9845
v 0.4340 8.5773 0.9343
v 0.5443 8.5582 0.8573
v 0.4557 8.5660 0.9899
v 0.5721 8.5422 0.9139
v 0.6015 8.5217 0.9807
v 0.3272 8.5831 1.0407
v 0.4791 8.5497 1.0550
v 0.4987 8.5292 1.1155
v 0.3588 8.5500 1.1657
v 0.2115 8.5559 1.1931
v 0.2205 8.5338 1.2351
v 0.0727 8.5284 1.2409
v 0.0631 8.5507 1.1956
v 0.0827 8.5084 1.2658
v -0.0569 8.4963 1.2463
v -0.0698 8.5151 1.2191
v -0.2009 8.4962 1.1657
v -0.1861 8.4783 1.1934
v -0.0433 8.4827 1.2537
v -0.0305 8.4748 1.2426
v 0.1047 8.4799 1.2306
v 0.1048 8.4851 1.1828
v 0.2263 8.4874 1.1716
v 0.3296 8.4978 1.0747
v 0.2143 8.5022 1.1021
v 0.2924 8.5337 0.9309
v 0.3962 8.5188 0.8993
v 0.2570 8.5698 0.7933
v 0.3539 8.5569 0.7627
v 0.3182 8.5925 0.6407
v 0.2246 8.6050 0.6686
v 0.3556 8.6330 0.4464
v 0.2752 8.6450 0.4856
v 0.2281 8.8110 0.3084
v 0.1887 8.6560 0.5145
v 0.0729 8.8275 0.3503
v 0.0993 8.6643 0.5336
v 0.0096 8.6693 0.5411
v -0.0060 8.8326 0.3576
v -0.0826 8.8352 0.3545
v 0.1288 8.6116 0.6859
v 0.0314 8.6142 0.6935
v -0.0784 8.6722 0.5346
v -0.1627 8.6737 0.5117
v -0.1546 8.8359 0.3404
v -0.2198 8.8338 0.3146
v -0.0621 8.6171 0.6770
v -0.1545 8.6161 0.6451
v -0.2398 8.6713 0.4697
v -0.3136 8.6651 0.4203
v -0.2490 8.6024 0.6044
v -0.3490 8.5689 0.5644
v -0.4274 8.5950 0.4060
v -0.5196 8.5459 0.3838
v -0.3823 8.8189 0.2219
v -0.4380 8.5537 0.5005
v -0.5224 8.5352 0.4510
v -0.5780 8.5413 0.3750
v -0.6250 8.5450 0.3935
v -0.5792 8.5329 0.4273
v -0.6160 8.5384 0.4334
v -0.6385 8.5564 0.4353
v -0.6138 8.5737 0.5056
v -0.6451 8.5712 0.4610
v -0.5420 8.5956 0.6100
v -0.4389 8.6154 0.7273
v -0.5356 8.5909 0.6090
v -0.4401 8.6116 0.7050
v -0.3198 8.6280 0.8363
v -0.1913 8.6316 0.9286
v -0.1873 8.6256 0.9758
v -0.0598 8.6268 0.9955
v 0.0720 8.6167 1.0357
v 0.0796 8.6094 1.0855
v -0.0679 8.6294 0.9485
v 0.0628 8.6204 0.9887
v 0.2012 8.6043 1.0480
v 0.3252 8.5922 1.0308
v 0.3374 8.5853 1.0775
v 0.4410 8.5815 0.9832
v 0.5466 8.5714 0.9075
v 0.5643 8.5635 0.9545
v 0.4273 8.5858 0.9385
v 0.6401 8.5600 0.8063
v 0.7193 8.5448 0.6825
v 0.7822 8.5234 0.5384
v 0.8276 8.4963 0.3851
v 0.7680 8.5224 0.5049
v 0.8168 8.4934 0.3654
v 0.8543 8.4662 0.2326
v 0.8604 8.4387 0.1072
v 0.8430 8.4212 0.0351
v 0.7993 8.4131 0.0103
v 0.5812 8.7124 -0.0726
v 0.8473 8.4167 0.0682
v 0.8198 8.4069 0.0462
v 0.7279 8.4437 0.0149
v 0.6376 8.5354 0.0511
v 0.5416 8.7258 -0.0288
v 0.5196 8.7360 0.0124
v 0.5938 8.5753 0.1104
v 0.5573 8.5969 0.1818
v 0.4964 8.7490 0.0714
v 0.6581 8.4865 0.1927
v 0.7125 8.4459 0.1175
v 0.7807 8.4090 0.0608
v 0.8583 8.4352 0.1306
v 0.8513 8.4051 0.0933
v 0.8574 8.3843 0.1212
v 0.8497 8.3364 0.1540
v 0.8591 8.4244 0.1475
v 0.8637 8.4053 0.1699
v 0.8730 8.3767 0.2101
v 0.8670 8.3521 0.1628
v 0.8496 8.4343 0.2552
v 0.8452 8.4522 0.2401
v 0.8121 8.4838 0.3553
v 0.8166 8.4670 0.3642
v 0.8618 8.4079 0.2935
v 0.8776 8.3788 0.3479
v 0.8330 8.4422 0.4016
v 0.8473 8.4626 0.2359
v 0.0552 8.5780 0.8170
v 0.1566 8.5766 0.8114
v 0.1853 8.5402 0.9499
v 0.0772 8.5403 0.9558
v -0.0448 8.5743 0.8077
v -0.1454 8.5687 0.7786
v -0.0299 8.5352 0.9439
v -0.1365 8.5289 0.9055
v -0.2420 8.5193 0.8473
v -0.2453 8.5599 0.7258
v -0.3501 8.5395 0.6640
v -0.3403 8.5125 0.7489
v -0.4418 8.5262 0.5816
v -0.5153 8.5195 0.5073
v -0.4325 8.5013 0.6493
v -0.5081 8.4951 0.5601
v -0.5666 8.4949 0.5120
v -0.5728 8.5187 0.4699
v -0.6089 8.5253 0.4657
v -0.6030 8.5026 0.4998
v -0.6254 8.5509 0.4662
v -0.6181 8.5387 0.4905
v -0.5948 8.5575 0.5404
v -0.6009 8.5689 0.5250
v -0.5903 8.5380 0.5629
v -0.5317 8.5617 0.6282
v -0.5334 8.5799 0.6116
v -0.6125 8.5176 0.5184
v -0.5825 8.5089 0.6035
v -0.5266 8.5353 0.6688
v -0.4444 8.5848 0.7050
v -0.4426 8.6016 0.6944
v -0.3248 8.6263 0.8003
v -0.3307 8.6183 0.7794
v -0.2059 8.6270 0.8570
v -0.1981 8.6324 0.8848
v -0.2132 8.6152 0.8580
v -0.0840 8.6187 0.9160
v -0.0766 8.6268 0.9177
v -0.3358 8.6036 0.7846
v -0.2181 8.5964 0.9003
v -0.0882 8.6044 0.9565
v 0.0479 8.6154 0.9540
v 0.0540 8.6200 0.9572
v 0.1909 8.6085 1.0024
v 0.1824 8.6095 0.9715
v 0.3134 8.5964 0.9865
v 0.1785 8.6073 0.9675
v 0.1818 8.6014 1.0025
v 0.1899 8.5912 1.0618
v 0.3439 8.5691 1.1058
v 0.2005 8.5758 1.1303
v 0.0551 8.5729 1.1283
v -0.0802 8.5377 1.1708
v -0.2123 8.5193 1.1168
v -0.3271 8.4975 1.0313
v -0.3150 8.4730 1.0766
v -0.2998 8.4547 1.1016
v -0.1698 8.4666 1.2012
v -0.1539 8.4614 1.1903
v -0.1403 8.4631 1.1620
v -0.0204 8.4731 1.2145
v -0.0152 8.4792 1.1670
v -0.1315 8.4722 1.1147
v 0.0980 8.4994 1.1130
v -0.0174 8.4940 1.0979
v -0.1302 8.4890 1.0471
v -0.2386 8.4867 0.9479
v -0.3395 8.4790 0.8323
v -0.2422 8.4639 1.0165
v -0.3433 8.4513 0.8958
v -0.4300 8.4680 0.7143
v -0.5055 8.4584 0.6166
v -0.4309 8.4362 0.7753
v -0.5023 8.4232 0.6766
v -0.5624 8.4575 0.5620
v -0.5968 8.4669 0.5450
v -0.5548 8.4204 0.6211
v -0.5853 8.4299 0.6027
v -0.6047 8.4850 0.5605
v -0.5911 8.4508 0.6157
v -0.5485 8.4528 0.7202
v -0.5693 8.4781 0.6574
v -0.5682 8.4243 0.6833
v -0.5251 8.4385 0.7740
v -0.4882 8.4516 0.8401
v -0.5324 8.4134 0.7650
v -0.4806 8.4245 0.8633
v -0.4092 8.4474 0.9700
v -0.4205 8.4734 0.9330
v -0.5024 8.4786 0.7879
v -0.5172 8.5060 0.7249
v -0.4389 8.5322 0.8068
v -0.4433 8.5607 0.7465
v -0.3384 8.5817 0.8270
v -0.3382 8.5551 0.8919
v -0.2184 8.5462 1.0456
v -0.2201 8.5728 0.9681
v -0.3347 8.5262 0.9649
v -0.0865 8.5624 1.1001
v -0.0891 8.5853 1.0233
v 0.0493 8.5917 1.0552
v 0.0467 8.6059 0.9918
v -0.4309 8.5026 0.8738
v -0.3957 8.4279 0.9886
v -0.2832 8.4438 1.1073
v -0.2669 8.4415 1.0945
v -0.3793 8.4180 0.9928
v -0.3632 8.4187 0.9796
v -0.2524 8.4487 1.0643
v -0.3512 8.4305 0.9460
v -0.4309 8.4148 0.8313
v -0.4929 8.4023 0.7396
v -0.4364 8.4023 0.8698
v -0.4799 8.3963 0.7928
v -0.5062 8.3883 0.7743
v -0.4534 8.3979 0.8785
v -0.4715 8.4044 0.8715
v -0.5275 8.3923 0.7627
v -0.5380 8.3963 0.6902
v -0.5638 8.4026 0.6742
v -0.6325 8.5589 0.3324
v -0.6547 8.6296 0.2310
v -0.4907 8.7774 0.0608
v -0.6821 8.6409 0.1264
v -0.7039 8.6370 0.0133
v -0.7469 8.5638 -0.1016
v -0.7088 8.6196 -0.1051
v -0.7414 8.5917 0.0268
v -0.7732 8.5042 -0.1013
v -0.7337 8.5150 -0.2316
v -0.6960 8.5881 -0.2268
v -0.4995 8.7398 -0.1056
v -0.4986 8.7583 -0.0221
v -0.7210 8.6038 0.1522
v -0.7033 8.5637 0.3142
v -0.6896 8.5990 0.2743
v -0.6593 8.5579 0.3805
v -0.6649 8.5465 -0.3472
v -0.6181 8.5035 -0.4629
v -0.5938 8.3392 -0.5965
v -0.5562 8.4660 -0.5687
v -0.6565 8.3917 -0.4833
v -0.6864 8.3195 -0.5158
v -0.6236 8.2656 -0.6382
v -0.5159 8.3055 -0.6940
v -0.4803 8.4403 -0.6595
v -0.7033 8.4540 -0.3600
v -0.2598 8.6458 -0.5444
v -0.3924 8.4230 -0.7333
v -0.2958 8.4123 -0.7913
v -0.2152 8.2641 -0.8751
v -0.1914 8.4032 -0.8299
v -0.3241 8.2733 -0.8345
v -0.3487 8.2014 -0.8913
v -0.2370 8.1924 -0.9334
v -0.1193 8.1822 -0.9533
v -0.1007 8.2546 -0.8949
v -0.0818 8.3942 -0.8491
v -0.1154 8.6286 -0.6123
v -0.4252 8.2855 -0.7738
v -0.4522 8.2129 -0.8275
v -0.0365 8.6227 -0.6281
v 0.0462 8.6188 -0.6323
v 0.0311 8.3879 -0.8488
v 0.1456 8.3876 -0.8289
v 0.2582 8.2677 -0.8268
v 0.2596 8.3970 -0.7892
v 0.1379 8.2506 -0.8707
v 0.1266 8.1757 -0.9242
v 0.3764 8.3047 -0.7624
v 0.3693 8.4170 -0.7266
v 0.2093 8.6189 -0.5869
v 0.0176 8.2484 -0.8935
v 0.0025 8.1747 -0.9504
v 0.3601 8.6271 -0.4950
v 0.4738 8.4475 -0.6536
v 0.5669 8.4765 -0.5673
v 0.6701 8.4398 -0.4847
v 0.6446 8.4998 -0.4711
v 0.5867 8.4015 -0.5885
v 0.5953 8.3344 -0.6091
v 0.6839 8.3784 -0.4951
v 0.7522 8.4072 -0.3733
v 0.7335 8.4606 -0.3718
v 0.6995 8.5087 -0.3652
v 0.4278 8.6353 -0.4372
v 0.4875 8.3530 -0.6819
v 0.5239 8.6606 -0.2981
v 0.5548 8.6753 -0.2206
v 0.7380 8.5095 -0.2573
v 0.7667 8.5036 -0.1552
v 0.8252 8.4291 -0.0225
v 0.7673 8.4390 -0.0519
v 0.8080 8.4617 -0.1313
v 0.7805 8.4685 -0.2535
v 0.8034 8.4222 -0.2427
v 0.5873 8.6910 -0.1470
v 0.0822 9.3869 -0.2300
v 0.0807 9.3868 -0.2369
v 0.0831 9.3869 -0.2237
v 0.0835 9.3870 -0.2183
v 0.0736 9.3853 -0.2596
v 0.0699 9.3846 -0.2662
v 0.0764 9.3859 -0.2522
v 0.0788 9.3865 -0.2445
v 0.0650 9.3841 -0.2717
v 0.0587 9.3840 -0.2757
v 0.0514 9.3842 -0.2779
v 0.0436 9.3847 -0.2784
v 0.0356 9.3856 -0.2770
v 0.0282 9.3868 -0.2735
v 0.0216 9.3882 -0.2685
v 0.0164 9.3896 -0.2623
v 0.0132 9.3909 -0.2554
v 0.0124 9.3921 -0.2483
v 0.0130 9.3928 -0.2411
v 0.0145 9.3933 -0.2341
v 0.0165 9.3937 -0.2272
v 0.0188 9.3939 -0.2208
v 0.0211 9.3939 -0.2150
v 0.0234 9.3940 -0.2097
v 0.0257 9.3939 -0.2050
v 0.0282 9.3938 -0.2008
v 0.0309 9.3938 -0.1973
v 0.0340 9.3938 -0.1946
v 0.0378 9.3939 -0.1929
v 0.0423 9.3942 -0.1920
v 0.0474 9.3943 -0.1918
v 0.0530 9.3943 -0.1923
v 0.0588 9.3938 -0.1935
v 0.0645 9.3930 -0.1952
v 0.0698 9.3917 -0.1974
v 0.0745 9.3904 -0.1999
v 0.0782 9.3891 -0.2027
v 0.0808 9.3882 -0.2059
v 0.0824 9.3875 -0.2095
v 0.0833 9.3871 -0.2136
v 0.0503 9.3899 -0.2288
v 0.0503 9.3899 -0.2291
v 0.0503 9.3899 -0.2287
v 0.0504 9.3899 -0.2285
v 0.0501 9.3898 -0.2297
v 0.0499 9.3898 -0.2299
v 0.0501 9.3899 -0.2295
v 0.0502 9.3899 -0.2293
v 0.0498 9.3898 -0.2301
v 0.0496 9.3898 -0.2302
v 0.0494 9.3898 -0.2303
v 0.0491 9.3898 -0.2303
v 0.0489 9.3898 -0.2303
v 0.0487 9.3899 -0.2302
v 0.0485 9.3899 -0.2300
v 0.0483 9.3900 -0.2298
v 0.0482 9.3900 -0.2296
v 0.0482 9.3900 -0.2294
v 0.0482 9.3901 -0.2292
v 0.0483 9.3901 -0.2290
v 0.0483 9.3901 -0.2288
v 0.0484 9.3901 -0.2286
v 0.0485 9.3901 -0.2284
v 0.0485 9.3901 -0.2282
v 0.0486 9.3901 -0.2281
v 0.0487 9.3901 -0.2280
v 0.0488 9.3901 -0.2279
v 0.0489 9.3901 -0.2278
v 0.0490 9.3901 -0.2277
v 0.0491 9.3901 -0.2277
v 0.0493 9.3901 -0.2277
v 0.0494 9.3901 -0.2277
v 0.0496 9.3901 -0.2277
v 0.0498 9.3901 -0.2278
v 0.0499 9.3900 -0.2279
v 0.0501 9.3900 -0.2279
v 0.0502 9.3899 -0.2280
v 0.0503 9.3899 -0.2281
v 0.0503 9.3899 -0.2282
v 0.0503 9.3899 -0.2283
vt 0.9428 0.5686
vt 0.9410 0.5372
vt 0.9679 0.5387
vt 0.9714 0.5671
vt 0.8718 0.8394
vt 0.8517 0.8166
vt 0.8542 0.8146
vt 0.8767 0.8353
vt 0.2868 0.5704
vt 0.2931 0.6012
vt 0.2797 0.6038
vt 0.2724 0.5736
vt 0.8052 0.1617
vt 0.8066 0.1827
vt 0.7851 0.1848
vt 0.7838 0.1624
vt 0.5588 0.3023
vt 0.5217 0.3051
vt 0.5178 0.2778
vt 0.5571 0.2747
vt 0.7431 0.1635
vt 0.7447 0.1903
vt 0.7401 0.1917
vt 0.7383 0.1637
vt 0.6217 0.6800
vt 0.6289 0.6612
vt 0.6635 0.6722
vt 0.6606 0.6925
vt 0.3189 0.8159
vt 0.3163 0.8225
vt 0.2976 0.8109
vt 0.3015 0.8055
vt 0.8798 0.4421
vt 0.9056 0.4463
vt 0.9073 0.4794
vt 0.8799 0.4718
vt 0.9596 0.0992
vt 0.9577 0.0861
vt 0.9861 0.0777
vt 0.9847 0.0939
vt 0.2999 0.6319
vt 0.3075 0.6612
vt 0.2955 0.6627
vt 0.2874 0.6340
vt 0.6593 0.8153
vt 0.6788 0.8162
vt 0.6774 0.8408
vt 0.6585 0.8392
vt 0.2932 0.0558
vt 0.2686 0.0407
vt 0.2706 0.0362
vt 0.2956 0.0516
vt 0.1857 0.0044
vt 0.2182 0.0059
vt 0.2170 0.0111
vt 0.1859 0.0096
vt 0.8252 0.6797
vt 0.8259 0.7054
vt 0.8108 0.7062
vt 0.8063 0.6811
vt 0.6577 0.4153
vt 0.6683 0.3916
vt 0.6862 0.3922
vt 0.6762 0.4173
vt 0.6271 0.3539
vt 0.6560 0.3549
vt 0.6456 0.3710
vt 0.6209 0.3708
vt 0.2133 0.5578
vt 0.2029 0.5335
vt 0.2314 0.5252
vt 0.2420 0.5504
vt 0.2133 0.5578
vt 0.2230 0.5840
vt 0.1925 0.5907
vt 0.1813 0.5665
vt 0.8574 0.2687
vt 0.8412 0.2563
vt 0.8575 0.2499
vt 0.8708 0.2627
vt 0.7130 0.1785
vt 0.6771 0.1838
vt 0.6744 0.1460
vt 0.7083 0.1383
vt 0.3450 0.5511
vt 0.3421 0.5210
vt 0.3497 0.5204
vt 0.3526 0.5499
vt 0.2140 0.0299
vt 0.2145 0.0243
vt 0.2422 0.0302
vt 0.2411 0.0358
vt 0.7991 0.8793
vt 0.8148 0.8802
vt 0.8126 0.9058
vt 0.7931 0.9042
vt 0.6307 0.1139
vt 0.6673 0.1048
vt 0.6744 0.1460
vt 0.6367 0.1537
vt 0.2113 0.4757
vt 0.1988 0.4544
vt 0.2302 0.4442
vt 0.2393 0.4668
vt 0.9795 0.6837
vt 0.9655 0.7063
vt 0.9548 0.7027
vt 0.9687 0.6799
vt 0.8078 0.8188
vt 0.8128 0.8212
vt 0.7972 0.8495
vt 0.7874 0.8446
vt 0.5643 0.8525
vt 0.6172 0.8603
vt 0.6182 0.8826
vt 0.5646 0.8687
vt 0.3177 0.0720
vt 0.3153 0.0758
vt 0.2746 0.8307
vt 0.2721 0.8482
vt 0.2677 0.8463
vt 0.2711 0.8308
vt 0.5577 0.5008
vt 0.5446 0.5222
vt 0.5128 0.5109
vt 0.5273 0.4912
vt 0.3999 0.5387
vt 0.4182 0.5483
vt 0.4071 0.5661
vt 0.3904 0.5557
vt 0.0540 0.8760
vt 0.0026 0.8808
vt 0.0000 0.8683
vt 0.0428 0.8635
vt 0.6458 0.3923
vt 0.6355 0.4152
vt 0.1540 0.8246
vt 0.1547 0.8047
vt 0.1716 0.8085
vt 0.1730 0.8306
vt 0.7666 0.8126
vt 0.7971 0.8025
vt 0.7997 0.8091
vt 0.7717 0.8255
vt 0.1519 0.0034
vt 0.1534 0.0077
vt 0.1223 0.0158
vt 0.1196 0.0117
vt 0.9470 0.6181
vt 0.9759 0.6177
vt 0.9758 0.6366
vt 0.9467 0.6386
vt 0.7745 0.8991
vt 0.7695 0.9185
vt 0.7497 0.9060
vt 0.7574 0.8888
vt 0.8662 0.8431
vt 0.8486 0.8182
vt 0.8794 0.5643
vt 0.8469 0.5600
vt 0.8481 0.5309
vt 0.8796 0.5320
vt 0.0768 0.8596
vt 0.0704 0.8371
vt 0.0768 0.8342
vt 0.0823 0.8584
vt 0.0800 0.5261
vt 0.0932 0.5452
vt 0.0657 0.5568
vt 0.0527 0.5386
vt 0.7725 0.2599
vt 0.7934 0.2761
vt 0.7897 0.2806
vt 0.7690 0.2642
vt 0.8528 0.0701
vt 0.8425 0.0867
vt 0.8231 0.0825
vt 0.8353 0.0654
vt 0.7611 0.0902
vt 0.7739 0.0698
vt 0.7838 0.0732
vt 0.7714 0.0930
vt 0.1395 0.8013
vt 0.0996 0.7884
vt 0.1002 0.7755
vt 0.1466 0.7849
vt 0.9424 0.4244
vt 0.9230 0.4197
vt 0.9097 0.3820
vt 0.9244 0.3860
vt 0.2900 0.9066
vt 0.3012 0.8961
vt 0.3046 0.9133
vt 0.2923 0.9226
vt 0.2260 0.7641
vt 0.2164 0.7586
vt 0.2211 0.7357
vt 0.2304 0.7416
vt 0.3608 0.6875
vt 0.3614 0.6752
vt 0.3715 0.6753
vt 0.3724 0.6875
vt 0.8231 0.0825
vt 0.8146 0.1009
vt 0.7942 0.0976
vt 0.8045 0.0785
vt 0.3758 0.1734
vt 0.3725 0.1742
vt 0.3655 0.1474
vt 0.3686 0.1457
vt 0.0759 0.0541
vt 0.0723 0.0506
vt 0.0972 0.0332
vt 0.1003 0.0370
vt 0.1309 0.0332
vt 0.1293 0.0287
vt 0.1573 0.0212
vt 0.1582 0.0258
vt 0.7572 0.5576
vt 0.7361 0.5502
vt 0.7436 0.5256
vt 0.7624 0.5314
vt 0.4914 0.4593
vt 0.5058 0.4434
vt 0.5300 0.4472
vt 0.5159 0.4650
vt 0.4714 0.5207
vt 0.4868 0.5019
vt 0.5128 0.5109
vt 0.4977 0.5305
vt 0.0400 0.5211
vt 0.0662 0.5081
vt 0.9699 0.6539
vt 0.9419 0.6570
vt 0.9448 0.6511
vt 0.9735 0.6482
vt 0.8772 0.9209
vt 0.8564 0.9251
vt 0.8518 0.9032
vt 0.8703 0.9002
vt 0.8061 0.7349
vt 0.8179 0.7636
vt 0.8128 0.7645
vt 0.7957 0.7365
vt 0.6591 0.7917
vt 0.6791 0.7919
vt 0.3551 0.5196
vt 0.3576 0.5482
vt 0.9011 0.0064
vt 0.9023 0.0167
vt 0.8947 0.0140
vt 0.8949 0.0063
vt 0.7709 0.8675
vt 0.7840 0.8757
vt 0.4535 1.0000
vt 0.4353 0.9994
vt 0.4385 0.9588
vt 0.4522 0.9588
vt 0.8775 0.0383
vt 0.8661 0.0339
vt 0.8805 0.0230
vt 0.8888 0.0242
vt 0.1629 0.6405
vt 0.1494 0.6224
vt 0.1766 0.6187
vt 0.1895 0.6399
vt 0.0894 0.3568
vt 0.1144 0.3717
vt 0.1090 0.3773
vt 0.0830 0.3621
vt 0.4410 0.5582
vt 0.4287 0.5763
vt 0.8406 0.7644
vt 0.8515 0.7371
vt 0.8585 0.7387
vt 0.8441 0.7652
vt 0.1629 0.6405
vt 0.1715 0.6584
vt 0.1433 0.6561
vt 0.1363 0.6407
vt 0.6638 0.3341
vt 0.6909 0.3350
vt 0.6799 0.3551
vt 0.6560 0.3549
vt 0.1935 0.7406
vt 0.1969 0.7142
vt 0.2008 0.7120
vt 0.1972 0.7389
vt 0.7403 0.1061
vt 0.7486 0.0802
vt 0.7502 0.0834
vt 0.7422 0.1084
vt 0.8247 0.2621
vt 0.8442 0.2751
vt 0.1084 0.6404
vt 0.0975 0.6281
vt 0.1236 0.6256
vt 0.1363 0.6407
vt 0.2844 0.3910
vt 0.2829 0.4105
vt 0.2534 0.4163
vt 0.2500 0.3975
vt 0.8188 0.8522
vt 0.8077 0.8517
vt 0.8182 0.8223
vt 0.8240 0.8225
vt 0.6210 0.9242
vt 0.5665 0.8990
vt 0.5652 0.8847
vt 0.6198 0.9041
vt 0.9323 0.8424
vt 0.9261 0.8139
vt 0.9374 0.8126
vt 0.9442 0.8400
vt 0.8794 0.5643
vt 0.9119 0.5665
vt 0.9136 0.5924
vt 0.8800 0.5898
vt 0.5911 0.6473
vt 0.5812 0.6648
vt 0.2422 0.0302
vt 0.2436 0.0256
vt 0.7644 0.1151
vt 0.7538 0.1132
vt 0.9146 0.6166
vt 0.8801 0.6145
vt 0.0271 0.1312
vt 0.0243 0.1289
vt 0.0378 0.1014
vt 0.0407 0.1042
vt 0.3836 0.7045
vt 0.3836 0.7244
vt 0.3789 0.7235
vt 0.3779 0.7041
vt 0.6608 0.9087
vt 0.6592 0.8863
vt 0.6782 0.8891
vt 0.6803 0.9121
vt 0.5978 0.2217
vt 0.5970 0.1926
vt 0.6396 0.1889
vt 0.6401 0.2208
vt 0.2483 0.4912
vt 0.2214 0.5003
vt 0.0966 0.4948
vt 0.1314 0.4815
vt 0.1452 0.5001
vt 0.1100 0.5132
vt 0.7426 0.4177
vt 0.7363 0.4045
vt 0.7588 0.3810
vt 0.7641 0.3915
vt 0.0255 0.1766
vt 0.0240 0.1920
vt 0.0191 0.1879
vt 0.0213 0.1639
vt 0.3199 0.3234
vt 0.3381 0.3003
vt 0.3426 0.3055
vt 0.3245 0.3299
vt 0.8630 0.7099
vt 0.8736 0.7119
vt 0.4824 0.5501
vt 0.4679 0.5692
vt 0.4410 0.5582
vt 0.4555 0.5395
vt 0.2402 0.0432
vt 0.2657 0.0536
vt 0.2650 0.0607
vt 0.2397 0.0504
vt 0.8884 0.0134
vt 0.8901 0.0063
vt 0.8348 0.9277
vt 0.8323 0.9051
vt 0.0813 0.8323
vt 0.0865 0.8577
vt 0.6367 0.4685
vt 0.6262 0.4946
vt 0.5998 0.4874
vt 0.6117 0.4634
vt 0.8458 0.5882
vt 0.5486 0.0433
vt 0.5482 0.0131
vt 0.5785 0.0110
vt 0.5820 0.0404
vt 0.9470 0.6181
vt 0.9457 0.5934
vt 0.1700 0.3782
vt 0.1690 0.3872
vt 0.1412 0.3817
vt 0.1433 0.3730
vt 0.8561 0.8120
vt 0.8805 0.8301
vt 0.1071 0.0506
vt 0.1052 0.0451
vt 0.1309 0.0332
vt 0.1324 0.0388
vt 0.2239 0.3767
vt 0.2502 0.3700
vt 0.2529 0.3787
vt 0.2254 0.3857
vt 0.2866 0.7322
vt 0.2918 0.7322
vt 0.2894 0.7401
vt 0.2844 0.7411
vt 0.0630 0.0873
vt 0.0608 0.0828
vt 0.0815 0.0616
vt 0.0838 0.0668
vt 0.6139 0.7498
vt 0.6474 0.7471
vt 0.6556 0.7688
vt 0.6177 0.7704
vt 0.8178 0.0605
vt 0.8045 0.0785
vt 0.7838 0.0732
vt 0.8033 0.0566
vt 0.0331 0.8486
vt 0.0466 0.8454
vt 0.0550 0.8632
vt 0.0428 0.8635
vt 0.6832 0.6523
vt 0.6743 0.6231
vt 0.6818 0.6232
vt 0.6948 0.6530
vt 0.2765 0.8717
vt 0.2730 0.8632
vt 0.2746 0.8515
vt 0.2762 0.8600
vt 0.7545 0.2432
vt 0.7452 0.2186
vt 0.7494 0.2160
vt 0.7583 0.2395
vt 0.3486 0.6391
vt 0.3388 0.6499
vt 0.3360 0.6347
vt 0.3440 0.6252
vt 0.0623 0.8405
vt 0.0696 0.8609
vt 0.5016 0.4833
vt 0.2840 0.9313
vt 0.2815 0.9176
vt 0.6908 0.6790
vt 0.6930 0.7008
vt 0.0811 0.7538
vt 0.0892 0.7247
vt 0.0996 0.7144
vt 0.0902 0.7455
vt 0.6701 0.7239
vt 0.6801 0.7220
vt 0.6937 0.7436
vt 0.6821 0.7450
vt 0.6680 0.7459
vt 0.6571 0.7254
vt 0.6940 0.9566
vt 0.6858 0.9736
vt 0.6716 0.9696
vt 0.6791 0.9529
vt 0.2170 0.6389
vt 0.2056 0.6147
vt 0.6754 0.0284
vt 0.6653 0.0095
vt 0.6904 0.0213
vt 0.7005 0.0356
vt 0.6952 0.9151
vt 0.6964 0.9369
vt 0.6814 0.9335
vt 0.6803 0.9121
vt 0.6930 0.8917
vt 0.1445 0.3624
vt 0.1433 0.3730
vt 0.1176 0.3633
vt 0.1194 0.3534
vt 0.6915 0.8673
vt 0.6768 0.8652
vt 0.6175 0.8375
vt 0.6187 0.8147
vt 0.3329 0.5215
vt 0.3356 0.5516
vt 0.9239 0.7842
vt 0.9261 0.7544
vt 0.9374 0.7559
vt 0.9350 0.7842
vt 0.5408 0.4712
vt 0.5546 0.4516
vt 0.6785 0.2188
vt 0.7134 0.2164
vt 0.7108 0.2513
vt 0.6773 0.2516
vt 0.6910 0.7681
vt 0.6941 0.7923
vt 0.6791 0.7919
vt 0.6762 0.7683
vt 0.0629 0.7914
vt 0.0731 0.7838
vt 0.0686 0.8122
vt 0.0599 0.8176
vt 0.7466 0.1108
vt 0.7542 0.0869
vt 0.0810 0.7774
vt 0.0731 0.7838
vt 0.6581 0.7056
vt 0.6668 0.7034
vt 0.3057 0.7969
vt 0.2955 0.7904
vt 0.2934 0.7801
vt 0.3071 0.7846
vt 0.1828 0.8356
vt 0.1915 0.8609
vt 0.1799 0.8538
vt 0.1730 0.8306
vt 0.7673 0.0658
vt 0.7635 0.0617
vt 0.9381 0.5107
vt 0.9350 0.4810
vt 0.9591 0.4834
vt 0.9639 0.5120
vt 0.9853 0.6608
vt 0.9958 0.6639
vt 0.0686 0.8122
vt 0.0759 0.8075
vt 0.2754 0.3590
vt 0.2988 0.3435
vt 0.3031 0.3509
vt 0.2790 0.3672
vt 0.7622 0.0579
vt 0.3038 0.4091
vt 0.3113 0.3884
vt 0.7124 0.0615
vt 0.6874 0.0594
vt 0.3059 0.0401
vt 0.3283 0.0617
vt 0.3241 0.0654
vt 0.3018 0.0443
vt 0.7507 0.1378
vt 0.7614 0.1387
vt 0.7613 0.1631
vt 0.7506 0.1633
vt 0.2999 0.6319
vt 0.2931 0.6012
vt 0.3008 0.5991
vt 0.3071 0.6297
vt 0.8052 0.1617
vt 0.8061 0.1408
vt 0.8255 0.1410
vt 0.8246 0.1610
vt 0.3117 0.7476
vt 0.2987 0.7422
vt 0.3012 0.7354
vt 0.3145 0.7420
vt 0.8448 0.6137
vt 0.5535 0.1947
vt 0.5102 0.1952
vt 0.5098 0.1625
vt 0.5523 0.1630
vt 0.9668 0.1679
vt 0.9679 0.1865
vt 0.9145 0.1839
vt 0.9136 0.1675
vt 0.5129 0.0821
vt 0.5155 0.0423
vt 0.5486 0.0433
vt 0.5496 0.0835
vt 0.6189 0.7921
vt 0.6187 0.8147
vt 0.5646 0.8198
vt 0.5653 0.8038
vt 0.3117 0.7476
vt 0.3264 0.7553
vt 0.3245 0.7651
vt 0.3092 0.7579
vt 0.7336 0.8855
vt 0.7437 0.8716
vt 0.3393 0.0932
vt 0.3365 0.0961
vt 0.3177 0.0720
vt 0.3206 0.0687
vt 0.8521 0.7710
vt 0.8744 0.7502
vt 0.8779 0.7573
vt 0.8540 0.7745
vt 0.1142 0.6530
vt 0.3343 0.0993
vt 0.3498 0.1252
vt 0.3480 0.1275
vt 0.3324 0.1029
vt 0.1837 0.7664
vt 0.1885 0.7651
vt 0.1829 0.7883
vt 0.1753 0.7872
vt 0.7370 0.4918
vt 0.7514 0.5009
vt 0.7436 0.5256
vt 0.7287 0.5160
vt 0.4667 0.3362
vt 0.4796 0.3528
vt 0.4584 0.3568
vt 0.4436 0.3386
vt 0.9851 0.5111
vt 0.9789 0.4834
vt 0.9930 0.4783
vt 1.0000 0.5055
vt 0.2534 0.4163
vt 0.2574 0.4374
vt 0.2302 0.4442
vt 0.2206 0.4254
vt 0.8700 0.7447
vt 0.8498 0.7683
vt 0.8472 0.7664
vt 0.8647 0.7411
vt 0.7562 0.7264
vt 0.7467 0.7412
vt 0.7271 0.7277
vt 0.7389 0.7087
vt 0.2895 0.5391
vt 0.2935 0.5384
vt 0.2988 0.5672
vt 0.2952 0.5684
vt 0.9702 0.4546
vt 0.9522 0.4549
vt 0.9424 0.4244
vt 0.9582 0.4238
vt 0.2848 0.3725
vt 0.2571 0.3842
vt 0.2529 0.3787
vt 0.2790 0.3672
vt 0.2956 0.7533
vt 0.3092 0.7579
vt 0.3075 0.7709
vt 0.2934 0.7666
vt 0.2198 0.7120
vt 0.2267 0.7156
vt 0.2211 0.7357
vt 0.2144 0.7317
vt 0.6994 0.3111
vt 0.7215 0.3081
vt 0.7107 0.3328
vt 0.6909 0.3350
vt 0.2507 0.7794
vt 0.2381 0.7715
vt 0.2420 0.7496
vt 0.2538 0.7580
vt 0.8995 0.8559
vt 0.8916 0.8614
vt 0.4026 0.2863
vt 0.3932 0.2547
vt 0.4181 0.2556
vt 0.4232 0.2881
vt 0.5145 0.2513
vt 0.5558 0.2488
vt 0.1928 0.7646
vt 0.1972 0.7389
vt 0.2007 0.7376
vt 0.1966 0.7643
vt 0.5016 0.4833
vt 0.4767 0.4761
vt 0.8272 0.4456
vt 0.8355 0.4127
vt 0.8572 0.4098
vt 0.8533 0.4423
vt 0.8230 0.7632
vt 0.8166 0.7346
vt 0.8264 0.7346
vt 0.8279 0.7632
vt 0.7957 0.7952
vt 0.7639 0.7985
vt 0.7640 0.7837
vt 0.7958 0.7877
vt 0.9471 0.7573
vt 0.9444 0.7843
vt 0.0300 0.0959
vt 0.0171 0.1245
vt 0.0136 0.1225
vt 0.0261 0.0933
vt 0.9998 0.6142
vt 0.9759 0.6177
vt 0.9744 0.5936
vt 0.9977 0.5917
vt 0.8325 0.7634
vt 0.8354 0.7351
vt 0.1704 0.3673
vt 0.4352 0.2268
vt 0.4325 0.1913
vt 0.4695 0.1939
vt 0.4718 0.2257
vt 0.5950 0.1600
vt 0.5970 0.1926
vt 0.8795 0.6371
vt 0.8440 0.6357
vt 0.8787 0.6507
vt 0.8795 0.6371
vt 0.9141 0.6385
vt 0.9127 0.6518
vt 0.6095 0.6028
vt 0.5788 0.5905
vt 0.5921 0.5678
vt 0.6192 0.5783
vt 0.7931 0.9042
vt 0.7907 0.9255
vt 0.6711 0.5379
vt 0.6677 0.5655
vt 0.6604 0.5636
vt 0.6658 0.5361
vt 0.8016 0.3765
vt 0.8097 0.3793
vt 0.7862 0.4140
vt 0.7763 0.4093
vt 0.3285 0.6037
vt 0.3269 0.5787
vt 0.3386 0.5798
vt 0.3410 0.6048
vt 0.1917 0.5100
vt 0.2214 0.5003
vt 0.2152 0.0196
vt 0.1862 0.0182
vt 0.1860 0.0140
vt 0.2160 0.0154
vt 0.1549 0.0128
vt 0.1534 0.0077
vt 0.3789 0.2006
vt 0.3752 0.2006
vt 0.8267 0.2413
vt 0.8178 0.2227
vt 0.8367 0.2191
vt 0.8462 0.2352
vt 0.1805 0.8117
vt 0.1716 0.8085
vt 0.7359 0.8014
vt 0.7360 0.7801
vt 0.8308 0.8794
vt 0.8323 0.9051
vt 0.2645 0.8295
vt 0.2604 0.8441
vt 0.6738 0.2816
vt 0.7058 0.2831
vt 0.7628 0.1874
vt 0.7613 0.1631
vt 0.3723 0.1439
vt 0.3798 0.1723
vt 0.7957 0.7078
vt 0.7876 0.6835
vt 0.2707 0.7899
vt 0.2620 0.7860
vt 0.2642 0.7649
vt 0.2719 0.7688
vt 0.1573 0.0212
vt 0.1562 0.0171
vt 0.9544 0.7311
vt 0.9442 0.7284
vt 0.0898 0.0249
vt 0.0934 0.0288
vt 0.0679 0.0466
vt 0.0638 0.0431
vt 0.2121 0.4075
vt 0.0149 0.1570
vt 0.0117 0.1555
vt 0.0210 0.1268
vt 0.0243 0.1289
vt 0.2670 0.0462
vt 0.1214 0.5335
vt 0.1581 0.5206
vt 0.1701 0.5430
vt 0.1333 0.5547
vt 0.8572 0.4098
vt 0.8621 0.3775
vt 0.8782 0.3773
vt 0.8794 0.4084
vt 0.0000 0.2108
vt 0.0022 0.1827
vt 0.0062 0.1835
vt 0.0047 0.2109
vt 0.7191 0.8296
vt 0.7399 0.8218
vt 0.7474 0.8405
vt 0.7285 0.8533
vt 0.5477 0.5767
vt 0.5625 0.5555
vt 0.7886 0.2517
vt 0.8088 0.2674
vt 0.7996 0.2716
vt 0.7790 0.2556
vt 0.1600 0.7859
vt 0.1547 0.8047
vt 0.0932 0.5931
vt 0.1192 0.5849
vt 0.1332 0.6044
vt 0.1074 0.6104
vt 0.3635 0.3913
vt 0.3612 0.4108
vt 0.3566 0.4083
vt 0.3594 0.3884
vt 0.8865 0.8956
vt 0.8703 0.9002
vt 0.8612 0.8757
vt 0.8729 0.8715
vt 0.9024 0.3043
vt 0.8963 0.3063
vt 0.8870 0.2950
vt 0.8951 0.2874
vt 0.3528 0.2755
vt 0.3571 0.2794
vt 0.9853 0.9071
vt 0.9687 0.8882
vt 0.9795 0.8846
vt 0.9958 0.9042
vt 0.2391 0.8504
vt 0.2244 0.8442
vt 0.2302 0.8421
vt 0.2439 0.8484
vt 0.0710 0.3303
vt 0.0933 0.3491
vt 0.0894 0.3568
vt 0.0668 0.3369
vt 0.8034 0.4498
vt 0.8159 0.4155
vt 0.2795 0.4337
vt 0.1925 0.5907
vt 0.1613 0.5977
vt 0.4840 0.0389
vt 0.4552 0.0353
vt 0.4635 0.0115
vt 0.4898 0.0116
vt 0.1412 0.3817
vt 0.1374 0.3875
vt 0.9714 0.5671
vt 0.9941 0.5659
vt 0.6727 0.5084
vt 0.6637 0.5053
vt 0.6717 0.4771
vt 0.6800 0.4801
vt 0.7651 0.2359
vt 0.7790 0.2556
vt 0.5487 0.0029
vt 0.5770 0.0014
vt 0.7572 0.5576
vt 0.7838 0.5596
vt 0.7804 0.5861
vt 0.7526 0.5824
vt 0.5184 0.0128
vt 0.0550 0.0760
vt 0.0513 0.0729
vt 0.6150 0.0350
vt 0.6086 0.0081
vt 0.9528 0.7585
vt 0.9500 0.7843
vt 0.1856 0.0000
vt 0.2195 0.0015
vt 0.3630 0.2822
vt 0.3571 0.2794
vt 0.3676 0.2528
vt 0.3727 0.2547
vt 0.3098 0.3559
vt 0.3245 0.3299
vt 0.3314 0.3342
vt 0.3492 0.3092
vt 0.6465 0.0297
vt 0.6378 0.0064
vt 0.6487 0.5008
vt 0.6393 0.5275
vt 0.6155 0.5197
vt 0.6262 0.4946
vt 0.4477 0.2884
vt 0.4812 0.2827
vt 0.4871 0.3096
vt 0.4559 0.3151
vt 0.8800 0.5003
vt 0.8496 0.5005
vt 0.8512 0.4711
vt 0.8799 0.4718
vt 0.2739 0.8111
vt 0.2682 0.8108
vt 0.2796 0.4846
vt 0.2839 0.5112
vt 0.2736 0.5131
vt 0.2669 0.4866
vt 0.3483 0.4901
vt 0.3539 0.4903
vt 0.1973 0.3884
vt 0.1970 0.3794
vt 0.7848 0.1400
vt 0.7614 0.1387
vt 0.7644 0.1151
vt 0.7881 0.1183
vt 0.2152 0.0196
vt 0.6555 0.5328
vt 0.6637 0.5053
vt 0.4759 0.2550
vt 0.4406 0.2590
vt 0.9155 0.8147
vt 0.9137 0.7841
vt 0.9239 0.7842
vt 0.9261 0.8139
vt 0.6990 0.0977
vt 0.2591 0.6071
vt 0.2504 0.5782
vt 0.7958 0.2275
vt 0.7752 0.2325
vt 0.7670 0.2108
vt 0.7895 0.2066
vt 0.9323 0.7258
vt 0.9212 0.7240
vt 0.9308 0.6971
vt 0.9424 0.6994
vt 0.5118 0.2242
vt 0.5145 0.2513
vt 0.2651 0.5446
vt 0.2420 0.5504
vt 0.8794 0.4084
vt 0.9014 0.4114
vt 0.3655 0.1474
vt 0.3630 0.1492
vt 0.3518 0.1223
vt 0.3544 0.1198
vt 0.7302 0.5743
vt 0.8197 0.3811
vt 0.7995 0.4158
vt 0.2586 0.8068
vt 0.2468 0.8004
vt 0.2507 0.7794
vt 0.2620 0.7860
vt 0.4986 0.5826
vt 0.4846 0.6010
vt 0.4546 0.5874
vt 0.4679 0.5692
vt 0.7778 0.6097
vt 0.7492 0.6043
vt 0.4127 0.2221
vt 0.4087 0.1864
vt 0.7377 0.1724
vt 0.7383 0.2101
vt 0.5643 0.7573
vt 0.5290 0.7825
vt 0.5197 0.7694
vt 0.5498 0.7391
vt 0.2563 0.8526
vt 0.2439 0.8484
vt 0.2492 0.8399
vt 0.2604 0.8441
vt 0.0378 0.1014
vt 0.0342 0.0988
vt 0.3824 0.7473
vt 0.3788 0.7460
vt 0.6604 0.5636
vt 0.6577 0.5913
vt 0.6411 0.5861
vt 0.6477 0.5596
vt 0.9106 0.7836
vt 0.9117 0.7990
vt 0.8848 0.7966
vt 0.8839 0.7863
vt 0.6234 0.4387
vt 0.6117 0.4634
vt 0.5833 0.4574
vt 0.5964 0.4351
vt 0.0830 0.6153
vt 0.0975 0.6281
vt 0.0697 0.6292
vt 0.0574 0.6185
vt 0.1601 0.0512
vt 0.1606 0.0504
vt 0.1870 0.0471
vt 0.1871 0.0478
vt 0.2825 0.7663
vt 0.2855 0.7521
vt 0.3269 0.3902
vt 0.3148 0.4113
vt 0.1910 0.8402
vt 0.2008 0.8671
vt 0.6832 0.6523
vt 0.6619 0.6472
vt 0.2498 0.0123
vt 0.2473 0.0173
vt 0.4317 0.5301
vt 0.4114 0.5212
vt 0.4245 0.5036
vt 0.4466 0.5117
vt 0.3598 0.6220
vt 0.3525 0.6243
vt 0.3511 0.6041
vt 0.3583 0.6020
vt 0.1575 0.7705
vt 0.1007 0.7626
vt 0.8848 0.8158
vt 0.8853 0.8067
vt 0.9122 0.8137
vt 0.9120 0.8275
vt 0.0533 0.4917
vt 0.0285 0.5048
vt 0.0187 0.4905
vt 0.0424 0.4774
vt 0.5706 0.4793
vt 0.7533 0.6959
vt 0.7679 0.7167
vt 0.1063 0.5649
vt 0.0792 0.5751
vt 0.1029 0.0408
vt 0.0790 0.0576
vt 0.8594 0.8464
vt 0.8511 0.8489
vt 0.9165 0.2140
vt 0.9706 0.2206
vt 0.9715 0.2351
vt 0.9173 0.2268
vt 0.5509 0.1254
vt 0.5913 0.1215
vt 0.2736 0.5131
vt 0.2804 0.5410
vt 0.2651 0.5446
vt 0.2571 0.5171
vt 0.7848 0.1400
vt 0.4109 0.1062
vt 0.4387 0.1116
vt 0.4338 0.1528
vt 0.4054 0.1475
vt 0.6045 0.5443
vt 0.6293 0.5532
vt 0.2586 0.8068
vt 0.2542 0.8254
vt 0.7143 0.7173
vt 0.7276 0.6947
vt 0.6990 0.0977
vt 0.7241 0.0955
vt 0.8195 0.5022
vt 0.8227 0.4744
vt 0.8805 0.8301
vt 0.8832 0.8236
vt 0.9094 0.8388
vt 0.9052 0.8483
vt 0.2338 0.6108
vt 0.2230 0.5840
vt 0.7591 0.4415
vt 0.7700 0.4478
vt 0.7597 0.4753
vt 0.7466 0.4675
vt 0.0085 0.5186
vt 0.0000 0.5046
vt 0.8944 0.3785
vt 0.9693 0.4206
vt 0.9832 0.4500
vt 0.1967 0.3684
vt 0.1970 0.3794
vt 0.3484 0.5793
vt 0.3386 0.5798
vt 0.9183 0.2374
vt 0.9728 0.2468
vt 0.9746 0.2572
vt 0.9195 0.2467
vt 0.9718 0.7092
vt 0.9862 0.6868
vt 0.6367 0.4685
vt 0.6470 0.4414
vt 0.6667 0.4448
vt 0.6577 0.4732
vt 0.9582 0.0733
vt 0.9881 0.0630
vt 0.4931 0.9904
vt 0.4798 0.9513
vt 0.4932 0.9428
vt 0.5132 0.9797
vt 0.0790 0.6390
vt 0.7063 0.9607
vt 0.6974 0.9779
vt 0.0807 0.8043
vt 0.6331 0.6381
vt 0.6004 0.6262
vt 0.6095 0.6028
vt 0.6365 0.6126
vt 0.6105 0.4150
vt 0.5964 0.4351
vt 0.5695 0.4323
vt 0.5847 0.4151
vt 0.9108 0.6579
vt 0.8778 0.6570
vt 0.8340 0.1034
vt 0.8280 0.1213
vt 0.8091 0.1203
vt 0.8146 0.1009
vt 0.7833 0.4503
vt 0.7995 0.4158
vt 0.3467 0.0872
vt 0.3504 0.0844
vt 0.3648 0.1129
vt 0.3613 0.1151
vt 0.8505 0.1238
vt 0.8483 0.1421
vt 0.8255 0.1410
vt 0.8280 0.1213
vt 0.6230 0.0727
vt 0.6570 0.0645
vt 0.7942 0.0976
vt 0.6367 0.1537
vt 0.3406 0.4903
vt 0.5630 0.3522
vt 0.5316 0.3533
vt 0.5261 0.3309
vt 0.5608 0.3289
vt 0.1861 0.4378
vt 0.7823 0.6623
vt 0.8032 0.6592
vt 0.7398 0.7596
vt 0.7666 0.7695
vt 0.8298 0.8221
vt 0.8300 0.8516
vt 0.7863 0.7402
vt 0.8079 0.7662
vt 0.8034 0.7691
vt 0.7781 0.7467
vt 0.8411 0.8506
vt 0.8466 0.8781
vt 0.8308 0.8794
vt 0.8300 0.8516
vt 0.3866 0.2199
vt 0.3836 0.1826
vt 0.9562 0.8915
vt 0.9444 0.8936
vt 0.9307 0.8707
vt 0.9424 0.8687
vt 0.9548 0.8655
vt 0.9687 0.8882
vt 0.8987 0.0279
vt 0.3576 0.1175
vt 0.8824 0.7760
vt 0.8567 0.7837
vt 0.8555 0.7788
vt 0.8806 0.7661
vt 0.2866 0.4846
vt 0.2890 0.5110
vt 0.8577 0.7890
vt 0.8582 0.7945
vt 0.7507 0.1378
vt 0.7433 0.1367
vt 0.7466 0.1108
vt 0.7538 0.1132
vt 0.5176 0.9211
vt 0.5276 0.9079
vt 0.5643 0.9316
vt 0.5499 0.9501
vt 0.5323 0.9659
vt 0.5060 0.9327
vt 0.7047 0.3979
vt 0.6956 0.4232
vt 0.6885 0.4200
vt 0.6981 0.3945
vt 0.7833 0.4503
vt 0.7744 0.4785
vt 0.9544 0.8374
vt 0.9471 0.8112
vt 0.9528 0.8101
vt 0.9604 0.8353
vt 0.3309 0.1069
vt 0.3118 0.0863
vt 0.3133 0.0804
vt 0.3324 0.1029
vt 0.0353 0.2842
vt 0.0312 0.2883
vt 0.0191 0.2624
vt 0.0230 0.2595
vt 0.8602 0.6808
vt 0.8765 0.6818
vt 0.8630 0.7099
vt 0.8514 0.7083
vt 0.9684 0.0472
vt 0.9604 0.0608
vt 0.9107 0.0733
vt 0.9110 0.0660
vt 0.6683 0.5937
vt 0.6743 0.6231
vt 0.6588 0.6195
vt 0.6577 0.5913
vt 0.0271 0.1312
vt 0.0293 0.1340
vt 0.0196 0.1609
vt 0.0175 0.1587
vt 0.8404 0.8206
vt 0.8449 0.8195
vt 0.4974 0.7490
vt 0.5162 0.7115
vt 0.5336 0.7235
vt 0.5091 0.7581
vt 0.7182 0.4271
vt 0.7265 0.4408
vt 0.5759 0.5336
vt 0.5625 0.5555
vt 0.5303 0.5431
vt 0.5446 0.5222
vt 0.9323 0.7258
vt 0.3500 0.4605
vt 0.3532 0.4328
vt 0.3583 0.4346
vt 0.3554 0.4616
vt 0.0966 0.4948
vt 0.0831 0.4784
vt 0.2222 0.7862
vt 0.2123 0.7819
vt 0.1660 0.4685
vt 0.1314 0.4815
vt 0.1173 0.4646
vt 0.1517 0.4509
vt 0.1361 0.8190
vt 0.4660 0.9564
vt 0.4729 0.9975
vt 0.4317 0.3160
vt 0.4232 0.2881
vt 0.0553 0.5845
vt 0.0422 0.5679
vt 0.3467 0.0872
vt 0.3427 0.0903
vt 0.6608 0.9087
vt 0.6612 0.9296
vt 0.8144 0.5608
vt 0.8120 0.5881
vt 0.9305 0.4504
vt 0.9522 0.4549
vt 0.5657 0.6120
vt 0.2422 0.8191
vt 0.5142 0.5632
vt 0.8583 0.7998
vt 0.8853 0.8067
vt 0.4533 0.4703
vt 0.4767 0.4761
vt 0.4617 0.4937
vt 0.4386 0.4865
vt 0.2681 0.6358
vt 0.4464 0.0707
vt 0.4779 0.0770
vt 0.4728 0.1186
vt 0.4387 0.1116
vt 0.3323 0.0585
vt 0.3099 0.0364
vt 0.2707 0.7899
vt 0.2755 0.7893
vt 0.4406 0.2590
vt 0.7168 0.8633
vt 0.7285 0.8533
vt 0.1471 0.5762
vt 0.1613 0.5977
vt 0.3603 0.5750
vt 0.3557 0.5775
vt 0.5477 0.5767
vt 0.5325 0.5969
vt 0.4679 0.4552
vt 0.1993 0.6602
vt 0.2274 0.6617
vt 0.2343 0.6827
vt 0.2059 0.6788
vt 0.1333 0.5547
vt 0.0299 0.5509
vt 0.0186 0.5342
vt 0.5385 0.3705
vt 0.5138 0.3710
vt 0.5028 0.3550
vt 0.5316 0.3533
vt 0.8441 0.6551
vt 0.8438 0.6489
vt 0.6936 0.8172
vt 0.7057 0.8178
vt 0.7041 0.8436
vt 0.6922 0.8423
vt 0.7058 0.2831
vt 0.7296 0.2791
vt 0.9091 0.5077
vt 0.9562 0.6763
vt 0.9733 0.6579
vt 0.1701 0.5430
vt 0.3580 0.4633
vt 0.3605 0.4373
vt 0.7531 0.2465
vt 0.7434 0.2210
vt 0.8834 0.7146
vt 0.8736 0.7119
vt 0.8909 0.6838
vt 0.9032 0.6875
vt 0.6365 0.6126
vt 0.7351 0.4541
vt 0.7492 0.4299
vt 0.8574 0.8088
vt 0.8581 0.8046
vt 0.8848 0.8158
vt 0.8832 0.8236
vt 0.2338 0.6108
vt 0.2440 0.6375
vt 0.8825 0.8664
vt 0.2759 0.0283
vt 0.2794 0.0237
vt 0.2342 0.7930
vt 0.2304 0.8114
vt 0.2194 0.8051
vt 0.2222 0.7862
vt 0.3539 0.4903
vt 0.3565 0.4908
vt 0.5445 0.4301
vt 0.7678 0.5053
vt 0.7514 0.5009
vt 0.3057 0.7969
vt 0.3214 0.8058
vt 0.8533 0.4423
vt 0.2757 0.7676
vt 0.7259 0.5957
vt 0.2538 0.6628
vt 0.2274 0.6617
vt 0.2720 0.7492
vt 0.2746 0.7479
vt 0.0228 0.5783
vt 0.0339 0.5928
vt 0.6370 0.7274
vt 0.6092 0.7312
vt 0.2136 0.0490
vt 0.2142 0.0498
vt 0.3730 0.6970
vt 0.3601 0.6956
vt 0.6105 0.4150
vt 0.6206 0.3942
vt 0.0704 0.4641
vt 0.5177 0.6160
vt 0.8127 0.9282
vt 0.8367 0.2191
vt 0.8312 0.2004
vt 0.8527 0.1977
vt 0.8585 0.2139
vt 0.2771 0.6632
vt 0.8061 0.7349
vt 0.8166 0.7346
vt 0.0096 0.1842
vt 0.0062 0.1835
vt 0.9604 0.0608
vt 0.9876 0.0515
vt 0.4941 0.3341
vt 0.1885 0.7651
vt 0.7565 0.2133
vt 0.1888 0.7896
vt 0.7767 0.6285
vt 0.7778 0.6097
vt 0.8102 0.6126
vt 0.8093 0.6330
vt 0.1867 0.0355
vt 0.1869 0.0423
vt 0.1605 0.0456
vt 0.1599 0.0386
vt 0.1273 0.0247
vt 0.8547 0.1065
vt 0.7399 0.8218
vt 0.0944 0.8815
vt 0.0905 0.8810
vt 0.7140 0.7771
vt 0.7140 0.8038
vt 0.9471 0.8112
vt 0.9374 0.8126
vt 0.0079 0.1539
vt 0.8367 0.7638
vt 0.8438 0.7359
vt 0.4466 0.7375
vt 0.4589 0.7348
vt 0.3206 0.0687
vt 0.2984 0.0480
vt 0.1591 0.0314
vt 0.1582 0.0258
vt 0.1863 0.0228
vt 0.1865 0.0284
vt 0.5975 0.2758
vt 0.5978 0.2489
vt 0.6391 0.2505
vt 0.6371 0.2788
vt 0.5966 0.3298
vt 0.5955 0.3527
vt 0.5547 0.2226
vt 0.8728 0.2821
vt 0.8630 0.2878
vt 0.0581 0.0792
vt 0.7533 0.6959
vt 0.7438 0.6788
vt 0.7622 0.6684
vt 0.7698 0.6879
vt 0.9112 0.1195
vt 0.9623 0.1142
vt 0.9652 0.1309
vt 0.9118 0.1348
vt 0.3422 0.6252
vt 0.3410 0.6048
vt 0.4338 0.1528
vt 0.4696 0.1586
vt 0.1223 0.0158
vt 0.1250 0.0206
vt 0.7431 0.1635
vt 0.5509 0.1254
vt 0.5108 0.1238
vt 0.5978 0.2217
vt 0.5978 0.2489
vt 0.7593 0.8550
vt 0.7877 0.5320
vt 0.7917 0.5050
vt 0.8195 0.5022
vt 0.8169 0.5320
vt 0.6155 0.5197
vt 0.5881 0.5108
vt 0.7354 0.2460
vt 0.2097 0.8029
vt 0.7812 0.7109
vt 0.3849 0.1436
vt 0.4054 0.1475
vt 0.7077 0.3730
vt 0.7140 0.3764
vt 0.1273 0.0247
vt 0.7991 0.8793
vt 0.7840 0.8757
vt 0.5210 0.0031
vt 0.5867 0.0799
vt 0.6230 0.0727
vt 0.3705 0.7442
vt 0.3696 0.7222
vt 0.7998 0.7740
vt 0.7714 0.7568
vt 0.2866 0.7256
vt 0.2924 0.7265
vt 0.7717 0.8255
vt 0.7791 0.8362
vt 0.1600 0.7859
vt 0.1700 0.7684
vt 0.9107 0.5353
vt 0.1797 0.4881
vt 0.1660 0.4685
vt 0.0860 0.8806
vt 0.0451 0.6061
vt 0.0691 0.6005
vt 0.3679 0.7036
vt 0.3696 0.7222
vt 0.3574 0.7209
vt 0.3553 0.7034
vt 0.1917 0.5100
vt 0.1797 0.4881
vt 0.6727 0.5084
vt 0.6769 0.5104
vt 0.0957 0.9014
vt 0.0996 0.9030
vt 0.2614 0.4614
vt 0.8614 0.0909
vt 0.8708 0.0776
vt 0.0807 0.8792
vt 0.0126 0.1849
vt 0.0175 0.1587
vt 0.3292 0.6246
vt 0.8481 0.5309
vt 0.8638 0.0526
vt 0.8495 0.0478
vt 0.3343 0.0993
vt 0.7937 0.0528
vt 0.7739 0.0698
vt 0.7673 0.0658
vt 0.7872 0.0486
vt 0.3234 0.7782
vt 0.8967 0.9154
vt 0.3008 0.8440
vt 0.3063 0.8368
vt 0.3137 0.8577
vt 0.3064 0.8654
vt 0.7679 0.7167
vt 0.2030 0.8020
vt 0.2054 0.7794
vt 0.0581 0.0792
vt 0.0790 0.0576
vt 0.6968 0.3533
vt 0.3242 0.8716
vt 0.3196 0.8775
vt 0.3137 0.8577
vt 0.3182 0.8529
vt 0.8542 0.2912
vt 0.8324 0.2799
vt 0.2096 0.7550
vt 0.4305 0.0356
vt 0.4403 0.0161
vt 0.7793 0.6462
vt 0.7507 0.6390
vt 0.7483 0.6330
vt 0.7774 0.6402
vt 0.8112 0.2031
vt 0.6581 0.8630
vt 0.6172 0.8603
vt 0.4849 0.7427
vt 0.4985 0.7034
vt 0.8914 0.7196
vt 0.8980 0.7274
vt 0.3269 0.7089
vt 0.3206 0.7112
vt 0.3150 0.6879
vt 0.3212 0.6857
vt 0.6695 0.3094
vt 0.0084 0.2107
vt 0.2453 0.0215
vt 0.2160 0.0154
vt 0.5655 0.3701
vt 0.3141 0.6590
vt 0.7332 0.1334
vt 0.6316 0.3320
vt 0.6271 0.3539
vt 0.7877 0.5320
vt 0.2614 0.4614
vt 0.2778 0.4588
vt 0.3836 0.2003
vt 0.3836 0.2279
vt 0.3780 0.2276
vt 0.3789 0.2006
vt 0.2946 0.4332
vt 0.8115 0.2965
vt 0.7885 0.2846
vt 0.7897 0.2806
vt 0.8126 0.2926
vt 0.8096 0.6456
vt 0.7774 0.6402
vt 0.1876 0.8146
vt 0.1888 0.7896
vt 0.1933 0.7905
vt 0.1927 0.8168
vt 0.3416 0.6641
vt 0.3283 0.6768
vt 0.3269 0.6619
vt 0.3388 0.6499
vt 0.3736 0.2267
vt 0.3780 0.2276
vt 0.3636 0.2502
vt 0.6470 0.7078
vt 0.2840 0.7196
vt 0.2905 0.7212
vt 0.1348 0.0583
vt 0.1102 0.0700
vt 0.1100 0.0650
vt 0.1347 0.0533
vt 0.7070 0.6806
vt 0.7140 0.7034
vt 0.0602 0.3417
vt 0.0409 0.3176
vt 0.0472 0.3136
vt 0.0668 0.3369
vt 0.3024 0.7310
vt 0.6915 0.8673
vt 0.7033 0.8693
vt 0.2868 0.5704
vt 0.2804 0.5410
vt 0.5913 0.1215
vt 0.7398 0.7596
vt 0.7186 0.7511
vt 0.0956 0.3401
vt 0.0933 0.3491
vt 0.0255 0.2915
vt 0.0312 0.2883
vt 0.0515 0.3081
vt 0.0505 0.7756
vt 0.0574 0.7503
vt 0.0765 0.7364
vt 0.0693 0.7637
vt 1.0000 0.6319
vt 0.8393 0.7066
vt 0.8434 0.6797
vt 0.9604 0.7333
vt 0.3120 0.8863
vt 0.3196 0.8775
vt 0.3239 0.8932
vt 0.3165 0.9034
vt 0.6885 0.4200
vt 0.6797 0.4481
vt 0.6667 0.4448
vt 0.6762 0.4173
vt 0.7521 0.1888
vt 0.3424 0.4602
vt 0.3500 0.4605
vt 0.8033 0.8146
vt 0.7032 0.7673
vt 0.2846 0.6882
vt 0.3031 0.6890
vt 0.9137 0.8849
vt 0.9009 0.8904
vt 0.3457 0.4321
vt 0.0079 0.1539
vt 0.0044 0.1525
vt 0.6577 0.4732
vt 0.2827 0.7808
vt 0.9693 0.2042
vt 0.9155 0.1995
vt 0.3577 0.5188
vt 0.6837 0.4825
vt 0.0240 0.8108
vt 0.0445 0.8012
vt 0.0425 0.8250
vt 0.0259 0.8312
vt 0.4898 0.0116
vt 0.4944 0.0033
vt 0.1591 0.0314
vt 0.1599 0.0386
vt 0.1338 0.0461
vt 0.1324 0.0388
vt 0.8465 0.3790
vt 0.2358 0.7214
vt 0.4200 0.0673
vt 0.9107 0.5353
vt 0.9410 0.5372
vt 0.2794 0.0237
vt 0.2828 0.0196
vt 0.2255 0.8253
vt 0.2183 0.8172
vt 0.5276 0.9079
vt 0.5360 0.8935
vt 0.5414 0.8774
vt 0.5364 0.7970
vt 0.5417 0.8125
vt 0.5447 0.8612
vt 0.5176 0.9211
vt 0.0312 0.1362
vt 0.0213 0.1639
vt 0.0857 0.0736
vt 0.0648 0.0931
vt 0.4714 0.5207
vt 0.4555 0.5395
vt 0.0623 0.8405
vt 0.0466 0.8454
vt 0.0425 0.8250
vt 0.0599 0.8176
vt 0.3850 0.8875
vt 0.3856 0.8393
vt 0.3888 0.8230
vt 0.3882 0.9016
vt 0.4108 0.9413
vt 0.4149 0.7698
vt 0.4242 0.7606
vt 0.4145 0.9522
vt 0.3932 0.9139
vt 0.3934 0.8074
vt 0.3993 0.7930
vt 0.3994 0.9250
vt 0.4339 0.7517
vt 0.4252 0.9592
vt 0.4401 0.7459
vt 0.4064 0.9340
vt 0.4065 0.7803
vt 0.3836 0.8720
vt 0.3839 0.8558
vt 0.5451 0.8284
vt 0.5460 0.8448
vt 0.2969 0.8753
vt 0.3064 0.8654
vt 0.3120 0.8863
vt 0.3012 0.8961
vt 0.6331 0.6381
vt 0.3523 0.6537
vt 0.9359 0.3864
vt 0.1089 0.0579
vt 0.8870 0.2950
vt 0.8795 0.2975
vt 0.3836 0.5716
vt 0.3994 0.5830
vt 0.2563 0.8526
vt 0.2645 0.8555
vt 0.2617 0.8583
vt 0.2527 0.8547
vt 0.5936 0.3704
vt 0.0142 0.2646
vt 0.8109 0.6516
vt 0.2884 0.7942
vt 0.8245 0.6579
vt 0.7972 0.7804
vt 0.7666 0.7695
vt 0.8353 0.8214
vt 0.2453 0.0215
vt 0.2730 0.0323
vt 0.9440 0.3843
vt 0.8256 0.1812
vt 0.8495 0.1797
vt 0.2135 0.0441
vt 0.4720 0.7378
vt 0.7966 0.4779
vt 0.3713 0.2834
vt 0.3587 0.3105
vt 0.6862 0.3922
vt 0.6959 0.3710
vt 0.3796 0.2556
vt 0.4204 0.5937
vt 0.1370 0.4347
vt 0.1024 0.4495
vt 0.0830 0.6153
vt 0.0300 0.0959
vt 0.0469 0.0695
vt 0.1692 0.8670
vt 0.1404 0.8560
vt 0.1367 0.8375
vt 0.1597 0.8458
vt 0.1805 0.8117
vt 0.1876 0.8146
vt 0.8370 0.0460
vt 0.3624 0.6627
vt 0.3614 0.6752
vt 0.3544 0.6777
vt 0.3562 0.6653
vt 0.8259 0.0224
vt 0.8056 0.0313
vt 0.8042 0.0274
vt 0.8253 0.0187
vt 0.9642 0.0076
vt 0.9766 0.0000
vt 0.9901 0.0032
vt 0.9886 0.0124
vt 0.8691 0.3143
vt 0.8543 0.3120
vt 0.8517 0.3084
vt 0.8657 0.3100
vt 0.8517 0.3084
vt 0.8331 0.3042
vt 0.8334 0.3004
vt 0.8474 0.3045
vt 0.8088 0.2674
vt 0.7521 0.1888
vt 0.9897 0.5385
vt 0.3599 0.5463
vt 0.5643 0.8361
vt 0.2108 0.8203
vt 0.2043 0.8212
vt 0.7833 0.0444
vt 0.2880 0.4588
vt 0.3635 0.3991
vt 0.3725 0.3929
vt 0.3827 0.4857
vt 0.3753 0.4903
vt 0.2022 0.7778
vt 0.2061 0.7533
vt 0.8902 0.0445
vt 0.3623 0.5989
vt 0.3583 0.6020
vt 0.2898 0.0680
vt 0.2889 0.0747
vt 0.8437 0.0135
vt 0.8396 0.0177
vt 0.2183 0.8331
vt 0.2120 0.8349
vt 0.2302 0.8421
vt 0.2367 0.8336
vt 0.0693 0.7637
vt 0.1774 0.6745
vt 0.1715 0.6584
vt 0.2136 0.0371
vt 0.7696 0.4012
vt 0.9031 0.7386
vt 0.2890 0.0793
vt 0.2652 0.0657
vt 0.2928 0.9319
vt 0.2847 0.9389
vt 0.3827 0.5246
vt 0.3827 0.5486
vt 0.3738 0.5508
vt 0.3738 0.5358
vt 0.2929 0.8546
vt 0.6052 0.0000
vt 0.9155 0.7534
vt 0.8256 0.1812
vt 0.3317 0.4908
vt 0.8481 0.1609
vt 0.2136 0.0371
vt 0.7386 0.1355
vt 0.7960 0.3710
vt 0.6348 0.3064
vt 0.6316 0.3320
vt 0.8077 0.2462
vt 0.7958 0.2275
vt 0.9660 0.1492
vt 0.9126 0.1510
vt 0.3332 0.4609
vt 0.9141 0.6385
vt 0.5972 0.3035
vt 0.2523 0.0081
vt 0.6874 0.4512
vt 0.3723 0.6252
vt 0.3665 0.6627
vt 0.3532 0.6577
vt 0.3523 0.6376
vt 0.1912 0.7434
vt 0.0625 0.7273
vt 0.0574 0.7503
vt 0.0269 0.7674
vt 0.0268 0.7477
vt 0.9976 0.0098
vt 0.9914 0.0246
vt 0.9112 0.0551
vt 0.9886 0.0124
vt 0.9011 0.0064
vt 0.8948 0.0014
vt 0.9039 0.0000
vt 0.9103 0.0077
vt 0.3309 0.1069
vt 0.3461 0.1284
vt 0.3446 0.1285
vt 0.3299 0.1104
vt 0.3738 0.5546
vt 0.3785 0.5508
vt 0.3785 0.5661
vt 0.3759 0.5786
vt 0.7819 0.0404
vt 0.9103 0.0932
vt 0.9105 0.1054
vt 0.3227 0.7925
vt 0.2855 0.8885
vt 0.3110 0.0918
vt 0.3015 0.7272
vt 0.3178 0.7382
vt 0.3168 0.7393
vt 0.3024 0.7310
vt 0.0470 0.1147
vt 0.0648 0.0931
vt 0.0660 0.0986
vt 0.0482 0.1181
vt 0.8348 0.3075
vt 0.5198 0.4288
vt 0.7678 0.5053
vt 0.8984 0.3133
vt 0.9031 0.3128
vt 0.0682 0.8776
vt 0.0550 0.8632
vt 0.4546 0.5874
vt 0.4470 0.6050
vt 0.0154 0.1859
vt 0.9840 0.1112
vt 0.9623 0.1142
vt 0.3811 0.4993
vt 0.3810 0.5119
vt 0.3748 0.5099
vt 0.3742 0.4980
vt 0.5663 0.7882
vt 0.5675 0.7736
vt 0.3227 0.7925
vt 0.3234 0.7782
vt 0.3397 0.7871
vt 0.3397 0.8017
vt 0.3815 0.6305
vt 0.3815 0.6608
vt 0.3738 0.5846
vt 0.3806 0.5786
vt 0.3806 0.5878
vt 0.3751 0.5964
vt 0.0332 0.1370
vt 0.0250 0.1560
vt 0.8385 0.2973
vt 0.8558 0.3041
vt 0.8167 0.2885
vt 0.6585 0.9485
vt 0.6204 0.9424
vt 0.9085 0.7680
vt 0.7886 0.2517
vt 0.2696 0.8585
vt 0.2675 0.8622
vt 0.3395 0.4082
vt 0.3493 0.4073
vt 0.3457 0.4321
vt 0.3362 0.4329
vt 0.8834 0.7146
vt 0.8844 0.2723
vt 0.8317 0.3812
vt 0.2398 0.0554
vt 0.3523 0.6970
vt 0.3532 0.6895
vt 0.2746 0.8515
vt 0.2760 0.8310
vt 0.3817 0.6015
vt 0.3831 0.6009
vt 0.3823 0.6249
vt 0.3818 0.6252
vt 0.8761 0.3098
vt 0.8657 0.3100
vt 0.8558 0.3041
vt 0.8650 0.3026
vt 0.9103 0.0821
vt 0.9212 0.8440
vt 0.6348 0.3064
vt 0.0173 0.2931
vt 0.0074 0.2658
vt 0.7679 0.2681
vt 0.2106 0.7298
vt 0.3738 0.4903
vt 0.3811 0.4911
vt 0.2898 0.0680
vt 0.2913 0.0611
vt 0.3714 0.6634
vt 0.0505 0.7756
vt 0.0247 0.7891
vt 0.2765 0.8091
vt 0.8269 0.0153
vt 0.8462 0.0098
vt 0.0485 0.1201
vt 0.0662 0.1021
vt 0.0432 0.1073
vt 0.2611 0.6860
vt 0.5657 0.6120
vt 0.5534 0.6317
vt 0.7235 0.6129
vt 0.7476 0.6218
vt 0.3294 0.7508
vt 0.3635 0.6189
vt 0.7063 0.7922
vt 0.3523 0.6660
vt 0.3420 0.6756
vt 0.8608 0.0068
vt 0.8576 0.0112
vt 0.8800 0.3149
vt 0.8680 0.0110
vt 0.8716 0.0056
vt 0.3262 0.8846
vt 0.8481 0.0177
vt 0.3149 0.8256
vt 0.2972 0.8136
vt 0.9060 0.7530
vt 0.3364 0.8335
vt 0.3348 0.8368
vt 0.3392 0.8156
vt 0.3380 0.8263
vt 0.2832 0.7984
vt 0.5949 0.3975
vt 0.2800 0.7541
vt 0.3779 0.7704
vt 0.3803 0.7717
vt 0.3781 0.7970
vt 0.3768 0.7959
vt 0.0073 0.2378
vt 0.0116 0.2366
vt 0.9424 0.6994
vt 0.3757 0.1423
vt 0.2765 0.9022
vt 0.0870 0.0803
vt 0.0871 0.0848
vt 0.9655 0.8621
vt 0.9976 0.2757
vt 0.9208 0.2557
vt 0.1799 0.8538
vt 0.1901 0.8771
vt 0.0813 0.7120
vt 0.2913 0.0611
vt 0.7140 0.5017
vt 0.7238 0.4777
vt 0.3685 0.5793
vt 0.3635 0.5037
vt 0.3738 0.4903
vt 0.3738 0.5794
vt 0.2008 0.7998
vt 0.1738 0.4203
vt 0.8233 0.2843
vt 0.0017 0.2384
vt 0.0453 0.1108
vt 0.8897 0.0026
vt 0.8056 0.0313
vt 0.8099 0.0352
vt 0.1967 0.8438
vt 0.3053 0.9235
vt 0.3289 0.6874
vt 0.3178 0.9136
vt 0.3262 0.9021
vt 0.3811 0.5246
vt 0.3757 0.5224
vt 0.9103 0.2956
vt 0.9092 0.3104
vt 0.3328 0.7502
vt 0.5881 0.5108
vt 0.2868 0.7120
vt 0.2963 0.7210
vt 0.3110 0.0954
vt 0.3610 0.1515
vt 0.3596 0.1547
vt 0.9851 0.5111
vt 0.9718 0.8594
vt 0.9862 0.8817
vt 0.3768 0.8226
vt 0.3763 0.8220
vt 0.9951 0.0347
vt 0.0870 0.0803
vt 0.3806 0.5794
vt 0.3831 0.5786
vt 0.0840 0.6488
vt 0.2367 0.8336
vt 0.2768 0.7842
vt 0.2765 0.7691
vt 0.2696 0.8585
vt 0.9137 0.6935
vt 0.3297 0.1124
vt 0.0427 0.0664
vt 0.6592 0.8863
vt 0.6768 0.8652
vt 0.3083 0.7120
vt 0.0347 0.1369
vt 0.2819 0.8704
vt 0.9052 0.2745
vt 0.3824 0.3884
vt 0.3827 0.3947
vt 0.3554 0.1470
vt 0.8375 0.7913
vt 0.8373 0.7901
vt 0.9143 0.0481
vt 0.0998 0.7512
vt 0.1862 0.7615
vt 0.8324 0.7986
vt 0.8336 0.7984
vt 0.8244 0.7958
vt 0.8252 0.7971
vt 0.8262 0.7980
vt 0.8351 0.7862
vt 0.8344 0.7860
vt 0.8376 0.7926
vt 0.8336 0.7858
vt 0.8252 0.7868
vt 0.8244 0.7879
vt 0.8235 0.7910
vt 0.8235 0.7927
vt 0.8327 0.7856
vt 0.8318 0.7855
vt 0.8376 0.7937
vt 0.8239 0.7894
vt 0.8346 0.7982
vt 0.8354 0.7979
vt 0.8357 0.7866
vt 0.8361 0.7975
vt 0.8367 0.7971
vt 0.8274 0.7986
vt 0.8286 0.7988
vt 0.8312 0.7988
vt 0.8370 0.7890
vt 0.8366 0.7880
vt 0.8297 0.7855
vt 0.8285 0.7856
vt 0.8263 0.7862
vt 0.8362 0.7873
vt 0.8299 0.7988
vt 0.8371 0.7965
vt 0.8374 0.7958
vt 0.8274 0.7858
vt 0.8308 0.7855
vt 0.8238 0.7944
vt 0.8376 0.7948
vt 0.8316 0.7922
vt 0.8316 0.7922
vt 0.8314 0.7921
vt 0.8314 0.7921
vt 0.8316 0.7922
vt 0.8315 0.7918
vt 0.8315 0.7918
vt 0.8317 0.7922
vt 0.8317 0.7922
vt 0.8318 0.7921
vt 0.8318 0.7921
vt 0.8314 0.7920
vt 0.8314 0.7920
vt 0.8314 0.7921
vt 0.8317 0.7918
vt 0.8317 0.7918
vt 0.8314 0.7919
vt 0.8317 0.7922
vt 0.8318 0.7919
vt 0.8318 0.7919
vt 0.8317 0.7922
vt 0.8318 0.7921
vt 0.8318 0.7920
vt 0.8318 0.7919
vt 0.8314 0.7918
vt 0.8315 0.7918
vt 0.8318 0.7920
vt 0.8318 0.7920
vt 0.8317 0.7918
vt 0.8316 0.7918
vt 0.8318 0.7921
vt 0.8316 0.7918
vt 0.8317 0.7918
vt 0.8317 0.7918
vt 0.8314 0.7918
vt 0.8314 0.7919
vt 0.8315 0.7922
vt 0.8315 0.7922
vt 0.8316 0.7918
vt 0.8314 0.7922
f 556/1 555/2 712/3 718/4
f 325/5 537/6 536/7 326/8
f 582/9 583/10 578/11 581/12
f 965/13 966/14 964/15 963/16
f 474/17 475/18 471/19 470/20
f 818/21 819/22 814/23 817/24
f 102/25 97/26 267/27 270/28
f 912/29 851/30 850/31 906/32
f 550/33 708/34 709/35 551/36
f 880/37 884/38 885/39 830/40
f 584/41 572/42 567/43 571/44
f 1220/45 1221/46 1214/47 1213/48
f 200/49 199/50 371/51 374/52
f 365/53 366/54 364/55 363/56
f 653/57 662/58 649/59 652/60
f 5/61 16/62 15/63 6/64
f 633/65 753/66 752/67 634/68
f 727/69 730/70 729/71 728/72
f 727/73 726/74 725/75 772/76
f 832/77 831/78 885/79 886/80
f 458/81 459/82 454/83 457/84
f 862/85 864/86 863/87 813/88
f 191/89 194/90 195/91 1011/92
f 497/93 314/94 310/95 313/96
f 452/97 456/98 454/99 455/100
f 604/101 605/102 599/103 603/104
f 917/105 926/106 927/107 918/108
f 504/109 501/110 498/111 495/112
f 1219/113 1212/114 1218/115 1222/116
f 200/49 374/52 206/117 202/118
f 1004/119 1083/120 1082/121 1086/122
f 118/123 113/124 112/125 117/126
f 312/127 301/128 300/129 488/130
f 1251/131 1257/132 1249/133 1250/134
f 66/135 16/62 5/61 14/136
f 1186/137 1188/138 215/139 1189/140
f 640/141 507/142 506/143 641/144
f 352/145 355/146 354/147 158/148
f 558/149 574/150 573/151 559/152
f 487/153 488/154 483/155 486/156
f 325/5 137/157 324/158 537/6
f 153/159 152/160 341/161 342/162
f 261/163 260/164 262/165 84/166
f 740/167 759/168 760/169 658/170
f 804/171 809/172 808/173 799/174
f 988/175 985/176 1065/177 1069/178
f 1122/179 1123/180 1126/181 1125/182
f 1185/183 1193/184 1183/185 1184/186
f 687/187 695/188 780/189 696/190
f 1074/191 1131/192 1132/193 1075/194
f 1115/195 1116/196 954/197 1114/198
f 894/199 898/200 891/201 890/202
f 1065/203 1064/204 1066/205 1067/206
f 394/207 398/208 391/209 390/210
f 164/211 162/212 357/213 358/214
f 185/215 188/216 192/217 189/218
f 68/219 67/220 143/221 145/222
f 123/223 125/224 62/225 122/226
f 115/227 116/228 112/229 111/230
f 657/231 741/232 740/167 658/170
f 563/233 562/234 779/235 565/236
f 133/237 309/238 308/239 134/240
f 648/241 517/242 516/243 647/244
f 1220/45 1205/245 230/246 1221/46
f 863/87 815/247 802/248 813/88
f 996/249 995/250 997/251 998/252
f 487/153 486/156 490/253 496/254
f 1245/255 1250/256 1249/257 1248/258
f 993/259 1072/260 1073/261 994/262
f 767/263 769/264 768/265 721/266
f 443/267 442/268 444/269 445/270
f 299/271 296/272 300/129 301/128
f 522/273 667/274 680/275 523/276
f 767/277 720/278 691/279 766/280
f 621/281 749/282 748/283 753/284
f 209/285 208/286 210/287 211/288
f 870/289 956/290 957/291 871/292
f 826/293 831/78 832/77 833/294
f 677/295 676/296 765/297 766/298
f 421/299 596/300 597/301 601/302
f 315/303 499/304 500/305 502/306
f 1225/307 787/308 1223/309 1224/310
f 1112/311 1111/312 1109/313 1161/314
f 153/315 344/316 345/317 154/318
f 95/319 97/26 102/25 98/320
f 195/321 198/322 371/51 199/50
f 1122/179 1125/182 1124/323 959/324
f 345/317 347/325 346/326 154/318
f 779/235 559/152 573/151 565/236
f 168/327 81/328 166/329 167/330
f 1054/331 929/332 928/333 1055/334
f 1233/335 1217/336 1216/337 1234/338
f 467/339 284/340 460/341 466/342
f 604/101 603/104 731/343 732/344
f 737/345 738/346 734/347 736/348
f 124/349 126/350 131/351 127/352
f 1252/353 1254/354 172/355 171/356
f 231/357 227/358 413/359 414/360
f 666/361 679/362 680/275 667/274
f 114/363 297/364 299/365 302/366
f 1010/367 1009/368 1012/369 1013/370
f 997/251 1077/371 1078/372 998/252
f 308/239 309/238 304/373 307/374
f 262/165 87/375 85/376 84/166
f 3/377 11/378 55/379 12/380
f 151/381 152/160 153/159 154/318
f 433/382 431/383 430/384 434/385
f 558/386 347/325 345/317 557/387
f 243/388 440/389 441/390 244/391
f 536/7 535/392 538/393 326/8
f 181/394 184/395 185/396 1019/397
f 239/398 236/399 427/400 428/401
f 896/402 1045/403 1046/404 897/405
f 177/406 178/407 179/408 180/409
f 1199/410 1202/411 1200/412 1201/413
f 1068/414 1067/415 1126/416 1127/417
f 1245/418 1244/419 1255/420 1250/421
f 266/422 90/423 89/424 265/425
f 1197/426 999/427 1000/428 1001/429
f 798/430 803/431 820/432 805/433
f 891/434 892/435 887/436 890/437
f 1243/438 260/164 261/163 1256/439
f 112/229 116/228 119/440 117/126
f 798/430 805/433 804/171 799/174
f 1073/441 1072/442 1074/191 1075/194
f 267/27 268/443 269/444 270/28
f 252/445 251/446 254/447 255/448
f 224/449 227/450 231/451 228/452
f 224/449 228/452 1203/453 225/454
f 246/455 251/456 248/457 247/458
f 722/459 721/266 768/265 724/460
f 419/461 417/462 416/463 420/464
f 242/465 245/466 1229/467 1234/468
f 1216/337 241/469 242/465 1234/338
f 242/470 244/471 249/472 245/473
f 238/474 241/469 1216/337 1215/475
f 1220/45 1213/48 1210/476 1209/477
f 945/478 864/86 862/85 861/479
f 1110/480 944/481 940/482 943/483
f 61/484 122/226 62/225 58/485
f 465/486 464/487 610/488 614/489
f 229/490 233/491 230/492 1204/493
f 1241/494 256/495 257/496 1242/497
f 958/498 871/292 957/291 1121/499
f 252/445 255/448 258/500 256/501
f 224/449 223/502 226/503 227/450
f 905/504 904/505 907/506 910/507
f 219/508 223/509 220/510 1189/511
f 1120/512 1121/499 957/291 1119/513
f 711/514 710/515 776/516 713/517
f 915/518 919/519 917/105 918/108
f 257/520 259/521 262/165 260/164
f 235/522 232/523 415/524 426/525
f 957/291 956/290 1118/526 1119/513
f 410/527 596/300 421/299 420/528
f 419/461 420/464 421/529 422/530
f 377/531 378/532 376/533 375/534
f 960/535 962/536 961/537 873/538
f 584/539 583/540 585/541 386/542
f 965/543 1061/544 978/545 968/546
f 1052/547 1049/548 1048/549 1053/550
f 346/326 155/551 151/381 154/318
f 279/552 280/553 275/554 278/555
f 972/556 974/557 973/558 796/559
f 450/560 437/561 433/562 436/563
f 1206/564 1209/565 1208/566 782/567
f 1052/568 1055/569 1058/570 1056/571
f 483/155 485/572 489/573 486/156
f 393/574 207/575 206/576 381/577
f 526/578 684/579 697/580 527/581
f 677/295 766/298 691/279 690/582
f 203/583 208/584 205/585 204/586
f 1229/467 245/466 246/455 247/458
f 1195/587 212/588 213/589 214/590
f 142/591 144/592 143/593 64/594
f 482/595 485/596 483/597 484/598
f 719/599 692/600 691/601 720/602
f 597/603 598/604 599/605 600/606
f 682/607 525/608 524/609 681/610
f 645/611 644/612 752/613 751/614
f 587/615 395/616 389/617 586/618
f 688/619 693/620 687/621 686/622
f 418/623 425/624 427/625 426/626
f 1068/414 1069/178 1065/177 1067/415
f 1050/627 1056/628 1057/629 909/630
f 952/631 953/632 954/633 955/634
f 616/635 746/636 747/637 749/638
f 1155/639 1158/640 1156/641 1157/642
f 327/643 138/644 325/5 326/8
f 292/645 293/646 289/647 291/648
f 471/19 472/649 468/650 470/20
f 216/651 211/652 391/653 398/654
f 119/655 121/656 123/223 122/226
f 545/657 544/658 704/659 549/660
f 518/661 650/662 663/663 519/664
f 508/665 637/666 636/667 509/668
f 940/482 938/669 937/670 943/483
f 78/671 26/672 23/673 22/674
f 568/675 574/676 775/677 575/678
f 520/679 519/664 663/663 664/680
f 242/470 241/681 243/388 244/471
f 288/682 104/683 281/684 287/685
f 283/686 284/687 279/552 278/555
f 346/326 349/688 156/689 155/551
f 350/690 349/691 348/692 560/693
f 50/694 51/695 47/696 46/697
f 487/153 313/698 312/699 488/154
f 35/700 38/701 36/702 37/703
f 327/704 329/705 328/706 139/707
f 859/708 860/709 856/710 855/711
f 729/71 730/70 733/712 732/713
f 197/714 193/715 361/716 369/717
f 365/53 363/56 362/718 355/719
f 394/207 397/720 399/721 398/208
f 827/722 828/723 829/724 830/725
f 213/589 218/726 215/727 214/590
f 632/728 635/729 636/667 637/666
f 310/95 314/94 311/730 307/731
f 1085/732 1086/122 1082/121 1084/733
f 613/734 614/489 610/488 612/735
f 964/15 876/736 961/737 963/16
f 394/207 390/210 389/738 395/739
f 649/59 651/740 655/741 652/60
f 1099/742 1154/743 1100/744 1096/745
f 192/746 360/747 361/716 193/715
f 939/748 941/749 927/107 926/106
f 159/750 161/751 160/752 76/753
f 462/754 601/302 597/301 600/606
f 32/755 27/756 31/757 81/758
f 195/91 199/50 196/759 1011/92
f 739/760 735/761 773/762 774/763
f 704/764 705/765 700/766 703/767
f 35/768 29/769 28/770 34/771
f 629/772 638/773 639/774 492/775
f 108/776 52/777 47/696 51/695
f 822/778 834/779 835/780 807/781
f 1194/782 1188/783 1185/183 1184/186
f 674/784 763/785 764/786 675/787
f 1118/788 956/789 952/790 955/791
f 131/792 134/793 318/794 135/795
f 1043/796 895/797 889/798 1042/799
f 226/800 412/801 413/359 227/358
f 1155/802 1157/803 1100/804 1154/805
f 1136/806 1138/807 1140/808 1139/809
f 254/810 250/811 443/812 447/813
f 545/657 335/814 334/815 544/658
f 595/816 598/604 597/603 596/300
f 725/817 724/460 768/265 770/818
f 1203/453 228/452 229/490 1204/493
f 997/251 994/262 1073/261 1077/371
f 438/819 449/820 444/821 439/822
f 441/823 439/824 444/269 442/268
f 775/677 718/825 715/826 575/678
f 30/827 10/828 7/829 25/830
f 804/171 805/433 806/831 807/832
f 429/833 428/834 430/384 431/383
f 68/835 147/836 70/837 69/838
f 433/562 437/561 432/839 431/383
f 164/211 165/840 163/841 162/212
f 424/842 434/385 430/384 425/843
f 937/670 938/669 933/844 936/845
f 365/53 353/846 561/847 366/54
f 404/848 412/849 401/850 403/851
f 418/623 426/626 415/524 417/852
f 415/524 414/853 416/854 417/852
f 413/359 411/855 416/854 414/360
f 419/461 423/856 418/857 417/462
f 9/858 44/859 45/860 11/861
f 294/862 476/863 478/864 481/865
f 553/866 552/867 548/868 551/869
f 1091/870 1086/122 1085/732 1090/871
f 407/872 588/873 589/874 593/875
f 863/87 866/876 816/877 815/247
f 239/398 428/401 429/878 240/879
f 1062/880 962/881 1124/882 1063/883
f 195/321 194/90 197/884 198/322
f 41/885 44/859 9/858 10/886
f 477/887 290/888 288/682 287/685
f 947/889 946/890 1110/891 1111/892
f 454/83 456/98 461/893 457/84
f 578/11 579/894 580/895 581/12
f 824/896 823/897 875/898 877/899
f 942/900 861/901 856/902 860/903
f 477/887 287/685 286/904 472/905
f 964/15 877/899 875/898 876/736
f 591/906 581/12 580/895 728/907
f 550/33 703/908 707/909 708/34
f 391/910 211/911 210/912 392/913
f 66/914 67/220 68/219 69/838
f 328/706 329/705 333/915 330/916
f 1153/917 1152/918 1155/919 1154/920
f 298/921 293/922 292/923 297/924
f 70/837 71/925 17/926 69/838
f 288/682 105/927 99/928 104/683
f 465/486 459/82 458/81 464/487
f 458/81 463/929 609/930 464/487
f 734/347 735/761 739/760 736/348
f 1199/931 785/932 786/933 1198/934
f 1087/935 1139/936 1088/937 1084/938
f 210/912 207/575 393/574 392/913
f 163/841 165/840 166/939 80/940
f 922/941 920/942 928/333 929/332
f 36/943 40/944 49/945 42/946
f 700/947 705/948 706/949 701/950
f 13/951 12/952 56/953 60/954
f 671/955 676/956 670/957 669/958
f 933/959 934/960 935/961 936/962
f 908/963 1051/964 1050/627 909/630
f 410/527 420/528 416/965 411/966
f 219/508 222/967 226/968 223/509
f 266/969 268/443 267/27 94/970
f 364/55 366/54 367/971 368/972
f 303/973 306/974 304/975 305/976
f 907/506 909/630 1057/629 910/507
f 852/977 854/978 853/979 811/980
f 1182/981 1184/186 1183/185 790/982
f 540/983 543/984 542/985 541/986
f 744/987 745/988 747/989 746/990
f 55/379 57/991 56/953 12/380
f 645/611 751/614 754/992 757/993
f 760/169 759/168 762/994 761/995
f 187/996 183/997 164/211 358/214
f 136/998 135/795 318/794 320/999
f 977/1000 980/1001 981/1002 982/1003
f 283/686 278/555 282/1004 451/1005
f 589/1006 590/1007 591/1008 592/1009
f 965/13 963/16 1062/1010 1061/544
f 102/1011 272/1012 103/1013 98/1014
f 47/696 48/1015 43/1016 46/697
f 1153/1017 1090/871 1085/732 1089/1018
f 762/994 763/785 674/784 761/995
f 885/79 831/78 827/722 830/725
f 752/613 753/1019 748/1020 751/614
f 461/1021 422/530 421/529 601/1022
f 340/1023 546/1024 548/868 552/867
f 538/1025 539/1026 333/1027 329/1028
f 580/895 579/894 723/1029 726/1030
f 140/1031 332/1032 337/1033 141/1034
f 755/1035 750/1036 747/989 745/988
f 700/766 702/1037 707/909 703/767
f 689/1038 690/1039 688/619 686/622
f 238/1040 240/1041 243/388 241/681
f 460/341 459/82 465/486 466/342
f 862/85 857/1042 856/1043 861/479
f 983/1044 986/1045 987/1046 794/1047
f 591/1008 728/907 729/71 592/1009
f 921/1048 926/106 917/105 920/1049
f 3/1050 4/1051 1/1052 2/1053
f 578/11 583/10 584/539 571/44
f 885/39 884/38 1039/1054 886/1055
f 1237/1056 1246/1057 1235/1058 1236/1059
f 670/957 676/956 677/295 678/1060
f 246/455 250/1061 254/1062 251/456
f 263/1063 87/375 262/165 259/521
f 93/1064 96/1065 50/1066 92/1067
f 65/1068 60/1069 59/1070 64/1071
f 939/748 938/669 940/482 941/749
f 350/690 560/693 561/1072 353/1073
f 984/1074 979/1075 1060/1076 1064/1077
f 334/815 335/814 331/1078 330/1079
f 379/1080 386/1081 585/1082 388/1083
f 56/953 57/991 61/484 58/485
f 975/1084 974/1085 978/1086 979/1087
f 498/111 501/110 500/305 499/304
f 452/97 453/1088 781/1089 456/98
f 1124/882 1125/182 1066/1090 1063/883
f 471/19 475/18 478/864 476/863
f 461/1021 456/98 781/1089 422/530
f 283/686 455/1091 460/341 284/687
f 863/87 864/86 865/1092 866/876
f 625/1093 630/1094 479/1095 626/1096
f 599/605 605/102 602/1097 600/606
f 655/741 656/1098 654/1099 652/60
f 636/667 635/729 643/1100 642/1101
f 454/99 459/82 460/341 455/100
f 315/303 502/306 503/1102 316/1103
f 646/1104 515/1105 512/1106 514/1107
f 319/1108 317/1109 311/1110 316/1111
f 357/213 162/212 160/752 161/751
f 106/1112 100/1113 99/928 105/927
f 1156/1114 1114/1115 1113/1116 1159/1117
f 1156/1114 1159/1117 1160/1118 1157/1119
f 991/1120 994/262 997/251 995/250
f 391/910 392/913 387/1121 390/210
f 699/1122 529/1123 528/1124 698/1125
f 407/872 406/1126 396/1127 588/873
f 530/1128 701/950 706/949 531/1129
f 960/1130 872/1131 958/1132 959/1133
f 1232/1134 787/1135 1225/1136 1227/1137
f 526/578 525/608 682/607 684/579
f 1231/1138 1236/1059 1235/1058 789/1139
f 77/1140 22/1141 21/1142 20/1143
f 337/1033 332/1032 331/1144 336/1145
f 1162/1146 1108/1147 1107/1148 1102/1149
f 744/987 741/232 657/231 745/988
f 1003/1150 1006/1151 201/1152 204/1153
f 258/1154 264/1155 263/1156 259/1157
f 672/1158 669/1159 666/1160 668/1161
f 1035/1162 1038/1163 1037/1164 1036/1165
f 39/1166 90/1167 91/1168 40/1169
f 168/1170 170/1171 169/1172 82/1173
f 136/998 320/999 321/1174 323/1175
f 1192/1176 1187/1177 1191/1178 788/1179
f 561/1072 560/693 779/235 562/234
f 123/1180 126/350 124/349 125/1181
f 53/1182 52/1183 109/1184 113/1185
f 940/482 944/481 942/1186 941/749
f 867/1187 951/1188 870/1189 868/1190
f 737/1191 741/232 744/987 742/1192
f 1115/195 1149/1193 1148/1194 1116/196
f 59/1070 60/1069 56/953 58/485
f 606/1195 738/1196 743/1197 608/1198
f 727/73 728/72 580/895 726/74
f 1185/183 1188/783 1186/137 1187/1199
f 311/730 314/94 315/303 316/1111
f 791/1200 1239/1201 1245/255 1248/258
f 294/862 481/865 295/1202 291/1203
f 660/1204 659/1205 760/169 761/995
f 376/533 378/532 379/1206 380/1207
f 1233/1208 1228/1209 1225/307 1224/310
f 70/837 147/836 148/1210 150/1211
f 694/1212 693/1213 776/516 710/515
f 101/1214 51/695 50/694 96/1065
f 1153/1017 1089/1018 1151/1215 1152/918
f 298/921 297/924 114/363 110/1216
f 532/1217 531/1129 706/949 543/1218
f 133/1219 121/1220 120/1221 309/1222
f 1220/45 1209/477 1206/564 1205/245
f 570/1223 579/894 578/11 571/44
f 271/1224 274/1225 273/1226 272/1227
f 385/1228 378/532 377/531 384/1229
f 1099/1230 1093/1231 1091/870 1090/871
f 112/125 113/124 109/1184 111/230
f 289/647 290/1232 294/862 291/648
f 489/573 485/572 491/1233 492/1234
f 764/786 763/785 771/1235 770/1236
f 802/248 801/1237 812/1238 813/88
f 298/921 110/1216 108/1239 107/1240
f 123/223 121/656 133/1219 126/1241
f 528/1124 527/581 697/580 698/1125
f 716/1242 717/1243 715/1244 714/1245
f 762/994 774/1246 771/1235 763/785
f 654/1247 656/1248 657/231 658/170
f 629/1249 492/1250 491/1251 630/1252
f 350/690 353/1073 352/1253 351/1254
f 234/1255 236/1256 239/1257 237/1258
f 616/635 612/1259 615/1260 746/636
f 553/866 551/869 709/35 554/1261
f 915/518 918/108 859/1262 914/1263
f 773/1264 730/70 727/69 772/76
f 869/1265 868/1190 870/1189 871/1266
f 798/430 801/1267 802/1268 803/431
f 777/1269 679/1270 670/1271 678/1272
f 49/945 40/944 91/1168 92/1273
f 130/1274 129/1275 140/1031 141/1034
f 534/1276 533/1277 540/1278 539/1279
f 722/459 724/460 723/1280 577/1281
f 325/5 138/644 132/1282 137/157
f 382/1283 368/972 367/971 383/1284
f 771/1235 774/1246 773/762 772/76
f 1163/1285 1150/1286 1145/1287 1149/1288
f 816/1289 868/1190 869/1265 817/1290
f 688/619 690/1039 691/601 692/600
f 62/225 63/1291 59/1070 58/485
f 338/1292 144/1293 337/1033 336/1145
f 912/29 906/32 905/1294 911/1295
f 548/868 549/1296 550/33 551/869
f 1094/1297 1093/1231 1099/1230 1096/745
f 1060/1076 1063/883 1066/1090 1064/1077
f 66/914 69/838 17/926 16/1298
f 711/514 554/1261 709/35 710/515
f 576/1299 717/1300 722/459 577/1281
f 1097/1301 1098/1302 1094/1297 1096/745
f 814/23 819/22 820/432 803/431
f 653/1303 659/1205 660/1204 661/1304
f 1207/1305 1202/411 1199/410 1198/1306
f 935/961 1105/1307 1107/1308 936/962
f 894/199 890/202 889/1309 895/1310
f 65/1311 67/1312 66/135 14/136
f 516/243 515/1105 646/1104 647/244
f 615/1313 742/1192 744/987 746/990
f 298/921 107/1240 106/1314 293/922
f 196/759 1009/368 1010/367 1011/92
f 310/95 306/1315 312/699 313/96
f 829/1316 879/1317 969/1318 881/1319
f 567/43 569/1320 570/1223 571/44
f 648/1321 651/740 649/59 650/1322
f 32/755 33/1323 28/1324 27/756
f 835/780 809/172 804/171 807/781
f 1039/1054 1038/1325 1041/1326 886/1055
f 1200/412 1205/245 1206/564 1201/413
f 491/1251 480/1327 479/1095 630/1252
f 723/1029 724/460 725/817 726/1030
f 209/285 211/288 216/651 212/1328
f 234/1255 237/1258 1214/47 1221/46
f 1046/404 1045/403 1048/549 1049/548
f 806/831 805/433 820/432 821/1329
f 213/589 212/588 216/651 217/1330
f 72/1331 71/1332 73/1333 74/1334
f 1015/1335 1106/1336 1020/1337 1017/1338
f 1191/1178 1198/934 786/933 788/1179
f 192/217 188/216 359/1339 360/747
f 975/1084 979/1087 984/1074 980/1340
f 640/141 637/666 508/665 507/142
f 632/728 637/666 640/141 638/1341
f 85/376 33/1342 83/1343 84/166
f 631/1344 635/729 632/728 628/1345
f 148/1210 152/160 151/381 150/1211
f 937/670 1108/1346 1109/1347 943/483
f 570/1223 577/1281 723/1280 579/894
f 28/770 29/769 24/1348 27/756
f 522/273 521/1349 665/1350 667/274
f 1248/258 792/1351 790/1352 791/1200
f 376/533 381/1353 373/1354 375/534
f 186/1355 189/1356 190/1357 1016/1358
f 473/1359 469/1360 619/1361 618/1362
f 624/1363 627/1364 625/1093 626/1096
f 179/408 184/395 181/394 180/409
f 61/484 57/991 118/123 117/126
f 468/650 472/649 286/904 285/1365
f 53/1182 48/1015 47/696 52/1183
f 832/77 888/1366 887/1367 833/294
f 166/939 165/840 182/1368 167/330
f 755/1035 745/988 657/231 656/1248
f 754/1369 750/1370 755/1371 756/1372
f 393/574 381/577 376/533 380/1207
f 882/1373 881/1374 969/1375 797/1376
f 206/117 374/52 373/1354 381/577
f 853/979 854/978 858/1377 855/1378
f 281/684 104/683 103/1379 276/1380
f 357/213 161/751 354/1381 356/1382
f 960/1130 873/538 818/1383 872/1131
f 282/1384 277/1385 450/560 436/563
f 467/1386 469/1387 468/650 285/1365
f 273/1226 274/1225 450/560 277/1385
f 639/774 493/1388 489/573 492/775
f 146/1389 339/1390 340/1391 149/1392
f 45/1393 48/1015 53/1182 54/1394
f 665/1350 521/1349 520/679 664/680
f 308/239 307/374 311/730 317/1109
f 610/488 611/1395 615/1260 612/735
f 1145/1287 1147/1396 1148/1194 1149/1288
f 648/241 647/244 758/1397 651/740
f 99/928 100/1113 95/1398 98/1399
f 77/1140 20/1143 19/1400 76/1401
f 357/213 356/1382 359/1402 358/214
f 365/53 355/719 352/145 353/846
f 497/1403 496/1404 498/111 499/304
f 1162/1146 1161/314 1109/313 1108/1147
f 432/839 440/1405 429/833 431/383
f 435/1406 434/385 424/842 453/1407
f 917/1408 919/1409 928/333 920/942
f 273/1226 276/1380 103/1379 272/1227
f 512/1106 511/1410 513/1411 514/1107
f 896/402 1033/1412 1032/1413 1045/403
f 120/1221 305/976 304/975 309/1222
f 639/774 641/1414 494/1415 493/1388
f 354/147 161/751 159/750 158/148
f 1194/1416 1196/1417 1195/587 214/590
f 343/1418 344/316 153/315 342/162
f 361/716 360/747 362/718 363/56
f 740/167 736/348 739/760 759/168
f 604/101 607/1419 606/1420 605/102
f 261/163 84/166 83/1343 173/1421
f 318/794 317/1109 319/1108 320/999
f 672/1422 661/1304 660/1204 673/1423
f 687/621 693/620 694/1212 695/188
f 1058/1424 919/1425 915/1426 916/1427
f 733/1428 735/761 734/347 607/1429
f 136/998 323/1175 324/158 137/157
f 35/700 37/703 30/1430 29/1431
f 169/1432 173/1421 83/1343 82/1433
f 599/605 598/604 594/1434 603/104
f 532/1217 543/1218 540/983 533/1277
f 981/1435 985/176 988/175 986/1436
f 172/1437 1256/439 261/163 173/1421
f 83/1438 33/1323 32/755 82/1439
f 1088/937 1089/1018 1085/732 1084/938
f 858/1377 914/1440 859/708 855/1378
f 341/1441 149/1392 340/1391 552/867
f 993/259 989/1442 1070/1443 1072/260
f 203/1444 202/118 206/117 207/575
f 1129/1445 1123/1446 1120/1447 1169/1448
f 1057/629 1056/628 1058/570 916/1449
f 570/1223 569/1320 576/1299 577/1281
f 131/792 126/1450 133/237 134/793
f 1129/1451 1169/1452 1170/1453 1130/1454
f 646/1104 757/1455 758/1397 647/244
f 1148/1194 1147/1396 1177/1456 1164/1457
f 1126/416 1067/415 1066/205 1125/182
f 179/408 178/407 182/1458 183/1459
f 747/637 750/1460 748/283 749/638
f 1173/1461 1171/1462 1170/1463 1168/1464
f 887/1367 892/1465 893/1466 833/294
f 1117/1467 1116/196 1148/1194 1164/1457
f 269/1468 445/1469 444/821 449/820
f 159/1470 76/1471 19/1472 75/1473
f 308/239 317/1109 318/794 134/240
f 1020/1337 1106/1336 935/961 934/960
f 978/545 1061/544 1060/1076 979/1087
f 545/657 549/660 548/868 546/1024
f 190/1357 194/90 191/89 1016/1358
f 829/724 828/723 878/1474 879/1317
f 1210/476 1213/48 1211/1475 1212/1476
f 729/71 732/713 731/343 592/1009
f 1192/1176 1193/1477 1185/1478 1187/1177
f 682/607 685/1479 683/1480 684/579
f 563/1481 565/1482 564/1483 384/1484
f 981/1435 980/1340 984/1074 985/176
f 616/635 749/638 621/281 617/1485
f 28/770 33/1323 85/1486 34/771
f 791/1200 1246/1057 1237/1056 1239/1201
f 364/55 368/972 370/1487 369/1488
f 629/1249 630/1252 625/1093 628/1489
f 385/1490 572/42 584/41 386/542
f 776/516 693/1213 688/619 692/600
f 179/408 183/1459 187/996 184/395
f 462/1491 463/929 458/81 457/84
f 624/1363 622/1492 633/1493 627/1364
f 1112/311 1161/314 1160/1118 1159/1117
f 387/1121 392/913 393/574 380/1207
f 396/1127 395/616 587/615 588/873
f 462/1491 457/84 461/893 601/1022
f 146/1494 147/836 68/835 145/222
f 407/872 593/875 594/1495 408/1496
f 396/1497 406/1498 402/1499 397/1500
f 410/527 409/1501 595/816 596/300
f 364/55 369/1488 361/716 363/56
f 743/1197 738/1196 737/345 742/1192
f 210/912 208/584 203/583 207/575
f 844/1502 810/1503 808/1504 839/1505
f 157/1506 75/1507 72/1331 74/1334
f 1163/1285 1152/918 1151/1215 1150/1286
f 221/1508 217/1509 399/1510 400/1511
f 846/1512 836/1513 893/1514 892/1515
f 401/850 400/1516 402/1517 403/851
f 226/800 222/1518 401/850 412/801
f 220/1519 223/502 224/449 225/454
f 404/848 411/855 413/359 412/849
f 257/496 256/495 258/500 259/521
f 1235/1058 1193/1477 1192/1176 789/1139
f 1030/1520 1029/1521 1032/1413 1033/1412
f 924/1522 923/1523 931/1524 932/1525
f 269/444 268/443 446/1526 445/1527
f 446/1528 265/1529 448/1530 447/1531
f 1032/1413 1044/1532 1048/549 1045/403
f 190/1357 193/715 197/714 194/90
f 238/1533 237/1258 239/1257 240/1534
f 587/615 586/618 582/1535 590/1536
f 435/1406 453/1407 452/97 451/1537
f 643/1538 634/1539 752/613 644/612
f 249/472 244/471 441/390 442/268
f 246/1540 245/473 249/472 250/1541
f 249/472 442/268 443/267 250/1541
f 448/1530 265/1529 89/1542 264/1543
f 258/1154 255/1544 448/1530 264/1155
f 1247/1545 1230/1546 248/1547 253/1548
f 379/1080 388/1083 387/1121 380/1207
f 568/675 566/1549 573/151 574/676
f 778/1550 662/58 653/57 661/1551
f 1020/1337 934/960 924/1522 932/1525
f 518/661 517/242 648/241 650/662
f 933/844 938/669 939/748 925/1552
f 446/1526 268/443 266/969 265/425
f 490/253 495/112 498/111 496/254
f 1133/1553 1171/1554 1172/1555 1134/1556
f 482/595 484/598 295/1202 481/865
f 587/615 590/1536 589/1006 588/873
f 21/1557 8/1558 1/1559 6/1560
f 961/537 876/736 874/1561 873/538
f 271/1224 449/820 438/819 274/1225
f 438/819 437/561 450/560 274/1225
f 589/874 592/1009 731/343 593/875
f 474/17 626/1096 479/1095 475/18
f 865/1092 948/1562 867/1563 866/876
f 754/992 756/1372 758/1397 757/993
f 283/686 451/1005 452/97 455/1091
f 494/1415 641/1414 506/143 505/1564
f 385/1490 384/1484 564/1483 572/42
f 229/490 228/452 231/451 232/1565
f 568/1566 569/1320 567/43 566/1567
f 128/1568 127/1569 132/1282 138/644
f 73/1333 155/551 156/689 74/1334
f 468/650 469/1387 473/1359 470/20
f 867/1187 948/1562 949/1570 951/1188
f 23/673 26/672 24/1571 25/1572
f 286/904 280/553 279/552 285/1365
f 7/829 10/828 9/858 2/1573
f 275/554 280/553 281/684 276/1380
f 273/1226 277/1385 275/554 276/1380
f 275/554 277/1385 282/1384 278/555
f 907/506 903/1574 908/963 909/630
f 1060/1076 1061/544 1062/1010 1063/883
f 961/537 962/536 1062/880 963/16
f 975/1575 980/1001 977/1000 976/1576
f 814/1577 815/247 816/877 817/1290
f 433/562 434/385 435/1406 436/563
f 41/885 10/886 30/827 37/703
f 24/1578 29/1431 30/1430 25/830
f 1237/1579 1240/1580 1238/1581 1239/1582
f 432/839 439/1583 441/1584 440/1405
f 186/1585 1017/1586 1018/1587 1019/1588
f 142/591 141/1034 337/1033 144/592
f 870/1189 951/1188 952/790 956/789
f 542/1589 705/765 704/764 544/658
f 542/985 543/984 706/949 705/948
f 954/633 953/632 1113/1590 1114/198
f 187/996 358/214 359/1402 188/216
f 271/1224 270/1591 269/1468 449/820
f 418/857 423/856 424/842 425/843
f 343/1592 554/1261 711/514 555/1593
f 739/760 774/763 762/994 759/168
f 494/1415 505/1564 504/109 495/112
f 377/531 383/1594 563/1595 384/1229
f 1052/547 1056/571 1050/627 1049/548
f 362/718 360/747 359/1339 356/1382
f 1050/627 1051/964 1046/404 1049/548
f 1145/1287 1150/1286 1141/1596 1144/1597
f 787/1598 786/933 785/932 1223/1599
f 1222/1600 784/1601 782/1602 1219/1603
f 789/1139 1192/1176 788/1179 1232/1604
f 1223/1599 785/932 784/1601 1222/1600
f 169/1172 170/1171 174/1605 171/1606
f 1022/1607 1023/1608 177/406 180/409
f 115/1609 302/1610 303/973 305/976
f 1243/1611 1244/1612 1238/1613 1242/1614
f 882/1615 796/1616 973/1617 883/1618
f 1036/1619 983/1620 794/1621 1031/1622
f 795/1623 976/1624 977/1625 1040/1626
f 1031/1622 794/1621 793/1627 1257/1628
f 1249/257 992/1629 792/1351 1248/258
f 883/1618 973/1617 976/1624 795/1623
f 1037/1630 982/1631 983/1620 1036/1619
f 882/1615 797/1632 971/1633 796/1616
f 1040/1626 977/1625 982/1631 1037/1630
f 1219/1603 782/1602 1208/1634 783/1635
f 1128/1636 1130/1637 1133/1638 1131/1639
f 267/27 97/26 93/1640 94/970
f 988/175 1069/178 1070/1443 989/1442
f 1/1052 4/1051 5/61 6/1560
f 891/434 847/1641 846/1512 892/435
f 687/621 696/190 683/1642 686/622
f 1132/193 1131/192 1133/1638 1134/1556
f 181/394 1021/1643 1022/1607 180/409
f 497/93 499/304 315/303 314/94
f 887/1367 888/1366 889/1644 890/1645
f 483/1646 488/130 300/129 484/1647
f 1087/1648 1081/1649 1078/1650 1079/1651
f 115/227 305/976 120/1221 116/228
f 778/1550 664/680 663/663 662/58
f 625/1093 627/1364 631/1652 628/1489
f 1155/639 1152/918 1163/1285 1158/640
f 166/329 81/328 31/757 80/940
f 89/1542 88/1653 263/1156 264/1543
f 159/1470 75/1473 157/1506 158/1654
f 379/1080 378/532 385/1228 386/1081
f 567/43 572/42 564/1483 566/1567
f 604/101 732/344 733/712 607/1419
f 387/1121 388/1083 389/738 390/210
f 394/207 395/739 396/1497 397/720
f 524/609 523/276 680/275 681/610
f 168/327 82/1173 32/755 81/328
f 905/1294 906/32 902/1655 904/505
f 902/1655 903/1574 907/506 904/505
f 654/1099 659/1656 653/57 652/60
f 490/253 493/1388 494/1415 495/112
f 510/1657 642/1658 513/1411 511/1410
f 487/153 496/254 497/1403 313/698
f 319/1108 316/1111 503/1102 322/1659
f 190/1357 189/1356 192/217 193/715
f 370/1660 372/1661 371/51 198/322
f 371/51 372/1661 373/1354 374/52
f 61/484 117/126 119/440 122/226
f 689/1038 686/622 683/1642 685/1662
f 660/1204 761/995 674/784 673/1423
f 230/492 233/491 234/1255 1221/46
f 967/1663 970/1664 969/1318 879/1317
f 352/1253 158/1654 157/1506 351/1254
f 585/541 583/540 582/9 586/618
f 654/1247 658/170 760/169 659/1205
f 1104/1665 1105/1307 935/961 1106/1336
f 791/1200 790/1352 1183/1666 1246/1057
f 547/1667 335/814 545/657 546/1024
f 491/1251 485/596 482/595 480/1327
f 404/848 409/1668 410/1669 411/855
f 1246/1057 1183/1666 1193/1477 1235/1058
f 299/365 301/128 303/973 302/366
f 1120/1447 1123/1446 1122/179 1121/499
f 19/1400 20/1143 15/1670 18/1671
f 231/357 414/360 415/524 232/523
f 405/1672 409/1668 404/848 403/851
f 300/129 296/272 295/1673 484/1647
f 36/943 38/701 39/1166 40/944
f 609/930 611/1395 610/488 464/487
f 1232/1604 1227/1137 1231/1138 789/1139
f 609/1674 608/1198 743/1197 611/1675
f 958/498 1121/499 1122/179 959/1133
f 399/721 397/720 402/1499 400/1516
f 103/1013 104/683 99/928 98/1014
f 780/189 695/188 707/909 702/1037
f 671/1676 673/1423 674/784 675/787
f 182/1458 165/840 164/211 183/1459
f 163/841 80/940 78/1677 79/1678
f 1207/1679 1198/1680 1191/1681 1190/1682
f 219/508 218/1683 221/1684 222/967
f 65/1068 14/136 13/951 60/1069
f 1068/414 1071/1685 1070/1443 1069/178
f 899/1686 898/1687 1047/1688 900/1689
f 1173/1690 1168/1691 1167/1692 1176/1693
f 1251/1694 1254/1695 1252/1696 1253/1697
f 266/422 94/970 91/1168 90/423
f 901/1698 849/1699 842/1700 848/1701
f 842/1702 843/1703 838/1704 841/1705
f 893/1466 834/1706 826/293 833/294
f 1129/1445 1127/417 1126/416 1123/1446
f 954/633 1116/196 1117/1467 955/634
f 874/1707 821/1329 820/432 819/22
f 722/459 717/1300 716/1242 721/266
f 981/1002 986/1045 983/1044 982/1003
f 558/386 557/387 775/677 574/150
f 556/1 344/316 343/1418 555/2
f 715/826 718/825 712/3 714/1708
f 639/774 638/773 640/141 641/1414
f 478/864 480/1327 482/595 481/865
f 802/248 815/247 814/1577 803/1709
f 93/1064 97/26 95/319 96/1065
f 711/514 713/517 712/3 555/1593
f 43/1016 42/946 49/945 46/697
f 619/1361 469/1360 467/1386 466/342
f 619/1361 614/489 613/734 618/1362
f 1219/113 783/1710 1210/476 1212/114
f 771/1235 772/76 725/75 770/1236
f 1146/1711 1178/1712 1177/1456 1147/1396
f 862/85 813/88 812/1238 857/1042
f 1120/512 1119/513 1166/1713 1169/1448
f 405/1714 406/1126 407/872 408/1496
f 489/573 493/1388 490/253 486/156
f 665/1350 668/1161 666/1160 667/274
f 991/1715 995/1716 792/1717 992/1718
f 1117/1467 1164/1457 1167/1719 1165/1720
f 991/1120 990/1721 993/259 994/262
f 124/349 129/1275 130/1274 125/1181
f 812/1238 801/1237 800/1722 811/1723
f 1007/1724 1095/1725 1012/369 1009/368
f 1175/1726 1174/1727 1173/1690 1176/1693
f 1146/1711 1143/1728 1180/1729 1178/1712
f 1146/1711 1147/1396 1145/1287 1144/1597
f 1141/1596 1143/1728 1146/1711 1144/1597
f 1140/1730 1143/1728 1141/1596 1142/1731
f 252/445 256/501 1241/494 253/1732
f 716/1242 714/1245 719/1733 720/1734
f 602/1097 605/102 606/1420 608/1198
f 140/1031 139/707 328/706 332/1032
f 1015/1335 1014/1735 1104/1665 1106/1336
f 140/1031 129/1275 128/1736 139/707
f 1194/782 214/590 215/727 1188/783
f 377/531 375/534 382/1283 383/1594
f 683/1480 696/1737 697/580 684/579
f 1094/1738 1098/1739 1012/369 1095/1725
f 1076/1740 1077/1741 1073/441 1075/194
f 1182/1742 1181/1743 1197/1744 1196/1745
f 1128/1636 1127/1746 1129/1451 1130/1637
f 427/1747 425/843 430/384 428/834
f 550/33 549/1296 704/659 703/908
f 156/689 351/1254 157/1506 74/1334
f 655/741 651/740 758/1397 756/1372
f 530/1128 529/1123 699/1122 701/950
f 945/1748 944/481 1110/480 946/890
f 965/543 968/546 967/1749 966/14
f 865/1092 864/86 945/478 946/1750
f 967/1749 968/546 972/1751 970/1664
f 41/885 42/946 43/1016 44/859
f 1010/367 1014/1752 191/89 1011/92
f 958/498 872/1131 869/1753 871/292
f 128/1736 138/1754 327/704 139/707
f 765/297 676/296 671/955 675/787
f 812/1238 811/1723 853/979 857/1042
f 856/1043 857/1042 853/979 855/711
f 191/89 1014/1752 1015/1335 1016/1358
f 620/1755 617/1485 621/281 622/1756
f 73/1333 150/1211 151/381 155/551
f 350/690 351/1254 156/689 349/691
f 827/722 825/1757 824/1758 828/723
f 960/535 959/1133 1124/323 962/536
f 973/558 974/557 975/1575 976/1576
f 969/1375 970/1759 971/1760 797/1376
f 1/1052 8/1558 7/829 2/1053
f 947/1761 948/1562 865/1092 946/1750
f 348/1762 347/325 558/386 559/152
f 624/1363 626/1096 474/17 623/1763
f 327/643 326/8 538/393 329/1028
f 629/772 628/1345 632/728 638/773
f 563/1595 383/1594 367/971 562/1764
f 23/1765 25/830 7/829 8/1558
f 987/1766 989/1767 993/1768 990/1769
f 672/1158 668/1161 778/1550 661/1551
f 209/285 212/1328 1195/587 1001/1770
f 1226/1771 1230/1772 1231/1773 1227/1774
f 764/786 770/1236 768/265 769/264
f 1030/1775 1034/1776 1031/1777 1253/1778
f 606/1195 607/1419 734/347 738/1196
f 996/1779 999/1780 1197/1781 1181/1782
f 1003/1783 1002/1784 1004/1785 1005/1786
f 128/1736 129/1275 124/349 127/352
f 1182/981 1196/1417 1194/1416 1184/186
f 1195/1787 1196/1788 1197/1789 1001/1790
f 1118/526 1165/1791 1166/1713 1119/513
f 446/1528 447/1531 443/812 445/270
f 1018/1587 1021/1643 181/394 1019/1588
f 795/1792 884/38 880/37 883/1793
f 1018/1587 932/1525 931/1524 1021/1643
f 616/635 617/1485 613/734 612/1259
f 424/842 423/856 781/1089 453/1407
f 288/682 290/888 289/647 105/927
f 331/1144 335/814 547/1667 336/1145
f 905/504 910/507 913/1794 911/1295
f 1074/191 1071/1795 1128/1636 1131/192
f 670/1271 679/1270 666/361 669/1159
f 672/1422 673/1423 671/1676 669/958
f 1092/1796 1006/1151 1003/1150 1005/1786
f 1028/1797 1027/1798 1059/1799 1044/1800
f 1032/1413 1029/1521 1028/1797 1044/1532
f 1024/1801 1023/1802 1025/1803 1026/1804
f 850/1805 843/1703 842/1702 849/1699
f 130/1806 63/1291 62/225 125/224
f 146/1494 145/222 338/1807 339/1390
f 896/1808 895/797 1043/796 1033/1809
f 172/1437 1254/1810 1255/1811 1256/439
f 295/1673 296/272 292/1812 291/1813
f 172/355 173/1814 169/1172 171/356
f 362/718 356/1382 354/1381 355/719
f 312/127 306/974 303/973 301/128
f 1087/1648 1079/1651 1136/806 1139/936
f 1218/115 1224/310 1223/309 1222/116
f 341/161 152/160 148/1210 149/1392
f 939/748 926/106 921/1048 925/1552
f 373/1354 372/1661 382/1283 375/534
f 874/1707 876/736 875/898 821/1329
f 733/1428 730/70 773/1264 735/761
f 829/1815 881/1816 880/37 830/40
f 1076/1817 1135/1818 1136/1819 1079/1820
f 784/1821 785/1822 1199/410 1201/413
f 913/1823 916/1824 915/1825 914/1826
f 987/1766 986/1827 988/1828 989/1767
f 1252/1829 1029/1830 1030/1831 1253/1832
f 174/1605 1027/1833 1028/1834 171/1606
f 838/1704 840/1835 845/1836 841/1705
f 837/1837 839/1505 808/1504 809/172
f 1031/1777 1034/1776 1035/1162 1036/1165
f 340/1391 339/1390 547/1667 546/1024
f 1225/307 1228/1209 1226/1838 1227/1839
f 699/1122 702/1840 700/947 701/950
f 649/59 662/58 663/663 650/1322
f 822/1841 823/897 824/896 825/1757
f 971/1760 970/1759 972/556 796/559
f 1078/1650 1081/1649 1080/1842 998/1843
f 875/898 823/897 806/831 821/1329
f 1113/1844 953/1845 949/1846 950/1847
f 3/1050 2/1053 9/858 11/378
f 777/1848 685/1479 682/607 681/610
f 143/593 144/592 338/1292 145/222
f 1058/1424 1055/334 928/333 919/1425
f 889/1644 888/1366 1041/1849 1042/799
f 257/496 260/164 1243/438 1242/497
f 131/792 135/795 132/1282 127/1569
f 333/915 541/1850 334/815 330/916
f 254/810 447/813 448/1530 255/1544
f 1012/369 1098/1739 1103/1851 1013/370
f 894/199 895/1310 896/1852 897/1853
f 513/1411 644/612 645/611 514/1107
f 108/776 110/1216 109/1184 52/777
f 473/1359 623/1763 474/17 470/20
f 243/388 240/1041 429/878 440/389
f 185/396 184/395 187/996 188/216
f 594/1495 593/875 731/343 603/104
f 1000/1854 1083/120 1004/119 1002/1855
f 1103/1856 1102/1857 1107/1858 1105/1859
f 1251/131 1250/134 1255/420 1254/1810
f 1186/137 1190/1682 1191/1681 1187/1199
f 646/1104 514/1107 645/611 757/1455
f 899/1860 848/1861 845/1862 847/1863
f 838/1704 843/1703 844/1502 839/1505
f 43/1016 48/1015 45/1393 44/859
f 15/63 20/1143 21/1142 6/64
f 1037/1164 1038/1163 1039/1054 1040/1864
f 1110/480 943/483 1109/1347 1111/892
f 947/889 1111/892 1112/311 950/1865
f 345/317 344/316 556/1 557/387
f 473/1359 618/1362 620/1866 623/1763
f 367/971 366/54 561/847 562/1764
f 595/816 408/1496 594/1495 598/604
f 201/1152 202/118 203/1444 204/1153
f 89/1542 90/1867 39/1868 88/1653
f 800/1869 801/1267 798/430 799/174
f 215/139 218/726 219/508 1189/140
f 621/281 753/284 633/65 622/1756
f 978/545 974/1085 972/1751 968/546
f 781/1089 423/856 419/461 422/530
f 777/1269 681/610 680/275 679/1270
f 1118/1870 955/634 1117/1467 1165/1720
f 1076/1817 1079/1820 1078/1871 1077/1872
f 201/1152 1006/1151 1007/1873 1008/1874
f 891/201 898/200 899/1686 847/1875
f 1247/1876 1240/1580 1237/1579 1236/1877
f 1133/1638 1130/1637 1170/1453 1171/1554
f 1091/870 1005/1878 1004/119 1086/122
f 1175/1726 1176/1693 1177/1879 1178/1880
f 894/199 897/1853 1047/1688 898/200
f 1247/1545 253/1548 1241/494 1240/1580
f 282/1384 436/563 435/1406 451/1005
f 1054/1881 1026/1804 1025/1803 929/1882
f 168/1170 167/330 175/1883 170/1171
f 576/1299 575/1884 715/1244 717/1300
f 540/983 541/986 333/1027 539/1279
f 101/1885 100/1886 106/1314 107/1240
f 818/21 817/24 869/1753 872/1131
f 576/1299 569/1320 568/1566 575/1884
f 15/1887 16/1298 17/926 18/1888
f 382/1283 372/1661 370/1660 368/972
f 510/1657 509/668 636/667 642/1658
f 1052/547 1053/550 1054/1889 1055/569
f 1048/549 1044/1532 1059/1799 1053/550
f 1226/1838 1228/1209 1229/467 247/458
f 800/1722 810/1890 852/977 811/1723
f 800/1869 799/174 808/173 810/1503
f 1115/195 1158/640 1163/1285 1149/1193
f 331/1078 332/1032 328/706 330/1079
f 234/1255 233/491 235/1891 236/1256
f 334/815 541/1850 542/1589 544/658
f 845/1892 840/1893 846/1512 847/1641
f 1175/1726 1178/1880 1180/1894 1179/1895
f 901/1698 848/1701 899/1860 900/1896
f 1137/1897 1179/1895 1180/1894 1138/1898
f 1172/1555 1171/1554 1173/1461 1174/1899
f 1175/1726 1179/1895 1172/1900 1174/1727
f 844/1901 843/1902 850/31 851/30
f 780/1903 702/1840 699/1122 698/1125
f 852/1904 810/1905 844/1901 851/30
f 837/1837 840/1835 838/1704 839/1505
f 24/1571 26/672 31/757 27/756
f 912/29 911/1295 858/1906 854/1907
f 902/1655 906/32 850/31 849/1908
f 175/1883 167/330 182/1368 178/407
f 694/1212 708/34 707/909 695/188
f 716/1242 720/1734 767/277 721/266
f 538/393 535/392 534/1276 539/1026
f 143/1909 67/1312 65/1311 64/1071
f 5/61 4/1051 13/951 14/136
f 1046/404 1051/964 1047/1910 897/405
f 248/1547 251/446 252/445 253/1548
f 921/1911 923/1912 924/1913 925/1914
f 765/297 769/264 767/263 766/298
f 263/1156 88/1653 86/1915 87/1916
f 643/1100 644/612 513/1411 642/1101
f 927/107 860/1917 859/1262 918/108
f 132/1282 135/795 136/998 137/157
f 389/738 388/1083 585/1082 586/1918
f 213/589 217/1330 221/1508 218/726
f 1070/1919 1071/1795 1074/191 1072/442
f 740/167 741/232 737/1191 736/348
f 1025/1803 930/1920 922/1921 929/1882
f 1160/1118 1101/1922 1100/804 1157/1119
f 31/757 26/672 78/671 80/940
f 878/1474 966/14 967/1749 879/1317
f 1232/1134 788/1179 786/933 787/1135
f 987/1046 990/1923 793/1924 794/1047
f 1207/1679 1190/1682 220/1925 225/1926
f 248/1547 1230/1546 1226/1771 247/1927
f 196/759 199/50 200/49 1008/1928
f 185/215 189/218 186/1355 1019/397
f 142/591 64/594 59/1929 63/1930
f 793/1931 990/1932 991/1933 992/1934
f 1167/1719 1164/1457 1177/1456 1176/1935
f 609/1674 463/1936 602/1097 608/1198
f 880/37 881/1816 882/1373 883/1793
f 778/1550 668/1161 665/1350 664/680
f 205/585 1002/1784 1003/1783 204/586
f 937/670 936/845 1107/1148 1108/1346
f 837/1837 809/172 835/780 836/1937
f 39/1868 38/1938 86/1915 88/1653
f 478/864 475/18 479/1095 480/1327
f 477/887 476/863 294/862 290/888
f 878/1474 828/723 824/1758 877/899
f 619/1361 466/342 465/486 614/489
f 477/887 472/905 471/19 476/863
f 163/841 79/1678 160/752 162/212
f 1039/1054 884/38 795/1792 1040/1864
f 949/1846 953/1845 952/790 951/1188
f 13/951 4/1051 3/1050 12/952
f 780/1903 698/1125 697/580 696/1737
f 174/1605 170/1171 175/1883 176/1939
f 874/1707 819/22 818/21 873/538
f 1015/1335 1017/1338 186/1585 1016/1358
f 17/926 71/925 72/1331 18/1888
f 553/866 342/162 341/161 552/867
f 942/900 944/481 945/1748 861/901
f 613/734 617/1485 620/1755 618/1362
f 108/776 51/695 101/1214 107/1240
f 996/1779 998/252 1080/1940 999/1780
f 922/941 923/1912 921/1911 920/942
f 405/1672 403/851 402/1517 406/1498
f 229/490 232/1565 235/1891 233/491
f 1166/1713 1168/1941 1170/1942 1169/1448
f 1166/1713 1165/1791 1167/1692 1168/1941
f 221/1684 400/1511 401/1943 222/967
f 1076/1740 1075/194 1132/193 1135/1944
f 846/1512 840/1893 837/1945 836/1513
f 1137/1946 1134/1556 1172/1555 1179/1947
f 1136/1819 1135/1818 1137/1948 1138/1949
f 216/651 398/654 399/1510 217/1330
f 748/1020 750/1370 754/1369 751/614
f 1057/629 916/1449 913/1823 910/507
f 1140/1730 1138/807 1180/1729 1143/1728
f 115/1609 111/230 114/363 302/1610
f 1007/1724 1009/368 196/759 1008/1874
f 200/49 202/118 201/1152 1008/1928
f 615/1313 611/1675 743/1197 742/1192
f 1255/420 1244/419 1243/1611 1256/439
f 1092/1796 1095/1725 1007/1724 1006/1151
f 1043/796 1034/1950 1030/1951 1033/1809
f 1054/1889 1053/550 1059/1799 1026/1952
f 1115/195 1114/198 1156/641 1158/640
f 118/123 57/991 55/379 54/1953
f 643/1538 635/729 631/1344 634/1539
f 1238/1613 1244/1612 1245/418 1239/1582
f 709/35 708/34 694/1212 710/515
f 1028/1797 1029/1521 1252/1954 171/1955
f 1092/1796 1093/1956 1094/1738 1095/1725
f 205/585 208/584 209/1957 1001/1958
f 1137/1946 1135/1944 1132/193 1134/1556
f 827/722 831/78 826/293 825/1757
f 1103/1851 1105/1307 1104/1665 1013/370
f 712/3 713/517 719/1959 714/1708
f 289/647 293/646 106/1112 105/927
f 1100/804 1101/1922 1097/1960 1096/1961
f 1018/1587 1017/1586 1020/1337 932/1525
f 924/1913 934/1962 933/1963 925/1914
f 1041/1326 1038/1325 1035/1162 1042/1964
f 1022/1607 1021/1643 931/1524 930/1965
f 1103/1856 1098/1966 1097/1967 1102/1857
f 631/1652 627/1364 633/1493 634/68
f 35/768 34/771 86/1915 38/1938
f 197/884 369/717 370/1487 198/322
f 942/900 860/903 927/107 941/749
f 432/839 437/561 438/819 439/1583
f 964/15 966/14 878/1474 877/899
f 146/1389 149/1392 148/1210 147/836
f 591/1008 590/1007 582/1535 581/12
f 1097/1960 1101/1922 1162/1146 1102/1149
f 784/1821 1201/413 1206/564 782/567
f 1082/121 1081/1649 1087/1648 1084/733
f 1113/1116 950/1865 1112/311 1159/1117
f 947/1761 950/1847 949/1846 948/1562
f 806/831 823/897 822/1841 807/832
f 689/1968 678/1060 677/295 690/582
f 1151/1215 1089/1018 1088/937 1142/1969
f 901/1970 900/1971 908/963 903/1574
f 867/1563 868/1190 816/1289 866/876
f 319/1108 322/1659 321/1174 320/999
f 620/1866 622/1756 624/1363 623/1763
f 1000/428 999/427 1080/1972 1083/120
f 826/293 834/1706 822/778 825/1757
f 1080/1842 1081/1649 1082/121 1083/120
f 49/945 92/1273 50/1066 46/697
f 689/1973 685/1479 777/1848 678/1272
f 595/816 409/1501 405/1714 408/1496
f 913/1794 914/1826 858/1906 911/1295
f 348/1762 559/152 779/235 560/693
f 901/1970 903/1574 902/1655 849/1908
f 1247/1545 1236/1877 1231/1773 1230/1546
f 1091/1974 1093/1956 1092/1796 1005/1786
f 77/1975 79/1678 78/1677 22/674
f 118/123 54/1953 53/1182 113/124
f 343/1592 342/162 553/866 554/1261
f 175/1883 178/407 177/406 176/1939
f 177/406 1023/1608 1024/1801 176/1939
f 912/29 854/1907 852/1904 851/30
f 19/1472 18/1888 72/1331 75/1473
f 85/1486 87/1916 86/1915 34/771
f 1238/1613 1240/1580 1241/494 1242/1614
f 1025/1803 1023/1802 1022/1607 930/1920
f 1162/1146 1101/1922 1160/1118 1161/314
f 1210/476 783/1710 1208/566 1209/477
f 55/379 11/378 45/860 54/1953
f 1211/1475 1217/1976 1218/115 1212/1476
f 1233/1208 1224/310 1218/115 1217/336
f 1211/1475 1213/48 1214/47 1215/1977
f 1214/47 237/1258 238/1533 1215/1977
f 281/684 280/553 286/904 287/685
f 1216/337 1217/336 1211/1475 1215/475
f 1233/1208 1234/338 1229/467 1228/1209
f 719/1959 713/517 776/516 692/600
f 95/319 100/1886 101/1885 96/1065
f 271/1224 272/1227 102/1011 270/1591
f 119/440 116/228 120/1221 121/656
f 230/492 1205/245 1200/412 1204/493
f 1200/412 1202/411 1203/453 1204/493
f 91/1168 94/970 93/1640 92/1273
f 36/943 42/946 41/885 37/703
f 655/741 756/1372 755/1371 656/1098
f 23/1765 8/1558 21/1557 22/1141
f 1099/742 1090/871 1153/1017 1154/743
f 564/1483 565/1482 573/1978 566/1567
f 984/1074 1064/1077 1065/203 985/176
f 1141/1596 1150/1286 1151/1215 1142/1731
f 220/1925 1190/1682 1186/137 1189/511
f 832/77 886/80 1041/1849 888/1366
f 338/1292 336/1145 547/1667 339/1390
f 462/754 600/606 602/1097 463/1936
f 1024/1801 1027/1833 174/1605 176/1939
f 1207/1305 225/454 1203/453 1202/411
f 235/522 426/525 427/625 236/399
f 1010/367 1013/370 1104/1665 1014/1752
f 292/923 296/272 299/271 297/924
f 842/1702 841/1705 845/1836 848/1701
f 1024/1801 1026/1804 1059/1979 1027/1833
f 1068/1980 1127/1746 1128/1636 1071/1795
f 1043/796 1042/799 1035/1981 1034/1950
f 893/1466 836/1937 835/780 834/1706
f 109/1184 110/1216 114/363 111/230
f 1140/808 1142/1731 1088/937 1139/809
f 908/963 900/1971 1047/1910 1051/964
f 142/591 63/1930 130/1274 141/1034
f 304/373 306/1315 310/95 307/374
f 279/552 284/687 467/339 285/1365
f 73/1333 71/1332 70/837 150/1211
f 160/752 79/1678 77/1975 76/753
f 931/1524 923/1523 922/1921 930/1965
f 765/297 675/787 764/786 769/264
f 556/1 718/4 775/677 557/387
f 792/1717 995/1716 996/1982 1181/1983
f 346/326 347/325 348/1762 349/688
f 1000/1984 1002/1784 205/585 1001/1958
f 1257/1628 793/1627 992/1629 1249/257
f 529/1123 530/1128 1290/1985 1289/1986
f 1257/1987 1251/1694 1253/1697 1031/1777
f 790/982 792/1988 1181/1989 1182/981
f 321/1174 322/1659 1259/1990 1258/1991
f 505/1564 506/143 1268/1992 1267/1993
f 504/109 505/1564 1267/1993 1266/1994
f 523/276 524/609 1284/1995 1283/1996
f 530/1128 531/1129 1291/1997 1290/1985
f 522/273 523/276 1283/1996 1282/1998
f 511/1410 512/1106 1274/1999 1273/2000
f 508/665 509/668 1271/2001 1270/2002
f 520/679 521/1349 1281/2003 1280/2004
f 531/1129 532/1217 1292/2005 1291/1997
f 510/1657 511/1410 1273/2000 1272/2006
f 324/158 323/1175 1260/2007 1261/2008
f 524/609 525/608 1285/2009 1284/1995
f 536/7 537/6 1297/2010 1296/2011
f 500/305 501/110 1263/2012 1262/2013
f 322/1659 503/1102 1265/2014 1259/1990
f 537/6 324/158 1261/2008 1297/2010
f 527/581 528/1124 1288/2015 1287/2016
f 517/242 518/661 1278/2017 1277/2018
f 512/1106 515/1105 1275/2019 1274/1999
f 509/668 510/1657 1272/2006 1271/2001
f 526/578 527/581 1287/2016 1286/2020
f 502/306 500/305 1262/2013 1264/2021
f 503/1102 502/306 1264/2021 1265/2014
f 534/1276 535/392 1295/2022 1294/2023
f 516/243 517/242 1277/2018 1276/2024
f 528/1124 529/1123 1289/1986 1288/2015
f 501/110 504/109 1266/1994 1263/2012
f 519/664 520/679 1280/2004 1279/2025
f 518/661 519/664 1279/2025 1278/2017
f 515/1105 516/243 1276/2024 1275/2019
f 506/143 507/142 1269/2026 1268/1992
f 532/1217 533/1277 1293/2027 1292/2005
f 507/142 508/665 1270/2002 1269/2026
f 525/608 526/578 1286/2020 1285/2009
f 533/1277 534/1276 1294/2023 1293/2027
f 323/1175 321/1174 1258/1991 1260/2007
f 535/392 536/7 1296/2011 1295/2022
f 521/1349 522/273 1282/1998 1281/2003
f 1259/1990 1265/2014 1305/2028 1299/2029
f 1267/1993 1268/1992 1308/2030 1307/2031
f 1265/2014 1264/2021 1304/2032 1305/2028
f 1276/2024 1277/2018 1317/2033 1316/2034
f 1261/2008 1260/2007 1300/2035 1301/2036
f 1294/2023 1295/2022 1335/2037 1334/2038
f 1270/2002 1271/2001 1311/2039 1310/2040
f 1269/2026 1270/2002 1310/2040 1309/2041
f 1283/1996 1284/1995 1324/2042 1323/2043
f 1271/2001 1272/2006 1312/2044 1311/2039
f 1258/1991 1259/1990 1299/2029 1298/2045
f 1288/2015 1289/1986 1329/2046 1328/2047
f 1296/2011 1297/2010 1337/2048 1336/2049
f 1289/1986 1290/1985 1330/2050 1329/2046
f 1287/2016 1288/2015 1328/2047 1327/2051
f 1275/2019 1276/2024 1316/2034 1315/2052
f 1277/2018 1278/2017 1318/2053 1317/2033
f 1290/1985 1291/1997 1331/2054 1330/2050
f 1295/2022 1296/2011 1336/2049 1335/2037
f 1260/2007 1258/1991 1298/2045 1300/2035
f 1291/1997 1292/2005 1332/2055 1331/2054
f 1281/2003 1282/1998 1322/2056 1321/2057
f 1268/1992 1269/2026 1309/2041 1308/2030
f 1292/2005 1293/2027 1333/2058 1332/2055
f 1293/2027 1294/2023 1334/2038 1333/2058
f 1278/2017 1279/2025 1319/2059 1318/2053
f 1285/2009 1286/2020 1326/2060 1325/2061
f 1282/1998 1283/1996 1323/2043 1322/2056
f 1273/2000 1274/1999 1314/2062 1313/2063
f 1286/2020 1287/2016 1327/2051 1326/2060
f 1262/2013 1263/2012 1303/2064 1302/2065
f 1274/1999 1275/2019 1315/2052 1314/2062
f 1280/2004 1281/2003 1321/2057 1320/2066
f 1264/2021 1262/2013 1302/2065 1304/2032
f 1272/2006 1273/2000 1313/2063 1312/2044
f 1266/1994 1267/1993 1307/2031 1306/2067
f 1284/1995 1285/2009 1325/2061 1324/2042
f 1297/2010 1261/2008 1301/2036 1337/2048
f 1279/2025 1280/2004 1320/2066 1319/2059
f 1263/2012 1266/1994 1306/2067 1303/2064