# Exported from MakeClothes (TM)
# author Elvaerwyn
# license CC_by
# homepage http://www.makehuman.org/
v 0.8425 7.5796 0.5239
v 0.8393 7.5983 0.5093
v 0.8416 7.6469 0.5026
v 0.8458 7.6391 0.5178
v 0.8407 7.6792 0.5153
v 0.8254 7.6374 0.5566
v 0.8332 7.5719 0.5552
v 0.8073 7.4543 0.5659
v 0.8247 7.4817 0.5352
v 0.7627 7.4284 0.6062
v 0.7207 7.5929 0.6174
v 0.7513 7.4789 0.6198
v 0.7525 7.6371 0.5856
v 0.8168 7.6698 0.5468
v 0.7567 7.7266 0.5399
v 0.6945 7.7148 0.5858
v 0.6206 7.7851 0.6047
v 0.6365 7.7222 0.6338
v 0.5471 7.8391 0.6185
v 0.5236 7.8340 0.6521
v 0.5945 7.7479 0.6596
v 0.6038 7.7124 0.7382
v 0.6509 7.6489 0.7294
v 0.6758 7.6468 0.6445
v 0.6885 7.5690 0.7315
v 0.7377 7.4393 0.7127
v 0.7103 7.4905 0.7350
v 0.6910 7.5393 0.7358
v 0.7270 7.4471 0.7228
v 0.7360 7.4180 0.7096
v 0.7440 7.4119 0.6843
v 0.7404 7.4107 0.6914
v 0.7473 7.4183 0.6400
v 0.7522 7.4298 0.6345
v 0.7344 7.4864 0.6479
v 0.7074 7.5757 0.6480
v 0.7527 7.4234 0.6195
v 0.7596 7.4270 0.6052
v 0.7944 7.4395 0.5680
v 0.8046 7.4454 0.5563
v 0.8112 7.4527 0.5448
v 0.8157 7.4639 0.5346
v 0.8273 7.5278 0.5172
v 0.7698 7.4305 0.5924
v 0.6721 7.5927 0.7350
v 0.6527 7.6324 0.7354
v 0.6314 7.6611 0.7403
v 0.5987 7.7070 0.7429
v 0.5628 7.7405 0.7528
v 0.5085 7.8146 0.7422
v 0.5682 7.7531 0.7325
v 0.4479 7.8575 0.7530
v 0.4850 7.8224 0.7519
v 0.5245 7.7847 0.7509
v 0.4499 7.8875 0.6654
v 0.4472 7.9087 0.6370
v 0.3647 7.9386 0.6694
v 0.3822 7.9020 0.7546
v 0.2420 7.9869 0.6820
v 0.2903 7.9472 0.7540
v 0.2035 7.9835 0.7492
v 0.2353 7.9633 0.7681
v 0.1480 7.9822 0.7711
v 0.1039 7.9971 0.7593
v 0.0629 7.9963 0.7730
v 0.0219 8.0141 0.7527
v -0.0181 8.0032 0.7709
v 0.0333 7.9919 0.7765
v 0.0798 7.9867 0.7764
v 0.1252 7.9787 0.7753
v 0.1690 7.9698 0.7759
v 0.2121 7.9608 0.7743
v 0.2978 7.9321 0.7707
v 0.2551 7.9475 0.7745
v 0.3403 7.9131 0.7676
v 0.3720 7.9020 0.7586
v 0.4033 7.8787 0.7628
v 0.4446 7.8523 0.7562
v -0.0136 7.9977 0.7736
v -0.1056 7.9928 0.7710
v -0.1048 7.9861 0.7742
v -0.0485 7.9917 0.7744
v -0.0633 8.0159 0.7124
v -0.1503 8.0059 0.7055
v 0.0222 8.0327 0.6875
v -0.1168 8.0244 0.6857
v -0.2179 8.0044 0.6857
v -0.2980 7.9827 0.6777
v -0.2386 7.9848 0.7038
v -0.3270 7.9543 0.6914
v -0.2821 7.9498 0.7641
v -0.1937 7.9752 0.7700
v -0.2797 7.9436 0.7674
v -0.2360 7.9540 0.7702
v -0.1924 7.9698 0.7719
v -0.1487 7.9747 0.7738
v -0.3530 7.9218 0.7561
v -0.3232 7.9254 0.7634
v -0.3666 7.9038 0.7595
v -0.4096 7.8828 0.7495
v -0.4127 7.8882 0.7467
v -0.4520 7.8470 0.7410
v -0.4762 7.8384 0.7311
v -0.5346 7.7703 0.7283
v -0.4936 7.8123 0.7332
v -0.5585 7.7585 0.7197
v -0.6084 7.7028 0.7120
v -0.5726 7.7334 0.7245
v -0.6129 7.7069 0.7087
v -0.6325 7.6744 0.7140
v -0.6446 7.6690 0.7087
v -0.6780 7.6016 0.6942
v -0.6865 7.5475 0.7113
v -0.6981 7.4943 0.7101
v -0.7032 7.5031 0.7047
v -0.7049 7.4621 0.7006
v -0.7111 7.4560 0.6796
v -0.7162 7.4760 0.6300
v -0.7114 7.4631 0.6362
v -0.7079 7.4545 0.6866
v -0.7253 7.4754 0.6027
v -0.7562 7.4899 0.5670
v -0.7697 7.5074 0.5645
v -0.7734 7.5059 0.5437
v -0.7661 7.4966 0.5555
v -0.7891 7.5400 0.5294
v -0.7960 7.5916 0.5145
v -0.8131 7.6439 0.5225
v -0.8102 7.6620 0.5079
v -0.8147 7.7085 0.5013
v -0.8187 7.7015 0.5150
v -0.8151 7.7382 0.5156
v -0.7978 7.6964 0.5515
v -0.8022 7.7511 0.5222
v -0.7910 7.7264 0.5435
v -0.7629 7.7800 0.5025
v -0.7329 7.7710 0.5319
v -0.6711 7.7499 0.5749
v -0.6839 7.8908 0.5283
v -0.7426 7.7992 0.5000
v -0.7270 7.6887 0.5747
v -0.7079 7.6095 0.6068
v -0.6834 7.6737 0.6021
v -0.6668 7.6673 0.6313
v -0.6148 7.7539 0.6155
v -0.7009 7.5627 0.6345
v -0.7211 7.5323 0.6093
v -0.7820 7.6168 0.5683
v -0.7985 7.5998 0.5493
v -0.5177 7.8594 0.6054
v -0.5964 7.8102 0.5870
v -0.5759 7.7738 0.6348
v -0.4923 7.8507 0.6401
v -0.4143 7.9139 0.6672
v -0.4109 7.9326 0.6459
v -0.4705 7.9177 0.6081
v -0.4244 7.9542 0.6262
v -0.2946 8.0126 0.6575
v -0.4848 8.0775 0.5656
v -0.5036 8.0655 0.5540
v -0.5052 7.9677 0.5701
v -0.5384 7.9766 0.5394
v -0.5386 7.9116 0.5671
v -0.6302 7.9426 0.5329
v -0.6332 7.9748 0.5030
v -0.6580 7.9150 0.5356
v -0.5388 8.0088 0.5085
v -0.5328 8.0111 0.4952
v -0.6286 7.9769 0.4896
v -0.6654 7.9561 0.5017
v -0.6613 7.9575 0.4888
v -0.6857 7.9255 0.4854
v -0.6896 7.9208 0.4998
v -0.7220 7.8373 0.4885
v -0.7390 7.8017 0.4880
v -0.7595 7.7844 0.4883
v -0.8017 7.7643 0.4992
v -0.8115 7.7441 0.4992
v -0.7990 7.7629 0.4959
v -0.5589 7.9951 0.4969
v -0.5191 8.0336 0.4994
v -0.5040 8.0995 0.5092
v -0.5093 8.0903 0.5331
v -0.4937 8.1176 0.5292
v -0.4614 8.1295 0.5189
v -0.4894 8.1216 0.5140
v -0.4665 8.1188 0.5439
v -0.4607 8.0955 0.5646
v -0.3643 8.1243 0.5510
v -0.3629 8.0970 0.5834
v -0.3661 8.0387 0.6145
v -0.3155 8.1491 0.6021
v -0.3191 8.1810 0.5706
v -0.3437 8.1457 0.5470
v -0.3597 8.1270 0.5379
v -0.3903 8.1242 0.5323
v -0.3406 8.1429 0.5434
v -0.3157 8.1844 0.5547
v -0.3019 8.1920 0.5754
v -0.2989 8.1954 0.5591
v -0.2720 8.1895 0.5631
v -0.2746 8.1860 0.5795
v -0.2029 8.1629 0.5657
v -0.1700 8.1567 0.5814
v -0.1381 8.1729 0.5640
v -0.1681 8.1597 0.5648
v -0.1397 8.1689 0.5810
v -0.0888 8.2097 0.5792
v -0.1834 8.1032 0.6294
v -0.2831 8.1516 0.6122
v -0.2463 8.0255 0.6658
v -0.1547 8.0449 0.6621
v -0.1402 8.1118 0.6298
v -0.0824 8.0529 0.6654
v -0.0674 8.1697 0.6213
v -0.0658 8.2214 0.5779
v -0.0430 8.2165 0.5773
v -0.0445 8.1637 0.6206
v 0.0235 8.0873 0.6262
v -0.0241 8.0738 0.6513
v 0.0225 8.0490 0.6604
v 0.0029 8.1895 0.5639
v 0.0031 8.1947 0.5531
v -0.0425 8.2212 0.5587
v -0.0652 8.2256 0.5607
v -0.0878 8.2138 0.5620
v 0.0264 8.1872 0.5508
v 0.0253 8.1487 0.5735
v 0.0500 8.1942 0.5491
v 0.0500 8.1891 0.5597
v 0.0975 8.2169 0.5629
v 0.0605 8.1450 0.6050
v 0.0964 8.1697 0.6023
v 0.1195 8.1739 0.5998
v 0.0701 8.0641 0.6509
v 0.1275 8.0485 0.6533
v 0.1888 8.1215 0.5926
v 0.1430 8.2115 0.5555
v 0.1207 8.2223 0.5591
v 0.1422 8.2149 0.5397
v 0.1202 8.2255 0.5434
v 0.0973 8.2211 0.5454
v 0.1901 8.1771 0.5312
v 0.2063 8.1674 0.5456
v 0.2543 8.1660 0.5267
v 0.2193 8.1646 0.5283
v 0.2563 8.1671 0.5358
v 0.3269 8.1755 0.5436
v 0.3329 8.1358 0.5779
v 0.2313 8.1107 0.5886
v 0.2751 8.0069 0.6438
v 0.3572 8.0241 0.6078
v 0.4080 8.0533 0.5636
v 0.3647 8.1217 0.5748
v 0.4081 7.9988 0.5944
v 0.3338 7.9814 0.6374
v 0.4616 7.9286 0.6133
v 0.5050 8.0502 0.5526
v 0.5124 8.0690 0.5384
v 0.4112 8.0805 0.5339
v 0.4068 8.0845 0.5201
v 0.4370 8.0770 0.5187
v 0.5080 8.0783 0.5165
v 0.5394 8.0682 0.5292
v 0.5354 8.0723 0.5152
v 0.5486 8.0530 0.5131
v 0.5534 8.0457 0.5327
v 0.5279 8.0350 0.5568
v 0.5053 7.8959 0.6104
v 0.5460 8.0253 0.5489
v 0.5723 7.9460 0.5491
v 0.5414 7.9369 0.5805
v 0.5698 7.8880 0.5825
v 0.5755 7.9776 0.5141
v 0.6564 7.9112 0.5504
v 0.5704 7.9795 0.5031
v 0.5594 7.9994 0.5093
v 0.6616 7.9441 0.5201
v 0.6913 7.9221 0.5211
v 0.6574 7.9471 0.5073
v 0.6820 7.8824 0.5534
v 0.7094 7.8903 0.5016
v 0.6874 7.9254 0.5078
v 0.7131 7.8866 0.5153
v 0.7638 7.7562 0.5053
v 0.7069 7.8563 0.5431
v 0.7809 7.7370 0.4926
v 0.7598 7.7571 0.4943
v 0.7848 7.7325 0.5070
v 0.8256 7.7090 0.5016
v 0.8265 7.6951 0.5226
v 0.8367 7.6860 0.4999
v 0.8229 7.7075 0.4981
v 0.7432 7.7948 0.4980
v 0.5939 7.9650 0.5074
v 0.1992 8.0384 0.6410
v 0.1268 8.0272 0.6693
v 0.1489 8.0105 0.6869
v 0.3704 8.1550 0.5429
v 0.3922 8.1075 0.5267
v 0.3673 8.1595 0.5277
v 0.3541 8.1730 0.5444
v 0.3514 8.1771 0.5287
v 0.3246 8.1796 0.5277
v 0.3891 8.1053 0.5231
v -0.6666 7.5872 0.7178
v -0.6841 7.5393 0.7129
v -0.6496 7.6402 0.7140
v -0.7311 7.4767 0.5898
v -0.7221 7.4735 0.6019
v -0.7157 7.4689 0.6166
v -0.7786 7.5190 0.5307
v 0.7128 7.5619 0.6593
v 0.6944 7.6097 0.6606
v 0.7091 7.5802 0.6731
v 0.6604 7.6819 0.6680
v 0.7323 7.5086 0.6705
v 0.7266 7.5164 0.6615
v 0.7361 7.4772 0.6690
v 0.7416 7.4455 0.6837
v 0.7459 7.3974 0.7790
v 0.7443 7.4126 0.7146
v 0.7272 7.4421 0.8332
v 0.7413 7.3869 0.8052
v 0.7443 7.3901 0.7587
v 0.7370 7.3886 0.8206
v 0.7285 7.3966 0.8421
v 0.6653 7.5743 0.9111
v 0.6986 7.4323 0.8725
v 0.7099 7.4070 0.8597
v 0.7299 7.3897 0.8344
v 0.6751 7.5265 0.8999
v 0.6602 7.5740 0.9126
v 0.6414 7.6156 0.9229
v 0.6691 7.5993 0.8564
v 0.7090 7.5106 0.8274
v 0.7261 7.4845 0.7441
v 0.6759 7.5948 0.7676
v 0.6275 7.6606 0.8515
v 0.6297 7.6422 0.9089
v 0.5552 7.7294 0.8731
v 0.3884 7.8600 0.9134
v 0.4025 7.8244 0.9488
v 0.3997 7.8197 0.9499
v 0.4419 7.7755 0.9475
v 0.3565 7.8521 0.9513
v 0.5209 7.6905 0.9413
v 0.4824 7.7296 0.9445
v 0.5890 7.6537 0.9350
v 0.5825 7.6751 0.9173
v 0.6175 7.6391 0.9301
v 0.5567 7.6680 0.9384
v 0.3128 7.8636 0.9511
v 0.3204 7.8835 0.9290
v 0.2691 7.8638 0.9500
v 0.3741 7.8935 0.8592
v 0.4397 7.8581 0.7819
v 0.3499 7.9155 0.7945
v 0.4166 7.8643 0.8581
v 0.5210 7.7885 0.7837
v 0.5096 7.7881 0.8439
v 0.5974 7.7080 0.7795
v 0.4386 7.9156 0.6803
v 0.5195 7.8478 0.6771
v 0.5954 7.7696 0.6730
v 0.5745 7.7889 0.6705
v 0.6102 7.7481 0.6684
v 0.5168 7.8464 0.6733
v 0.4569 7.8984 0.6757
v 0.4158 7.9296 0.6770
v 0.3740 7.9579 0.6781
v 0.3759 7.9596 0.6821
v 0.3127 7.9675 0.7281
v 0.3119 7.9942 0.6830
v 0.2254 8.0024 0.7285
v 0.2460 8.0194 0.6793
v 0.2891 8.0022 0.6791
v 0.2023 8.0320 0.6791
v 0.1581 8.0439 0.6788
v 0.1358 8.0066 0.7572
v 0.2797 7.9511 0.7901
v 0.1803 7.9838 0.7901
v 0.2862 7.9265 0.8712
v 0.1563 7.9754 0.8495
v 0.2065 7.9316 0.8926
v 0.1832 7.8658 0.9481
v 0.2257 7.8611 0.9488
v 0.1261 7.9296 0.9266
v 0.0613 7.9413 0.9512
v 0.0609 7.9370 0.9502
v 0.0204 7.9498 0.9502
v 0.1418 7.8845 0.9485
v -0.0209 7.9450 0.9495
v -0.0208 7.9407 0.9485
v -0.1045 7.8938 0.9434
v -0.1768 7.9398 0.8899
v -0.1469 7.8763 0.9412
v -0.2768 7.8895 0.9399
v -0.1896 7.8751 0.9402
v -0.2325 7.8813 0.9397
v -0.2755 7.8866 0.9390
v -0.3190 7.8796 0.9374
v -0.3022 7.9151 0.8928
v -0.3669 7.8608 0.9311
v -0.3362 7.9222 0.8445
v -0.3104 7.9418 0.7756
v -0.4053 7.8932 0.7644
v -0.4942 7.8324 0.7628
v -0.3992 7.9488 0.6629
v -0.4189 7.9329 0.6576
v -0.3754 7.9605 0.6606
v -0.3321 7.9841 0.6634
v -0.2925 7.9802 0.7148
v -0.2680 8.0154 0.6710
v -0.2037 8.0106 0.7191
v -0.2008 8.0345 0.6700
v -0.1088 8.0090 0.7574
v -0.1117 8.0513 0.6733
v 0.0336 8.0170 0.7556
v 0.0686 8.0562 0.6777
v 0.1135 8.0497 0.6784
v -0.0331 8.0600 0.6783
v 0.0235 8.0572 0.6769
v -0.0442 8.0570 0.6752
v -0.0181 8.0043 0.7922
v 0.0902 8.0006 0.7892
v 0.0217 7.9974 0.8583
v -0.0462 7.9960 0.8462
v -0.1657 7.9878 0.7875
v -0.2258 7.9623 0.8396
v -0.0006 7.9787 0.9045
v -0.0875 7.9490 0.9087
v 0.0981 7.9715 0.8896
v -0.1565 8.0428 0.6717
v -0.2449 8.0212 0.6680
v -0.2886 8.0042 0.6659
v -0.4865 7.8887 0.6563
v -0.4838 7.8869 0.6526
v -0.5699 7.8176 0.6489
v -0.5468 7.8350 0.6473
v -0.5859 7.7965 0.6437
v -0.6261 7.7572 0.6432
v -0.6227 7.7560 0.6399
v -0.6537 7.7113 0.6361
v -0.6711 7.6901 0.6372
v -0.6501 7.6766 0.7474
v -0.6971 7.6358 0.6466
v -0.7008 7.6180 0.6301
v -0.6797 7.6648 0.6322
v -0.7216 7.5650 0.6405
v -0.7261 7.5324 0.6388
v -0.7156 7.5723 0.6317
v -0.7322 7.5006 0.6533
v -0.7358 7.4674 0.6839
v -0.7401 7.4546 0.7488
v -0.7384 7.4465 0.7280
v -0.7361 7.4424 0.7672
v -0.7175 7.4679 0.8199
v -0.7154 7.5329 0.7847
v -0.6589 7.5785 0.8805
v -0.6188 7.6722 0.8987
v -0.6313 7.6291 0.8962
v -0.6108 7.6708 0.9028
v -0.5883 7.6955 0.9085
v -0.5231 7.7196 0.9170
v -0.4942 7.7870 0.8782
v -0.5855 7.6939 0.9082
v -0.5561 7.7072 0.9128
v -0.5779 7.7243 0.8760
v -0.6585 7.6546 0.8148
v -0.6108 7.7168 0.8211
v -0.4825 7.8319 0.8235
v -0.5785 7.7619 0.7553
v -0.7048 7.5724 0.7306
v -0.3813 7.8981 0.8416
v -0.4256 7.7920 0.9281
v -0.4867 7.7370 0.9212
v -0.3629 7.8534 0.9344
v -0.6481 7.5773 0.8880
v -0.6776 7.4833 0.8652
v -0.7010 7.4545 0.8411
v -0.7292 7.4441 0.7950
v -0.7204 7.4449 0.8139
v 0.6712 7.6584 0.6634
v 0.6428 7.7042 0.6660
v 0.3318 7.9820 0.6787
v 0.7086 7.0496 0.7023
v 0.7084 7.0657 0.6932
v 0.7113 7.0986 0.6882
v 0.7129 7.0933 0.7005
v 0.7167 7.1492 0.7585
v 0.7034 6.9993 0.7622
v 0.6954 6.9835 0.7243
v 0.7072 7.0513 0.8196
v 0.7128 7.2231 0.8604
v 0.6883 7.0010 0.8068
v 0.6901 7.0327 0.8245
v 0.6873 6.9822 0.7884
v 0.6924 6.9729 0.7602
v 0.6869 6.9740 0.7416
v 0.6879 6.9965 0.7077
v 0.6916 7.0646 0.6815
v 0.7009 7.0435 0.6878
v 0.7058 7.1817 0.6672
v 0.7131 7.2418 0.6747
v 0.7155 7.3269 0.7759
v 0.7015 7.3741 0.6688
v 0.7075 7.3852 0.7052
v 0.7043 7.4211 0.7961
v 0.7178 7.2493 0.8265
v 0.7048 7.3673 0.8739
v 0.6847 7.4975 0.8303
v 0.6848 7.5022 0.7438
v 0.6870 7.4596 0.6781
v 0.6651 7.5348 0.6880
v 0.6576 7.5269 0.6712
v 0.6869 7.4277 0.6655
v 0.6563 7.5005 0.6688
v 0.6393 7.5453 0.6717
v 0.6192 7.5868 0.6743
v 0.6205 7.6155 0.6813
v 0.6708 7.4515 0.6656
v 0.6824 7.3982 0.6628
v 0.6908 7.3408 0.6609
v 0.7013 7.3112 0.6617
v 0.6959 7.2793 0.6609
v 0.6971 7.2135 0.6634
v 0.6958 7.1485 0.6686
v 0.6189 7.6405 0.7251
v 0.6494 7.5974 0.7753
v 0.6005 7.6784 0.7986
v 0.5996 7.6627 0.8668
v 0.6524 7.5663 0.8687
v 0.6811 7.4759 0.8831
v 0.6184 7.6012 0.9045
v 0.5624 7.6782 0.9094
v 0.5344 7.7383 0.8713
v 0.5354 7.7551 0.7875
v 0.4901 7.7498 0.9135
v 0.4760 7.7972 0.8547
v 0.4084 7.8353 0.8762
v 0.4546 7.8230 0.7904
v 0.3975 7.8575 0.8145
v 0.3106 7.8915 0.8580
v 0.3110 7.9038 0.7925
v 0.2064 7.9219 0.8779
v 0.3076 7.8607 0.9160
v 0.2070 7.9406 0.8233
v 0.4037 7.8107 0.9163
v 0.4198 7.7861 0.9153
v 0.4623 7.7561 0.9142
v 0.5014 7.7230 0.9126
v 0.5368 7.6876 0.9109
v 0.5684 7.6508 0.9089
v 0.5956 7.6133 0.9068
v 0.6191 7.5742 0.9045
v 0.6391 7.5327 0.9020
v 0.6561 7.4879 0.8991
v 0.6575 7.5143 0.9008
v 0.6706 7.4389 0.8959
v 0.6867 7.4152 0.8935
v 0.6822 7.3857 0.8917
v 0.6907 7.3285 0.8860
v 0.6957 7.2674 0.8783
v 0.7029 7.3078 0.8816
v 0.6970 7.2023 0.8680
v 0.6943 7.1091 0.8481
v 0.7036 7.0821 0.8401
v 0.3744 7.8125 0.9162
v 0.2545 7.8720 0.9196
v 0.3265 7.8353 0.9167
v 0.2769 7.8551 0.9170
v 0.2263 7.8721 0.9170
v 0.2044 7.8971 0.9163
v 0.1750 7.8878 0.9168
v 0.0987 7.9162 0.9189
v 0.1234 7.9011 0.9164
v 0.0714 7.9082 0.9157
v 0.0193 7.9112 0.9148
v 0.1001 7.9369 0.8974
v -0.0200 7.9466 0.8951
v -0.0330 7.9141 0.9135
v -0.0598 7.9239 0.9157
v -0.0852 7.9105 0.9121
v -0.1374 7.9004 0.9104
v -0.2176 7.8885 0.9098
v -0.1893 7.8877 0.9084
v -0.1662 7.9104 0.9085
v -0.1669 7.9423 0.8504
v -0.0195 7.9677 0.8492
v -0.1667 7.9560 0.7848
v -0.2712 7.8805 0.9040
v -0.2726 7.9100 0.8459
v -0.3702 7.8368 0.9002
v -0.3734 7.8682 0.8404
v -0.3734 7.8787 0.7752
v -0.4600 7.7819 0.8937
v -0.4432 7.8217 0.8551
v -0.5050 7.7734 0.8498
v -0.4538 7.8297 0.7813
v -0.5421 7.7559 0.7625
v -0.5745 7.7118 0.7023
v -0.6035 7.6826 0.7558
v -0.6283 7.6382 0.7205
v -0.6101 7.6620 0.8186
v -0.5987 7.6592 0.6560
v -0.6481 7.5817 0.6608
v -0.6696 7.5497 0.7158
v -0.6745 7.5074 0.6498
v -0.6995 7.4335 0.6759
v -0.6944 7.4221 0.6398
v -0.7130 7.3151 0.6437
v -0.7187 7.2978 0.7965
v -0.7002 7.4406 0.7505
v -0.6504 7.5910 0.8062
v -0.6863 7.4920 0.7977
v -0.6977 7.4146 0.8448
v -0.6527 7.5562 0.8583
v -0.5971 7.6423 0.8793
v -0.5746 7.7026 0.8424
v -0.5049 7.7818 0.7086
v -0.5364 7.7293 0.6596
v -0.5992 7.6305 0.6490
v -0.6411 7.5734 0.6443
v -0.6414 7.5465 0.6419
v -0.6588 7.4981 0.6380
v -0.6764 7.4752 0.6372
v -0.6737 7.4451 0.6346
v -0.6858 7.3878 0.6322
v -0.6950 7.3263 0.6317
v -0.6983 7.3587 0.6323
v -0.7009 7.2607 0.6336
v -0.7052 7.1661 0.6419
v -0.7166 7.1389 0.6466
v -0.7068 7.0874 0.6559
v -0.7209 7.2328 0.6510
v -0.7225 7.1066 0.6633
v -0.7237 7.1194 0.7927
v -0.7226 7.0505 0.7550
v -0.7194 7.2225 0.8217
v -0.7025 7.3401 0.8496
v -0.7167 7.1300 0.8093
v -0.7070 7.0799 0.7939
v -0.7053 7.1565 0.8178
v -0.7011 7.2496 0.8383
v -0.7075 7.0482 0.7765
v -0.7161 7.0281 0.7490
v -0.7080 7.0250 0.7490
v -0.7137 7.0214 0.7117
v -0.7081 7.0211 0.7118
v -0.7159 7.0364 0.6851
v -0.7078 7.0333 0.6851
v -0.7074 7.0540 0.6694
v -0.6951 7.3144 0.8491
v -0.6860 7.3750 0.8574
v -0.6766 7.4612 0.8652
v -0.6590 7.4837 0.8683
v -0.6413 7.5583 0.8739
v -0.6739 7.4315 0.8636
v -0.6416 7.5317 0.8722
v -0.6219 7.5753 0.8758
v -0.5994 7.6154 0.8793
v -0.5365 7.7153 0.8866
v -0.5442 7.6884 0.8859
v -0.5105 7.7230 0.8891
v -0.5736 7.6528 0.8826
v -0.4729 7.7559 0.8924
v -0.4318 7.7862 0.8956
v -0.3877 7.8134 0.8986
v -0.3407 7.8366 0.9014
v -0.2917 7.8561 0.9039
v -0.2410 7.8729 0.9063
v -0.4431 7.8296 0.7132
v -0.4599 7.7947 0.6657
v -0.5440 7.7027 0.6556
v -0.5734 7.6676 0.6523
v -0.5103 7.7367 0.6589
v -0.4727 7.7690 0.6622
v -0.3733 7.8712 0.7174
v -0.3710 7.8534 0.6738
v -0.4317 7.7989 0.6653
v -0.3690 7.8480 0.6689
v -0.3875 7.8265 0.6683
v -0.3406 7.8515 0.6711
v -0.2703 7.8959 0.6763
v -0.2915 7.8736 0.6737
v -0.2408 7.8910 0.6760
v -0.2725 7.9171 0.7224
v -0.1668 7.9499 0.7266
v -0.1661 7.9314 0.6829
v -0.1125 7.9335 0.6798
v -0.1892 7.9071 0.6781
v -0.1372 7.9201 0.6801
v -0.0851 7.9270 0.6818
v 0.0989 7.9357 0.6847
v -0.0328 7.9277 0.6833
v 0.0597 7.9465 0.6889
v -0.0598 7.9482 0.6863
v -0.0598 7.9669 0.7301
v 0.0606 7.9652 0.7327
v 0.2047 7.9170 0.6906
v 0.0209 7.9780 0.7903
v 0.1011 7.9693 0.7916
v 0.1009 7.9586 0.8515
v -0.0596 7.9751 0.7883
v -0.2725 7.9229 0.7805
v 0.2068 7.9395 0.7557
v 0.3104 7.8949 0.7345
v 0.4086 7.8435 0.7336
v 0.3078 7.8771 0.6907
v 0.4051 7.8262 0.6899
v 0.4028 7.8210 0.6850
v 0.2548 7.8914 0.6858
v 0.2265 7.8907 0.6868
v 0.1752 7.9074 0.6865
v 0.2771 7.8733 0.6867
v 0.3267 7.8510 0.6865
v 0.3746 7.8261 0.6859
v 0.4200 7.7988 0.6851
v 0.4625 7.7687 0.6839
v 0.4904 7.7623 0.6854
v 0.5015 7.7355 0.6824
v 0.5370 7.7002 0.6806
v 0.5052 7.7723 0.7312
v 0.5626 7.6906 0.6824
v 0.5685 7.6634 0.6787
v 0.5958 7.6259 0.6766
v 0.1236 7.9207 0.6861
v 0.0195 7.9287 0.6845
v 0.0716 7.9278 0.6854
v 0.6869 6.9736 0.7695
v -0.6217 7.5904 0.6455
v 0.8433 7.6219 0.5147
v 0.8427 7.6551 0.5119
v 0.8373 7.6519 0.5299
v 0.8348 7.6161 0.5432
v 0.8218 7.5026 0.5521
v 0.8071 7.5459 0.5727
v 0.7658 7.5697 0.5979
v 0.7982 7.6481 0.5630
v 0.7753 7.6778 0.5574
v 0.7346 7.6928 0.5704
v 0.6505 7.7407 0.6081
v 0.6014 7.7822 0.6190
v 0.5849 7.7680 0.6485
v 0.6116 7.7275 0.6772
v 0.6304 7.6945 0.7005
v 0.6544 7.6726 0.6692
v 0.6717 7.6216 0.7018
v 0.7122 7.4996 0.7264
v 0.7392 7.4231 0.7022
v 0.7478 7.4200 0.6529
v 0.7460 7.4650 0.6341
v 0.7208 7.5517 0.6377
v 0.7881 7.4408 0.5801
v 0.8315 7.5297 0.5255
v 0.6287 7.6741 0.7360
v 0.5602 7.7600 0.7376
v 0.4805 7.8315 0.7490
v 0.4940 7.8454 0.6866
v 0.4736 7.8768 0.6515
v 0.4206 7.9116 0.6573
v 0.3989 7.9094 0.6965
v 0.2990 7.9576 0.7018
v 0.2430 7.9647 0.7571
v 0.1956 7.9763 0.7628
v 0.1049 7.9919 0.7678
v 0.0223 8.0045 0.7655
v 0.2745 7.9475 0.7643
v -0.0762 7.9940 0.7720
v -0.0623 8.0040 0.7514
v -0.1064 8.0048 0.7296
v -0.0526 8.0243 0.6952
v -0.1616 8.0116 0.6923
v -0.2515 7.9906 0.6891
v -0.2826 7.9630 0.7198
v -0.2381 7.9699 0.7460
v -0.2518 7.9562 0.7672
v -0.3049 7.9384 0.7625
v -0.3917 7.8976 0.7508
v -0.4470 7.8579 0.7396
v -0.5231 7.7891 0.7264
v -0.5933 7.7227 0.7135
v -0.6300 7.6834 0.7105
v -0.6697 7.6060 0.7047
v -0.6959 7.5150 0.7087
v -0.7064 7.4737 0.6950
v -0.7129 7.4650 0.6486
v -0.7176 7.4715 0.6230
v -0.7504 7.4909 0.5780
v -0.7774 7.5178 0.5459
v -0.7994 7.5919 0.5221
v -0.8155 7.6846 0.5130
v -0.8162 7.7161 0.5107
v -0.8105 7.7120 0.5274
v -0.8050 7.7285 0.5297
v -0.7970 7.7246 0.5391
v -0.7854 7.7525 0.5227
v -0.7623 7.7591 0.5260
v -0.6960 7.8039 0.5450
v -0.7198 7.8203 0.5200
v -0.7503 7.7287 0.5500
v -0.7442 7.6649 0.5776
v -0.7061 7.6573 0.5945
v -0.6550 7.6983 0.6163
v -0.6837 7.6345 0.6226
v -0.7099 7.5681 0.6169
v -0.7370 7.5862 0.5948
v -0.7928 7.6377 0.5563
v -0.5763 7.8078 0.6027
v -0.5610 7.7928 0.6302
v -0.4609 7.8677 0.6795
v -0.4392 7.8991 0.6511
v -0.4664 7.9032 0.6198
v -0.4353 7.9348 0.6268
v -0.3767 7.9665 0.6432
v -0.4599 7.9832 0.6000
v -0.4863 8.0203 0.5759
v -0.4931 7.9836 0.5774
v -0.5158 8.0032 0.5545
v -0.5274 7.9520 0.5589
v -0.5884 7.8881 0.5623
v -0.6405 7.9441 0.5238
v -0.6008 7.9754 0.5148
v -0.5982 7.9876 0.4959
v -0.6424 7.9693 0.4981
v -0.6803 7.9341 0.4956
v -0.7747 7.7762 0.4967
v -0.8094 7.7489 0.5047
v -0.5173 8.0549 0.5319
v -0.4960 8.0951 0.5426
v -0.4738 8.1219 0.5306
v -0.4707 8.0973 0.5580
v -0.4305 8.1129 0.5532
v -0.3960 8.1056 0.5663
v -0.3966 8.0771 0.5875
v -0.3244 8.0862 0.6143
v -0.3325 8.1424 0.5854
v -0.3570 8.1223 0.5605
v -0.3559 8.1323 0.5453
v -0.2829 8.1892 0.5727
v -0.2158 8.1685 0.5755
v -0.1493 8.1662 0.5754
v -0.1222 8.1838 0.5747
v -0.1644 8.1429 0.5973
v -0.2122 8.1372 0.6077
v -0.2376 8.0934 0.6358
v -0.1948 8.0578 0.6524
v -0.1594 8.0866 0.6404
v -0.0967 8.1115 0.6388
v -0.0740 8.2003 0.5928
v -0.0588 8.2025 0.5921
v -0.0516 8.1833 0.6064
v -0.0213 8.1558 0.6080
v -0.0453 8.1358 0.6310
v 0.0073 8.0700 0.6460
v -0.0055 8.1644 0.5891
v 0.0182 8.1751 0.5627
v 0.0658 8.2001 0.5572
v 0.0453 8.1609 0.5794
v 0.0848 8.1772 0.5901
v 0.1045 8.1868 0.5884
v 0.0757 8.1263 0.6194
v 0.1057 8.0955 0.6347
v 0.1453 8.1146 0.6152
v 0.1504 8.1690 0.5826
v 0.1277 8.2026 0.5715
v 0.1798 8.1853 0.5441
v 0.2390 8.1669 0.5360
v 0.2792 8.1695 0.5354
v 0.3054 8.1595 0.5524
v 0.2735 8.1379 0.5674
v 0.2798 8.0845 0.6034
v 0.3217 8.0556 0.6098
v 0.3766 8.0664 0.5820
v 0.3911 8.0254 0.5886
v 0.3220 8.0041 0.6297
v 0.4012 7.9696 0.6151
v 0.4582 7.9925 0.5868
v 0.4762 8.0666 0.5416
v 0.5471 8.0556 0.5250
v 0.5402 8.0496 0.5396
v 0.4983 7.9532 0.5935
v 0.5264 7.9854 0.5721
v 0.5532 7.9694 0.5595
v 0.5612 7.9236 0.5707
v 0.5646 7.9830 0.5374
v 0.6014 7.9449 0.5379
v 0.6311 7.9443 0.5282
v 0.6701 7.9378 0.5162
v 0.6783 7.9162 0.5315
v 0.7046 7.8997 0.5127
v 0.7288 7.8443 0.5074
v 0.7280 7.8330 0.5212
v 0.7765 7.7419 0.5016
v 0.7971 7.7262 0.5004
v 0.8123 7.7122 0.5104
v 0.8343 7.6914 0.5056
v 0.8309 7.6945 0.5132
v 0.6298 7.9569 0.5101
v 0.6025 7.9671 0.5124
v 0.8309 7.6706 0.5315
v 0.5592 8.0254 0.5200
v 0.5583 8.0162 0.5319
v 0.5424 8.0353 0.5461
v 0.8229 7.6674 0.5420
v 0.8094 7.6991 0.5254
v 0.7861 7.7096 0.5312
v 0.7685 7.7384 0.5174
v 0.7425 7.7797 0.5294
v 0.7194 7.7659 0.5563
v 0.5309 7.9527 0.5799
v 0.5389 7.9069 0.5911
v 0.6945 7.8178 0.5607
v 0.7007 7.8751 0.5373
v 0.6955 7.8970 0.5299
v 0.6666 7.9126 0.5413
v 0.5995 7.9151 0.5606
v 0.6530 7.8596 0.5695
v 0.6156 7.8614 0.5792
v 0.6657 7.7941 0.5813
v 0.5792 7.8374 0.6019
v 0.5408 7.8743 0.6038
v 0.4999 7.8812 0.6220
v 0.4714 7.9111 0.6203
v 0.5060 7.8606 0.6359
v 0.5691 7.7984 0.6348
v 0.4142 7.9396 0.6293
v 0.3819 7.9429 0.6480
v 0.4982 8.0046 0.5743
v 0.3245 7.9756 0.6502
v 0.2352 8.0520 0.6245
v 0.2146 8.0070 0.6651
v 0.1725 8.0082 0.6794
v 0.2939 7.9775 0.6651
v 0.2004 8.0242 0.6514
v 0.3663 8.0014 0.6132
v 0.4404 8.0341 0.5702
v 0.3811 8.1100 0.5604
v 0.3902 8.1052 0.5444
v 0.3766 8.1407 0.5324
v 0.3639 8.1625 0.5383
v 0.4034 8.0908 0.5269
v 0.4038 8.0804 0.5414
v 0.4414 8.0613 0.5500
v 0.4536 8.0755 0.5303
v 0.5151 8.0514 0.5493
v 0.5266 8.0574 0.5415
v 0.5199 8.0718 0.5280
v 0.3516 8.0939 0.5868
v 0.3560 8.1375 0.5652
v 0.3525 8.1546 0.5551
v 0.3380 8.1614 0.5553
v 0.3352 8.1760 0.5386
v 0.3457 7.9293 0.7260
v 0.3234 7.9271 0.7598
v 0.1841 7.9718 0.7717
v 0.2452 7.9726 0.7284
v 0.0969 7.9884 0.7735
v 0.1981 7.9937 0.7060
v 0.1518 7.9876 0.7599
v 0.1521 7.9971 0.7318
v 0.0261 7.9971 0.7734
v 0.0629 8.0025 0.7617
v 0.0916 8.0072 0.7330
v -0.0198 8.0111 0.7453
v -0.1347 7.9847 0.7717
v -0.1499 7.9913 0.7488
v -0.1942 7.9886 0.7264
v -0.1101 8.0154 0.7012
v -0.2022 7.9984 0.6983
v -0.0064 8.0209 0.7175
v 0.0643 8.0191 0.7090
v 0.0993 8.0235 0.6812
v -0.2879 7.9739 0.6910
v -0.3207 7.9420 0.7372
v -0.3648 7.9300 0.7049
v -0.3933 7.9080 0.7233
v -0.4344 7.8802 0.7150
v -0.3841 7.9336 0.6681
v -0.3453 7.9565 0.6717
v -0.3345 7.9760 0.6604
v -0.2702 7.9999 0.6736
v -0.4736 7.8809 0.6305
v -0.5090 7.8159 0.6970
v -0.5422 7.7943 0.6649
v -0.5824 7.7464 0.6878
v -0.6012 7.7448 0.6530
v -0.5416 7.8213 0.6204
v -0.6241 7.7099 0.6776
v -0.6659 7.6013 0.7126
v -0.6421 7.6967 0.6518
v -0.6631 7.6460 0.6781
v -0.6892 7.5507 0.7034
v -0.6819 7.6105 0.6533
v -0.6940 7.5558 0.6778
v -0.7102 7.4784 0.6714
v -0.7068 7.5139 0.6564
v -0.7127 7.5236 0.6246
v -0.7209 7.4946 0.6140
v -0.7428 7.5415 0.5934
v -0.7590 7.5332 0.5785
v -0.7834 7.5747 0.5607
v -0.7858 7.5491 0.5477
v -0.8002 7.5946 0.5337
v -0.8101 7.6484 0.5289
v -0.8050 7.6659 0.5386
v -0.7626 7.6409 0.5755
v -0.6974 7.6153 0.6145
v -0.7719 7.7038 0.5566
v -0.6938 7.7041 0.5839
v -0.7103 7.7365 0.5605
v -0.6564 7.7258 0.5975
v -0.6274 7.7713 0.5925
v -0.7461 7.7834 0.5115
v -0.7550 7.7879 0.4970
v -0.7889 7.7651 0.5080
v -0.8064 7.7512 0.5123
v -0.7060 7.8818 0.4950
v -0.7054 7.8703 0.5093
v -0.6772 7.9089 0.5212
v -0.6710 7.8519 0.5462
v -0.6710 7.9306 0.5123
v -0.6418 7.8250 0.5658
v -0.6522 7.9486 0.5134
v -0.6282 7.8893 0.5518
v -0.5683 7.9982 0.5022
v -0.5691 7.9760 0.5269
v -0.5691 7.9436 0.5465
v -0.5270 8.0169 0.5340
v -0.5509 7.8604 0.5865
v -0.5089 7.8962 0.5936
v -0.5048 7.9323 0.5818
v -0.5174 8.0662 0.5169
v -0.4993 8.0778 0.5509
v -0.5023 8.1025 0.5238
v -0.4817 8.1046 0.5462
v -0.4070 8.1224 0.5424
v -0.4567 8.0424 0.5855
v -0.4171 8.0295 0.6018
v -0.3617 8.0018 0.6327
v -0.3412 8.0494 0.6185
v -0.3419 8.1412 0.5670
v -0.3262 8.1703 0.5574
v -0.3122 8.1858 0.5669
v -0.3014 8.1749 0.5861
v -0.3059 8.1606 0.5950
v -0.2977 8.1044 0.6239
v -0.2865 8.1765 0.5890
v -0.2426 8.1648 0.5910
v -0.2747 8.0632 0.6452
v -0.2529 8.0142 0.6696
v -0.2063 8.0249 0.6712
v -0.1631 8.0246 0.6778
v -0.1180 8.0407 0.6711
v -0.0590 8.0367 0.6796
v -0.1258 8.0699 0.6524
v -0.1544 8.1279 0.6134
v -0.1229 8.1635 0.5966
v -0.0988 8.1637 0.6101
v -0.0580 8.0988 0.6460
v -0.0281 8.0532 0.6681
v -0.0808 8.2150 0.5730
v -0.0505 8.2197 0.5713
v -0.0124 8.2002 0.5647
v 0.0069 8.0518 0.6664
v 0.0572 8.0363 0.6724
v -0.0150 8.1083 0.6327
v 0.0172 8.1418 0.5878
v 0.0339 8.1750 0.5613
v 0.0365 8.1270 0.6016
v 0.0693 8.1836 0.5759
v 0.0514 8.0988 0.6274
v 0.0387 8.0668 0.6458
v 0.0732 8.0468 0.6602
v 0.0953 8.1359 0.6177
v 0.1081 8.0466 0.6579
v 0.1511 8.0380 0.6546
v 0.1718 8.0695 0.6290
v 0.2064 8.0902 0.6074
v 0.1126 8.2043 0.5739
v 0.2088 8.1332 0.5756
v 0.2313 8.1484 0.5566
v 0.1794 8.1668 0.5646
v 0.1353 8.2162 0.5514
v 0.1052 8.2201 0.5558
v 0.8335 7.5444 0.5381
v 0.8405 7.5968 0.5323
v 0.8144 7.4629 0.5486
v 0.8011 7.4849 0.5758
v 0.7541 7.4255 0.6269
v 0.7554 7.4457 0.6202
v 0.7798 7.5149 0.5942
v 0.7446 7.4270 0.6771
v 0.7414 7.4519 0.6650
v 0.7202 7.4983 0.6973
v 0.7355 7.5194 0.6284
v 0.7101 7.5437 0.6758
v 0.7662 7.6224 0.5865
v 0.7226 7.6483 0.5962
v 0.6839 7.6766 0.6123
v 0.6777 7.6540 0.6319
v 0.7013 7.6051 0.6366
v 0.6906 7.5972 0.6747
v 0.6705 7.6035 0.7320
v 0.4249 7.8706 0.7546
v 0.4267 7.8824 0.7243
v 0.4688 7.8532 0.7202
v 0.5583 7.7559 0.7444
v 0.5888 7.7378 0.7101
v 0.5334 7.8006 0.7089
v 0.5621 7.7784 0.6814
v 0.6880 7.6239 0.6672
v 0.7181 7.5502 0.6676
v 0.7399 7.4505 0.7111
v 0.7382 7.4088 0.8058
v 0.7309 7.4091 0.8320
v 0.6975 7.4677 0.8752
v 0.6811 7.5614 0.8650
v 0.7037 7.5299 0.7797
v 0.6575 7.6182 0.8252
v 0.6042 7.6774 0.8778
v 0.4487 7.8046 0.9117
v 0.4551 7.7635 0.9458
v 0.5641 7.6731 0.9312
v 0.3609 7.8790 0.9005
v 0.3879 7.8890 0.8119
v 0.4101 7.8720 0.8331
v 0.4824 7.8136 0.8286
v 0.5427 7.7615 0.8024
v 0.4664 7.8541 0.7487
v 0.4930 7.8506 0.7137
v 0.5631 7.8021 0.6735
v 0.3962 7.9443 0.6801
v 0.3335 7.9738 0.6977
v 0.2833 7.9880 0.7132
v 0.2611 8.0053 0.6969
v 0.2024 8.0095 0.7216
v 0.2726 7.9736 0.7489
v 0.2285 7.9791 0.7696
v 0.3133 7.9237 0.8402
v 0.2407 7.9510 0.8369
v 0.2710 7.9138 0.8976
v 0.2196 7.8870 0.9302
v 0.1235 7.9122 0.9420
v 0.1018 7.9147 0.9498
v -0.2002 7.9019 0.9237
v -0.2519 7.9148 0.9076
v -0.3351 7.8994 0.8895
v -0.3506 7.9191 0.7949
v -0.4329 7.8915 0.7301
v -0.2975 7.9933 0.6831
v -0.2547 8.0021 0.7017
v -0.1711 8.0180 0.7155
v -0.1404 8.0316 0.7002
v -0.0623 8.0258 0.7288
v 0.0868 8.0390 0.7041
v 0.0231 8.0444 0.7039
v -0.0311 8.0101 0.7684
v 0.0865 8.0081 0.7673
v 0.0974 7.9939 0.8125
v -0.0142 7.9993 0.8322
v -0.1459 7.9821 0.8245
v -0.0084 7.9907 0.8697
v -0.0883 7.9558 0.9011
v 0.0397 7.9825 0.8842
v -0.4349 7.9235 0.6589
v -0.5344 7.8471 0.6508
v -0.5940 7.7904 0.6452
v -0.6491 7.7079 0.6759
v -0.6728 7.6675 0.6771
v -0.6897 7.6480 0.6379
v -0.7065 7.6063 0.6390
v -0.7312 7.4549 0.7786
v -0.7243 7.4851 0.7845
v -0.6644 7.5945 0.8546
v -0.6363 7.6266 0.8918
v -0.6060 7.6795 0.9033
v -0.5352 7.7340 0.9013
v -0.5950 7.6973 0.8944
v -0.6294 7.6812 0.8449
v -0.5292 7.7786 0.8410
v -0.6132 7.7184 0.7746
v -0.6711 7.6345 0.7643
v -0.4527 7.8541 0.8093
v -0.4385 7.7908 0.9254
v -0.6847 7.5099 0.8552
v -0.6973 7.5264 0.8284
v -0.7313 7.5067 0.6808
v -0.7222 7.5306 0.7066
v -0.7201 7.5200 0.7547
v -0.7078 7.5911 0.6725
v -0.6840 7.6283 0.7082
v -0.6929 7.5867 0.7767
v -0.6642 7.6199 0.8327
v -0.6398 7.6827 0.7945
v -0.6025 7.7044 0.8653
v -0.5535 7.7356 0.8876
v -0.5610 7.7427 0.8584
v -0.4614 7.7891 0.9088
v -0.4479 7.8266 0.8776
v -0.5573 7.7702 0.8000
v -0.4103 7.8636 0.8654
v -0.5184 7.8088 0.7806
v -0.3294 7.8852 0.9205
v -0.2993 7.8947 0.9234
v -0.3615 7.8937 0.8724
v -0.2881 7.9332 0.8590
v -0.3743 7.9045 0.8168
v -0.4269 7.8746 0.7896
v -0.2349 7.9391 0.8741
v -0.2908 7.9421 0.8199
v -0.1496 7.9660 0.8586
v -0.2340 7.9640 0.8009
v -0.0746 7.9715 0.8802
v -0.0767 7.9961 0.8086
v -0.1229 7.9275 0.9140
v -0.0709 7.9293 0.9339
v -0.0363 7.9575 0.9209
v -0.0004 7.9578 0.9347
v 0.0270 7.9566 0.9353
v 0.0529 7.9638 0.9151
v 0.0951 7.9475 0.9225
v -0.0975 8.0004 0.7790
v -0.1594 8.0025 0.7547
v -0.2266 7.9801 0.7608
v -0.2242 8.0202 0.6867
v -0.2688 7.9776 0.7365
v -0.3360 7.9384 0.7516
v -0.3656 7.9407 0.7141
v -0.3413 7.9711 0.6804
v -0.4600 7.8900 0.6940
v -0.5198 7.8277 0.7248
v -0.5450 7.8227 0.6868
v -0.5995 7.7520 0.7172
v -0.6154 7.7504 0.6798
v -0.6503 7.7195 0.6388
v 0.1719 7.9090 0.9224
v 0.1436 7.9442 0.9030
v 0.2653 7.8929 0.9239
v 0.1537 7.9595 0.8773
v 0.2164 7.9445 0.8711
v 0.3269 7.9012 0.8865
v 0.0920 7.9814 0.8658
v 0.1194 7.9855 0.8326
v 0.2054 7.9701 0.8099
v 0.0313 8.0008 0.8132
v 0.0352 8.0073 0.7790
v 0.1354 7.9970 0.7788
v 0.1805 7.9976 0.7586
v 0.1092 8.0225 0.7305
v 0.1799 8.0233 0.7051
v -0.0371 8.0427 0.7024
v 0.3346 7.9200 0.8146
v 0.3141 7.9447 0.7709
v 0.3461 7.9475 0.7349
v 0.3885 7.9111 0.7528
v 0.4180 7.9111 0.7148
v 0.4716 7.8873 0.6777
v 0.4591 7.8370 0.8079
v 0.5459 7.7814 0.7468
v 0.3930 7.8726 0.8769
v 0.5707 7.7751 0.7099
v 0.4382 7.8375 0.8718
v 0.3551 7.8652 0.9312
v 0.3825 7.8455 0.9378
v 0.4844 7.7925 0.8768
v 0.4929 7.7481 0.9210
v 0.5529 7.6984 0.9106
v 0.5641 7.7260 0.8562
v 0.5782 7.7189 0.8250
v 0.5891 7.6822 0.8998
v 0.6099 7.6521 0.9188
v 0.6421 7.6340 0.8723
v 0.6467 7.6190 0.8961
v 0.6586 7.5964 0.8968
v 0.6336 7.6545 0.7996
v 0.6229 7.6908 0.7401
v 0.6847 7.5682 0.8171
v 0.7005 7.5090 0.8573
v 0.7070 7.4710 0.8621
v 0.7274 7.4500 0.8132
v 0.7270 7.4642 0.7835
v 0.7348 7.4635 0.7312
v 0.7225 7.5245 0.6959
v 0.7037 7.5532 0.7283
v 0.6818 7.6190 0.7029
v 0.6220 7.7332 0.6698
v 0.6439 7.6821 0.7029
v 0.3539 7.9706 0.6810
v 0.7094 7.0713 0.6946
v 0.7109 7.0805 0.6970
v 0.7136 7.1137 0.7157
v 0.7083 7.0474 0.7217
v 0.7025 7.0108 0.7296
v 0.7091 7.0666 0.7801
v 0.7122 7.1412 0.8128
v 0.6997 7.0172 0.7962
v 0.6971 6.9852 0.7489
v 0.6916 6.9768 0.7420
v 0.6995 7.0966 0.6788
v 0.7066 7.1557 0.6766
v 0.7151 7.2393 0.7364
v 0.7074 7.3337 0.6829
v 0.7091 7.3777 0.7591
v 0.7166 7.2418 0.7870
v 0.7118 7.2799 0.8536
v 0.6979 7.4286 0.8334
v 0.6913 7.4736 0.7901
v 0.6931 7.4490 0.7090
v 0.6790 7.4988 0.7033
v 0.6699 7.5071 0.6791
v 0.6772 7.4714 0.6716
v 0.6325 7.5764 0.6756
v 0.6930 7.3599 0.6627
v 0.6348 7.5969 0.6982
v 0.6445 7.5909 0.7295
v 0.6230 7.6388 0.7663
v 0.6165 7.6462 0.8135
v 0.6338 7.6088 0.8369
v 0.6727 7.5132 0.8607
v 0.6234 7.6101 0.8800
v 0.5935 7.6474 0.8935
v 0.5782 7.6931 0.8456
v 0.5568 7.7239 0.8191
v 0.5002 7.7618 0.8798
v 0.4582 7.7941 0.8814
v 0.4427 7.8259 0.8199
v 0.3722 7.8614 0.8495
v 0.3397 7.8843 0.8217
v 0.2749 7.8913 0.8839
v 0.2762 7.9120 0.8246
v 0.3406 7.8543 0.8967
v 0.6716 7.4561 0.8967
v 0.3442 7.8317 0.9174
v 0.2555 7.8766 0.9173
v 0.1761 7.8920 0.9185
v 0.0596 7.9332 0.9038
v 0.0020 7.9181 0.9161
v -0.1383 7.9043 0.9120
v -0.1479 7.9076 0.9114
v -0.1177 7.9331 0.8847
v -0.0688 7.9522 0.8649
v -0.1177 7.9553 0.8281
v -0.2014 7.9111 0.8876
v -0.2369 7.9109 0.8668
v -0.3046 7.8758 0.8834
v -0.3387 7.8717 0.8622
v -0.3398 7.8856 0.8205
v -0.4012 7.8290 0.8781
v -0.4255 7.8239 0.8631
v -0.4694 7.7923 0.8662
v -0.4235 7.8399 0.8256
v -0.5003 7.7864 0.7979
v -0.5733 7.7168 0.7402
v -0.6021 7.6775 0.7262
v -0.6140 7.6609 0.7650
v -0.6250 7.6264 0.6791
v -0.6641 7.5463 0.6755
v -0.6812 7.4969 0.6805
v -0.6895 7.4543 0.6552
v -0.7023 7.3902 0.6531
v -0.7104 7.3488 0.7054
v -0.6898 7.4746 0.7141
v -0.6688 7.5443 0.7732
v -0.6789 7.4876 0.8336
v -0.6199 7.6202 0.8521
v -0.5756 7.7068 0.8078
v -0.5405 7.7498 0.7245
v -0.5699 7.7001 0.6726
v -0.6130 7.6210 0.6498
v -0.6588 7.5155 0.6398
v -0.7168 7.2290 0.6471
v -0.7224 7.1529 0.7023
v -0.7229 7.0922 0.7370
v -0.7206 7.2132 0.8036
v -0.7135 7.2868 0.8226
v -0.7199 7.1573 0.8079
v -0.6884 7.3921 0.8574
v -0.6590 7.5010 0.8691
v -0.5694 7.6867 0.8694
v -0.4207 7.8017 0.8965
v -0.3095 7.8540 0.9038
v -0.5023 7.7400 0.8898
v -0.2863 7.8686 0.9047
v -0.2183 7.8931 0.9074
v -0.5005 7.7569 0.8767
v -0.5387 7.7304 0.8596
v -0.5691 7.6701 0.8828
v -0.5406 7.7440 0.8182
v -0.5939 7.6690 0.8468
v -0.5852 7.7002 0.7790
v -0.6201 7.5920 0.8763
v -0.6304 7.5856 0.8705
v -0.4673 7.8083 0.8287
v -0.4673 7.8137 0.7344
v -0.5004 7.7686 0.6780
v -0.4014 7.8398 0.6856
v -0.4202 7.8139 0.6666
v -0.3046 7.8888 0.6908
v -0.2011 7.9257 0.6953
v -0.2079 7.9068 0.6774
v -0.0154 7.9323 0.6826
v 0.0154 7.9386 0.6845
v -0.0375 7.9428 0.6850
v -0.0953 7.9488 0.6997
v 0.0202 7.9533 0.7026
v 0.1083 7.9429 0.7041
v 0.0609 7.9708 0.7716
v 0.0608 7.9652 0.8308
v -0.0819 7.9662 0.8074
v -0.2020 7.9404 0.8052
v 0.1716 7.9498 0.7902
v 0.2761 7.9127 0.7609
v 0.3433 7.8807 0.7536
v 0.2750 7.9038 0.7270
v 0.3411 7.8661 0.7050
v 0.3218 7.8632 0.6872
v 0.3440 7.8462 0.6856
v 0.4519 7.7840 0.6847
v 0.4680 7.7927 0.7168
v 0.5622 7.7012 0.7129
v 0.1763 7.9115 0.6857
v 0.1378 7.9245 0.6865
v 0.1731 7.9183 0.6884
v 0.2557 7.8951 0.6890
v 0.2397 7.9112 0.7123
v 0.1574 7.9406 0.7263
v 0.3719 7.8415 0.6885
v 0.4327 7.8032 0.6867
v 0.1228 7.9580 0.7600
v 0.4347 7.8107 0.7030
v 0.3747 7.8549 0.7194
v 0.5300 7.7177 0.6828
v 0.5194 7.7418 0.6997
v 0.2416 7.9280 0.7905
v 0.3724 7.8683 0.7802
v 0.4202 7.8413 0.7795
v 0.4561 7.8129 0.7518
v 0.4273 7.8300 0.8484
v 0.4883 7.7862 0.8388
v 0.4984 7.7835 0.7697
v 0.5081 7.7721 0.8164
v 0.5470 7.7353 0.7724
v 0.5749 7.6971 0.7516
v 0.6007 7.6489 0.6963
v 0.6008 7.6310 0.6793
v 0.6477 7.5590 0.6802
v 0.6718 7.4687 0.6674
v 0.6664 7.5448 0.7357
v 0.6730 7.5324 0.7831
v 0.6622 7.5537 0.8247
v 0.6988 7.4362 0.7484
v 0.7082 7.3718 0.8153
v 0.6902 7.4469 0.8624
v 0.7127 7.3145 0.8255
v 0.7120 7.3180 0.7186
v 0.6637 7.5189 0.8842
v 0.6427 7.5606 0.8913
v 0.6383 7.5494 0.9024
v 0.6751 7.4685 0.8925
v 0.6909 7.4194 0.8835
v 0.5921 7.6309 0.9069
v 0.5655 7.6931 0.8825
v 0.5290 7.7221 0.8981
v 0.5298 7.7052 0.9112
v 0.6982 7.3634 0.8830
v 0.6934 7.3505 0.8871
v 0.7069 7.2994 0.8720
v 0.7042 7.2444 0.8700
v 0.7045 7.1692 0.8562
v 0.7158 7.2072 0.8152
v 0.7079 7.1188 0.8400
v 0.7003 7.0553 0.8281
v 0.7110 7.0806 0.7404
v 0.6944 6.9848 0.7703
v 0.7137 7.1632 0.7071
v 0.7110 7.1354 0.6854
v 0.7075 7.1170 0.6852
v 0.6991 7.0352 0.6962
v 0.7016 7.0373 0.7011
v 0.6973 7.0099 0.7114
v 0.4520 7.7722 0.9146
v 0.4341 7.7986 0.9020
v 0.3743 7.8458 0.8835
v 0.3219 7.8478 0.9173
v 0.2414 7.9180 0.8531
v 0.2395 7.8932 0.9034
v 0.1859 7.8951 0.9183
v 0.1344 7.9167 0.9109
v 0.1703 7.9186 0.8972
v 0.0063 7.9289 0.9099
v -0.0820 7.9270 0.9064
v 0.1358 7.9391 0.8756
v 0.0603 7.9473 0.8813
v 0.1714 7.9404 0.8509
v 0.1363 7.9562 0.8222
v 0.0205 7.9576 0.8653
v 0.0341 7.9717 0.8104
v -0.0194 7.9736 0.8093
v -0.0328 7.9733 0.7696
v 0.0072 7.9701 0.7510
v -0.0197 7.9601 0.7163
v -0.0954 7.9640 0.7483
v -0.1310 7.9603 0.7666
v -0.1309 7.9494 0.7132
v -0.1128 7.9377 0.6830
v -0.1829 7.9202 0.6796
v -0.2020 7.9410 0.7446
v -0.2365 7.9210 0.7084
v -0.2372 7.9320 0.7626
v -0.3266 7.8651 0.6721
v -0.3367 7.8658 0.6730
v -0.4000 7.8320 0.6695
v -0.3389 7.8806 0.7045
v -0.3061 7.9037 0.7401
v -0.2373 7.9250 0.8256
v -0.3061 7.9039 0.8005
v -0.3397 7.8909 0.7577
v -0.4254 7.8318 0.6988
v -0.3966 7.8598 0.7353
v -0.4693 7.8020 0.6958
v -0.4234 7.8460 0.7566
v -0.4002 7.8589 0.7990
v -0.5003 7.7892 0.7508
v -0.5022 7.7536 0.6614
v -0.5386 7.7410 0.6902
v -0.5781 7.6730 0.6548
v -0.6005 7.6697 0.6929
v -0.6293 7.6048 0.6537
v -0.6546 7.5542 0.6516
v -0.6487 7.5899 0.6990
v -0.6640 7.5187 0.6438
v -0.6818 7.4682 0.6423
v -0.6494 7.5930 0.7475
v -0.6296 7.6304 0.7818
v -0.6377 7.6031 0.8277
v -0.6631 7.5464 0.8208
v -0.6854 7.4941 0.7547
v -0.6947 7.4491 0.7977
v -0.6568 7.5252 0.8658
v -0.6756 7.4773 0.8561
v -0.6923 7.4053 0.8532
v -0.7056 7.3843 0.7972
v -0.7063 7.3508 0.8303
v -0.7062 7.3906 0.7410
v -0.7077 7.2707 0.8365
v -0.7124 7.2007 0.8231
v -0.7211 7.2167 0.7467
v -0.7210 7.1000 0.7856
v -0.7175 7.2819 0.6971
v -0.7156 7.0762 0.7802
v -0.7154 7.0423 0.7602
v -0.7126 7.0249 0.7366
v -0.7174 7.0334 0.7386
v -0.7174 7.0361 0.7173
v -0.7126 7.0263 0.7029
v -0.7203 7.0645 0.7011
v -0.7153 7.0656 0.6726
v -0.7153 7.1110 0.6553
v -0.7200 7.1594 0.6536
v -0.7102 7.2383 0.6413
v -0.7041 7.3115 0.6366
v -0.7019 7.3653 0.6386
v -0.6897 7.4187 0.6364
v -0.6869 7.4072 0.6339
v 0.6987 7.4063 0.6840
v 0.6918 7.4204 0.6708
v 0.6966 7.3710 0.6653
v 0.7053 7.3090 0.6684
v 0.7068 7.2449 0.6679
v 0.7014 7.2355 0.6641
v 0.8404 7.6226 0.5059
v 0.7006 7.5149 0.7354
v 0.7186 7.4688 0.7289
v 0.7315 7.4326 0.7162
v 0.7382 7.4144 0.7005
v 0.7438 7.4145 0.6657
v 0.7500 7.4208 0.6297
v 0.7561 7.4252 0.6123
v 0.7995 7.4424 0.5622
v 0.8079 7.4490 0.5505
v 0.8135 7.4583 0.5397
v 0.7821 7.4350 0.5802
v 0.6816 7.5660 0.7354
v 0.6624 7.6125 0.7352
v 0.6151 7.6840 0.7416
v 0.5807 7.7238 0.7478
v 0.5048 7.8036 0.7514
v 0.0566 7.9893 0.7764
v 0.1025 7.9827 0.7759
v 0.1471 7.9743 0.7756
v 0.1906 7.9653 0.7751
v 0.2336 7.9541 0.7744
v 0.3191 7.9226 0.7691
v 0.3562 7.9076 0.7631
v 0.3876 7.8903 0.7607
v 0.4239 7.8655 0.7595
v 0.0099 7.9948 0.7750
v -0.0310 7.9947 0.7740
v -0.2142 7.9619 0.7710
v -0.1705 7.9722 0.7728
v -0.3015 7.9345 0.7654
v -0.3449 7.9146 0.7614
v -0.3881 7.8933 0.7545
v -0.4308 7.8649 0.7453
v -0.5141 7.7913 0.7307
v -0.5905 7.7181 0.7182
v -0.6204 7.6886 0.7130
v -0.7096 7.4588 0.6614
v -0.7697 7.5012 0.5496
v -0.8031 7.6268 0.5112
v -0.8125 7.6852 0.5046
v -0.6450 7.9672 0.4892
v -0.6735 7.9415 0.4871
v -0.7038 7.8814 0.4869
v -0.7305 7.8195 0.4882
v -0.7492 7.7931 0.4882
v -0.8052 7.7535 0.4975
v -0.5260 8.0224 0.4973
v -0.5115 8.0666 0.5043
v -0.4754 8.1256 0.5164
v -0.3750 8.1256 0.5351
v -0.3501 8.1350 0.5407
v -0.3281 8.1637 0.5491
v -0.3073 8.1899 0.5569
v -0.2855 8.1925 0.5611
v -0.2375 8.1762 0.5644
v -0.1531 8.1663 0.5644
v -0.0197 8.2079 0.5559
v -0.0538 8.2234 0.5597
v -0.0765 8.2197 0.5614
v 0.0147 8.1910 0.5519
v 0.0382 8.1907 0.5499
v 0.1312 8.2202 0.5416
v 0.1088 8.2233 0.5444
v 0.1662 8.1960 0.5355
v 0.2368 8.1653 0.5275
v 0.4219 8.0808 0.5194
v 0.4725 8.0777 0.5176
v 0.5217 8.0753 0.5159
v 0.5420 8.0626 0.5141
v 0.5649 7.9894 0.5062
v 0.6984 7.9078 0.5047
v 0.7703 7.7470 0.4935
v 0.8298 7.6967 0.4990
v 0.7263 7.8426 0.4998
v 0.8019 7.7222 0.4954
v 0.7515 7.7759 0.4961
v 0.8391 7.6665 0.5012
v 0.6724 7.9362 0.5075
v 0.5540 8.0262 0.5112
v 0.3594 8.1683 0.5282
v 0.3380 8.1784 0.5282
v 0.3782 8.1324 0.5254
v 0.3980 8.0949 0.5216
v 0.2894 8.1728 0.5272
v 0.2764 7.9398 0.7726
v -0.0766 7.9889 0.7743
v -0.1267 7.9804 0.7740
v -0.2578 7.9488 0.7688
v -0.4728 7.8297 0.7371
v -0.5536 7.7519 0.7264
v -0.6911 7.5168 0.7115
v -0.6581 7.6137 0.7159
v -0.6754 7.5633 0.7154
v -0.6411 7.6573 0.7140
v -0.7015 7.4782 0.7053
v -0.7064 7.4583 0.6936
v -0.7266 7.4751 0.5958
v -0.7189 7.4712 0.6093
v -0.7135 7.4660 0.6264
v -0.7437 7.4833 0.5784
v -0.7612 7.4932 0.5612
v -0.7760 7.5125 0.5372
v -0.7873 7.5553 0.5226
v -0.7792 7.7736 0.4921
v -0.8131 7.7263 0.5003
v -0.4967 8.1106 0.5116
v -0.4258 8.1268 0.5256
v -0.1855 8.1613 0.5652
v -0.1130 8.1933 0.5630
v 0.2047 8.1708 0.5298
v 0.0737 8.2077 0.5472
v 0.8333 7.5630 0.5133
v 0.8215 7.4958 0.5259
v 0.7647 7.4288 0.5988
v 0.6421 7.6467 0.7378
v 0.4648 7.8374 0.7541
v 0.5437 7.7626 0.7519
v 0.7036 7.5858 0.6599
v 0.7197 7.5391 0.6604
v 0.7313 7.4968 0.6653
v 0.7388 7.4613 0.6764
v 0.7429 7.4290 0.6992
v 0.7428 7.3885 0.7819
v 0.7392 7.3878 0.8129
v 0.7043 7.4197 0.8661
v 0.7199 7.3984 0.8470
v 0.6868 7.4794 0.8862
v 0.6676 7.5503 0.9063
v 0.6508 7.5948 0.9177
v 0.4208 7.7976 0.9487
v 0.3781 7.8359 0.9506
v 0.6033 7.6464 0.9326
v 0.3346 7.8578 0.9512
v 0.2909 7.8637 0.9506
v 0.5923 7.7685 0.6694
v 0.5456 7.8176 0.6719
v 0.4869 7.8724 0.6745
v 0.4364 7.9140 0.6764
v 0.3949 7.9437 0.6775
v 0.2675 8.0108 0.6792
v 0.0406 7.9434 0.9502
v -0.0002 7.9452 0.9494
v -0.0626 7.9173 0.9460
v -0.1257 7.8851 0.9423
v -0.1683 7.8757 0.9407
v -0.2111 7.8782 0.9400
v -0.2540 7.8840 0.9393
v -0.2972 7.8831 0.9382
v -0.3972 7.9467 0.6591
v -0.3538 7.9723 0.6620
v 0.0461 8.0567 0.6773
v -0.0103 8.0571 0.6761
v -0.2228 8.0278 0.6690
v -0.3103 7.9942 0.6646
v -0.4514 7.9099 0.6551
v -0.5664 7.8157 0.6455
v -0.6043 7.7762 0.6418
v -0.6382 7.7337 0.6380
v -0.6903 7.6414 0.6312
v -0.7208 7.5523 0.6352
v -0.7291 7.5165 0.6460
v -0.7340 7.4840 0.6686
v -0.7371 7.4569 0.7060
v -0.6210 7.6499 0.8995
v -0.5708 7.7006 0.9105
v -0.3942 7.8227 0.9313
v -0.6397 7.6032 0.8921
v -0.6629 7.5303 0.8766
v -0.6893 7.4689 0.8532
v -0.7327 7.4433 0.7811
v -0.7248 7.4445 0.8045
v -0.7107 7.4497 0.8275
v -0.7372 7.4444 0.7476
v -0.5981 7.6824 0.9055
v -0.5396 7.7134 0.9149
v -0.7082 7.5951 0.6309
v -0.3409 7.8665 0.9359
v -0.2667 8.0127 0.6670
v -0.5153 7.8609 0.6500
v -0.6667 7.6881 0.6341
v -0.0780 8.0541 0.6742
v 0.6295 7.6274 0.9265
v 0.7335 7.3892 0.8275
v 0.7443 7.4013 0.7366
v 0.6828 7.6340 0.6620
v 0.6265 7.7261 0.6672
v 0.6570 7.6813 0.6647
v 0.3105 7.9921 0.6789
v 0.3529 7.9699 0.6784
v 0.6892 7.0168 0.8157
v 0.6878 6.9916 0.7976
v 0.6874 6.9852 0.7246
v 0.6898 7.0306 0.6946
v 0.6478 7.5229 0.6703
v 0.6635 7.4760 0.6672
v 0.6766 7.4249 0.6642
v 0.6866 7.3695 0.6618
v 0.6934 7.3101 0.6609
v 0.6965 7.2464 0.6622
v 0.6964 7.1810 0.6660
v 0.4411 7.7711 0.9147
v 0.4818 7.7395 0.9134
v 0.5191 7.7053 0.9118
v 0.5526 7.6692 0.9099
v 0.5820 7.6321 0.9079
v 0.6074 7.5938 0.9057
v 0.6291 7.5535 0.9033
v 0.6476 7.5103 0.9005
v 0.6633 7.4634 0.8975
v 0.6864 7.3571 0.8889
v 0.6932 7.2980 0.8822
v 0.6963 7.2348 0.8732
v 0.6956 7.1557 0.8580
v 0.3971 7.7993 0.9158
v 0.3504 7.8239 0.9165
v 0.3017 7.8452 0.9169
v 0.2516 7.8636 0.9170
v 0.2006 7.8800 0.9169
v 0.1492 7.8944 0.9166
v 0.0974 7.9046 0.9161
v 0.0454 7.9097 0.9152
v -0.0068 7.9126 0.9142
v -0.0591 7.9123 0.9128
v -0.1113 7.9055 0.9112
v -0.1634 7.8941 0.9094
v -0.6501 7.5223 0.6400
v -0.6798 7.4165 0.6334
v -0.6904 7.3571 0.6319
v -0.6979 7.2935 0.6327
v -0.7030 7.2134 0.6378
v -0.7060 7.1268 0.6489
v -0.7062 7.1182 0.8059
v -0.7032 7.2030 0.8280
v -0.7072 7.0640 0.7852
v -0.7078 7.0366 0.7627
v -0.7081 7.0231 0.7304
v -0.7080 7.0272 0.6985
v -0.7076 7.0437 0.6772
v -0.6981 7.2820 0.8437
v -0.6906 7.3447 0.8533
v -0.6665 7.4576 0.8659
v -0.6503 7.5077 0.8702
v -0.6318 7.5535 0.8740
v -0.6106 7.5954 0.8775
v -0.5273 7.7057 0.8875
v -0.5589 7.6706 0.8842
v -0.4917 7.7394 0.8908
v -0.3642 7.8250 0.9000
v -0.3162 7.8464 0.9027
v -0.2152 7.8803 0.9074
v -0.2663 7.8645 0.9051
v -0.4097 7.7998 0.8971
v -0.4524 7.7711 0.8940
v -0.5865 7.6341 0.8809
v -0.5587 7.6851 0.6539
v -0.5271 7.7197 0.6572
v -0.4915 7.7528 0.6605
v -0.4522 7.7840 0.6637
v -0.4096 7.8127 0.6668
v -0.3640 7.8390 0.6697
v -0.3160 7.8625 0.6724
v -0.2661 7.8823 0.6748
v -0.2150 7.8991 0.6771
v -0.1632 7.9136 0.6791
v -0.1111 7.9235 0.6809
v 0.2008 7.8991 0.6867
v 0.2518 7.8820 0.6867
v 0.3019 7.8621 0.6866
v 0.3973 7.8124 0.6855
v 0.4412 7.7837 0.6845
v 0.4820 7.7521 0.6831
v 0.5193 7.7179 0.6815
v 0.5528 7.6818 0.6796
v 0.5822 7.6446 0.6776
v 0.1494 7.9140 0.6863
v -0.0066 7.9282 0.6839
v 0.0456 7.9283 0.6850
v 0.0976 7.9242 0.6858
v 0.3506 7.8385 0.6862
v -0.0589 7.9274 0.6825
v 0.6075 7.6064 0.6754
v 0.6293 7.5661 0.6730
v 0.6764 7.4123 0.8938
v 0.6922 7.0709 0.8363
v 0.6869 6.9738 0.7556
v 0.6871 6.9779 0.7789
v -0.5863 7.6490 0.6507
v -0.6104 7.6104 0.6473
v -0.6316 7.5685 0.6437
v -0.6663 7.4716 0.6363
v -0.6800 7.4033 0.8605
v -0.7071 7.0707 0.6626
v 0.6937 7.1065 0.6750
vt 0.6903 0.1102
vt 0.6879 0.1180
vt 0.6876 0.1088
vt 0.6902 0.0950
vt 0.6837 0.1189
vt 0.6844 0.1134
vt 0.6789 0.1250
vt 0.6785 0.1153
vt 0.6746 0.1202
vt 0.6719 0.1074
vt 0.6719 0.1074
vt 0.6751 0.0770
vt 0.6816 0.0888
vt 0.6794 0.1032
vt 0.6966 0.0619
vt 0.6897 0.0822
vt 0.6816 0.0888
vt 0.6889 0.0665
vt 0.6600 0.0450
vt 0.6679 0.0624
vt 0.6719 0.1074
vt 0.6566 0.0787
vt 0.6719 0.1074
vt 0.6711 0.1178
vt 0.6685 0.1177
vt 0.6627 0.1090
vt 0.6685 0.1177
vt 0.6593 0.1322
vt 0.6476 0.1367
vt 0.6544 0.1184
vt 0.6219 0.1245
vt 0.6355 0.1022
vt 0.6472 0.1012
vt 0.6388 0.1207
vt 0.5887 0.1428
vt 0.5807 0.1391
vt 0.5954 0.1177
vt 0.6021 0.1283
vt 0.5578 0.1569
vt 0.5665 0.1409
vt 0.5754 0.1204
vt 0.5789 0.1097
vt 0.5954 0.1177
vt 0.5723 0.1287
vt 0.5667 0.0922
vt 0.5831 0.0949
vt 0.5876 0.0759
vt 0.5988 0.0951
vt 0.6023 0.0736
vt 0.6132 0.0925
vt 0.5975 0.0626
vt 0.6061 0.0528
vt 0.6061 0.0528
vt 0.6148 0.0364
vt 0.6202 0.0294
vt 0.6213 0.0335
vt 0.6322 0.0190
vt 0.6365 0.0159
vt 0.6374 0.0188
vt 0.6263 0.0241
vt 0.6410 0.0130
vt 0.6425 0.0157
vt 0.6443 0.0135
vt 0.6489 0.0158
vt 0.6474 0.0141
vt 0.6539 0.0177
vt 0.6616 0.0217
vt 0.6573 0.0210
vt 0.6623 0.0264
vt 0.6490 0.0205
vt 0.6623 0.0264
vt 0.6651 0.0338
vt 0.6600 0.0450
vt 0.6569 0.0383
vt 0.6297 0.0704
vt 0.6279 0.0556
vt 0.6481 0.0430
vt 0.6386 0.0649
vt 0.6649 0.0236
vt 0.6684 0.0252
vt 0.6709 0.0269
vt 0.6731 0.0300
vt 0.6735 0.0286
vt 0.6761 0.0306
vt 0.6888 0.0416
vt 0.6910 0.0438
vt 0.6892 0.0487
vt 0.6838 0.0403
vt 0.6931 0.0460
vt 0.6950 0.0481
vt 0.6967 0.0503
vt 0.6943 0.0537
vt 0.6990 0.0557
vt 0.6992 0.0669
vt 0.6966 0.0619
vt 0.6979 0.0530
vt 0.6987 0.0787
vt 0.6960 0.0909
vt 0.6902 0.0950
vt 0.6954 0.0786
vt 0.6837 0.0372
vt 0.6731 0.0300
vt 0.6094 0.0434
vt 0.6039 0.0511
vt 0.5987 0.0589
vt 0.5938 0.0646
vt 0.5793 0.0774
vt 0.5841 0.0738
vt 0.5876 0.0759
vt 0.5779 0.0820
vt 0.5721 0.0837
vt 0.5667 0.0922
vt 0.5651 0.0898
vt 0.5580 0.0937
vt 0.5667 0.0922
vt 0.5651 0.1053
vt 0.5540 0.1065
vt 0.5502 0.1060
vt 0.5186 0.1193
vt 0.5266 0.1144
vt 0.5277 0.1194
vt 0.5166 0.1224
vt 0.5347 0.1097
vt 0.5428 0.1036
vt 0.5454 0.1479
vt 0.5243 0.1609
vt 0.5132 0.1606
vt 0.5288 0.1424
vt 0.5140 0.1742
vt 0.5018 0.1699
vt 0.4862 0.1815
vt 0.4780 0.1746
vt 0.4894 0.1583
vt 0.4281 0.1847
vt 0.4269 0.1663
vt 0.4425 0.1521
vt 0.4496 0.1707
vt 0.4099 0.1622
vt 0.4068 0.1568
vt 0.4211 0.1521
vt 0.4245 0.1556
vt 0.3906 0.1605
vt 0.3891 0.1560
vt 0.3729 0.1629
vt 0.3578 0.1634
vt 0.3577 0.1587
vt 0.3732 0.1592
vt 0.3286 0.1604
vt 0.3444 0.1585
vt 0.3577 0.1587
vt 0.3430 0.1625
vt 0.3640 0.1554
vt 0.3702 0.1568
vt 0.3577 0.1587
vt 0.3556 0.1558
vt 0.3808 0.1538
vt 0.3889 0.1527
vt 0.3891 0.1560
vt 0.3724 0.1546
vt 0.3969 0.1516
vt 0.4024 0.1533
vt 0.4128 0.1498
vt 0.4207 0.1481
vt 0.4211 0.1521
vt 0.4049 0.1507
vt 0.4425 0.1521
vt 0.4362 0.1494
vt 0.4287 0.1466
vt 0.4368 0.1452
vt 0.4530 0.1418
vt 0.4612 0.1395
vt 0.4674 0.1392
vt 0.4774 0.1397
vt 0.4736 0.1387
vt 0.4796 0.1352
vt 0.4857 0.1317
vt 0.4941 0.1290
vt 0.5023 0.1262
vt 0.4944 0.1316
vt 0.3471 0.1564
vt 0.3386 0.1573
vt 0.2976 0.1542
vt 0.3076 0.1553
vt 0.3286 0.1604
vt 0.3077 0.1573
vt 0.3302 0.1583
vt 0.3240 0.1572
vt 0.3286 0.1604
vt 0.3275 0.1700
vt 0.3106 0.1810
vt 0.3122 0.1660
vt 0.2972 0.1568
vt 0.2952 0.1722
vt 0.3427 0.1937
vt 0.3113 0.1959
vt 0.2895 0.1898
vt 0.3141 0.1885
vt 0.2895 0.1898
vt 0.2717 0.1908
vt 0.2512 0.1818
vt 0.2728 0.1835
vt 0.2198 0.1748
vt 0.2246 0.1694
vt 0.2444 0.1708
vt 0.2385 0.1759
vt 0.2341 0.1428
vt 0.2481 0.1546
vt 0.2444 0.1708
vt 0.2294 0.1586
vt 0.2658 0.1507
vt 0.2626 0.1668
vt 0.2350 0.1403
vt 0.2427 0.1420
vt 0.2658 0.1507
vt 0.2448 0.1447
vt 0.2663 0.1487
vt 0.2740 0.1495
vt 0.2658 0.1507
vt 0.2585 0.1461
vt 0.2819 0.1503
vt 0.2898 0.1523
vt 0.2341 0.1428
vt 0.2258 0.1393
vt 0.2271 0.1376
vt 0.2086 0.1343
vt 0.2193 0.1347
vt 0.2115 0.1313
vt 0.2038 0.1281
vt 0.1957 0.1254
vt 0.2086 0.1343
vt 0.1900 0.1369
vt 0.1866 0.1248
vt 0.1943 0.1274
vt 0.1876 0.1227
vt 0.1792 0.1179
vt 0.1866 0.1248
vt 0.1738 0.1293
vt 0.1611 0.1118
vt 0.1728 0.1166
vt 0.1542 0.1034
vt 0.1624 0.1082
vt 0.1611 0.1118
vt 0.1460 0.0972
vt 0.1611 0.1118
vt 0.1428 0.1120
vt 0.1285 0.0883
vt 0.1424 0.0971
vt 0.1233 0.0797
vt 0.1305 0.0853
vt 0.1285 0.0883
vt 0.1159 0.0758
vt 0.1285 0.0883
vt 0.1142 0.0906
vt 0.1070 0.0733
vt 0.1146 0.0779
vt 0.1087 0.0716
vt 0.1044 0.0670
vt 0.1070 0.0733
vt 0.0977 0.0799
vt 0.0956 0.0614
vt 0.1008 0.0657
vt 0.0776 0.0432
vt 0.0718 0.0264
vt 0.0739 0.0244
vt 0.0824 0.0431
vt 0.0644 0.0121
vt 0.0680 0.0150
vt 0.0644 0.0121
vt 0.0513 0.0089
vt 0.0512 0.0019
vt 0.0579 0.0045
vt 0.0385 0.0071
vt 0.0462 0.0035
vt 0.0512 0.0019
vt 0.0427 0.0068
vt 0.0528 0.0002
vt 0.0553 0.0001
vt 0.0375 0.0122
vt 0.0339 0.0207
vt 0.0274 0.0152
vt 0.0346 0.0115
vt 0.0274 0.0152
vt 0.0211 0.0402
vt 0.0124 0.0341
vt 0.0176 0.0255
vt 0.0090 0.0305
vt 0.0111 0.0285
vt 0.0124 0.0341
vt 0.0071 0.0327
vt 0.0124 0.0341
vt 0.0094 0.0495
vt 0.0031 0.0481
vt 0.0068 0.0392
vt 0.0031 0.0481
vt 0.0069 0.0658
vt 0.0066 0.0826
vt 0.0029 0.0655
vt 0.0001 0.0656
vt 0.0013 0.0777
vt 0.0033 0.0892
vt 0.0043 0.0967
vt 0.0066 0.0826
vt 0.0091 0.0834
vt 0.0091 0.1008
vt 0.0070 0.0959
vt 0.0054 0.1042
vt 0.0092 0.1056
vt 0.0091 0.1008
vt 0.0141 0.0879
vt 0.0208 0.0959
vt 0.0142 0.1027
vt 0.0131 0.1111
vt 0.0172 0.1071
vt 0.0208 0.0959
vt 0.0291 0.0974
vt 0.0229 0.1051
vt 0.0205 0.1051
vt 0.0177 0.1137
vt 0.0224 0.1152
vt 0.0229 0.1051
vt 0.0358 0.1060
vt 0.0401 0.1226
vt 0.0296 0.1182
vt 0.0621 0.1626
vt 0.0451 0.1412
vt 0.0401 0.1226
vt 0.0559 0.1324
vt 0.0322 0.1368
vt 0.0327 0.1294
vt 0.0443 0.0903
vt 0.0488 0.0599
vt 0.0514 0.0773
vt 0.0443 0.0903
vt 0.0378 0.0826
vt 0.0610 0.0814
vt 0.0570 0.0940
vt 0.0904 0.1064
vt 0.0723 0.0994
vt 0.0610 0.0814
vt 0.0741 0.0875
vt 0.0713 0.0747
vt 0.0612 0.0655
vt 0.0488 0.0599
vt 0.0359 0.0548
vt 0.0372 0.0342
vt 0.0458 0.0449
vt 0.0123 0.0665
vt 0.0157 0.0567
vt 0.0218 0.0695
vt 0.0185 0.0775
vt 0.0948 0.1298
vt 0.0836 0.1156
vt 0.0904 0.1064
vt 0.1036 0.1270
vt 0.1072 0.1105
vt 0.1248 0.1116
vt 0.1387 0.1362
vt 0.1121 0.1178
vt 0.1737 0.1521
vt 0.1577 0.1332
vt 0.1387 0.1362
vt 0.1614 0.1504
vt 0.1254 0.1447
vt 0.1452 0.1479
vt 0.1725 0.1630
vt 0.1473 0.1572
vt 0.1450 0.1640
vt 0.1614 0.1669
vt 0.1665 0.1737
vt 0.1865 0.1751
vt 0.1665 0.1737
vt 0.1562 0.2104
vt 0.1471 0.2246
vt 0.1528 0.1882
vt 0.1471 0.2246
vt 0.1410 0.2271
vt 0.1391 0.2231
vt 0.1435 0.2049
vt 0.1450 0.1640
vt 0.1380 0.1920
vt 0.1391 0.2231
vt 0.1218 0.2119
vt 0.1142 0.1957
vt 0.1282 0.2031
vt 0.1156 0.1676
vt 0.1306 0.1730
vt 0.1311 0.1874
vt 0.1202 0.1834
vt 0.1156 0.1676
vt 0.1030 0.1810
vt 0.0805 0.1792
vt 0.0971 0.1592
vt 0.0719 0.1695
vt 0.0825 0.1600
vt 0.0805 0.1792
vt 0.0760 0.1805
vt 0.0752 0.1928
vt 0.0874 0.1946
vt 0.0737 0.1969
vt 0.0717 0.1916
vt 0.0752 0.1928
vt 0.0847 0.2036
vt 0.0661 0.1855
vt 0.0711 0.1827
vt 0.0642 0.1891
vt 0.0594 0.1846
vt 0.0661 0.1855
vt 0.0689 0.1931
vt 0.0547 0.1796
vt 0.0595 0.1802
vt 0.0485 0.1645
vt 0.0574 0.1752
vt 0.0374 0.1522
vt 0.0334 0.1464
vt 0.0322 0.1368
vt 0.0463 0.1662
vt 0.0295 0.1407
vt 0.0267 0.1369
vt 0.0236 0.1334
vt 0.0272 0.1328
vt 0.0148 0.1206
vt 0.0192 0.1205
vt 0.0257 0.1285
vt 0.0211 0.1273
vt 0.0100 0.1156
vt 0.0072 0.1101
vt 0.0131 0.1111
vt 0.0125 0.1159
vt 0.0148 0.1206
vt 0.0120 0.1189
vt 0.0967 0.2156
vt 0.1074 0.2207
vt 0.1074 0.2207
vt 0.0967 0.2092
vt 0.1095 0.2150
vt 0.1110 0.2236
vt 0.1147 0.2268
vt 0.1251 0.2339
vt 0.1370 0.2332
vt 0.1279 0.2303
vt 0.1095 0.2150
vt 0.1296 0.2241
vt 0.1428 0.2409
vt 0.1380 0.2383
vt 0.1370 0.2332
vt 0.1422 0.2331
vt 0.1415 0.2457
vt 0.1375 0.2435
vt 0.1428 0.2409
vt 0.1462 0.2474
vt 0.1428 0.2409
vt 0.1474 0.2353
vt 0.1522 0.2397
vt 0.1485 0.2430
vt 0.1553 0.2300
vt 0.1516 0.2315
vt 0.1522 0.2397
vt 0.1645 0.2384
vt 0.1553 0.2300
vt 0.1787 0.2221
vt 0.1913 0.2302
vt 0.1776 0.2353
vt 0.1709 0.2035
vt 0.1909 0.2047
vt 0.2149 0.2424
vt 0.2067 0.2439
vt 0.1913 0.2302
vt 0.2084 0.2210
vt 0.2128 0.2567
vt 0.2003 0.2477
vt 0.1965 0.2540
vt 0.1919 0.2437
vt 0.1875 0.2519
vt 0.1821 0.2509
vt 0.1880 0.2465
vt 0.1909 0.2507
vt 0.1765 0.2502
vt 0.1717 0.2451
vt 0.1917 0.2535
vt 0.1965 0.2540
vt 0.2035 0.2586
vt 0.1955 0.2556
vt 0.2147 0.2629
vt 0.2113 0.2618
vt 0.2144 0.2590
vt 0.2186 0.2585
vt 0.2182 0.2636
vt 0.2229 0.2636
vt 0.2186 0.2585
vt 0.2239 0.2528
vt 0.2273 0.2575
vt 0.2243 0.2597
vt 0.2278 0.2632
vt 0.2405 0.2617
vt 0.2273 0.2575
vt 0.2390 0.2510
vt 0.2665 0.2539
vt 0.2486 0.2570
vt 0.2664 0.2605
vt 0.2602 0.2600
vt 0.2665 0.2539
vt 0.2720 0.2620
vt 0.2665 0.2539
vt 0.2690 0.2458
vt 0.2784 0.2576
vt 0.2743 0.2585
vt 0.2775 0.2638
vt 0.2853 0.2630
vt 0.2510 0.2404
vt 0.2626 0.2258
vt 0.2258 0.2419
vt 0.2424 0.2205
vt 0.2396 0.1922
vt 0.2590 0.2062
vt 0.2744 0.2007
vt 0.2852 0.2111
vt 0.2791 0.2291
vt 0.2721 0.2185
vt 0.3020 0.2037
vt 0.3106 0.2228
vt 0.3062 0.2489
vt 0.2959 0.2278
vt 0.2988 0.2677
vt 0.2947 0.2492
vt 0.3062 0.2489
vt 0.3038 0.2625
vt 0.3066 0.2704
vt 0.3088 0.2632
vt 0.3062 0.2489
vt 0.3143 0.2375
vt 0.3138 0.2476
vt 0.3113 0.2555
vt 0.3137 0.2697
vt 0.3230 0.2482
vt 0.3242 0.2143
vt 0.3266 0.2293
vt 0.3424 0.2250
vt 0.3365 0.2150
vt 0.3317 0.2671
vt 0.3257 0.2694
vt 0.3137 0.2697
vt 0.3292 0.2549
vt 0.3147 0.2759
vt 0.3115 0.2720
vt 0.3137 0.2697
vt 0.3236 0.2737
vt 0.3066 0.2760
vt 0.3022 0.2750
vt 0.3066 0.2704
vt 0.3106 0.2761
vt 0.2979 0.2735
vt 0.3013 0.2705
vt 0.3325 0.2712
vt 0.3367 0.2703
vt 0.3410 0.2698
vt 0.3383 0.2636
vt 0.3410 0.2698
vt 0.3441 0.2642
vt 0.3501 0.2690
vt 0.3451 0.2713
vt 0.3492 0.2731
vt 0.3559 0.2728
vt 0.3560 0.2474
vt 0.3579 0.2643
vt 0.3501 0.2690
vt 0.3492 0.2568
vt 0.3560 0.2474
vt 0.3617 0.2392
vt 0.3684 0.2556
vt 0.3639 0.2598
vt 0.3676 0.2757
vt 0.3706 0.2631
vt 0.3608 0.2132
vt 0.3687 0.2429
vt 0.3832 0.2087
vt 0.3879 0.2379
vt 0.3759 0.2577
vt 0.3735 0.2272
vt 0.4047 0.2458
vt 0.3878 0.2608
vt 0.3827 0.2774
vt 0.3779 0.2712
vt 0.3747 0.2782
vt 0.3728 0.2707
vt 0.3746 0.2833
vt 0.3706 0.2827
vt 0.3747 0.2782
vt 0.3790 0.2833
vt 0.3665 0.2816
vt 0.3697 0.2785
vt 0.3834 0.2829
vt 0.3801 0.2795
vt 0.3827 0.2774
vt 0.3940 0.2806
vt 0.3827 0.2774
vt 0.3993 0.2654
vt 0.4104 0.2713
vt 0.3989 0.2756
vt 0.4164 0.2774
vt 0.4106 0.2777
vt 0.4104 0.2713
vt 0.4228 0.2769
vt 0.4104 0.2713
vt 0.4205 0.2632
vt 0.4298 0.2739
vt 0.4234 0.2737
vt 0.4289 0.2771
vt 0.4382 0.2746
vt 0.4549 0.2735
vt 0.4477 0.2676
vt 0.4214 0.2444
vt 0.4365 0.2580
vt 0.4417 0.2007
vt 0.4576 0.2250
vt 0.4575 0.2563
vt 0.4405 0.2343
vt 0.4606 0.2039
vt 0.4737 0.2162
vt 0.4688 0.2539
vt 0.4665 0.2429
vt 0.4737 0.2162
vt 0.4789 0.2362
vt 0.4945 0.2369
vt 0.4881 0.2216
vt 0.4663 0.1953
vt 0.4787 0.2078
vt 0.5200 0.1860
vt 0.5157 0.2126
vt 0.4961 0.2118
vt 0.4941 0.1978
vt 0.5303 0.2199
vt 0.5312 0.2380
vt 0.5338 0.2459
vt 0.5133 0.2515
vt 0.4966 0.2532
vt 0.5212 0.2454
vt 0.5022 0.2578
vt 0.4969 0.2592
vt 0.4934 0.2583
vt 0.4966 0.2532
vt 0.5209 0.2553
vt 0.5079 0.2567
vt 0.5385 0.2530
vt 0.5336 0.2542
vt 0.5369 0.2489
vt 0.5426 0.2470
vt 0.5431 0.2516
vt 0.5467 0.2498
vt 0.5426 0.2470
vt 0.5435 0.2408
vt 0.5481 0.2412
vt 0.5467 0.2452
vt 0.5386 0.2423
vt 0.5395 0.2334
vt 0.5200 0.1860
vt 0.5244 0.1789
vt 0.5392 0.1765
vt 0.5330 0.1993
vt 0.5392 0.1765
vt 0.5463 0.2026
vt 0.5469 0.2327
vt 0.5421 0.2150
vt 0.5517 0.1972
vt 0.5553 0.2131
vt 0.5674 0.2072
vt 0.5618 0.1946
vt 0.5616 0.2231
vt 0.5723 0.2280
vt 0.5802 0.2078
vt 0.5662 0.2372
vt 0.5573 0.2423
vt 0.5723 0.2280
vt 0.5699 0.2349
vt 0.6034 0.2060
vt 0.5838 0.2220
vt 0.5723 0.2280
vt 0.5924 0.2074
vt 0.6046 0.2100
vt 0.5946 0.2164
vt 0.6034 0.2060
vt 0.6067 0.2048
vt 0.6123 0.1987
vt 0.6077 0.1960
vt 0.6139 0.2027
vt 0.6092 0.2064
vt 0.6123 0.1987
vt 0.6193 0.1986
vt 0.6123 0.1987
vt 0.6140 0.1906
vt 0.6221 0.1898
vt 0.6195 0.1942
vt 0.6246 0.1939
vt 0.6330 0.1794
vt 0.6221 0.1898
vt 0.6161 0.1832
vt 0.6185 0.1768
vt 0.6311 0.1736
vt 0.6567 0.1562
vt 0.6518 0.1617
vt 0.6540 0.1527
vt 0.6601 0.1523
vt 0.6540 0.1527
vt 0.6545 0.1444
vt 0.6619 0.1437
vt 0.6599 0.1482
vt 0.6638 0.1489
vt 0.6671 0.1424
vt 0.6749 0.1351
vt 0.6701 0.1353
vt 0.6812 0.1300
vt 0.6784 0.1333
vt 0.6749 0.1351
vt 0.6785 0.1302
vt 0.6757 0.1363
vt 0.6699 0.1423
vt 0.6354 0.1808
vt 0.6540 0.1527
vt 0.5834 0.2279
vt 0.5735 0.2330
vt 0.6469 0.1672
vt 0.6789 0.1250
vt 0.6849 0.1243
vt 0.6728 0.1280
vt 0.6757 0.1295
vt 0.5500 0.2477
vt 0.5557 0.2393
vt 0.5481 0.2412
vt 0.5449 0.2359
vt 0.5469 0.2327
vt 0.5548 0.2341
vt 0.5395 0.2334
vt 0.6728 0.1280
vt 0.6675 0.1294
vt 0.6396 0.1558
vt 0.6185 0.1768
vt 0.6293 0.1465
vt 0.6158 0.1620
vt 0.6219 0.1245
vt 0.5524 0.1846
vt 0.6077 0.1828
vt 0.6077 0.1828
vt 0.5987 0.1920
vt 0.6031 0.1937
vt 0.5661 0.1800
vt 0.5778 0.1932
vt 0.6077 0.1828
vt 0.5982 0.1731
vt 0.5887 0.1428
vt 0.5843 0.1719
vt 0.6219 0.1245
vt 0.6058 0.1504
vt 0.5709 0.1598
vt 0.5661 0.1800
vt 0.5544 0.1712
vt 0.5140 0.1742
vt 0.5372 0.1693
vt 0.5001 0.1853
vt 0.5578 0.1569
vt 0.5393 0.1598
vt 0.4663 0.1953
vt 0.5395 0.2334
vt 0.5348 0.2391
vt 0.4621 0.1903
vt 0.4112 0.2096
vt 0.4120 0.2029
vt 0.4417 0.2007
vt 0.4247 0.2183
vt 0.4281 0.1847
vt 0.4494 0.1868
vt 0.4417 0.2007
vt 0.4176 0.1947
vt 0.3918 0.1892
vt 0.4100 0.1787
vt 0.4281 0.1847
vt 0.4011 0.1908
vt 0.4780 0.1746
vt 0.3833 0.1984
vt 0.4961 0.2118
vt 0.5312 0.2380
vt 0.5081 0.2426
vt 0.4945 0.2369
vt 0.5076 0.2294
vt 0.4773 0.2544
vt 0.4945 0.2369
vt 0.4929 0.2511
vt 0.4874 0.2626
vt 0.4837 0.2572
vt 0.4710 0.2742
vt 0.4679 0.2719
vt 0.4699 0.2691
vt 0.4759 0.2688
vt 0.4633 0.2726
vt 0.4638 0.2663
vt 0.4636 0.2776
vt 0.4590 0.2785
vt 0.4633 0.2726
vt 0.4674 0.2761
vt 0.4543 0.2790
vt 0.4577 0.2749
vt 0.4796 0.2692
vt 0.4874 0.2626
vt 0.4925 0.2614
vt 0.4886 0.2641
vt 0.5338 0.2459
vt 0.4575 0.2563
vt 0.4656 0.2599
vt 0.4586 0.2677
vt 0.4575 0.2563
vt 0.4418 0.2779
vt 0.4549 0.2735
vt 0.4774 0.1397
vt 0.4658 0.1555
vt 0.4449 0.1438
vt 0.4550 0.1453
vt 0.4099 0.1622
vt 0.3891 0.1560
vt 0.3916 0.1715
vt 0.3688 0.1736
vt 0.3729 0.1629
vt 0.3427 0.1683
vt 0.3178 0.1562
vt 0.3427 0.1683
vt 0.2976 0.1542
vt 0.2869 0.1540
vt 0.2972 0.1568
vt 0.2506 0.1436
vt 0.2777 0.1787
vt 0.2802 0.1619
vt 0.2926 0.1833
vt 0.2578 0.1772
vt 0.3427 0.1683
vt 0.3589 0.1839
vt 0.3427 0.1937
vt 0.3320 0.1810
vt 0.3726 0.1938
vt 0.2097 0.1620
vt 0.2176 0.1462
vt 0.2086 0.1343
vt 0.1976 0.1495
vt 0.1737 0.1521
vt 0.1706 0.1130
vt 0.1854 0.1591
vt 0.1725 0.1630
vt 0.2007 0.1667
vt 0.2198 0.1748
vt 0.2041 0.1755
vt 0.2203 0.1888
vt 0.2305 0.1818
vt 0.1378 0.0908
vt 0.0904 0.1064
vt 0.1016 0.0966
vt 0.1182 0.1292
vt 0.0956 0.0614
vt 0.0846 0.0405
vt 0.0741 0.0215
vt 0.0790 0.0284
vt 0.0739 0.0244
vt 0.0699 0.0150
vt 0.0928 0.0522
vt 0.0965 0.0573
vt 0.0956 0.0614
vt 0.0885 0.0438
vt 0.0841 0.0354
vt 0.1001 0.0624
vt 0.0857 0.0805
vt 0.0713 0.0747
vt 0.0667 0.0528
vt 0.0776 0.0432
vt 0.0816 0.0597
vt 0.0517 0.0405
vt 0.0645 0.0318
vt 0.0619 0.0044
vt 0.0657 0.0087
vt 0.0580 0.0002
vt 0.0517 0.0405
vt 0.0420 0.0292
vt 0.0375 0.0122
vt 0.0512 0.0217
vt 0.0270 0.0138
vt 0.0296 0.0121
vt 0.0274 0.0152
vt 0.0247 0.0155
vt 0.0320 0.0104
vt 0.0354 0.0089
vt 0.0385 0.0071
vt 0.0178 0.0219
vt 0.0223 0.0171
vt 0.0292 0.0404
vt 0.0132 0.0265
vt 0.0218 0.0695
vt 0.0053 0.0350
vt 0.0035 0.0379
vt 0.0008 0.0528
vt 0.0018 0.0407
vt 0.0303 0.0757
vt 0.0538 0.0606
vt 0.0655 0.1105
vt 0.0502 0.1078
vt 0.0257 0.1285
vt 0.0141 0.1216
vt 0.0186 0.1273
vt 0.0151 0.1152
vt 0.0177 0.1137
vt 0.0322 0.1368
vt 0.0509 0.1588
vt 0.0638 0.1692
vt 0.0719 0.1695
vt 0.0667 0.1482
vt 0.0651 0.1770
vt 0.0948 0.1298
vt 0.0776 0.1370
vt 0.0719 0.1695
vt 0.1142 0.1957
vt 0.1005 0.1955
vt 0.1095 0.2150
vt 0.1119 0.1473
vt 0.1287 0.1588
vt 0.1338 0.2409
vt 0.1471 0.2246
vt 0.1511 0.2487
vt 0.1637 0.2495
vt 0.2203 0.1888
vt 0.1926 0.1891
vt 0.1909 0.2047
vt 0.2008 0.2078
vt 0.2071 0.2576
vt 0.2189 0.2526
vt 0.2176 0.2471
vt 0.2258 0.2419
vt 0.2201 0.2254
vt 0.2258 0.2419
vt 0.2539 0.2605
vt 0.2285 0.2085
vt 0.2203 0.1888
vt 0.2371 0.1876
vt 0.2512 0.1818
vt 0.2551 0.1916
vt 0.2744 0.2007
vt 0.2886 0.1981
vt 0.3020 0.2037
vt 0.2626 0.2258
vt 0.2733 0.2376
vt 0.2784 0.2576
vt 0.2853 0.2522
vt 0.2791 0.2291
vt 0.3229 0.2040
vt 0.3242 0.2143
vt 0.2878 0.2687
vt 0.2988 0.2677
vt 0.3365 0.2044
vt 0.3833 0.1984
vt 0.3563 0.1993
vt 0.3419 0.2544
vt 0.3389 0.2494
vt 0.3419 0.2544
vt 0.3424 0.2250
vt 0.3529 0.2287
vt 0.3560 0.2474
vt 0.3463 0.2424
vt 0.3486 0.2146
vt 0.3608 0.2132
vt 0.3429 0.2056
vt 0.3623 0.2057
vt 0.3759 0.2577
vt 0.3758 0.2068
vt 0.3832 0.2087
vt 0.3926 0.2056
vt 0.3998 0.2214
vt 0.4214 0.2444
vt 0.4122 0.2537
vt 0.4047 0.2458
vt 0.4125 0.2333
vt 0.3676 0.2757
vt 0.4049 0.2785
vt 0.3578 0.2776
vt 0.6925 0.1023
vt 0.6902 0.0950
vt 0.6855 0.0990
vt 0.6844 0.1134
vt 0.6731 0.0300
vt 0.6812 0.0567
vt 0.6788 0.0326
vt 0.6616 0.0217
vt 0.6655 0.0259
vt 0.6731 0.0300
vt 0.6490 0.0295
vt 0.6374 0.0188
vt 0.6481 0.0430
vt 0.6305 0.0382
vt 0.6481 0.0430
vt 0.6487 0.0565
vt 0.6061 0.0528
vt 0.6472 0.1012
vt 0.6526 0.0970
vt 0.6376 0.0812
vt 0.5954 0.1177
vt 0.6155 0.0972
vt 0.6376 0.0812
vt 0.6183 0.1077
vt 0.6132 0.0925
vt 0.6268 0.0814
vt 0.6164 0.0717
vt 0.6297 0.0704
vt 0.5889 0.0702
vt 0.5104 0.1228
vt 0.5032 0.1285
vt 0.5032 0.1285
vt 0.5148 0.1358
vt 0.5132 0.1606
vt 0.4977 0.1429
vt 0.5277 0.1194
vt 0.5507 0.0974
vt 0.5491 0.1034
vt 0.5277 0.1194
vt 0.5416 0.1237
vt 0.5454 0.1479
vt 0.5584 0.1243
vt 0.6656 0.5224
vt 0.6594 0.5217
vt 0.6757 0.5144
vt 0.6747 0.5199
vt 0.6372 0.5277
vt 0.6562 0.5086
vt 0.6757 0.5144
vt 0.6927 0.4998
vt 0.7018 0.5064
vt 0.6871 0.5127
vt 0.6919 0.5140
vt 0.6837 0.5172
vt 0.7063 0.5071
vt 0.6999 0.5107
vt 0.7174 0.4989
vt 0.7127 0.5033
vt 0.7261 0.4558
vt 0.7259 0.4869
vt 0.7221 0.4943
vt 0.7169 0.4855
vt 0.7260 0.4456
vt 0.7288 0.4535
vt 0.7261 0.4558
vt 0.7185 0.4483
vt 0.7312 0.4615
vt 0.7304 0.4704
vt 0.7245 0.4431
vt 0.7038 0.4437
vt 0.7038 0.4437
vt 0.6893 0.4368
vt 0.7166 0.4349
vt 0.7145 0.4397
vt 0.6997 0.4265
vt 0.7050 0.4273
vt 0.7166 0.4349
vt 0.6879 0.4309
vt 0.7103 0.4284
vt 0.7152 0.4320
vt 0.7200 0.4358
vt 0.7215 0.4381
vt 0.6817 0.4278
vt 0.6470 0.4323
vt 0.6639 0.4295
vt 0.6549 0.4301
vt 0.6462 0.4307
vt 0.6378 0.4314
vt 0.6470 0.4323
vt 0.6770 0.4431
vt 0.6808 0.4534
vt 0.6574 0.4464
vt 0.7004 0.4785
vt 0.6774 0.4921
vt 0.6559 0.4834
vt 0.6791 0.4718
vt 0.6559 0.4834
vt 0.6272 0.4790
vt 0.6196 0.4615
vt 0.6401 0.4660
vt 0.6196 0.4615
vt 0.5868 0.4673
vt 0.5822 0.4618
vt 0.6074 0.4542
vt 0.5042 0.4636
vt 0.5037 0.4531
vt 0.5130 0.4474
vt 0.5327 0.4575
vt 0.5343 0.4405
vt 0.5407 0.4396
vt 0.5130 0.4474
vt 0.5235 0.4429
vt 0.5129 0.4454
vt 0.5034 0.4470
vt 0.5757 0.4307
vt 0.5559 0.4348
vt 0.6044 0.4307
vt 0.6104 0.4311
vt 0.5991 0.4397
vt 0.5931 0.4337
vt 0.6164 0.4316
vt 0.6119 0.4369
vt 0.5913 0.4298
vt 0.5757 0.4307
vt 0.4936 0.4487
vt 0.4919 0.4574
vt 0.4778 0.4600
vt 0.4852 0.4488
vt 0.4768 0.4489
vt 0.4688 0.4478
vt 0.5042 0.4636
vt 0.5053 0.4774
vt 0.4968 0.4857
vt 0.4930 0.4698
vt 0.4888 0.5106
vt 0.4821 0.5041
vt 0.4968 0.4857
vt 0.5045 0.5017
vt 0.5151 0.4829
vt 0.5132 0.4923
vt 0.5151 0.4829
vt 0.5258 0.4751
vt 0.5585 0.4790
vt 0.5465 0.4872
vt 0.5662 0.4998
vt 0.5769 0.4903
vt 0.5281 0.5085
vt 0.5363 0.4971
vt 0.5662 0.4998
vt 0.5390 0.5196
vt 0.5662 0.4998
vt 0.5774 0.5118
vt 0.5605 0.5436
vt 0.5499 0.5313
vt 0.5990 0.5361
vt 0.5990 0.5378
vt 0.5893 0.5394
vt 0.5829 0.5397
vt 0.5748 0.5424
vt 0.5605 0.5453
vt 0.5464 0.5478
vt 0.5605 0.5436
vt 0.5322 0.5502
vt 0.5386 0.5481
vt 0.5232 0.5521
vt 0.5140 0.5534
vt 0.5049 0.5549
vt 0.5231 0.5504
vt 0.4960 0.5565
vt 0.5050 0.5539
vt 0.4959 0.5548
vt 0.5157 0.5380
vt 0.4959 0.5548
vt 0.4873 0.5566
vt 0.4701 0.5585
vt 0.4793 0.5512
vt 0.4719 0.5398
vt 0.4600 0.5474
vt 0.4701 0.5585
vt 0.4533 0.5621
vt 0.4448 0.5632
vt 0.4509 0.5553
vt 0.4110 0.5660
vt 0.4200 0.5542
vt 0.4448 0.5632
vt 0.4280 0.5647
vt 0.4376 0.5437
vt 0.4288 0.5468
vt 0.4376 0.5437
vt 0.4566 0.5331
vt 0.4602 0.5160
vt 0.4398 0.5264
vt 0.4626 0.4849
vt 0.4791 0.4769
vt 0.4968 0.4857
vt 0.4733 0.4955
vt 0.4602 0.5160
vt 0.4450 0.4993
vt 0.4626 0.4849
vt 0.4360 0.4863
vt 0.4331 0.4767
vt 0.4580 0.4737
vt 0.4289 0.4435
vt 0.4448 0.4442
vt 0.4607 0.4469
vt 0.4409 0.4556
vt 0.3787 0.4582
vt 0.3951 0.4529
vt 0.4289 0.4435
vt 0.4034 0.4551
vt 0.3716 0.4580
vt 0.3789 0.4567
vt 0.4123 0.4461
vt 0.3561 0.4579
vt 0.3638 0.4587
vt 0.3561 0.4649
vt 0.3489 0.4583
vt 0.3323 0.4519
vt 0.3487 0.4568
vt 0.3068 0.4450
vt 0.3151 0.4468
vt 0.3095 0.4639
vt 0.2897 0.4746
vt 0.2518 0.4516
vt 0.2905 0.4437
vt 0.2985 0.4430
vt 0.2797 0.4564
vt 0.2749 0.4458
vt 0.2827 0.4440
vt 0.2672 0.4472
vt 0.2596 0.4490
vt 0.2521 0.4505
vt 0.2443 0.4507
vt 0.2897 0.4746
vt 0.2682 0.4801
vt 0.2436 0.4706
vt 0.2614 0.4654
vt 0.2436 0.4706
vt 0.2487 0.4842
vt 0.2307 0.4871
vt 0.2307 0.4693
vt 0.2375 0.5135
vt 0.2269 0.5208
vt 0.1989 0.5096
vt 0.2224 0.5035
vt 0.1989 0.5096
vt 0.2150 0.5334
vt 0.2017 0.5510
vt 0.1873 0.5205
vt 0.2015 0.5527
vt 0.1925 0.5508
vt 0.1862 0.5485
vt 0.2017 0.5510
vt 0.2195 0.5556
vt 0.2106 0.5540
vt 0.2446 0.5396
vt 0.2591 0.5474
vt 0.2543 0.5593
vt 0.2426 0.5520
vt 0.2536 0.5321
vt 0.2786 0.5433
vt 0.2786 0.5433
vt 0.2954 0.5303
vt 0.3142 0.5307
vt 0.2908 0.5458
vt 0.3142 0.5307
vt 0.3310 0.5429
vt 0.3131 0.5655
vt 0.3022 0.5532
vt 0.3428 0.5278
vt 0.3662 0.5339
vt 0.4110 0.5660
vt 0.3943 0.5664
vt 0.3774 0.5668
vt 0.3849 0.5556
vt 0.3774 0.5668
vt 0.3691 0.5665
vt 0.3414 0.5642
vt 0.3613 0.5551
vt 0.3590 0.5663
vt 0.3490 0.5658
vt 0.3375 0.5654
vt 0.3254 0.5654
vt 0.3479 0.5191
vt 0.3672 0.5247
vt 0.4042 0.5334
vt 0.3938 0.5444
vt 0.3662 0.5339
vt 0.3860 0.5295
vt 0.3630 0.4958
vt 0.3986 0.5043
vt 0.4215 0.5194
vt 0.3904 0.5121
vt 0.3479 0.5191
vt 0.3267 0.5117
vt 0.3387 0.4989
vt 0.3499 0.5045
vt 0.2933 0.5169
vt 0.2675 0.5087
vt 0.2720 0.4950
vt 0.3014 0.5035
vt 0.3387 0.4989
vt 0.3284 0.4837
vt 0.3557 0.4779
vt 0.3525 0.4908
vt 0.3236 0.4704
vt 0.3430 0.4688
vt 0.3557 0.4779
vt 0.3234 0.4742
vt 0.3557 0.4779
vt 0.3751 0.4728
vt 0.3910 0.4828
vt 0.3698 0.4855
vt 0.2961 0.5645
vt 0.2794 0.5635
vt 0.2709 0.5626
vt 0.2625 0.5617
vt 0.2541 0.5610
vt 0.2543 0.5593
vt 0.2372 0.5583
vt 0.2285 0.5571
vt 0.1784 0.5481
vt 0.1645 0.5437
vt 0.1644 0.5454
vt 0.1503 0.5422
vt 0.1360 0.5389
vt 0.1423 0.5394
vt 0.1263 0.5372
vt 0.1170 0.5346
vt 0.1139 0.5327
vt 0.1264 0.5354
vt 0.1074 0.5322
vt 0.0980 0.5298
vt 0.0889 0.5272
vt 0.0981 0.5282
vt 0.0796 0.5245
vt 0.0829 0.5244
vt 0.0845 0.4832
vt 0.1030 0.5156
vt 0.0981 0.5282
vt 0.0845 0.5107
vt 0.0709 0.5205
vt 0.0692 0.5046
vt 0.0522 0.5100
vt 0.0559 0.5147
vt 0.0528 0.5163
vt 0.0440 0.5133
vt 0.0440 0.5133
vt 0.0359 0.5096
vt 0.0265 0.5016
vt 0.0409 0.5084
vt 0.0217 0.5019
vt 0.0154 0.4977
vt 0.0110 0.4929
vt 0.0265 0.5016
vt 0.0066 0.4881
vt 0.0127 0.4797
vt 0.0001 0.4726
vt 0.0001 0.4637
vt 0.0060 0.4494
vt 0.0032 0.4803
vt 0.0002 0.4548
vt 0.0025 0.4481
vt 0.0231 0.4283
vt 0.0223 0.4426
vt 0.0060 0.4494
vt 0.0113 0.4397
vt 0.0445 0.4345
vt 0.0379 0.4500
vt 0.0725 0.4257
vt 0.0912 0.4297
vt 0.1068 0.4351
vt 0.0727 0.4365
vt 0.0934 0.4285
vt 0.1012 0.4306
vt 0.1087 0.4329
vt 0.1118 0.4343
vt 0.1147 0.4334
vt 0.1199 0.4349
vt 0.1625 0.4560
vt 0.1359 0.4461
vt 0.1199 0.4349
vt 0.1420 0.4406
vt 0.1317 0.4329
vt 0.1378 0.4325
vt 0.1199 0.4349
vt 0.1260 0.4337
vt 0.1259 0.4486
vt 0.1146 0.4495
vt 0.1068 0.4351
vt 0.1175 0.4395
vt 0.1111 0.4651
vt 0.1010 0.4527
vt 0.1698 0.4807
vt 0.1344 0.4795
vt 0.1111 0.4651
vt 0.1476 0.4673
vt 0.0845 0.4832
vt 0.0936 0.4689
vt 0.1111 0.4651
vt 0.1061 0.4804
vt 0.0845 0.4832
vt 0.0600 0.4889
vt 0.0434 0.4733
vt 0.0711 0.4717
vt 0.1612 0.5009
vt 0.1512 0.4915
vt 0.1698 0.4807
vt 0.1814 0.4887
vt 0.1443 0.4320
vt 0.1591 0.4313
vt 0.1882 0.4386
vt 0.1838 0.4404
vt 0.2034 0.4431
vt 0.2181 0.4476
vt 0.2270 0.4492
vt 0.2177 0.4507
vt 0.0843 0.4251
vt 0.0576 0.4175
vt 0.0750 0.4218
vt 0.0397 0.4132
vt 0.0452 0.4223
vt 0.0231 0.4283
vt 0.0319 0.4154
vt 0.0103 0.4323
vt 0.0127 0.4294
vt 0.0231 0.4283
vt 0.0079 0.4370
vt 0.0148 0.4262
vt 0.0194 0.4219
vt 0.0241 0.4176
vt 0.0725 0.4257
vt 0.0051 0.4415
vt 0.1205 0.4340
vt 0.1443 0.4320
vt 0.0280 0.5059
vt 0.0060 0.4494
vt 0.0291 0.4576
vt 0.0434 0.4733
vt 0.0251 0.4749
vt 0.0522 0.5100
vt 0.0407 0.4950
vt 0.0851 0.4584
vt 0.0556 0.4606
vt 0.0851 0.4584
vt 0.0769 0.4476
vt 0.1329 0.4566
vt 0.1752 0.4460
vt 0.1625 0.4560
vt 0.1835 0.4623
vt 0.1227 0.4928
vt 0.2129 0.4846
vt 0.2002 0.4719
vt 0.1495 0.5124
vt 0.1227 0.4928
vt 0.2362 0.4506
vt 0.2325 0.4572
vt 0.2518 0.4516
vt 0.2439 0.4576
vt 0.2307 0.4871
vt 0.2143 0.4938
vt 0.2129 0.4846
vt 0.2205 0.4741
vt 0.1989 0.5096
vt 0.1911 0.4985
vt 0.1612 0.5009
vt 0.2307 0.4871
vt 0.2467 0.4986
vt 0.2720 0.4950
vt 0.3002 0.4896
vt 0.2897 0.4746
vt 0.3185 0.5222
vt 0.2933 0.5169
vt 0.3295 0.4584
vt 0.3236 0.4704
vt 0.3489 0.4583
vt 0.3660 0.4648
vt 0.3787 0.4582
vt 0.3909 0.4682
vt 0.4033 0.4637
vt 0.4090 0.4743
vt 0.2698 0.5246
vt 0.2794 0.5635
vt 0.2706 0.5555
vt 0.2459 0.5596
vt 0.2446 0.5396
vt 0.2248 0.5494
vt 0.1758 0.5319
vt 0.1264 0.5354
vt 0.1379 0.5240
vt 0.1227 0.4928
vt 0.1113 0.5038
vt 0.0704 0.5224
vt 0.0616 0.5191
vt 0.4331 0.4767
vt 0.4218 0.4612
vt 0.4331 0.4767
vt 0.4573 0.4611
vt 0.4123 0.4974
vt 0.3886 0.4921
vt 0.3910 0.4828
vt 0.4120 0.4856
vt 0.4123 0.4974
vt 0.4313 0.5110
vt 0.3630 0.4958
vt 0.3661 0.5120
vt 0.3876 0.5210
vt 0.3876 0.5210
vt 0.4044 0.5246
vt 0.4042 0.5334
vt 0.4211 0.5322
vt 0.3662 0.5339
vt 0.3400 0.5542
vt 0.3131 0.5655
vt 0.4736 0.5221
vt 0.4855 0.5352
vt 0.5281 0.5085
vt 0.5042 0.5247
vt 0.5231 0.5504
vt 0.6061 0.4920
vt 0.6061 0.4920
vt 0.6201 0.5037
vt 0.5990 0.5361
vt 0.5884 0.5240
vt 0.5822 0.4618
vt 0.5480 0.4681
vt 0.5567 0.4465
vt 0.5856 0.4441
vt 0.5585 0.4790
vt 0.5947 0.4774
vt 0.6203 0.4396
vt 0.6006 0.4470
vt 0.6228 0.4316
vt 0.6203 0.4396
vt 0.6291 0.4318
vt 0.6315 0.4416
vt 0.6448 0.4533
vt 0.6283 0.4515
vt 0.6291 0.4318
vt 0.6404 0.4391
vt 0.6448 0.4533
vt 0.6605 0.4633
vt 0.7038 0.4437
vt 0.7036 0.4512
vt 0.7230 0.4406
vt 0.7261 0.4558
vt 0.7025 0.4628
vt 0.7295 0.4795
vt 0.7004 0.4785
vt 0.7097 0.4803
vt 0.6560 0.5247
vt 0.6464 0.5268
vt 0.6372 0.5294
vt 0.6372 0.5277
vt 0.6180 0.5333
vt 0.6083 0.5354
vt 0.6148 0.5331
vt 0.6372 0.5277
vt 0.6277 0.5311
vt 0.5990 0.5361
vt 0.6305 0.5157
vt 0.4702 0.5602
vt 0.4618 0.5611
vt 0.4873 0.5576
vt 0.4785 0.5588
vt 0.9578 0.4052
vt 0.9329 0.4042
vt 0.9461 0.4040
vt 0.9559 0.4042
vt 0.9461 0.4040
vt 0.9423 0.3938
vt 0.9487 0.4002
vt 0.9529 0.4025
vt 0.9315 0.3765
vt 0.9558 0.3870
vt 0.9640 0.4033
vt 0.9665 0.3966
vt 0.9876 0.3857
vt 0.9807 0.3969
vt 0.9315 0.3765
vt 0.9375 0.3569
vt 0.9717 0.3594
vt 0.9636 0.3734
vt 0.9088 0.3346
vt 0.9477 0.3478
vt 0.9876 0.3857
vt 0.9844 0.3707
vt 0.9877 0.3617
vt 0.9935 0.3673
vt 0.9990 0.3773
vt 0.9947 0.3843
vt 0.9876 0.3857
vt 0.9965 0.3722
vt 0.9976 0.3891
vt 0.9954 0.3958
vt 0.9902 0.4010
vt 0.9921 0.3920
vt 0.9974 0.3967
vt 0.9923 0.4032
vt 0.9856 0.4081
vt 0.9799 0.4043
vt 0.9712 0.4113
vt 0.9584 0.4130
vt 0.9464 0.4104
vt 0.9649 0.4092
vt 0.9143 0.4092
vt 0.9243 0.4071
vt 0.8916 0.4063
vt 0.8932 0.4031
vt 0.9315 0.3765
vt 0.9234 0.3950
vt 0.8932 0.4031
vt 0.8970 0.3804
vt 0.8442 0.3992
vt 0.8330 0.3927
vt 0.8419 0.3855
vt 0.8596 0.3961
vt 0.8323 0.3508
vt 0.8512 0.3455
vt 0.8664 0.3619
vt 0.8469 0.3661
vt 0.8975 0.3464
vt 0.9127 0.3526
vt 0.9315 0.3765
vt 0.8984 0.3615
vt 0.8975 0.3464
vt 0.8730 0.3440
vt 0.8550 0.3239
vt 0.8871 0.3347
vt 0.8323 0.3508
vt 0.8122 0.3510
vt 0.8045 0.3353
vt 0.8305 0.3366
vt 0.8246 0.3678
vt 0.7997 0.3669
vt 0.8127 0.3928
vt 0.8181 0.3818
vt 0.7997 0.3669
vt 0.7988 0.3820
vt 0.7840 0.3862
vt 0.7938 0.3909
vt 0.7849 0.3936
vt 0.8071 0.3956
vt 0.7754 0.3952
vt 0.7668 0.3937
vt 0.7849 0.3936
vt 0.7844 0.3975
vt 0.7502 0.3850
vt 0.7730 0.3885
vt 0.7849 0.3936
vt 0.7643 0.3903
vt 0.7936 0.3985
vt 0.8033 0.4001
vt 0.8130 0.4015
vt 0.8072 0.3984
vt 0.8236 0.3994
vt 0.8233 0.4034
vt 0.8336 0.4041
vt 0.8443 0.4055
vt 0.8236 0.3994
vt 0.8448 0.4016
vt 0.8668 0.4057
vt 0.8484 0.4041
vt 0.8552 0.4068
vt 0.8667 0.4087
vt 0.8782 0.4093
vt 0.8905 0.4106
vt 0.9025 0.4115
vt 0.8947 0.4091
vt 0.9143 0.4092
vt 0.9144 0.4127
vt 0.7502 0.3850
vt 0.7365 0.3791
vt 0.7436 0.3684
vt 0.7590 0.3798
vt 0.7639 0.3519
vt 0.7826 0.3682
vt 0.7840 0.3862
vt 0.7637 0.3686
vt 0.7436 0.3684
vt 0.7184 0.3575
vt 0.7304 0.3411
vt 0.7460 0.3538
vt 0.7304 0.3411
vt 0.7224 0.3231
vt 0.7365 0.3162
vt 0.7437 0.3363
vt 0.7365 0.3162
vt 0.7584 0.3120
vt 0.7776 0.3183
vt 0.7594 0.3287
vt 0.8045 0.3353
vt 0.7819 0.3351
vt 0.7776 0.3183
vt 0.7987 0.3231
vt 0.7611 0.3023
vt 0.7406 0.3051
vt 0.6942 0.3427
vt 0.6838 0.3317
vt 0.6998 0.3126
vt 0.7082 0.3322
vt 0.6998 0.3126
vt 0.6756 0.3233
vt 0.6700 0.3176
vt 0.6851 0.3084
vt 0.6856 0.2947
vt 0.6660 0.3070
vt 0.6357 0.3300
vt 0.6496 0.3188
vt 0.6700 0.3176
vt 0.6544 0.3291
vt 0.6435 0.3089
vt 0.6282 0.3176
vt 0.6032 0.3354
vt 0.5925 0.3245
vt 0.6057 0.3142
vt 0.6148 0.3265
vt 0.6093 0.2934
vt 0.6203 0.3001
vt 0.6057 0.3142
vt 0.5953 0.3043
vt 0.5690 0.3239
vt 0.5819 0.3146
vt 0.6154 0.2916
vt 0.6466 0.2926
vt 0.6664 0.2896
vt 0.6763 0.2901
vt 0.6694 0.2925
vt 0.6466 0.2926
vt 0.6958 0.2911
vt 0.7056 0.2917
vt 0.6856 0.2947
vt 0.6860 0.2899
vt 0.7155 0.2925
vt 0.7084 0.2948
vt 0.7345 0.2945
vt 0.7437 0.2954
vt 0.7244 0.2979
vt 0.7250 0.2929
vt 0.7530 0.2966
vt 0.7461 0.2987
vt 0.7710 0.2992
vt 0.7801 0.3003
vt 0.7611 0.3023
vt 0.7620 0.2973
vt 0.7893 0.3018
vt 0.7828 0.3034
vt 0.8079 0.3049
vt 0.8177 0.3065
vt 0.7981 0.3067
vt 0.7988 0.3027
vt 0.8276 0.3083
vt 0.8209 0.3093
vt 0.8382 0.3097
vt 0.8372 0.3136
vt 0.8593 0.3146
vt 0.8702 0.3171
vt 0.8617 0.3175
vt 0.8372 0.3136
vt 0.8933 0.3231
vt 0.9057 0.3262
vt 0.8775 0.3226
vt 0.8817 0.3196
vt 0.9180 0.3297
vt 0.9014 0.3288
vt 0.9534 0.3426
vt 0.9675 0.3480
vt 0.9615 0.3497
vt 0.9359 0.3362
vt 0.6566 0.2892
vt 0.6468 0.2880
vt 0.6373 0.2885
vt 0.6248 0.2900
vt 0.6279 0.2884
vt 0.5919 0.2893
vt 0.6190 0.2878
vt 0.6100 0.2878
vt 0.6010 0.2872
vt 0.5920 0.2862
vt 0.5919 0.2893
vt 0.5916 0.2910
vt 0.5831 0.2861
vt 0.5743 0.2859
vt 0.5653 0.2856
vt 0.5652 0.2871
vt 0.5562 0.2851
vt 0.5377 0.2874
vt 0.5470 0.2848
vt 0.5379 0.2835
vt 0.5288 0.2843
vt 0.5199 0.2845
vt 0.4978 0.2985
vt 0.5065 0.2911
vt 0.5377 0.2874
vt 0.5240 0.2944
vt 0.5110 0.2845
vt 0.5020 0.2849
vt 0.4839 0.2893
vt 0.5051 0.2869
vt 0.4927 0.2855
vt 0.4835 0.2853
vt 0.4745 0.2867
vt 0.4655 0.2872
vt 0.4839 0.2893
vt 0.4535 0.2910
vt 0.4290 0.2909
vt 0.4564 0.2891
vt 0.4563 0.2876
vt 0.4472 0.2878
vt 0.4767 0.2933
vt 0.4478 0.2935
vt 0.4978 0.2985
vt 0.4823 0.3091
vt 0.4505 0.3147
vt 0.4653 0.3018
vt 0.4982 0.3145
vt 0.4672 0.3216
vt 0.4525 0.3362
vt 0.4398 0.3301
vt 0.4478 0.2935
vt 0.4367 0.3008
vt 0.4505 0.3147
vt 0.4269 0.3236
vt 0.4138 0.3172
vt 0.4253 0.3090
vt 0.4109 0.2955
vt 0.3991 0.3026
vt 0.4138 0.3172
vt 0.3893 0.3261
vt 0.3758 0.3194
vt 0.3875 0.3107
vt 0.3779 0.3425
vt 0.3660 0.3342
vt 0.3720 0.2951
vt 0.3603 0.3035
vt 0.3758 0.3194
vt 0.3553 0.3246
vt 0.3455 0.3140
vt 0.3514 0.3100
vt 0.3319 0.2970
vt 0.3314 0.3087
vt 0.3442 0.3410
vt 0.3442 0.3410
vt 0.3219 0.3525
vt 0.3022 0.3483
vt 0.3210 0.3350
vt 0.2825 0.3709
vt 0.2661 0.3624
vt 0.2672 0.3515
vt 0.2840 0.3569
vt 0.2487 0.3650
vt 0.2582 0.3482
vt 0.2620 0.3885
vt 0.2387 0.3914
vt 0.2276 0.3886
vt 0.2462 0.3808
vt 0.2276 0.3886
vt 0.2173 0.3930
vt 0.1977 0.3943
vt 0.2126 0.3838
vt 0.2124 0.3684
vt 0.1927 0.3828
vt 0.1648 0.3995
vt 0.1522 0.3955
vt 0.1678 0.3856
vt 0.1767 0.3933
vt 0.1237 0.4011
vt 0.1345 0.3769
vt 0.1115 0.3422
vt 0.1498 0.3619
vt 0.1689 0.3572
vt 0.1899 0.3547
vt 0.2124 0.3684
vt 0.1831 0.3704
vt 0.1884 0.3383
vt 0.2097 0.3468
vt 0.1579 0.3213
vt 0.1832 0.3153
vt 0.2150 0.3138
vt 0.1871 0.3243
vt 0.2544 0.3035
vt 0.2641 0.3168
vt 0.2588 0.3282
vt 0.2428 0.3150
vt 0.3022 0.3483
vt 0.2761 0.3426
vt 0.2588 0.3282
vt 0.2801 0.3316
vt 0.3022 0.3483
vt 0.3013 0.3626
vt 0.2620 0.3885
vt 0.2644 0.3749
vt 0.2825 0.3709
vt 0.2804 0.3827
vt 0.2537 0.3956
vt 0.2447 0.3969
vt 0.2263 0.3961
vt 0.2474 0.3935
vt 0.2069 0.4020
vt 0.1968 0.4030
vt 0.2030 0.4001
vt 0.2263 0.3961
vt 0.1862 0.4045
vt 0.1861 0.4004
vt 0.1643 0.4060
vt 0.1531 0.4069
vt 0.1602 0.4044
vt 0.1861 0.4004
vt 0.1292 0.4085
vt 0.1166 0.4094
vt 0.1411 0.4053
vt 0.1412 0.4083
vt 0.1037 0.4101
vt 0.1230 0.4056
vt 0.0647 0.4124
vt 0.0488 0.4130
vt 0.0538 0.4089
vt 0.0840 0.4112
vt 0.0315 0.4107
vt 0.0420 0.4080
vt 0.0901 0.4007
vt 0.1091 0.3830
vt 0.1237 0.4011
vt 0.0895 0.4033
vt 0.0399 0.4037
vt 0.0306 0.3741
vt 0.0402 0.3508
vt 0.0564 0.3856
vt 0.0128 0.3684
vt 0.0324 0.3538
vt 0.0402 0.3508
vt 0.0543 0.3430
vt 0.0801 0.3347
vt 0.0772 0.3424
vt 0.1115 0.3422
vt 0.1065 0.3316
vt 0.0434 0.3433
vt 0.0523 0.3357
vt 0.0711 0.3291
vt 0.0434 0.3433
vt 0.0373 0.3414
vt 0.0902 0.3235
vt 0.0709 0.3336
vt 0.0223 0.3491
vt 0.0158 0.3531
vt 0.0042 0.3644
vt 0.0090 0.3577
vt 0.0083 0.3662
vt 0.0037 0.3718
vt 0.0001 0.3798
vt 0.0002 0.3714
vt 0.0021 0.3769
vt 0.0028 0.3870
vt 0.0035 0.3934
vt 0.0007 0.3876
vt 0.0044 0.3907
vt 0.0097 0.3970
vt 0.0068 0.3987
vt 0.0113 0.4021
vt 0.1039 0.3202
vt 0.1175 0.3173
vt 0.1298 0.3145
vt 0.1280 0.3194
vt 0.1425 0.3130
vt 0.1493 0.3144
vt 0.1770 0.3117
vt 0.1545 0.3171
vt 0.2170 0.3068
vt 0.2032 0.3107
vt 0.1770 0.3117
vt 0.1937 0.3085
vt 0.1870 0.3070
vt 0.1762 0.3076
vt 0.2071 0.3046
vt 0.2164 0.3028
vt 0.2170 0.3068
vt 0.1971 0.3058
vt 0.2260 0.3023
vt 0.2325 0.3042
vt 0.2445 0.3001
vt 0.2535 0.2984
vt 0.2544 0.3035
vt 0.2353 0.3011
vt 0.2920 0.2996
vt 0.2958 0.3111
vt 0.2789 0.3185
vt 0.2752 0.3068
vt 0.3013 0.2943
vt 0.3085 0.2968
vt 0.2920 0.2996
vt 0.2914 0.2945
vt 0.2817 0.2959
vt 0.2723 0.2967
vt 0.3215 0.2931
vt 0.3316 0.2920
vt 0.3319 0.2970
vt 0.3114 0.2935
vt 0.3319 0.2970
vt 0.3485 0.2948
vt 0.3817 0.2908
vt 0.3947 0.2921
vt 0.3720 0.2951
vt 0.3719 0.2904
vt 0.4007 0.2898
vt 0.4101 0.2896
vt 0.4290 0.2909
vt 0.3914 0.2905
vt 0.4381 0.2881
vt 0.4288 0.2879
vt 0.4195 0.2889
vt 0.3618 0.2915
vt 0.3517 0.2918
vt 0.3415 0.2923
vt 0.4290 0.2909
vt 0.4045 0.2937
vt 0.3319 0.2970
vt 0.3136 0.3036
vt 0.4109 0.2955
vt 0.4292 0.2928
vt 0.3165 0.3155
vt 0.2544 0.3035
vt 0.2698 0.3001
vt 0.2628 0.2978
vt 0.2992 0.3274
vt 0.2544 0.3035
vt 0.2285 0.3078
vt 0.2150 0.3138
vt 0.3355 0.3235
vt 0.3191 0.3682
vt 0.3372 0.3583
vt 0.3360 0.3853
vt 0.3132 0.3886
vt 0.2970 0.3880
vt 0.3175 0.3809
vt 0.2705 0.3942
vt 0.2619 0.3945
vt 0.2970 0.3880
vt 0.2791 0.3931
vt 0.2878 0.3927
vt 0.2970 0.3930
vt 0.3065 0.3920
vt 0.3164 0.3914
vt 0.3758 0.3804
vt 0.3626 0.3830
vt 0.3360 0.3853
vt 0.3634 0.3763
vt 0.3263 0.3906
vt 0.3364 0.3903
vt 0.3757 0.3832
vt 0.3527 0.3858
vt 0.3461 0.3889
vt 0.3561 0.3880
vt 0.3762 0.3869
vt 0.3660 0.3872
vt 0.3963 0.3843
vt 0.3861 0.3853
vt 0.3928 0.3821
vt 0.4162 0.3777
vt 0.4064 0.3832
vt 0.4166 0.3828
vt 0.4162 0.3777
vt 0.3892 0.3806
vt 0.3758 0.3804
vt 0.4032 0.3726
vt 0.4536 0.3699
vt 0.4477 0.3730
vt 0.4162 0.3777
vt 0.4415 0.3674
vt 0.4263 0.3809
vt 0.4386 0.3767
vt 0.4359 0.3791
vt 0.4710 0.3712
vt 0.4449 0.3778
vt 0.4538 0.3760
vt 0.4626 0.3748
vt 0.4714 0.3744
vt 0.4959 0.3715
vt 0.4878 0.3721
vt 0.4710 0.3712
vt 0.5011 0.3697
vt 0.5346 0.3663
vt 0.5103 0.3672
vt 0.4710 0.3712
vt 0.4709 0.3694
vt 0.4874 0.3655
vt 0.4941 0.3668
vt 0.4536 0.3699
vt 0.4765 0.3627
vt 0.5229 0.3638
vt 0.5112 0.3599
vt 0.5228 0.3500
vt 0.5376 0.3600
vt 0.5107 0.3327
vt 0.5148 0.3265
vt 0.5350 0.3323
vt 0.5228 0.3383
vt 0.4982 0.3145
vt 0.5107 0.3088
vt 0.5359 0.3137
vt 0.5231 0.3200
vt 0.4865 0.3339
vt 0.4642 0.3414
vt 0.4525 0.3362
vt 0.4791 0.3280
vt 0.4286 0.3449
vt 0.4161 0.3395
vt 0.5690 0.3239
vt 0.5800 0.3347
vt 0.5680 0.3447
vt 0.5573 0.3336
vt 0.6032 0.3354
vt 0.5912 0.3448
vt 0.6029 0.3541
vt 0.6150 0.3489
vt 0.5911 0.3561
vt 0.6031 0.3693
vt 0.6150 0.3656
vt 0.5851 0.3708
vt 0.5852 0.3691
vt 0.6031 0.3693
vt 0.6089 0.3723
vt 0.5601 0.3704
vt 0.5602 0.3690
vt 0.5851 0.3708
vt 0.5685 0.3715
vt 0.5766 0.3726
vt 0.5850 0.3738
vt 0.5938 0.3740
vt 0.6028 0.3748
vt 0.6398 0.3767
vt 0.6393 0.3802
vt 0.6300 0.3783
vt 0.6178 0.3753
vt 0.6489 0.3806
vt 0.6584 0.3816
vt 0.6680 0.3826
vt 0.6618 0.3796
vt 0.6774 0.3843
vt 0.6778 0.3795
vt 0.6872 0.3848
vt 0.6968 0.3858
vt 0.6393 0.3576
vt 0.6592 0.3530
vt 0.6810 0.3620
vt 0.6658 0.3664
vt 0.7157 0.3833
vt 0.6913 0.3751
vt 0.6810 0.3620
vt 0.7133 0.3716
vt 0.7154 0.3881
vt 0.7064 0.3867
vt 0.7000 0.3832
vt 0.7157 0.3833
vt 0.7245 0.3882
vt 0.7330 0.3889
vt 0.5429 0.3694
vt 0.5347 0.3697
vt 0.5346 0.3663
vt 0.5515 0.3699
vt 0.5038 0.3708
vt 0.5115 0.3704
vt 0.5191 0.3697
vt 0.5268 0.3692
vt 0.5346 0.3663
vt 0.5474 0.3671
vt 0.6118 0.3762
vt 0.6208 0.3770
vt 0.5229 0.3638
vt 0.5682 0.3657
vt 0.5588 0.3670
vt 0.5682 0.3657
vt 0.5794 0.3603
vt 0.4797 0.3727
vt 0.5528 0.3534
vt 0.5680 0.3447
vt 0.5228 0.3500
vt 0.5419 0.3423
vt 0.6398 0.3740
vt 0.6273 0.3733
vt 0.6398 0.3767
vt 0.6523 0.3768
vt 0.5350 0.3323
vt 0.6398 0.3740
vt 0.6271 0.3617
vt 0.6393 0.3576
vt 0.6520 0.3703
vt 0.6778 0.3795
vt 0.6357 0.3300
vt 0.6260 0.3408
vt 0.6393 0.3576
vt 0.6443 0.3423
vt 0.6577 0.3394
vt 0.6577 0.3394
vt 0.6775 0.3479
vt 0.7019 0.3487
vt 0.7580 0.3922
vt 0.7500 0.3909
vt 0.7157 0.3833
vt 0.7415 0.3867
vt 0.7415 0.3902
vt 0.7580 0.3922
vt 0.7893 0.3513
vt 0.7639 0.3519
vt 0.8550 0.3239
vt 0.8136 0.3162
vt 0.8243 0.3249
vt 0.8932 0.4031
vt 0.8671 0.3835
vt 0.7776 0.3183
vt 0.7789 0.3087
vt 0.7981 0.3067
vt 0.7965 0.3136
vt 0.8163 0.3119
vt 0.8136 0.3162
vt 0.8354 0.3177
vt 0.8483 0.3124
vt 0.6998 0.3126
vt 0.7202 0.3088
vt 0.7244 0.2979
vt 0.7031 0.3013
vt 0.8775 0.3226
vt 0.8566 0.3197
vt 0.8550 0.3239
vt 0.8804 0.3268
vt 0.9615 0.3497
vt 0.9297 0.3381
vt 0.9088 0.3346
vt 0.9715 0.3549
vt 0.9817 0.3566
vt 0.9992 0.3912
vt 0.9999 0.3860
vt 0.9996 0.3817
vt 0.9394 0.4057
vt 0.9649 0.4092
vt 0.9689 0.4077
vt 0.9640 0.4033
vt 0.9685 0.4056
vt 0.6581 0.2984
vt 0.6435 0.3089
vt 0.6316 0.3054
vt 0.5712 0.3059
vt 0.5736 0.2917
vt 0.5844 0.2965
vt 0.5680 0.2891
vt 0.5369 0.2976
vt 0.5495 0.2920
vt 0.5712 0.3059
vt 0.5607 0.2982
vt 0.5369 0.2976
vt 0.5480 0.3057
vt 0.5237 0.3031
vt 0.5587 0.3145
vt 0.5359 0.3137
vt 0.5466 0.3233
vt 0.4985 0.3270
vt 0.4982 0.3145
vt 0.4869 0.3515
vt 0.4757 0.3466
vt 0.4865 0.3339
vt 0.4947 0.3392
vt 0.5228 0.3500
vt 0.4991 0.3556
vt 0.4869 0.3515
vt 0.5069 0.3447
vt 0.4648 0.3588
vt 0.4532 0.3549
vt 0.4532 0.3549
vt 0.4410 0.3501
vt 0.4290 0.3638
vt 0.4166 0.3595
vt 0.4166 0.3595
vt 0.4036 0.3541
vt 0.3774 0.3633
vt 0.3902 0.3678
vt 0.4161 0.3395
vt 0.4027 0.3330
vt 0.3907 0.3484
vt 0.3779 0.3425
vt 0.3774 0.3633
vt 0.3678 0.3572
vt 0.3360 0.3853
vt 0.3344 0.3731
vt 0.3479 0.3656
vt 0.3540 0.3714
vt 0.3568 0.3497
vt 0.2996 0.3758
vt 0.2537 0.3956
vt 0.2707 0.3906
vt 0.2358 0.3981
vt 0.2266 0.4001
vt 0.2170 0.4007
vt 0.2263 0.3961
vt 0.2033 0.3973
vt 0.2487 0.3650
vt 0.2296 0.3740
vt 0.1861 0.4004
vt 0.1829 0.3982
vt 0.1755 0.4049
vt 0.2282 0.3338
vt 0.2298 0.3557
vt 0.2487 0.3650
vt 0.2452 0.3423
vt 0.2282 0.3338
vt 0.2105 0.3286
vt 0.2150 0.3138
vt 0.2341 0.3251
vt 0.1884 0.3383
vt 0.1717 0.3389
vt 0.1463 0.3401
vt 0.1579 0.3213
vt 0.1656 0.3097
vt 0.1541 0.3112
vt 0.1324 0.3273
vt 0.1115 0.3422
vt 0.1280 0.3194
vt 0.0994 0.3255
vt 0.0901 0.4007
vt 0.0808 0.3650
vt 0.0220 0.3561
vt 0.0063 0.3757
vt 0.0128 0.3684
vt 0.0206 0.3900
vt 0.0097 0.3970
vt 0.0084 0.3844
vt 0.0399 0.4037
vt 0.0218 0.4025
vt 0.0237 0.4083
vt 0.0161 0.4054
vt 0.0399 0.4037
vt 0.0612 0.4047
vt 0.0939 0.4064
vt 0.1432 0.4021
vt 0.1411 0.4053
vt 0.1641 0.4019
vt 0.8269 0.3973
vt 0.8681 0.4029
vt 0.9265 0.4127
vt 0.9425 0.4128
vt 0.6892 0.0487
vt 0.5454 0.1479
vt 0.0375 0.0122
vt 0.0257 0.1285
vt 0.0517 0.0405
vt 0.1311 0.1874
vt 0.3429 0.2056
vt 0.5987 0.1920
vt 0.4699 0.2691
vt 0.4215 0.5194
vt 0.4778 0.4600
vt 0.3387 0.4989
vt 0.0379 0.4500
vt 0.8664 0.3619
vt 0.7244 0.2979
vt 0.5350 0.3323
f 1573/1 3/2 733/3 1/4
f 3/2 734/5 4/6 733/3
f 5/7 735/8 4/6 734/5
f 5/7 902/9 6/10 735/8
f 6/11 738/12 7/13 736/14
f 9/15 1087/16 7/17 737/18
f 12/19 1093/20 6/21 739/22
f 6/23 906/24 14/25 740/26
f 14/27 908/28 15/29 741/30
f 16/31 1100/32 13/33 742/34
f 17/35 744/36 18/37 743/38
f 19/39 927/40 18/37 744/36
f 21/41 746/42 18/43 745/44
f 22/45 747/46 18/43 746/42
f 23/47 748/48 18/43 747/46
f 23/47 749/49 24/50 748/48
f 23/47 1105/51 25/52 749/49
f 25/53 1574/54 27/55 750/56
f 29/57 1576/58 26/59 1575/60
f 30/61 751/62 26/59 1576/58
f 30/61 1577/63 31/64 751/62
f 32/65 1578/66 31/64 1577/63
f 33/67 752/68 31/64 1578/66
f 34/69 1094/70 31/64 752/68
f 34/71 1092/72 12/73 753/74
f 36/75 1098/76 35/77 754/78
f 1579/79 37/80 1580/81 10/82
f 38/83 1687/84 10/82 1580/81
f 39/85 1581/86 8/87 755/88
f 40/89 1582/90 8/87 1581/86
f 1582/90 41/91 1089/92 8/87
f 42/93 1686/94 9/95 1583/96
f 43/97 1685/98 1/99 756/100
f 1584/101 39/85 755/88 10/102
f 28/103 1574/54 25/53 1585/104
f 45/105 1105/51 23/47 1586/106
f 47/107 1688/108 23/109 757/110
f 1587/111 47/107 757/110 22/112
f 48/113 1587/111 22/112 1588/114
f 22/115 1110/116 51/117 758/118
f 53/119 1589/120 50/121 759/122
f 54/123 1690/124 50/121 1589/120
f 20/125 761/126 55/127 760/128
f 56/129 762/130 55/127 761/126
f 56/129 929/131 57/132 762/130
f 55/127 762/130 57/132 763/133
f 59/134 958/135 60/136 764/137
f 61/138 766/139 62/140 765/141
f 61/138 961/142 63/143 766/139
f 64/144 964/145 65/146 767/147
f 67/148 963/149 65/150 768/151
f 69/152 959/153 65/154 1590/155
f 70/156 1592/157 63/158 1591/159
f 71/160 957/161 63/158 1592/157
f 72/162 1594/163 62/164 1593/165
f 60/166 765/141 62/140 769/167
f 74/168 1658/169 62/164 1594/163
f 1595/170 75/171 1596/172 58/173
f 76/174 1597/175 58/173 1596/172
f 77/176 1598/177 58/173 1597/175
f 1598/177 78/178 1106/179 58/173
f 68/180 963/149 67/148 1599/181
f 81/182 1659/183 67/184 770/185
f 79/186 1599/181 67/148 1600/187
f 67/188 966/189 83/190 771/191
f 80/192 771/191 83/190 772/193
f 85/194 1056/195 86/196 773/197
f 86/198 1054/199 87/200 774/201
f 88/202 975/203 89/204 775/205
f 91/206 777/207 89/208 776/209
f 92/210 969/211 89/208 777/207
f 93/212 1661/213 92/214 778/215
f 95/216 1602/217 92/218 1601/219
f 96/220 1660/221 92/218 1602/217
f 93/212 778/215 91/222 779/223
f 1603/224 93/212 779/223 97/225
f 98/226 1603/224 97/225 1604/227
f 99/228 1604/227 97/225 1605/229
f 97/230 978/231 101/232 780/233
f 100/234 780/233 101/232 1606/235
f 101/236 979/237 103/238 781/239
f 105/240 1662/241 103/242 1607/243
f 103/244 985/245 106/246 782/247
f 108/248 1663/249 106/250 1608/251
f 106/252 987/253 109/254 783/255
f 107/256 783/255 109/254 1609/257
f 109/258 990/259 111/260 784/261
f 112/262 994/263 113/264 785/265
f 113/264 994/263 115/266 786/267
f 115/268 997/269 117/270 787/271
f 119/272 1610/273 117/274 788/275
f 120/276 1669/277 117/274 1610/273
f 118/278 1000/279 121/280 789/281
f 121/282 1002/283 123/284 790/285
f 125/286 1674/287 123/288 1611/289
f 123/290 1004/291 126/292 791/293
f 126/294 1005/295 128/296 792/297
f 127/298 792/297 128/296 1612/299
f 129/300 1612/299 128/296 1613/301
f 128/302 1006/303 131/304 793/305
f 130/306 793/305 131/304 794/307
f 131/308 1007/309 133/310 795/311
f 132/312 795/311 133/310 796/313
f 133/314 1010/315 135/316 797/317
f 134/318 797/317 135/316 798/319
f 135/320 802/321 137/322 799/323
f 139/324 801/325 137/326 800/327
f 140/328 1015/329 137/326 801/325
f 135/320 1010/315 141/330 802/321
f 142/331 804/332 141/333 803/334
f 143/335 1011/336 141/333 804/332
f 145/337 1013/338 143/339 805/340
f 144/341 805/340 143/339 806/342
f 142/343 808/344 147/345 807/346
f 149/347 1003/348 148/349 809/350
f 151/351 1014/352 145/353 810/354
f 152/355 986/356 153/357 811/358
f 103/238 979/237 154/359 812/360
f 153/361 812/360 154/359 813/362
f 150/363 984/364 155/365 814/366
f 156/367 814/366 155/365 815/368
f 157/369 815/368 155/365 816/370
f 157/371 1039/372 159/373 817/374
f 159/375 1035/376 160/377 818/378
f 156/379 818/378 160/377 819/380
f 160/381 1030/382 162/383 820/384
f 163/385 1033/386 161/387 821/388
f 163/389 1029/390 164/391 822/392
f 166/393 1026/394 164/395 823/396
f 165/397 823/396 164/395 824/398
f 169/399 826/400 165/401 825/402
f 170/403 1025/404 165/401 826/400
f 171/405 1615/406 170/407 1614/408
f 1615/406 172/409 827/410 170/407
f 172/409 1019/411 173/412 827/410
f 174/413 1617/414 140/415 1616/416
f 175/417 1618/418 140/415 1617/414
f 1618/418 176/419 1016/420 140/415
f 177/421 1017/422 136/423 828/424
f 178/425 1678/426 132/427 829/428
f 178/425 829/428 177/429 1619/430
f 180/431 169/399 825/402 168/432
f 168/433 1027/434 167/435 1620/436
f 181/437 1620/436 167/435 1621/438
f 183/439 1034/440 167/441 830/442
f 184/443 1036/444 183/445 831/446
f 186/447 1679/448 184/449 1622/450
f 184/451 1037/452 187/453 832/454
f 159/373 1039/372 188/455 833/456
f 187/457 833/456 188/455 834/458
f 188/459 836/460 190/461 835/462
f 188/459 1040/463 191/464 836/460
f 192/465 838/466 190/467 837/468
f 193/469 1043/470 190/467 838/466
f 190/467 1043/470 194/471 839/472
f 195/473 1623/474 189/475 840/476
f 1623/474 196/477 1038/478 189/475
f 1624/479 195/473 840/476 194/480
f 1625/481 197/482 1624/479 194/480
f 1626/483 198/484 1045/485 199/486
f 200/487 1626/483 199/486 1627/488
f 199/489 1049/490 202/491 841/492
f 201/493 841/492 202/491 1628/494
f 202/495 1050/496 204/497 842/498
f 206/499 1681/500 204/501 1629/502
f 204/503 845/504 207/505 843/506
f 205/507 843/506 207/505 844/508
f 204/503 846/509 209/510 845/504
f 210/511 847/512 209/510 846/509
f 209/510 847/512 211/513 848/514
f 212/515 1057/516 213/517 849/518
f 214/519 1061/520 215/521 850/522
f 208/523 1060/524 215/525 851/526
f 216/527 851/526 215/525 852/528
f 215/529 855/530 218/531 853/532
f 217/533 853/532 218/531 854/534
f 220/535 1068/536 218/531 855/530
f 219/537 1068/536 220/535 856/538
f 222/539 1065/540 217/541 857/542
f 224/543 1064/544 217/545 1630/546
f 225/547 1632/548 216/549 1631/550
f 1632/548 226/551 1063/552 216/549
f 223/553 1065/540 222/539 1633/554
f 227/555 1633/554 222/539 858/556
f 227/557 1070/558 230/559 1634/560
f 229/561 1634/560 230/559 859/562
f 232/563 1072/564 230/565 860/566
f 232/567 863/568 233/569 861/570
f 231/571 861/570 233/569 862/572
f 235/573 1076/574 233/569 863/568
f 236/575 865/576 234/577 864/578
f 237/579 866/580 234/577 865/576
f 238/581 867/582 234/577 866/580
f 239/583 1081/584 234/577 867/582
f 241/585 1636/586 239/587 1635/588
f 1636/586 242/589 1086/590 239/587
f 240/591 1085/592 238/593 1637/594
f 238/595 1084/596 244/597 868/598
f 246/599 1683/600 244/601 1638/602
f 244/603 1083/604 247/605 869/606
f 245/607 869/606 247/605 870/608
f 248/609 870/608 247/605 871/610
f 247/605 1083/604 250/611 872/612
f 251/613 874/614 249/615 873/616
f 251/613 877/617 252/618 874/614
f 254/619 950/620 252/621 875/622
f 253/623 875/622 252/621 876/624
f 256/625 937/626 252/618 877/617
f 257/627 879/628 255/629 878/630
f 257/627 930/631 258/632 879/628
f 259/633 946/634 260/635 880/636
f 1639/637 261/638 943/639 260/640
f 1640/641 262/642 946/634 259/633
f 1641/643 263/644 949/645 264/646
f 265/647 1641/643 264/646 1642/648
f 264/649 882/650 267/651 881/652
f 264/649 948/653 268/654 882/650
f 257/655 925/656 269/657 883/658
f 269/659 912/660 270/661 884/662
f 270/661 912/660 272/663 885/664
f 271/665 885/664 272/663 886/666
f 270/661 885/664 271/665 887/667
f 274/668 887/667 271/665 888/669
f 277/670 1652/671 274/672 1643/673
f 278/674 901/675 274/676 889/677
f 280/678 900/679 278/680 890/681
f 279/682 890/681 278/680 891/683
f 283/684 1651/685 279/686 1644/687
f 279/688 916/689 284/690 892/691
f 282/692 892/691 284/690 893/693
f 284/694 915/695 286/696 894/697
f 288/698 1649/699 285/700 1645/701
f 285/702 909/703 289/704 895/705
f 287/706 895/705 289/704 896/707
f 290/708 896/707 289/704 897/709
f 292/710 1646/711 290/712 898/713
f 293/714 1648/715 290/712 1646/711
f 1647/716 282/692 893/693 285/717
f 295/718 276/719 900/679 280/678
f 1648/715 287/706 896/707 290/712
f 1649/699 294/720 1647/716 285/700
f 292/710 898/713 5/721 1650/722
f 290/708 897/709 291/723 899/724
f 1651/685 280/678 890/681 279/686
f 276/719 901/675 278/674 900/679
f 276/719 1643/673 274/672 901/675
f 5/7 899/724 291/723 902/9
f 266/725 903/726 274/672 1652/671
f 266/725 881/652 267/651 903/726
f 267/727 905/728 270/729 904/730
f 268/731 884/662 270/661 905/728
f 291/732 907/733 14/25 906/24
f 291/732 897/709 289/704 907/733
f 289/704 909/703 15/29 908/28
f 285/702 910/734 15/29 909/703
f 286/735 911/736 15/29 910/734
f 286/735 914/737 16/738 911/736
f 272/663 912/660 269/659 913/739
f 281/740 914/737 286/735 915/695
f 279/688 891/683 281/741 916/689
f 278/674 889/677 275/742 917/743
f 271/665 886/666 273/744 918/745
f 281/746 917/743 275/742 919/747
f 17/748 919/747 275/742 920/749
f 17/35 743/38 16/750 921/751
f 19/39 744/36 17/35 922/752
f 19/39 922/752 273/753 923/754
f 269/657 925/656 56/755 924/756
f 257/655 928/757 56/755 925/656
f 19/758 924/756 56/755 926/759
f 257/655 878/630 256/760 928/757
f 56/129 928/757 256/760 929/131
f 268/761 947/762 258/632 930/631
f 57/132 929/131 256/760 931/763
f 296/764 936/765 251/766 932/767
f 59/768 935/769 251/770 933/771
f 298/772 960/773 59/774 934/775
f 59/134 764/137 57/776 935/769
f 297/777 933/771 251/770 936/765
f 255/778 876/624 252/621 937/626
f 258/779 945/780 253/781 938/782
f 254/619 875/622 253/623 939/783
f 253/784 944/785 300/786 940/787
f 301/788 942/789 299/790 941/791
f 302/792 952/793 299/790 942/789
f 303/794 1654/795 302/796 1653/797
f 1654/795 304/798 954/799 302/796
f 1655/800 301/788 941/791 300/801
f 1656/802 305/803 1655/800 300/801
f 261/638 1656/802 300/801 943/639
f 260/640 943/639 300/801 944/785
f 260/640 944/785 253/784 945/780
f 262/642 1639/637 260/640 946/634
f 259/633 880/636 258/632 947/762
f 264/649 949/645 259/804 948/653
f 263/644 1640/641 259/633 949/645
f 249/805 950/620 254/619 951/806
f 302/792 953/807 249/808 952/793
f 248/609 871/610 249/808 953/807
f 304/798 1657/809 248/810 954/799
f 1657/809 245/607 870/608 248/810
f 58/811 763/133 57/132 955/812
f 60/166 769/167 73/813 956/814
f 73/813 769/167 62/140 1658/169
f 62/140 766/139 63/143 957/161
f 59/774 960/773 61/815 958/135
f 63/816 767/147 65/146 959/153
f 298/772 962/817 61/815 960/773
f 64/144 767/147 63/816 961/142
f 298/772 965/818 64/819 962/817
f 68/180 1590/155 65/154 963/149
f 64/819 965/818 66/820 964/145
f 82/821 1600/187 67/148 1659/183
f 67/188 768/151 66/822 966/189
f 1660/221 81/823 967/824 92/218
f 81/823 770/185 80/825 967/824
f 94/826 1601/219 92/218 1661/213
f 80/192 772/193 84/827 968/828
f 92/210 968/828 84/827 969/211
f 84/827 772/193 83/190 970/829
f 89/208 969/211 84/827 971/830
f 66/831 973/832 85/833 972/834
f 66/820 965/818 298/772 973/832
f 85/833 973/832 298/772 974/835
f 90/836 776/209 89/208 975/203
f 91/206 776/209 90/836 976/837
f 97/838 976/837 90/836 977/839
f 97/230 977/839 154/840 978/231
f 101/236 978/231 154/840 979/237
f 102/841 781/239 103/238 1662/241
f 154/840 977/839 90/836 980/842
f 155/843 980/842 90/836 981/844
f 155/843 981/844 88/845 982/846
f 158/847 982/846 88/845 983/848
f 153/361 813/362 155/365 984/364
f 103/238 812/360 153/361 985/245
f 104/849 782/247 106/246 1663/249
f 106/252 986/356 152/355 987/253
f 152/355 811/358 145/850 988/851
f 153/361 984/364 150/363 989/852
f 109/258 988/851 145/850 990/259
f 111/853 785/265 113/264 991/854
f 307/855 1666/856 113/857 1664/858
f 308/859 1667/860 111/861 1665/862
f 306/863 991/854 113/264 1666/856
f 110/864 784/261 111/260 1667/860
f 145/337 805/340 144/341 992/865
f 144/866 995/867 112/868 993/869
f 146/870 996/871 112/868 995/867
f 1668/872 114/873 786/267 115/266
f 1669/277 116/874 787/271 117/274
f 146/875 999/876 118/877 998/878
f 146/875 807/346 147/345 999/876
f 118/278 999/876 147/345 1000/279
f 310/879 1671/880 121/881 1670/882
f 1671/880 311/883 1672/884 121/881
f 1672/884 119/885 789/281 121/881
f 1673/886 309/887 1670/882 121/881
f 121/280 1000/279 147/345 1001/888
f 1674/287 122/889 790/285 123/288
f 121/282 1001/888 148/890 1002/283
f 123/284 1002/283 148/890 1003/348
f 123/290 1003/348 149/347 1004/291
f 124/891 791/293 126/292 1675/892
f 1676/893 312/894 1675/892 126/292
f 126/294 1004/291 149/347 1005/295
f 128/302 1005/295 149/347 1006/303
f 149/347 809/350 133/310 1007/309
f 133/310 809/350 148/349 1008/895
f 143/335 804/332 142/331 1009/896
f 138/897 1012/898 141/333 1011/336
f 137/322 802/321 141/330 1012/898
f 138/897 1011/336 143/335 1013/338
f 138/897 1013/338 145/337 1014/352
f 140/328 1016/420 136/899 1015/329
f 176/419 828/424 136/423 1016/420
f 179/900 1619/430 177/429 1677/901
f 177/421 1018/902 134/903 1017/422
f 132/312 796/313 134/903 1018/902
f 1678/426 130/306 794/307 132/427
f 140/904 1020/905 173/412 1019/411
f 140/328 801/325 139/324 1020/905
f 173/412 1020/905 139/324 1021/906
f 166/907 1021/906 139/324 1022/908
f 170/407 827/410 173/412 1023/909
f 151/910 1026/394 166/393 1024/911
f 170/407 1023/909 166/912 1025/404
f 151/910 822/392 164/391 1026/394
f 165/397 824/398 167/435 1027/434
f 164/391 1029/390 162/913 1028/914
f 167/915 1028/914 162/913 1030/382
f 163/389 822/392 151/910 1031/916
f 150/363 814/366 156/367 1032/917
f 163/385 1032/917 156/367 1033/386
f 182/918 1621/438 167/435 1034/440
f 183/439 830/442 160/377 1035/376
f 182/918 1034/440 183/439 1036/444
f 1679/448 182/918 1036/444 184/449
f 184/443 831/446 159/919 1037/452
f 185/920 832/454 187/453 1680/921
f 187/457 834/458 189/475 1038/478
f 157/371 1040/463 188/459 1039/372
f 157/369 816/370 158/922 1041/923
f 191/924 1041/923 158/922 1042/925
f 193/469 1044/926 194/471 1043/470
f 198/484 1044/926 193/469 1045/485
f 199/486 1045/485 193/469 1046/927
f 193/469 838/466 192/465 1047/928
f 210/929 1047/928 192/465 1048/930
f 199/489 1046/927 210/931 1049/490
f 202/495 1049/490 210/931 1050/496
f 203/932 842/498 204/497 1681/500
f 211/513 847/512 210/511 1051/933
f 211/513 1051/933 158/934 1052/935
f 211/513 1052/935 87/936 1053/937
f 212/938 1053/937 87/936 1054/199
f 212/938 1054/199 86/198 1055/939
f 214/940 1055/939 86/198 1056/195
f 212/938 1055/939 214/940 1057/516
f 209/941 849/518 213/517 1058/942
f 207/943 1058/942 213/517 1059/944
f 213/945 850/522 215/521 1060/524
f 214/519 1062/946 220/947 1061/520
f 214/940 1056/195 85/194 1062/946
f 1682/948 205/507 844/508 208/949
f 226/551 1682/948 208/949 1063/552
f 216/527 852/528 217/545 1064/544
f 220/947 1062/946 85/194 1066/950
f 85/833 974/835 297/951 1067/952
f 219/537 854/534 218/531 1068/536
f 228/953 858/556 222/539 1069/954
f 228/955 860/566 230/565 1070/558
f 219/956 1073/957 232/958 1071/959
f 219/956 1074/960 235/961 1073/957
f 221/962 1075/963 235/961 1074/960
f 221/962 1067/952 297/951 1075/963
f 234/964 862/572 233/569 1076/574
f 235/961 1075/963 297/951 1077/965
f 236/966 1077/965 297/951 1078/967
f 237/579 865/576 236/575 1079/968
f 250/969 1082/970 237/971 1080/972
f 239/583 1086/590 231/973 1081/584
f 244/597 1084/596 237/971 1082/970
f 244/603 1082/970 250/969 1083/604
f 239/583 867/582 238/581 1085/592
f 243/974 868/598 244/597 1683/600
f 242/589 1684/975 231/973 1086/590
f 229/561 859/562 231/973 1684/975
f 2/976 1573/1 1/4 1685/98
f 43/97 756/100 9/95 1686/94
f 1/977 1088/978 7/17 1087/16
f 4/979 736/14 7/13 1088/978
f 41/91 1583/96 9/95 1089/92
f 7/13 738/12 10/980 1090/981
f 1687/84 44/982 1584/101 10/82
f 33/983 1579/79 10/82 1091/984
f 10/985 1093/20 12/19 1092/72
f 10/980 738/12 6/11 1093/20
f 34/69 1095/986 26/987 1094/70
f 35/988 1096/989 26/987 1095/986
f 35/990 753/74 12/73 1097/991
f 25/992 1096/989 35/988 1098/76
f 6/23 740/26 13/993 1099/994
f 11/995 1099/994 13/993 1100/32
f 18/996 1102/997 11/998 1101/999
f 24/1000 1103/1001 11/998 1102/997
f 24/1000 1104/1002 36/1003 1103/1001
f 25/992 1098/76 36/75 1104/1002
f 45/105 1585/104 25/53 1105/51
f 46/1004 1586/106 23/47 1688/108
f 78/178 1689/1005 52/1006 1106/179
f 1689/1005 53/119 759/122 52/1006
f 52/1007 1108/1008 55/1009 1107/1010
f 50/1011 760/128 55/127 1108/1008
f 1690/124 49/1012 1109/1013 50/121
f 49/1012 1588/114 22/112 1109/1013
f 22/115 746/42 21/41 1110/116
f 50/1014 758/118 51/117 1111/1015
f 20/1016 1111/1015 51/117 1112/1017
f 314/1018 1113/1019 315/1020 1691/1021
f 316/1022 1287/1023 315/1020 1113/1019
f 315/1024 1285/1025 317/1026 1114/1027
f 1692/1028 313/1029 1114/1027 317/1026
f 1693/1030 318/1031 1692/1028 317/1026
f 1694/1032 319/1033 1693/1030 317/1026
f 321/1034 1695/1035 320/1036 1115/1037
f 324/1038 1696/1039 321/1040 1116/1041
f 1696/1039 325/1042 1757/1043 321/1040
f 1697/1044 324/1038 1116/1041 323/1045
f 323/1046 1281/1047 327/1048 1117/1049
f 329/1050 1698/1051 327/1052 1118/1053
f 1698/1051 330/1054 1699/1055 327/1052
f 1699/1055 331/1056 1756/1057 327/1052
f 1700/1058 329/1050 1118/1053 328/1059
f 332/1060 1700/1058 328/1059 1701/1061
f 333/1062 1701/1061 328/1059 1702/1063
f 328/1064 1280/1065 336/1066 1119/1067
f 337/1068 1286/1069 338/1070 1120/1071
f 338/1072 1277/1073 339/1074 1121/1075
f 339/1076 1270/1077 341/1078 1122/1079
f 342/1080 1266/1081 343/1082 1123/1083
f 345/1084 1124/1085 343/1086 1703/1087
f 344/1088 1703/1087 343/1086 1704/1089
f 347/1090 1124/1085 345/1084 348/1091
f 349/1092 1705/1093 350/1094 1125/1095
f 1705/1093 351/1096 1273/1097 350/1094
f 352/1098 349/1092 1125/1095 347/1099
f 346/1100 1265/1101 354/1102 1706/1103
f 353/1104 1706/1103 354/1102 1707/1105
f 342/1106 1262/1107 356/1108 1126/1109
f 358/1110 1254/1111 356/1112 1127/1113
f 356/1108 1262/1107 359/1114 1128/1115
f 359/1116 1264/1117 361/1118 1129/1119
f 360/1120 1129/1119 361/1118 1130/1121
f 357/1122 1260/1123 360/1124 1131/1125
f 360/1126 1261/1127 364/1128 1132/1129
f 365/1130 1708/1131 366/1132 1133/1133
f 1709/1134 368/1135 1710/1136 364/1137
f 369/1138 1259/1139 364/1137 1710/1136
f 1711/1140 370/1141 1712/1142 363/1143
f 1712/1142 371/1144 1134/1145 363/1143
f 372/1146 1258/1147 363/1143 1134/1145
f 372/1148 1290/1149 374/1150 1135/1151
f 373/1152 1135/1151 374/1150 1136/1153
f 374/1154 1713/1155 376/1156 1137/1157
f 379/1158 1252/1159 376/1160 378/1161
f 375/1162 1137/1157 376/1156 1138/1163
f 373/1152 1136/1153 375/1164 1139/1165
f 381/1166 1139/1165 375/1164 1140/1167
f 383/1168 1243/1169 356/1170 1141/1171
f 383/1168 1141/1171 381/1172 1142/1173
f 383/1174 1242/1175 385/1176 1143/1177
f 386/1178 387/1179 355/1180 1144/1181
f 389/1182 1146/1183 386/1184 1145/1185
f 389/1182 1714/1186 390/1187 1146/1183
f 392/1188 386/1184 1146/1183 390/1187
f 1715/1189 391/1190 1220/1191 393/1192
f 1716/1193 394/1194 1715/1189 393/1192
f 1717/1195 395/1196 1217/1197 396/1198
f 398/1199 1718/1200 397/1201 1147/1202
f 1719/1203 399/1204 1718/1200 398/1199
f 400/1205 1719/1203 398/1199 1720/1206
f 401/1207 1720/1206 398/1199 1721/1208
f 396/1209 1211/1210 403/1211 1148/1212
f 403/1213 1208/1214 405/1215 1149/1216
f 406/1217 1229/1218 407/1219 1150/1220
f 407/1221 1230/1222 409/1223 1151/1224
f 1722/1225 410/1226 1167/1227 409/1228
f 1723/1229 411/1230 1722/1225 409/1228
f 413/1231 1153/1232 414/1233 1152/1234
f 413/1231 1228/1235 415/1236 1153/1232
f 415/1237 1225/1238 417/1239 1154/1240
f 417/1241 1156/1242 418/1243 1155/1244
f 417/1241 1159/1245 419/1246 1156/1242
f 379/1247 421/1248 420/1249 1157/1250
f 420/1251 1724/1252 422/1253 1158/1254
f 423/1255 1725/1256 422/1253 1724/1252
f 424/1257 1754/1258 422/1253 1725/1256
f 425/1259 1248/1260 419/1246 1159/1245
f 380/1261 1251/1262 419/1263 1160/1264
f 427/1265 1245/1266 382/1267 1161/1268
f 425/1269 1216/1270 428/1271 1162/1272
f 429/1273 1214/1274 430/1275 1163/1276
f 428/1277 1215/1278 431/1279 1164/1280
f 432/1281 1219/1282 431/1283 1165/1284
f 431/1285 1222/1286 433/1287 1166/1288
f 434/1289 416/1290 1155/1244 418/1243
f 1726/1291 435/1292 1751/1293 414/1294
f 1727/1295 412/1296 1152/1234 414/1233
f 410/1226 1728/1297 437/1298 1167/1227
f 438/1299 1752/1300 437/1298 1728/1297
f 437/1298 1752/1300 440/1301 1168/1302
f 1729/1303 441/1304 1169/1305 439/1306
f 1730/1307 443/1308 1731/1309 442/1310
f 1731/1309 444/1311 1237/1312 442/1310
f 446/1313 1236/1314 442/1315 1170/1316
f 446/1313 1170/1316 445/1317 1171/1318
f 447/1319 1171/1318 445/1317 1172/1320
f 1732/1321 448/1322 1172/1320 445/1317
f 448/1323 1749/1324 450/1325 1173/1326
f 1733/1327 451/1328 1734/1329 450/1330
f 1734/1329 453/1331 1189/1332 450/1330
f 454/1333 1736/1334 455/1335 1735/1336
f 1736/1334 456/1337 1746/1338 455/1335
f 458/1339 1175/1340 455/1341 1174/1342
f 458/1339 1188/1343 459/1344 1175/1340
f 460/1345 1177/1346 461/1347 1176/1348
f 462/1349 1737/1350 461/1347 1177/1346
f 463/1351 1178/1352 461/1347 1737/1350
f 463/1351 1747/1353 464/1354 1178/1352
f 466/1355 1198/1356 464/1357 1179/1358
f 468/1359 1748/1360 464/1361 1738/1362
f 469/1363 1197/1364 461/1365 1180/1366
f 461/1365 1197/1364 471/1367 1181/1368
f 472/1369 1202/1370 471/1371 1182/1372
f 446/1373 1196/1374 471/1375 1183/1376
f 446/1377 1193/1378 474/1379 1184/1380
f 408/1381 1204/1382 472/1383 1185/1384
f 465/1385 477/1386 476/1387 1186/1388
f 1739/1389 478/1390 1750/1391 404/1392
f 1740/1393 462/1349 1177/1346 460/1345
f 1741/1394 479/1395 1740/1393 460/1345
f 480/1396 1187/1397 458/1398 1742/1399
f 482/1400 1744/1401 458/1402 1743/1403
f 1744/1401 483/1404 1745/1405 458/1402
f 481/1406 1742/1399 458/1398 1745/1405
f 458/1398 1187/1397 460/1407 1188/1343
f 1746/1338 457/1408 1174/1342 455/1335
f 467/1409 1738/1362 464/1361 1747/1353
f 1748/1360 465/1410 1179/1358 464/1361
f 1749/1324 452/1411 1733/1327 450/1325
f 455/1412 1191/1413 474/1414 1190/1415
f 455/1412 1175/1340 459/1344 1191/1413
f 447/1416 1173/1326 450/1325 1192/1417
f 447/1416 1192/1417 474/1379 1193/1378
f 470/1418 1184/1380 474/1379 1194/1419
f 461/1365 1181/1368 470/1420 1195/1421
f 470/1420 1181/1368 471/1367 1196/1374
f 469/1363 1199/1422 471/1367 1197/1364
f 466/1355 1199/1422 469/1363 1198/1356
f 466/1355 1179/1358 465/1410 1200/1423
f 472/1369 1182/1372 466/1424 1201/1425
f 473/1426 1183/1376 471/1375 1202/1370
f 475/1427 1185/1384 472/1383 1203/1428
f 408/1381 1233/1429 473/1430 1204/1382
f 402/1431 1205/1432 404/1392 1750/1391
f 403/1213 1149/1216 404/1392 1205/1432
f 398/1433 1148/1212 403/1211 1206/1434
f 405/1435 1209/1436 475/1437 1207/1438
f 407/1439 1210/1440 475/1437 1209/1436
f 407/1221 1151/1224 408/1441 1210/1440
f 406/1217 1150/1220 405/1442 1212/1443
f 430/1444 1211/1210 396/1209 1213/1445
f 406/1217 1212/1443 430/1275 1214/1274
f 396/1446 1165/1284 431/1283 1215/1278
f 425/1269 1224/1447 429/1448 1216/1270
f 395/1196 1218/1449 432/1450 1217/1197
f 393/1451 1219/1282 432/1281 1218/1449
f 393/1451 1220/1191 431/1283 1219/1282
f 391/1190 1221/1452 431/1283 1220/1191
f 391/1190 1714/1186 389/1182 1221/1452
f 389/1453 1223/1454 433/1287 1222/1286
f 388/1455 1239/1456 433/1287 1223/1454
f 417/1239 1225/1238 429/1448 1224/1447
f 429/1448 1225/1238 415/1237 1226/1457
f 415/1237 1154/1240 416/1458 1227/1459
f 1751/1293 436/1460 1727/1295 414/1294
f 406/1217 1228/1235 413/1231 1229/1218
f 413/1461 1231/1462 409/1223 1230/1222
f 413/1231 1152/1234 412/1296 1231/1462
f 409/1228 1167/1227 437/1298 1232/1463
f 408/1381 1232/1463 437/1298 1233/1429
f 437/1298 1168/1302 439/1464 1234/1465
f 473/1466 1234/1465 439/1464 1235/1467
f 439/1306 1169/1305 442/1315 1236/1314
f 445/1317 1170/1316 442/1315 1237/1312
f 1753/1468 449/1469 1732/1321 445/1317
f 385/1470 1239/1456 388/1455 1238/1471
f 385/1472 1144/1181 355/1180 1240/1473
f 384/1474 1244/1475 433/1476 1241/1477
f 383/1168 1142/1173 384/1478 1242/1175
f 384/1474 1245/1266 427/1265 1244/1475
f 384/1478 1142/1173 381/1172 1246/1479
f 425/1269 1162/1272 427/1480 1247/1481
f 426/1482 1160/1264 419/1263 1248/1260
f 426/1483 1161/1268 382/1267 1249/1484
f 375/1162 1138/1163 380/1485 1250/1486
f 380/1261 1252/1159 379/1158 1251/1262
f 419/1487 1158/1254 422/1253 1253/1488
f 1754/1258 418/1489 1253/1488 422/1253
f 381/1172 1141/1171 356/1170 1254/1111
f 381/1172 1254/1111 358/1110 1255/1490
f 372/1148 1135/1151 373/1152 1256/1491
f 358/1110 1127/1113 357/1492 1257/1493
f 357/1122 1131/1125 363/1143 1258/1147
f 363/1494 1132/1129 364/1128 1259/1139
f 359/1116 1129/1119 360/1120 1260/1123
f 360/1120 1130/1121 362/1495 1261/1127
f 342/1106 1264/1117 359/1116 1262/1107
f 362/1496 1278/1497 365/1498 1263/1499
f 342/1106 1126/1109 354/1102 1265/1101
f 342/1080 1123/1083 341/1500 1267/1501
f 341/1500 1123/1083 343/1082 1268/1502
f 347/1099 1125/1095 350/1094 1269/1503
f 361/1504 1267/1501 341/1500 1270/1077
f 361/1504 1270/1077 339/1076 1271/1505
f 340/1506 1122/1079 341/1078 1272/1507
f 351/1096 1755/1508 340/1509 1273/1097
f 334/1510 1275/1511 340/1509 1755/1508
f 335/1512 1121/1075 339/1074 1274/1513
f 335/1512 1274/1513 340/1509 1275/1511
f 334/1514 1702/1063 328/1059 1276/1515
f 362/1496 1277/1073 338/1072 1278/1497
f 335/1516 1119/1067 336/1066 1279/1517
f 323/1518 1282/1519 336/1066 1280/1065
f 328/1059 1118/1053 327/1052 1281/1047
f 1756/1057 326/1520 1117/1049 327/1052
f 321/1521 1283/1522 336/1066 1282/1519
f 1757/1043 322/1523 1695/1035 321/1040
f 337/1068 1120/1071 336/1066 1283/1522
f 317/1026 1285/1025 337/1524 1284/1525
f 315/1020 1287/1023 338/1070 1286/1069
f 1758/1526 484/1527 1760/1528 316/1529
f 1759/1530 367/1531 1288/1532 316/1533
f 1760/1528 485/1534 1759/1530 316/1529
f 365/1535 1289/1536 316/1533 1288/1532
f 338/1070 1287/1023 316/1022 1289/1536
f 1761/1537 377/1538 1713/1155 374/1154
f 1762/1539 486/1540 1761/1537 374/1154
f 372/1148 1134/1145 371/1144 1290/1149
f 488/1541 1478/1542 489/1543 1291/1544
f 489/1545 1293/1546 490/1547 1292/1548
f 491/1549 1475/1550 490/1547 1293/1546
f 487/1551 1292/1548 490/1547 1294/1552
f 487/1551 1294/1552 492/1553 1295/1554
f 491/1555 1297/1556 494/1557 1296/1558
f 495/1559 1473/1560 494/1557 1297/1556
f 492/1561 1296/1558 494/1557 1298/1562
f 1763/1563 496/1564 1298/1562 494/1557
f 498/1565 1476/1566 492/1567 1764/1568
f 499/1569 1300/1570 493/1571 1299/1572
f 500/1573 1765/1574 493/1571 1300/1570
f 501/1575 1482/1576 493/1571 1765/1574
f 1766/1577 502/1578 1301/1579 503/1580
f 504/1581 1302/1582 503/1580 1301/1579
f 504/1581 1571/1583 505/1584 1302/1582
f 491/1585 1477/1586 505/1587 1303/1588
f 507/1589 1567/1590 508/1591 1304/1592
f 509/1593 1454/1594 506/1595 1305/1596
f 510/1597 1472/1598 491/1599 1306/1600
f 510/1601 1456/1602 511/1603 1307/1604
f 509/1605 1309/1606 512/1607 1308/1608
f 509/1605 1453/1609 513/1610 1309/1606
f 508/1591 1567/1590 514/1611 1310/1612
f 513/1613 1310/1612 514/1611 1311/1614
f 515/1615 1311/1614 514/1611 1312/1616
f 516/1617 1312/1616 514/1611 1313/1618
f 519/1619 1855/1620 516/1621 1767/1622
f 521/1623 1448/1624 516/1625 1314/1626
f 518/1627 1767/1622 516/1621 1768/1628
f 522/1629 1449/1630 517/1631 1769/1632
f 523/1633 1769/1632 517/1631 1770/1634
f 517/1635 1569/1636 525/1637 1315/1638
f 524/1639 1315/1638 525/1637 1771/1640
f 526/1641 1771/1640 525/1637 1772/1642
f 527/1643 1572/1644 504/1645 1773/1646
f 521/1647 1446/1648 529/1649 1316/1650
f 530/1651 1450/1652 515/1653 1317/1654
f 529/1655 1445/1656 531/1657 1318/1658
f 531/1659 1324/1660 532/1661 1319/1662
f 532/1663 1322/1664 533/1665 1320/1666
f 512/1667 1452/1668 533/1669 1321/1670
f 535/1671 1322/1664 532/1663 1323/1672
f 538/1673 1443/1674 537/1675 1325/1676
f 537/1677 1441/1678 540/1679 1326/1680
f 539/1681 1326/1680 540/1679 1327/1682
f 543/1683 1440/1684 540/1685 1328/1686
f 541/1687 1440/1684 543/1683 1329/1688
f 545/1689 1332/1690 544/1691 1330/1692
f 547/1693 1333/1694 544/1695 1331/1696
f 548/1697 1487/1698 544/1691 1332/1690
f 547/1693 1486/1699 549/1700 1333/1694
f 1774/1701 551/1702 1483/1703 549/1704
f 552/1705 1776/1706 539/1707 1775/1708
f 1776/1706 553/1709 1466/1710 539/1707
f 554/1711 1778/1712 536/1713 1777/1714
f 1778/1712 555/1715 1463/1716 536/1713
f 556/1717 1780/1718 535/1719 1779/1720
f 1780/1718 557/1721 1460/1722 535/1719
f 558/1723 1782/1724 559/1725 1781/1726
f 1782/1724 560/1727 1334/1728 559/1725
f 560/1727 1856/1729 561/1730 1334/1728
f 1783/1731 563/1732 1468/1733 561/1734
f 564/1735 1785/1736 565/1737 1784/1738
f 1785/1736 566/1739 1470/1740 565/1737
f 567/1741 1857/1742 568/1743 1786/1744
f 550/1745 1774/1701 549/1704 1787/1746
f 569/1747 1787/1746 549/1704 1335/1748
f 1788/1749 569/1747 1335/1748 570/1750
f 571/1751 1788/1749 570/1750 1789/1752
f 572/1753 1789/1752 570/1750 1790/1754
f 570/1755 1486/1699 547/1693 1336/1756
f 573/1757 1790/1754 570/1750 1791/1758
f 575/1759 1791/1758 570/1750 1337/1760
f 1792/1761 575/1759 1337/1760 576/1762
f 577/1763 1792/1761 576/1762 1793/1764
f 578/1765 1793/1764 576/1762 1794/1766
f 581/1767 1492/1768 576/1769 1338/1770
f 579/1771 1794/1766 576/1762 1795/1772
f 576/1769 1492/1768 583/1773 1339/1774
f 582/1775 1339/1774 583/1773 1796/1776
f 584/1777 1796/1776 583/1773 1797/1778
f 583/1779 1341/1780 586/1781 1340/1782
f 585/1783 1340/1782 586/1781 1798/1784
f 583/1779 1493/1785 588/1786 1341/1780
f 581/1787 1343/1788 589/1789 1342/1790
f 590/1791 1344/1792 589/1789 1343/1788
f 591/1793 1412/1794 589/1789 1344/1792
f 588/1795 1342/1790 589/1789 1345/1796
f 589/1797 1517/1798 593/1799 1346/1800
f 592/1801 1346/1800 593/1799 1347/1802
f 593/1803 1349/1804 595/1805 1348/1806
f 596/1807 1524/1808 595/1805 1349/1804
f 594/1809 1348/1806 595/1805 1350/1810
f 595/1811 1353/1812 598/1813 1351/1814
f 597/1815 1351/1814 598/1813 1352/1816
f 595/1811 1524/1808 600/1817 1353/1812
f 600/1818 1525/1819 601/1820 1354/1821
f 602/1822 1356/1823 603/1824 1355/1825
f 604/1826 1357/1827 603/1824 1356/1823
f 606/1828 1530/1829 607/1830 1358/1831
f 607/1832 1531/1833 609/1834 1359/1835
f 608/1836 1359/1835 609/1834 1360/1837
f 611/1838 1362/1839 610/1840 1361/1841
f 612/1842 1363/1843 610/1840 1362/1839
f 613/1844 1546/1845 610/1840 1363/1843
f 614/1846 1539/1847 608/1848 1364/1849
f 608/1848 1539/1847 616/1850 1365/1851
f 617/1852 1542/1853 618/1854 1366/1855
f 619/1856 1391/1857 605/1858 1367/1859
f 601/1860 1392/1861 605/1862 1368/1863
f 602/1822 1355/1825 601/1864 1369/1865
f 606/1866 1529/1867 602/1868 1370/1869
f 623/1870 1861/1871 624/1872 1371/1873
f 1799/1874 626/1875 1372/1876 624/1877
f 626/1875 1863/1878 627/1879 1372/1876
f 1800/1880 629/1881 1566/1882 627/1883
f 630/1884 1802/1885 631/1886 1801/1887
f 1802/1885 632/1888 1563/1889 631/1886
f 633/1890 1804/1891 634/1892 1803/1893
f 635/1894 1560/1895 634/1892 1804/1891
f 636/1896 1551/1897 612/1898 1373/1899
f 637/1900 1375/1901 638/1902 1374/1903
f 639/1904 1550/1905 638/1902 1375/1901
f 638/1906 1378/1907 640/1908 1376/1909
f 613/1910 1376/1909 640/1908 1377/1911
f 638/1902 1550/1905 642/1912 1378/1907
f 644/1913 1806/1914 642/1915 1805/1916
f 645/1917 1548/1918 642/1915 1806/1914
f 643/1919 1805/1916 642/1915 1807/1920
f 1808/1921 646/1922 1553/1923 647/1924
f 1809/1925 648/1926 1554/1927 649/1928
f 1810/1929 650/1930 1557/1931 651/1932
f 652/1933 1810/1929 651/1932 1811/1934
f 1812/1935 654/1936 1813/1937 641/1938
f 655/1939 1379/1940 641/1938 1813/1937
f 656/1941 1543/1942 641/1938 1379/1940
f 658/1943 1541/1944 656/1945 1380/1946
f 657/1947 1380/1946 656/1945 1814/1948
f 660/1949 1816/1950 658/1951 1815/1952
f 661/1953 1393/1954 658/1951 1816/1950
f 662/1955 1827/1956 619/1957 1817/1958
f 663/1959 1388/1960 620/1961 1381/1962
f 665/1963 1384/1964 663/1965 1818/1966
f 664/1967 1818/1966 663/1965 1819/1968
f 667/1969 1826/1970 597/1971 1820/1972
f 594/1809 1350/1810 597/1973 1382/1974
f 670/1975 1383/1976 594/1977 1821/1978
f 671/1979 1824/1980 586/1981 1822/1982
f 587/1983 1798/1784 586/1781 1823/1984
f 672/1985 1823/1984 586/1781 1824/1980
f 669/1986 1821/1978 594/1977 1825/1987
f 668/1988 1382/1974 597/1973 1826/1970
f 586/1989 1385/1990 594/1977 1383/1976
f 597/1991 1387/1992 663/1965 1384/1964
f 592/1801 1347/1802 594/1977 1385/1990
f 588/1795 1345/1796 592/1993 1386/1994
f 597/1991 1352/1816 599/1995 1387/1992
f 663/1965 1387/1992 599/1995 1388/1960
f 663/1959 1381/1962 619/1996 1389/1997
f 666/1998 1389/1997 619/1996 1827/1956
f 620/1961 1388/1960 599/1995 1390/1999
f 619/1996 1381/1962 620/1961 1391/1857
f 603/1824 1357/1827 605/1862 1392/1861
f 619/2000 1394/2001 658/1951 1393/1954
f 618/2002 1541/1944 658/1943 1394/2001
f 598/1813 1353/1812 600/1817 1395/2003
f 621/2004 1525/1819 600/1818 1396/2005
f 674/2006 1526/2007 622/2008 1397/2009
f 676/2010 1860/2011 622/2012 1828/2013
f 675/2014 1828/2013 622/2012 1829/2015
f 677/2016 1526/2007 674/2006 1830/2017
f 680/2018 1514/2019 674/2020 1398/2021
f 678/2022 1830/2017 674/2006 1831/2023
f 674/2020 1514/2019 682/2024 1399/2025
f 681/2026 1399/2025 682/2024 1832/2027
f 1833/2028 683/2029 1832/2027 682/2024
f 1834/2030 684/2031 1512/2032 685/2033
f 686/2034 1834/2030 685/2033 1835/2035
f 685/2036 1513/2037 680/2038 1400/2039
f 690/2040 1508/2041 685/2042 1401/2043
f 687/2044 1835/2035 685/2033 1402/2045
f 1836/2046 687/2044 1402/2045 691/2047
f 692/2048 1836/2046 691/2047 1837/2049
f 693/2050 1837/2049 691/2047 1838/2051
f 696/2052 1853/2053 691/2054 1403/2055
f 695/2056 1403/2055 691/2054 1404/2057
f 691/2058 1507/2059 698/2060 1405/2061
f 698/2060 1507/2059 690/2062 1406/2063
f 697/2064 1405/2061 698/2060 1407/2065
f 697/2064 1407/2065 700/2066 1408/2067
f 702/2068 1499/2069 703/2070 1409/2071
f 590/2072 1498/2073 704/2074 1410/2075
f 705/2076 1505/2077 591/2078 1411/2079
f 591/1793 1511/2080 706/2081 1412/1794
f 548/2082 1436/2083 707/2084 1413/2085
f 707/2084 1436/2083 545/2086 1414/2087
f 708/2088 1414/2087 545/2086 1415/2089
f 707/2084 1414/2087 708/2088 1416/2090
f 710/2091 1416/2090 708/2088 1417/2092
f 713/2093 1426/2094 710/2095 1418/2096
f 715/2097 1423/2098 713/2099 1839/2100
f 714/2101 1839/2100 713/2099 1840/2102
f 716/2103 1840/2102 713/2099 1841/2104
f 712/2105 1842/2106 718/2107 1419/2108
f 719/2109 1842/2106 712/2105 1843/2110
f 720/2111 1843/2110 712/2105 1420/2112
f 1844/2113 720/2111 1420/2112 721/2114
f 722/2115 1844/2113 721/2114 1845/2116
f 709/2117 1439/2118 724/2119 1421/2120
f 725/2121 1435/2122 724/2123 1422/2124
f 1846/2125 723/2126 1434/2127 725/2128
f 726/2129 1846/2125 725/2128 1847/2130
f 728/2131 1851/2132 695/2133 1848/2134
f 1849/2135 696/2052 1403/2055 695/2056
f 729/2136 1849/2135 695/2056 1850/2137
f 730/2138 1850/2137 695/2056 1851/2132
f 695/2139 1424/2140 713/2099 1423/2098
f 717/2141 1841/2104 713/2099 1852/2142
f 695/2056 1404/2057 697/2143 1424/2140
f 697/2064 1408/2067 701/2144 1425/2145
f 701/2146 1427/2147 710/2095 1426/2094
f 694/2148 1838/2051 691/2047 1853/2053
f 701/2146 1428/2149 707/2150 1427/2147
f 700/2151 1431/2152 707/2150 1428/2149
f 710/2091 1417/2092 711/2153 1429/2154
f 712/2155 1429/2154 711/2153 1430/2156
f 703/2157 1413/2085 707/2084 1431/2152
f 711/2158 1433/2159 709/2160 1432/2161
f 708/2088 1415/2089 709/2160 1433/2159
f 723/2126 1845/2116 721/2114 1434/2127
f 721/2162 1421/2120 724/2119 1435/2122
f 548/1697 1332/1690 545/1689 1436/2083
f 545/1689 1330/1692 543/2163 1437/2164
f 709/2165 1437/2164 543/2163 1438/2166
f 709/2165 1438/2166 542/2167 1439/2118
f 541/1687 1327/1682 540/1679 1440/1684
f 542/2168 1328/1686 540/1685 1441/1678
f 724/2119 1439/2118 542/2167 1442/2169
f 538/1673 1442/2169 542/2167 1443/1674
f 724/2119 1442/2169 538/1673 1444/2170
f 529/1655 1422/2124 724/2123 1445/1656
f 725/2121 1422/2124 529/1655 1446/1648
f 520/2171 1854/2172 725/2173 1447/2174
f 727/2175 1847/2130 725/2128 1854/2172
f 520/2176 1314/1626 516/1625 1855/1620
f 515/1615 1312/1616 516/1617 1448/1624
f 516/1617 1313/1618 517/1631 1449/1630
f 513/1613 1311/1614 515/1615 1450/1652
f 513/1613 1450/1652 530/1651 1451/2177
f 530/2178 1320/1666 533/1665 1452/1668
f 508/1591 1310/1612 513/1613 1453/1609
f 509/1605 1308/1608 511/2179 1454/1594
f 512/1667 1321/1670 534/2180 1455/2181
f 506/1595 1454/1594 511/2179 1456/1602
f 505/2182 1304/1592 508/1591 1457/2183
f 533/2184 1459/2185 559/2186 1458/2187
f 535/1719 1460/1722 559/2186 1459/2185
f 557/1721 1781/1726 559/1725 1460/1722
f 559/1725 1334/1728 561/1730 1461/2188
f 534/2189 1461/2188 561/1730 1462/2190
f 555/1715 1779/1720 535/1719 1463/1716
f 562/2191 1783/1731 561/1734 1856/1729
f 532/1661 1324/1660 537/2192 1464/2193
f 539/1707 1466/1710 536/2194 1465/2195
f 553/1709 1777/1714 536/1713 1466/1710
f 561/1734 1468/1733 565/2196 1467/2197
f 563/1732 1784/1738 565/1737 1468/1733
f 511/2198 1467/2197 565/2196 1469/2199
f 568/2200 1473/1560 495/1559 1471/2201
f 510/1597 1307/1604 495/2202 1472/1598
f 494/1557 1473/1560 568/2200 1474/2203
f 497/2204 1474/2203 568/2200 1857/1742
f 499/1569 1299/1572 492/1567 1476/1566
f 500/1573 1300/1570 499/1569 1858/2205
f 731/2206 1858/2205 499/1569 1859/2207
f 489/1543 1478/1542 505/1587 1477/1586
f 505/1587 1478/1542 488/1541 1479/2208
f 503/2209 1479/2208 488/1541 1480/2210
f 488/1541 1291/1544 487/2211 1481/2212
f 501/1575 1481/2212 487/2211 1482/1576
f 551/1702 1775/1708 539/1707 1483/1703
f 549/1704 1483/1703 539/1707 1484/2213
f 549/1704 1484/2213 541/2214 1485/2215
f 570/1750 1335/1748 549/1704 1486/1699
f 546/2216 1331/1696 544/1695 1487/1698
f 574/2217 1336/1756 547/1693 1488/2218
f 570/1755 1336/1756 574/2217 1489/2219
f 580/2220 1338/1770 576/1769 1490/2221
f 574/2217 1488/2218 546/2222 1491/2223
f 581/1767 1493/1785 583/1779 1492/1768
f 581/1787 1342/1790 588/1795 1493/1785
f 580/2224 1491/2223 546/2222 1494/2225
f 581/1767 1338/1770 580/2220 1495/2226
f 546/2216 1487/1698 548/1697 1496/2227
f 704/2228 1496/2227 548/1697 1497/2229
f 590/2072 1343/1788 581/1787 1498/2073
f 702/2068 1500/2230 590/2231 1499/2069
f 705/2076 1411/2079 590/2231 1500/2230
f 699/2232 1504/2233 705/2234 1501/2235
f 700/2236 1503/2237 699/2238 1502/2239
f 698/2060 1406/2063 699/2238 1503/2237
f 699/2232 1506/2240 689/2241 1504/2233
f 689/2242 1509/2243 591/2078 1505/2077
f 690/2040 1401/2043 689/2241 1506/2240
f 691/2058 1508/2041 690/2040 1507/2059
f 691/2058 1402/2045 685/2033 1508/2041
f 689/2242 1510/2244 688/2245 1509/2243
f 685/2036 1400/2039 688/2245 1510/2244
f 688/2246 1516/2247 706/2081 1511/2080
f 682/2024 1514/2019 680/2018 1513/2037
f 680/2018 1398/2021 679/2248 1515/2249
f 688/2246 1515/2249 679/2248 1516/2247
f 706/2250 1518/2251 593/1799 1517/1798
f 706/2250 1519/2252 596/2253 1518/2251
f 679/2254 1521/2255 596/2253 1519/2252
f 674/2256 1522/2257 673/2258 1520/2259
f 679/2254 1520/2259 673/2258 1521/2255
f 621/2004 1396/2005 673/2258 1522/2257
f 673/2258 1396/2005 600/1818 1523/2260
f 596/1807 1523/2260 600/1818 1524/1808
f 621/2004 1369/1865 601/1864 1525/1819
f 602/1822 1369/1865 621/2004 1527/2261
f 623/2262 1528/2263 622/2012 1860/2011
f 732/2264 1862/2265 624/1872 1861/1871
f 606/1866 1370/1869 622/2012 1528/2263
f 625/2266 1799/1874 624/1877 1862/2265
f 604/1826 1356/1823 602/1822 1529/1867
f 606/1828 1371/1873 624/1872 1530/1829
f 624/2267 1533/2268 609/1834 1531/1833
f 604/2269 1358/1831 607/1830 1532/2270
f 627/2271 1534/2272 609/1834 1533/2268
f 628/2273 1800/1880 627/1883 1863/1878
f 611/1838 1361/1841 609/1834 1534/2272
f 608/1848 1365/1851 615/2274 1535/2275
f 604/2276 1535/2275 615/2274 1536/2277
f 615/2278 1538/2279 618/2280 1537/2281
f 616/2282 1366/1855 618/1854 1538/2279
f 614/1846 1540/2283 616/1850 1539/1847
f 614/1846 1544/2284 617/2285 1540/2283
f 618/1854 1542/1853 656/1945 1541/1944
f 617/1852 1543/1942 656/1941 1542/1853
f 659/2286 1814/1948 656/1945 1864/2287
f 617/1852 1545/2288 641/1938 1543/1942
f 613/2289 1545/2288 617/1852 1544/2284
f 613/1844 1544/2284 614/1846 1546/1845
f 641/2290 1377/1911 640/1908 1547/2291
f 640/1908 1378/1907 642/1912 1548/1918
f 636/2292 1374/1903 638/1902 1549/2293
f 613/1844 1363/1843 612/1842 1551/1897
f 642/1912 1550/1905 639/1904 1552/2294
f 646/1922 1552/2294 639/1904 1553/1923
f 648/1926 1808/1921 647/1924 1554/1927
f 649/1928 1554/1927 647/1924 1555/2295
f 639/2296 1558/2297 651/2298 1556/2299
f 650/1930 1809/1925 649/1928 1557/1931
f 637/2300 1559/2301 651/2298 1558/2297
f 1865/2302 653/2303 1559/2301 637/2300
f 637/2304 1561/2305 634/1892 1560/1895
f 636/1896 1373/1899 634/1892 1561/2305
f 634/1892 1373/1899 612/1898 1562/2306
f 612/1842 1362/1839 611/1838 1564/2307
f 631/2308 1564/2307 611/1838 1565/2309
f 629/1881 1801/1887 631/1886 1566/1882
f 507/1589 1568/2310 514/1611 1567/1590
f 517/1631 1313/1618 514/1611 1568/2310
f 517/1631 1568/2310 507/1589 1569/1636
f 525/1637 1569/1636 507/1589 1570/2311
f 525/1637 1570/2311 505/1584 1571/1583
f 525/1637 1571/1583 504/1581 1572/1644
f 528/2312 1773/1646 504/1645 1866/2313
f 733/3 4/6 1088/978 1/4
f 734/5 3/2 1650/722 5/7
f 735/8 6/10 736/14 4/6
f 737/18 7/17 1090/981 8/2314
f 737/18 8/2314 1089/92 9/15
f 739/22 6/21 1099/994 11/995
f 739/22 11/995 1097/991 12/19
f 740/26 14/25 741/30 13/993
f 741/30 15/29 742/34 13/993
f 742/34 15/29 911/736 16/31
f 743/38 18/37 1101/999 16/750
f 745/44 18/43 927/40 20/2315
f 745/44 20/2315 1112/1017 21/41
f 747/46 22/45 757/110 23/47
f 748/48 24/50 1102/997 18/43
f 749/49 25/52 1104/1002 24/50
f 750/56 27/55 1575/60 26/59
f 750/56 26/59 1096/989 25/53
f 751/62 31/64 1094/70 26/59
f 752/68 33/67 1091/984 34/69
f 753/74 35/990 1095/986 34/71
f 754/78 35/77 1097/991 11/995
f 754/78 11/995 1103/1001 36/75
f 755/88 8/87 1090/981 10/102
f 756/100 1/99 1087/16 9/95
f 758/118 50/1014 1109/1013 22/115
f 759/122 50/121 1108/1008 52/1006
f 760/128 50/1011 1111/1015 20/125
f 761/126 20/125 926/759 56/129
f 763/133 58/811 1107/1010 55/127
f 764/137 60/136 955/812 57/776
f 765/141 60/166 958/135 61/138
f 768/151 65/150 964/145 66/822
f 770/185 67/184 771/191 80/825
f 773/197 86/196 970/829 83/190
f 773/197 83/190 972/834 85/194
f 774/201 87/200 971/830 84/827
f 774/201 84/827 970/829 86/198
f 775/205 89/204 971/830 87/200
f 775/205 87/200 983/848 88/202
f 777/207 91/206 778/215 92/210
f 779/223 91/222 976/837 97/225
f 780/233 100/234 1605/229 97/230
f 781/239 102/841 1606/235 101/236
f 782/247 104/849 1607/243 103/244
f 783/255 107/256 1608/251 106/252
f 784/261 110/864 1609/257 109/258
f 785/265 111/853 993/869 112/262
f 786/267 114/873 1664/858 113/264
f 787/271 116/874 1668/872 115/268
f 788/275 117/274 997/269 118/2316
f 788/275 118/2316 789/281 119/272
f 790/285 122/889 1673/886 121/282
f 791/293 124/891 1611/289 123/290
f 792/297 127/298 1676/893 126/294
f 793/305 130/306 1613/301 128/302
f 794/307 131/304 795/311 132/427
f 796/313 133/310 797/317 134/903
f 798/319 135/316 799/323 136/2317
f 798/319 136/2317 1017/422 134/318
f 799/323 137/322 1015/329 136/2317
f 800/327 137/326 1012/898 138/897
f 800/327 138/897 1022/908 139/324
f 803/334 141/333 1010/315 133/314
f 803/334 133/314 1008/895 142/331
f 806/342 143/339 1009/896 146/2318
f 806/342 146/2318 995/867 144/341
f 807/346 146/875 1009/896 142/343
f 808/344 142/343 1008/895 148/349
f 808/344 148/349 1001/888 147/345
f 810/354 145/353 989/852 150/363
f 810/354 150/363 1031/916 151/351
f 811/358 153/357 989/852 145/850
f 813/362 154/359 980/842 155/365
f 815/368 157/369 817/374 156/367
f 816/370 155/365 982/846 158/922
f 817/374 159/373 818/378 156/367
f 819/380 160/377 820/384 161/2319
f 819/380 161/2319 1033/386 156/379
f 820/384 162/383 821/388 161/2319
f 821/388 162/383 1029/390 163/385
f 823/396 165/397 1025/404 166/393
f 824/398 164/395 1028/914 167/435
f 825/402 165/401 1027/434 168/432
f 826/400 169/399 1614/408 170/403
f 828/424 176/419 1677/901 177/421
f 829/428 132/427 1018/902 177/429
f 830/442 167/441 1030/382 160/377
f 831/446 183/445 1035/376 159/919
f 832/454 185/920 1622/450 184/451
f 833/456 187/457 1037/452 159/373
f 834/458 188/455 835/462 189/475
f 835/462 190/461 839/472 189/475
f 836/460 191/464 1042/925 190/461
f 837/468 190/467 1042/925 158/922
f 837/468 158/922 1048/930 192/465
f 839/472 194/471 840/476 189/475
f 841/492 201/493 1627/488 199/489
f 842/498 203/932 1628/494 202/495
f 843/506 205/507 1629/502 204/503
f 844/508 207/505 1059/944 208/949
f 845/504 209/510 1058/942 207/505
f 846/509 204/503 1050/496 210/511
f 848/514 211/513 1053/937 212/938
f 848/514 212/938 849/518 209/510
f 850/522 213/945 1057/516 214/519
f 851/526 216/527 1063/552 208/523
f 852/528 215/525 853/532 217/545
f 854/534 219/537 857/542 217/533
f 855/530 215/529 1061/520 220/535
f 856/538 220/535 1066/950 221/2320
f 856/538 221/2320 1074/960 219/537
f 857/542 219/537 1069/954 222/539
f 858/556 228/953 1070/558 227/555
f 859/562 230/559 1072/564 231/973
f 860/566 228/955 1071/959 232/563
f 861/570 231/571 1072/564 232/567
f 862/572 234/964 1081/584 231/571
f 863/568 232/567 1073/957 235/573
f 864/578 234/577 1076/574 235/573
f 864/578 235/573 1077/965 236/575
f 866/580 237/579 1084/596 238/581
f 868/598 243/974 1637/594 238/595
f 869/606 245/607 1638/602 244/603
f 871/610 247/605 872/612 249/808
f 872/612 250/611 873/616 249/808
f 873/616 250/611 932/767 251/613
f 874/614 252/618 950/620 249/615
f 876/624 255/778 938/782 253/623
f 877/617 251/613 931/763 256/625
f 878/630 255/629 937/626 256/760
f 879/628 258/632 938/782 255/629
f 880/636 260/635 945/780 258/632
f 881/652 266/725 1642/648 264/649
f 882/650 268/654 905/728 267/651
f 883/658 269/657 884/662 268/731
f 883/658 268/731 930/631 257/655
f 886/666 272/663 913/739 273/744
f 887/667 274/668 904/730 270/661
f 888/669 271/665 918/745 275/2321
f 888/669 275/2321 889/677 274/668
f 891/683 278/680 917/743 281/741
f 892/691 282/692 1644/687 279/688
f 893/693 284/690 894/697 285/717
f 894/697 286/696 910/734 285/717
f 895/705 287/706 1645/701 285/702
f 898/713 290/712 899/724 5/721
f 902/9 291/723 906/24 6/10
f 903/726 267/651 904/730 274/672
f 907/733 289/704 908/28 14/25
f 913/739 269/659 923/754 273/744
f 914/737 281/740 921/751 16/738
f 915/695 284/694 916/689 281/740
f 918/745 273/744 920/749 275/2321
f 919/747 17/748 921/751 281/746
f 920/749 273/744 922/752 17/748
f 923/754 269/659 924/756 19/39
f 926/759 20/125 927/40 19/758
f 931/763 251/613 935/769 57/132
f 932/767 250/611 1080/972 296/764
f 933/771 297/777 934/775 59/768
f 934/775 297/777 974/835 298/772
f 936/765 296/764 1078/967 297/777
f 939/783 253/623 940/787 299/2322
f 939/783 299/2322 951/806 254/619
f 940/787 300/786 941/791 299/2322
f 942/789 301/788 1653/797 302/792
f 947/762 268/761 948/653 259/633
f 951/806 299/2322 952/793 249/805
f 953/807 302/792 954/799 248/609
f 955/812 60/136 956/814 58/811
f 956/814 73/813 1595/170 58/811
f 957/161 71/160 1593/165 62/140
f 959/153 69/152 1591/159 63/816
f 961/142 61/138 962/817 64/144
f 966/189 66/822 972/834 83/190
f 967/824 80/825 968/828 92/218
f 975/203 88/202 981/844 90/836
f 983/848 87/200 1052/935 158/847
f 985/245 153/361 986/356 106/246
f 987/253 152/355 988/851 109/254
f 990/259 145/850 992/865 111/260
f 991/854 306/863 1665/862 111/853
f 992/865 144/341 993/869 111/260
f 994/263 112/262 996/871 115/266
f 996/871 146/870 998/878 115/266
f 997/269 115/268 998/878 118/2316
f 1006/303 149/347 1007/309 131/304
f 1014/352 151/351 1024/911 138/897
f 1019/411 172/409 1616/416 140/904
f 1021/906 166/907 1023/909 173/412
f 1022/908 138/897 1024/911 166/907
f 1031/916 150/363 1032/917 163/389
f 1038/478 196/477 1680/921 187/457
f 1040/463 157/371 1041/923 191/464
f 1044/926 198/484 1625/481 194/471
f 1046/927 193/469 1047/928 210/931
f 1048/930 158/922 1051/933 210/929
f 1059/944 213/517 1060/524 208/949
f 1064/544 224/543 1631/550 216/527
f 1065/540 223/553 1630/546 217/541
f 1066/950 85/194 1067/952 221/2320
f 1069/954 219/537 1071/959 228/953
f 1078/967 296/764 1079/968 236/966
f 1079/968 296/764 1080/972 237/579
f 1085/592 240/591 1635/588 239/583
f 1091/984 10/82 1092/72 34/69
f 1100/32 16/31 1101/999 11/995
f 1106/179 52/1006 1107/1010 58/173
f 1110/116 21/41 1112/1017 51/117
f 1113/1019 314/1018 1758/1526 316/1022
f 1114/1027 313/1029 1691/1021 315/1024
f 1115/1037 320/1036 1694/1032 317/1026
f 1115/1037 317/1026 1284/1525 321/1034
f 1116/1041 321/1040 1282/1519 323/1045
f 1117/1049 326/1520 1697/1044 323/1046
f 1119/1067 335/1516 1276/1515 328/1064
f 1120/1071 338/1070 1279/1517 336/1066
f 1121/1075 335/1512 1279/1517 338/1072
f 1122/1079 340/1506 1274/1513 339/1076
f 1124/1085 347/1090 1268/1502 343/1086
f 1126/1109 356/1108 1243/1169 354/1102
f 1127/1113 356/1112 1128/1115 357/1492
f 1128/1115 359/1114 1260/1123 357/1492
f 1130/1121 361/1118 1271/1505 362/1495
f 1131/1125 360/1124 1132/1129 363/1143
f 1133/1133 366/1132 1709/1134 364/1137
f 1133/1133 364/1137 1263/1499 365/1130
f 1136/1153 374/1150 1137/1157 375/1164
f 1138/1163 376/1156 1252/1159 380/1485
f 1139/1165 381/1166 1255/1490 373/1152
f 1140/1167 375/1164 1250/1486 382/2323
f 1140/1167 382/2323 1246/1479 381/1166
f 1143/1177 385/1176 1240/1473 354/2324
f 1143/1177 354/2324 1243/1169 383/1174
f 1144/1181 385/1472 1238/1471 386/1178
f 1145/1185 386/1184 1238/1471 388/1455
f 1145/1185 388/1455 1223/1454 389/1182
f 1147/1202 397/1201 1717/1195 396/1198
f 1147/1202 396/1198 1148/1212 398/1199
f 1149/1216 405/1215 1207/1438 404/1392
f 1150/1220 407/1219 1209/1436 405/1442
f 1151/1224 409/1223 1232/1463 408/1441
f 1153/1232 415/1236 1227/1459 414/1233
f 1154/1240 417/1239 1155/1244 416/1458
f 1156/1242 419/1246 1253/1488 418/1243
f 1157/1250 420/1249 1158/1254 419/1487
f 1157/1250 419/1487 1251/1262 379/1247
f 1159/1245 417/1241 1224/1447 425/1259
f 1160/1264 426/1482 1249/1484 380/1261
f 1161/1268 426/1483 1247/1481 427/1265
f 1162/1272 428/1271 1164/1280 427/1480
f 1163/1276 430/1275 1213/1445 428/2325
f 1163/1276 428/2325 1216/1270 429/1273
f 1164/1280 431/1279 1166/1288 427/1480
f 1165/1284 396/1446 1217/1197 432/1281
f 1166/1288 433/1287 1244/1475 427/1480
f 1168/1302 440/1301 1729/1303 439/1464
f 1169/1305 441/1304 1730/1307 442/1315
f 1171/1318 447/1319 1193/1378 446/1313
f 1172/1320 448/1322 1173/1326 447/1319
f 1174/1342 457/1408 1743/1403 458/1339
f 1176/1348 461/1347 1195/1421 459/2326
f 1176/1348 459/2326 1188/1343 460/1345
f 1178/1352 464/1354 1180/1366 461/1347
f 1180/1366 464/1354 1198/1356 469/1363
f 1182/1372 471/1371 1199/1422 466/1424
f 1183/1376 473/1426 1235/1467 446/1373
f 1184/1380 470/1418 1196/1374 446/1377
f 1185/1384 475/1427 1210/1440 408/1381
f 1186/1388 476/1387 1739/1389 404/1392
f 1186/1388 404/1392 1200/1423 465/1385
f 1187/1397 480/1396 1741/1394 460/1407
f 1189/1332 453/1331 1735/1336 455/1335
f 1189/1332 455/1335 1190/1415 450/1330
f 1190/1415 474/1414 1192/1417 450/1330
f 1191/1413 459/1344 1194/1419 474/1414
f 1194/1419 459/1344 1195/1421 470/1418
f 1200/1423 404/1392 1201/1425 466/1355
f 1201/1425 404/1392 1203/1428 472/1369
f 1202/1370 472/1369 1204/1382 473/1426
f 1203/1428 404/1392 1207/1438 475/1427
f 1205/1432 402/1431 1206/1434 403/1213
f 1206/1434 402/1431 1721/1208 398/1433
f 1208/1214 403/1213 1211/1210 430/1444
f 1208/1214 430/1444 1212/1443 405/1215
f 1213/1445 396/1209 1215/1278 428/2325
f 1214/1274 429/1273 1226/1457 406/1217
f 1218/1449 395/1196 1716/1193 393/1451
f 1221/1452 389/1182 1222/1286 431/1283
f 1226/1457 415/1237 1228/1235 406/1217
f 1227/1459 416/1458 1726/1291 414/1233
f 1229/1218 413/1231 1230/1222 407/1219
f 1231/1462 412/1296 1723/1229 409/1223
f 1233/1429 437/1298 1234/1465 473/1430
f 1235/1467 439/1464 1236/1314 446/1373
f 1237/1312 444/1311 1753/1468 445/1317
f 1239/1456 385/1470 1241/1477 433/1287
f 1240/1473 355/1180 1707/1105 354/2324
f 1241/1477 385/1470 1242/1175 384/1474
f 1245/1266 384/1474 1246/1479 382/1267
f 1247/1481 426/1483 1248/1260 425/1269
f 1249/1484 382/1267 1250/1486 380/1261
f 1255/1490 358/1110 1256/1491 373/1152
f 1256/1491 358/1110 1257/1493 372/1148
f 1257/1493 357/1492 1258/1147 372/1148
f 1259/1139 369/1138 1711/1140 363/1494
f 1261/1127 362/1495 1263/1499 364/1128
f 1264/1117 342/1106 1267/1501 361/1118
f 1265/1101 346/1100 1266/1081 342/1106
f 1266/1081 346/1100 1704/1089 343/1082
f 1268/1502 347/1090 1269/1503 341/1500
f 1269/1503 350/1094 1272/1507 341/1500
f 1271/1505 339/1076 1277/1073 362/1495
f 1272/1507 350/1094 1273/1097 340/1506
f 1275/1511 334/1510 1276/1515 335/1512
f 1278/1497 338/1072 1289/1536 365/1498
f 1280/1065 328/1064 1281/1047 323/1518
f 1283/1522 321/1521 1284/1525 337/1068
f 1285/1025 315/1024 1286/1069 337/1524
f 1288/1532 367/1531 1708/1131 365/1535
f 1290/1149 371/1144 1762/1539 374/1150
f 1291/1544 489/1543 1292/1548 487/2211
f 1293/1546 489/1545 1477/1586 491/1549
f 1294/1552 490/1547 1475/1550 492/1553
f 1295/1554 492/1553 1299/1572 493/1571
f 1295/1554 493/1571 1482/1576 487/1551
f 1296/1558 492/1561 1475/1550 491/1555
f 1297/1556 491/1555 1472/1598 495/1559
f 1298/1562 496/1564 1764/1568 492/1561
f 1301/1579 502/1578 1866/2313 504/1581
f 1302/1582 505/1584 1479/2208 503/1580
f 1303/1588 505/1587 1457/2183 506/2327
f 1303/1588 506/2327 1306/1600 491/1585
f 1304/1592 505/2182 1570/2311 507/1589
f 1305/1596 506/1595 1457/2183 508/1591
f 1305/1596 508/1591 1453/1609 509/1593
f 1306/1600 506/2327 1456/1602 510/1597
f 1307/1604 511/1603 1469/2199 495/2202
f 1308/1608 512/1607 1455/2181 511/2179
f 1309/1606 513/1610 1451/2177 512/1607
f 1314/1626 520/2176 1447/2174 521/1623
f 1315/1638 524/1639 1770/1634 517/1635
f 1316/1650 529/1649 1317/1654 515/1653
f 1316/1650 515/1653 1448/1624 521/1647
f 1317/1654 529/1649 1318/1658 530/1651
f 1318/1658 531/1657 1319/1662 530/1651
f 1319/1662 532/1661 1320/1666 530/1651
f 1321/1670 533/1669 1458/2187 534/2180
f 1322/1664 535/1671 1459/2185 533/1665
f 1323/1672 532/1663 1464/2193 536/2328
f 1323/1672 536/2328 1463/1716 535/1671
f 1324/1660 531/1659 1325/1676 537/2192
f 1325/1676 531/1659 1444/2170 538/1673
f 1326/1680 539/1681 1465/2195 537/1677
f 1327/1682 541/1687 1484/2213 539/1681
f 1328/1686 542/2168 1438/2166 543/1683
f 1329/1688 543/1683 1330/1692 544/1691
f 1329/1688 544/1691 1485/2215 541/1687
f 1331/1696 546/2216 1488/2218 547/1693
f 1333/1694 549/1700 1485/2215 544/1695
f 1337/1760 570/1750 1489/2219 576/1762
f 1339/1774 582/1775 1795/1772 576/1769
f 1340/1782 585/1783 1797/1778 583/1779
f 1341/1780 588/1786 1386/1994 586/1781
f 1344/1792 590/1791 1411/2079 591/1793
f 1345/1796 589/1789 1346/1800 592/1993
f 1347/1802 593/1799 1348/1806 594/1977
f 1349/1804 593/1803 1518/2251 596/1807
f 1350/1810 595/1805 1351/1814 597/1973
f 1352/1816 598/1813 1395/2003 599/1995
f 1354/1821 601/1820 1390/1999 599/1995
f 1354/1821 599/1995 1395/2003 600/1818
f 1355/1825 603/1824 1392/1861 601/1864
f 1357/1827 604/1826 1536/2277 605/1862
f 1358/1831 604/2269 1529/1867 606/1828
f 1359/1835 608/1836 1532/2270 607/1832
f 1360/1837 609/1834 1361/1841 610/1840
f 1360/1837 610/1840 1364/1849 608/1836
f 1364/1849 610/1840 1546/1845 614/1846
f 1365/1851 616/1850 1538/2279 615/2274
f 1366/1855 616/2282 1540/2283 617/1852
f 1367/1859 605/1858 1537/2281 618/2280
f 1367/1859 618/2280 1394/2001 619/1856
f 1368/1863 605/1862 1391/1857 620/1961
f 1368/1863 620/1961 1390/1999 601/1860
f 1370/1869 602/1868 1527/2261 622/2012
f 1371/1873 606/1828 1528/2263 623/1870
f 1372/1876 627/1879 1533/2268 624/1877
f 1374/1903 636/2292 1561/2305 637/1900
f 1375/1901 637/1900 1558/2297 639/1904
f 1376/1909 613/1910 1549/2293 638/1906
f 1377/1911 641/2290 1545/2288 613/1910
f 1379/1940 655/1939 1864/2287 656/1941
f 1380/1946 657/1947 1815/1952 658/1943
f 1382/1974 668/1988 1825/1987 594/1809
f 1383/1976 670/1975 1822/1982 586/1989
f 1384/1964 665/1963 1820/1972 597/1991
f 1385/1990 586/1989 1386/1994 592/1801
f 1389/1997 666/1998 1819/1968 663/1959
f 1393/1954 661/1953 1817/1958 619/2000
f 1397/2009 622/2008 1527/2261 621/2004
f 1397/2009 621/2004 1522/2257 674/2006
f 1398/2021 674/2020 1520/2259 679/2248
f 1399/2025 681/2026 1831/2023 674/2020
f 1400/2039 680/2038 1515/2249 688/2245
f 1401/2043 685/2042 1510/2244 689/2241
f 1404/2057 691/2054 1405/2061 697/2143
f 1406/2063 690/2062 1506/2240 699/2238
f 1407/2065 698/2060 1503/2237 700/2066
f 1408/2067 700/2066 1428/2149 701/2144
f 1409/2071 703/2070 1431/2152 700/2151
f 1409/2071 700/2151 1502/2239 702/2068
f 1410/2075 704/2074 1497/2229 703/2329
f 1410/2075 703/2329 1499/2069 590/2072
f 1412/1794 706/2081 1517/1798 589/1789
f 1413/2085 703/2157 1497/2229 548/2082
f 1415/2089 545/2086 1437/2164 709/2160
f 1416/2090 710/2091 1427/2147 707/2084
f 1417/2092 708/2088 1433/2159 711/2153
f 1418/2096 710/2095 1429/2154 712/2155
f 1418/2096 712/2155 1419/2108 713/2093
f 1419/2108 718/2107 1852/2142 713/2093
f 1420/2112 712/2105 1430/2156 721/2114
f 1421/2120 721/2162 1432/2161 709/2117
f 1423/2098 715/2097 1848/2134 695/2139
f 1424/2140 697/2143 1425/2145 713/2099
f 1425/2145 701/2144 1426/2094 713/2099
f 1430/2156 711/2153 1432/2161 721/2114
f 1434/2127 721/2114 1435/2122 725/2128
f 1441/1678 537/1677 1443/1674 542/2168
f 1444/2170 531/1659 1445/1656 724/2119
f 1446/1648 521/1647 1447/2174 725/2121
f 1449/1630 522/1629 1768/1628 516/1617
f 1451/2177 530/1651 1452/1668 512/1607
f 1455/2181 534/2180 1462/2190 511/2179
f 1458/2187 559/2186 1461/2188 534/2180
f 1462/2190 561/1730 1467/2197 511/2179
f 1464/2193 537/2192 1465/2195 536/2328
f 1469/2199 565/2196 1470/1740 495/2202
f 1470/1740 566/1739 1471/2201 495/2202
f 1471/2201 566/1739 1786/1744 568/2200
f 1474/2203 497/2204 1763/1563 494/1557
f 1476/1566 498/1565 1859/2207 499/1569
f 1480/2210 488/1541 1481/2212 501/1575
f 1480/2210 501/1575 1766/1577 503/2209
f 1489/2219 574/2217 1490/2221 576/1762
f 1490/2221 574/2217 1491/2223 580/2220
f 1494/2225 546/2222 1496/2227 704/2228
f 1494/2225 704/2228 1495/2226 580/2224
f 1495/2226 704/2228 1498/2073 581/1767
f 1500/2230 702/2068 1501/2235 705/2076
f 1501/2235 702/2068 1502/2239 699/2232
f 1504/2233 689/2241 1505/2077 705/2234
f 1509/2243 688/2245 1511/2080 591/2078
f 1512/2032 684/2031 1833/2028 682/2024
f 1512/2032 682/2024 1513/2037 685/2033
f 1516/2247 679/2248 1519/2252 706/2081
f 1521/2255 673/2258 1523/2260 596/2253
f 1526/2007 677/2016 1829/2015 622/2008
f 1530/1829 624/1872 1531/1833 607/1830
f 1532/2270 608/1836 1535/2275 604/2269
f 1534/2272 627/2271 1565/2309 611/1838
f 1536/2277 615/2274 1537/2281 605/1862
f 1547/2291 640/1908 1548/1918 645/1917
f 1547/2291 645/1917 1812/1935 641/2290
f 1549/2293 613/1910 1551/1897 636/2292
f 1552/2294 646/1922 1807/1920 642/1912
f 1553/1923 639/1904 1555/2295 647/1924
f 1555/2295 639/1904 1556/2299 649/1928
f 1556/2299 651/2298 1557/1931 649/1928
f 1559/2301 653/2303 1811/1934 651/2298
f 1560/1895 635/1894 1865/2302 637/2304
f 1562/2306 612/1898 1563/1889 632/1888
f 1562/2306 632/1888 1803/1893 634/1892
f 1563/1889 612/1898 1564/2307 631/1886
f 1565/2309 627/2271 1566/1882 631/2308
f 1572/1644 527/1643 1772/1642 525/1637