# OBJ Exporter v1.2 by Jaden Seungwoo Oh at CLO Virtual Fashion Inc.
mtllib male-walking-coat-simulated.mtl
v 22.772856 878.421692 4.870091
v 54.199257 880.476440 2.355581
v 103.088547 893.648254 4.942414
v 181.309830 916.097717 -2.951147
v 178.902069 938.866821 -4.010899
v 192.082428 960.391418 -7.749791
v 215.229401 981.101257 -11.049228
v 234.433060 996.583557 3.674277
v 246.550659 1013.927246 14.892482
v 253.117355 1033.486816 19.235697
v 260.379547 1050.378174 24.708933
v 262.047607 1068.327637 21.611303
v 268.133636 1084.308716 26.442810
v 268.237732 1099.980225 21.509155
v 266.782410 1113.633179 13.283119
v 265.550995 1125.893921 3.069618
v 264.460297 1135.772949 -9.236959
v 239.669601 1130.204468 -3.583091
v 218.800385 1142.102661 2.118343
v 194.921082 1142.577637 6.606719
v 174.759460 1129.787720 9.989417
v 158.236740 1146.574707 14.464125
v 155.324722 1170.056030 15.094745
v 173.201889 1165.756836 -0.619537
v 158.021698 1185.175049 2.641671
v 162.543884 1208.686890 7.871805
v 181.282181 1199.240601 21.471300
v 191.965454 1221.244629 20.749529
v 186.762589 1244.930420 16.670946
v 172.042160 1263.919434 10.879591
v 188.211487 1282.450195 10.236343
v 190.434128 1307.000854 9.525689
v 190.240616 1331.656128 8.347150
v 189.439713 1356.317139 6.936910
v 186.305023 1380.749268 5.322505
v 178.103104 1403.768066 2.274417
v 184.982071 1427.236450 3.130456
v 187.980179 1453.297485 2.053498
v 191.350815 1479.140015 0.220724
v 194.705460 1505.354248 -0.982482
v 199.423141 1531.886475 -0.099727
v 205.152405 1559.099365 2.390919
v 188.235229 1573.427979 -7.094692
v 185.981476 1573.179565 18.007467
v 164.022736 1562.152100 14.648197
v 140.343628 1555.990723 18.598846
v 116.873825 1551.988770 25.511311
v 94.055824 1550.034546 34.879925
v 70.923409 1547.904663 43.419750
v 48.917557 1547.070801 54.752911
v 24.721500 1541.923706 53.611069
v 0.334598 1537.972412 55.084160
v -24.069868 1534.566650 57.265408
v -48.438923 1531.826538 60.642574
v -71.755219 1525.871704 54.828957
v -96.380386 1523.351318 55.942757
v -119.204079 1517.598145 48.182014
v -143.178040 1513.584473 43.070686
v -167.655487 1510.670532 39.501110
v -192.060837 1507.378784 35.130413
v -215.724167 1503.657349 27.684416
v -237.681061 1499.822021 16.466433
v -257.286926 1495.697021 1.038705
v -275.955109 1492.433960 -15.474788
v -281.379120 1491.365723 -40.120594
v -267.278717 1494.413574 -61.451336
v -274.813354 1472.868042 -69.256767
v -259.759705 1449.930786 -64.736534
v -246.225800 1427.630005 -59.012417
v -234.265884 1406.083984 -52.211521
v -224.408966 1383.793213 -45.397026
v -204.325394 1369.646240 -49.140755
v -196.427338 1353.226929 -32.558048
v -187.588699 1335.867920 -17.628542
v -175.167236 1319.548828 -4.044819
v -180.498016 1295.725098 -2.277097
v -188.076157 1272.417114 -2.055311
v -206.018555 1258.146118 -11.038224
v -204.851379 1234.447388 -4.844892
v -184.303925 1237.750000 7.497421
v -167.470337 1223.968506 16.820366
v -150.297043 1208.935425 10.089490
v -153.316864 1185.332886 7.032170
v -167.741699 1167.438232 -0.177500
v -171.700714 1145.441528 9.530535
v -159.720139 1126.513306 0.103223
v -161.715012 1103.863159 -8.156888
v -172.632996 1123.198608 -0.603106
v -193.656082 1129.500488 7.234457
v -190.690689 1106.076294 12.610355
v -214.250839 1108.852905 5.574860
v -236.522690 1106.033081 -5.960151
v -235.784073 1101.765015 16.300505
v -232.203995 1096.683228 37.861938
v -231.809326 1079.630981 49.844654
v -231.634308 1062.472412 59.092575
v -229.663498 1043.282593 58.100334
v -224.059387 1025.787842 50.509907
v -217.080704 1008.383179 41.524029
v -207.885895 990.618652 31.031631
v -196.433014 972.409485 16.968925
v -185.336456 953.908386 0.287660
v -181.099152 928.537415 9.239697
v -133.948746 907.112000 2.219730
v -78.090950 892.031250 -5.720192
v -34.807541 883.376099 -4.370953
v -3.293253 874.949158 1.463737
v -107.578842 1108.956909 96.905197
v 66.140411 1035.647583 105.721024
v -161.872665 1095.817139 44.567020
v -105.501442 1015.257141 93.089836
v 3.132464 948.991577 123.183151
v 138.051285 980.936646 85.146263
v 152.420837 1090.770020 62.982563
v -194.938141 1089.167358 27.101095
v -162.415771 1047.673950 70.225754
v -154.679169 986.179688 77.650330
v -12.550354 885.047974 92.148849
v 108.706207 932.140503 101.010353
v 171.357452 956.098389 53.718002
v 194.254929 1009.803406 53.968662
v 200.657578 1068.895386 51.217529
v 208.173630 1110.599609 40.069496
v -217.079712 1093.185791 26.082886
v -196.580093 1048.047607 66.219635
v -187.611862 1007.887756 65.843872
v -174.918671 969.322815 55.909424
v -14.069567 884.505554 45.248131
v -95.816605 921.443542 103.032204
v 132.691910 910.758545 95.877518
v 182.325409 949.951416 23.760920
v 210.653870 994.458618 33.513775
v 223.863068 1033.443481 41.080997
v 234.963348 1071.401855 41.661491
v 226.571365 1099.142334 23.069065
v -202.672699 1083.550537 50.134651
v -206.027771 1097.272827 4.168947
v -216.212952 1050.346558 63.193588
v -207.903748 1065.884155 57.534142
v -203.106613 1028.869385 65.757492
v -206.759125 1012.412781 54.921173
v -190.806168 991.022888 53.994473
v -191.176956 975.513489 37.253426
v -173.460831 943.732849 45.855106
v 22.901743 880.548889 72.442482
v -110.170105 908.227600 102.692451
v 166.213013 933.059875 62.917252
v 228.471786 1000.013245 19.597782
v 195.896194 972.282166 27.912477
v 226.783890 1016.259705 32.580067
v 243.486816 1037.532227 31.254131
v 248.724960 1103.790405 21.373558
v 236.103653 1115.259888 8.404688
v 237.980408 1089.118774 34.618435
v -182.045685 1063.538452 61.497589
v -170.638199 1024.774048 75.382652
v -171.373840 981.656860 65.439995
v 12.219349 874.445374 34.903992
v 33.978443 880.782349 37.481091
v 48.911739 887.590454 92.874916
v -50.293564 889.278442 93.811531
v -151.181610 928.598267 81.984787
v 179.152740 928.772522 28.448412
v 202.169861 971.158691 6.837894
v 212.771072 1018.885437 44.545471
v 207.958878 1085.882568 36.669628
v -152.149200 1068.843994 58.081902
v -187.171631 1034.102783 70.328850
v 88.988914 907.596313 103.468819
v 43.180717 919.174316 108.339386
v 73.064903 919.193542 102.641129
v 40.173367 897.890930 94.278656
v -14.884542 876.942749 56.278683
v -171.728439 920.527710 53.644188
v -164.650375 1066.134399 69.974426
v -177.003006 1075.718384 45.555729
v 15.989270 899.350525 107.792587
v 15.121962 924.373352 119.990067
v 10.409596 881.111816 84.335350
v -122.739975 1345.659912 83.921257
v -277.524170 1482.064453 -55.098175
v -245.298019 1440.088867 -3.245282
v 66.153564 1376.464111 105.845520
v 147.150696 1481.793335 58.403309
v 185.470291 1536.293945 27.640312
v 191.040604 1562.012329 7.142396
v 187.261734 1555.295044 24.994137
v 201.611755 1544.524170 18.208776
v -85.211067 1197.899170 124.978447
v -129.293777 1131.393677 75.136475
v -188.890945 1115.852539 54.554104
v 152.469177 1135.685547 97.285782
v 214.254913 1132.656250 28.929617
v -184.761871 1103.019287 29.042795
v -208.743973 1101.015625 27.821508
v -219.271088 1101.983643 -4.679658
v 144.422455 947.925781 85.516411
v 137.603546 929.229797 91.752686
v 244.680084 1130.839111 16.262587
v 217.195877 1112.401733 20.333296
v 200.074371 1100.192139 27.884289
v 226.225082 1121.425171 34.156578
v 181.075150 1101.248657 58.185509
v 178.859375 1087.599243 39.940258
v 195.128204 1101.948120 45.111435
v -161.850510 1006.004272 76.116417
v -129.008499 999.658691 87.411438
v -136.688110 1027.860474 81.841896
v -151.069901 1017.913147 80.792542
v -49.997192 914.373413 102.279900
v -25.362980 929.976501 115.186806
v -51.869179 985.449036 109.415756
v -74.546089 953.800476 104.464104
v -32.073055 961.171143 113.919968
v -55.587475 936.476501 108.087532
v -87.623108 938.089050 102.746353
v -126.293564 962.157288 92.970123
v -152.655045 966.455383 76.284264
v -102.011971 953.172852 99.845718
v -146.856873 946.986084 83.707420
v -120.383369 937.284729 98.089806
v 218.039871 1077.458496 44.229252
v -187.009094 1077.889893 56.081570
v -158.745941 1080.073486 45.983177
v -173.960114 1085.592041 30.684801
v -192.253342 1081.537354 39.642506
v -68.886589 1430.563599 99.711472
v -163.373688 1425.035278 63.535149
v -186.894211 1362.355835 27.787693
v -140.515213 1264.419800 64.708557
v -242.321869 1465.394409 16.030991
v -247.355560 1439.551392 -34.501144
v -263.901031 1461.000488 -43.334164
v -226.020721 1394.636963 -9.104636
v 150.137161 1385.182251 79.199226
v 52.617725 1463.303711 87.982239
v 84.789635 1232.018921 127.159660
v 186.609314 1487.013794 40.167217
v 139.678970 1521.591187 44.788631
v 159.072189 1540.411621 30.578058
v 195.086243 1513.877197 22.984365
v -129.844040 1201.876587 66.269691
v -156.964874 1124.561646 36.756958
v -173.753723 1125.288452 29.961317
v 162.018631 1140.880249 52.444695
v 144.845261 1177.109375 60.137581
v 222.539963 1126.827271 11.011417
v 208.551270 1142.540161 29.470358
v -190.993225 1094.219482 14.026397
v -203.452728 1100.741333 13.679155
v -194.603439 1101.564697 42.489239
v -171.877151 1098.834961 53.847507
v -197.740463 1122.306396 31.038301
v 155.008163 966.997070 73.696198
v 169.175476 990.191162 66.109756
v 96.198799 961.480225 99.886673
v 70.056969 942.805603 105.907661
v 37.260563 947.225586 114.280106
v 98.754166 946.056702 100.989853
v 27.340239 998.755066 113.682961
v 23.811062 972.425110 115.682114
v 246.446121 1125.191895 2.538620
v 168.439819 1093.929688 54.426842
v 191.718857 1078.916748 44.441105
v -124.511673 1014.688538 87.167984
v -91.922272 986.710266 98.561447
v -100.803864 970.044983 98.004402
v -117.061333 984.337097 92.673676
v -57.437527 967.214417 108.045692
v -164.767471 953.762512 62.470093
v -77.386848 1478.832275 78.709183
v -149.854660 1469.209106 61.238056
v -196.424622 1460.421997 44.933811
v -203.058365 1354.792236 -12.163150
v -190.683319 1294.656372 27.750917
v -186.756821 1251.361572 43.712811
v -247.441101 1483.832764 13.726604
v -258.810059 1472.324707 -7.236694
v -222.903900 1478.401855 27.459213
v -248.447388 1440.260132 -51.336159
v -230.178894 1419.721680 -36.950111
v -265.422638 1460.503540 -58.743027
v -255.728790 1453.685181 -21.629801
v -250.094833 1456.677124 -5.096939
v -267.633179 1470.649658 -25.664026
v 175.735275 1388.089355 43.903362
v 128.114502 1291.256836 79.866356
v 44.494427 1504.532471 70.233337
v 192.422806 1489.458008 18.203447
v 191.746689 1498.654053 28.888189
v 192.570450 1458.382446 32.134750
v 192.203201 1471.632202 17.562136
v 133.756989 1538.902954 31.830053
v 109.187378 1525.613892 46.178349
v 146.800903 1532.875854 36.540707
v 124.991188 1528.003296 41.318367
v 170.856873 1551.766968 25.903408
v 154.788925 1551.991821 21.558064
v 196.751694 1516.969849 8.080317
v -162.115112 1204.219482 30.932934
v -168.109070 1114.322876 16.999113
v -152.516556 1159.706421 44.287037
v -178.369614 1128.935669 13.813764
v 164.277084 1140.455688 25.172173
v 174.078278 1168.454224 39.426880
v 168.069183 1187.950073 43.054821
v 207.464462 1145.548340 13.814131
v 187.293152 1133.884399 28.916098
v -171.789032 1104.539795 39.427528
v -142.720596 1110.935181 78.668640
v -143.295868 1093.778931 62.979027
v -186.090805 1125.039185 40.472324
v 181.412323 976.663391 51.923138
v 142.489410 1038.406738 76.258507
v 164.085464 1062.239868 61.479099
v 163.857574 1077.562988 51.164532
v -11.967590 991.398560 116.096901
v 62.103382 973.234009 106.752548
v 59.343994 956.500488 108.525101
v -5.414892 970.862976 119.627365
v -107.167175 998.791382 93.491158
v -136.340363 975.865967 86.694847
v -81.309441 1502.899536 66.226082
v -28.537907 1489.286377 76.917366
v -153.859787 1492.597290 51.963882
v -218.149170 1356.768677 -30.778994
v -179.216080 1313.831543 0.786366
v -197.701080 1274.550537 17.180752
v -183.246933 1240.574829 16.953054
v -266.721619 1485.223145 -4.965833
v -226.294312 1493.194824 25.109838
v -201.012939 1485.138794 36.289207
v -234.863419 1418.625244 -50.432465
v -214.086609 1397.922119 -33.725513
v -240.076004 1423.805298 -16.993036
v -279.276733 1482.396240 -27.547699
v 173.173294 1391.544434 21.902010
v 160.714417 1340.746460 42.067432
v 154.981949 1231.212036 84.825470
v 163.504105 1270.113037 52.095196
v 40.255150 1526.367554 62.443562
v 186.219986 1439.554199 21.891035
v 108.744125 1540.355225 36.235294
v 87.285553 1532.177612 47.971241
v -169.820770 1197.901978 16.321663
v -163.454498 1101.219604 29.087660
v -171.470840 1111.813843 14.799124
v -152.767929 1181.647339 20.271093
v -167.427261 1140.835205 33.660851
v 171.377686 1145.403198 12.608078
v 162.544098 1163.157349 35.060886
v 179.354019 1162.277832 18.414886
v 161.875397 1167.951660 28.179533
v 175.757919 1154.816528 31.326620
v 163.587067 1150.146118 55.013565
v 174.480164 1175.143188 26.322653
v 163.550262 1193.543579 24.099384
v 165.522476 1217.191895 35.840343
v 169.741776 1180.648804 29.390236
v 172.261307 1201.880371 35.464314
v 175.744476 1147.336426 38.370678
v 161.942291 1135.160645 53.069252
v 182.102921 1145.629028 60.304855
v -155.252899 1109.074463 60.588501
v -159.777359 1121.454956 79.189285
v -163.528717 1124.546021 52.530369
v -167.518997 1104.187378 73.772316
v -175.341400 1119.741333 67.557014
v -122.861580 1097.391235 80.691948
v 192.344009 994.073608 49.546589
v 146.640366 1010.040344 78.244247
v -30.236767 979.841064 113.610054
v 9.985709 987.055420 116.699051
v 98.772400 992.908142 96.159103
v 43.756271 985.892578 111.035172
v 70.626244 995.267700 104.329948
v 89.891190 1019.025513 97.612167
v 86.733101 1004.119202 99.059731
v -83.004486 1516.338135 59.008015
v -106.002815 1501.419189 62.193726
v -57.188820 1509.209595 66.259232
v -7.131592 1510.364014 67.992401
v -154.897476 1505.337891 44.931782
v -175.027985 1476.004150 47.932705
v -215.973190 1330.357910 -10.200651
v -178.881088 1307.629150 -17.034727
v -195.524475 1294.325806 -1.348812
v -200.097305 1313.432129 -7.929267
v -207.409729 1272.618652 0.775940
v -208.837463 1251.075806 15.143972
v -198.653061 1229.303223 13.358275
v -175.919556 1220.404053 21.841421
v -208.455841 1470.881226 35.885933
v -203.787704 1376.479126 -28.971470
v -227.091843 1407.139771 -23.315405
v -228.163055 1415.181152 13.038951
v -273.158813 1473.702759 -41.525482
v 173.022995 1342.318848 19.793640
v 178.487640 1236.156006 53.865845
v 183.714035 1270.423340 34.008213
v 169.267197 1426.250244 57.666054
v 183.372772 1413.729858 34.136505
v 64.068565 1527.366089 55.480957
v -158.381424 1114.092651 24.822403
v -162.996994 1099.771851 8.582247
v -167.790375 1178.710449 12.442454
v -156.751633 1157.512085 19.378231
v -174.058945 1191.705078 28.959143
v -166.599731 1196.171509 13.349896
v -169.659470 1125.733643 31.274342
v -158.336777 1134.471191 18.067230
v 152.610153 1147.781494 38.802784
v 159.359589 1172.391357 11.514602
v 155.732468 1160.272705 57.213593
v 147.902863 1151.573853 76.719986
v 173.689728 1215.863770 19.784153
v 186.394760 1210.049072 40.713764
v 166.147247 1136.657349 77.040535
v 184.656265 1135.142578 38.951084
v -143.120056 1108.974731 68.029655
v -162.230408 1116.484497 36.842693
v -151.514420 1104.268433 48.045269
v -126.947929 1111.867065 92.278099
v -114.427582 1110.421997 112.854240
v -143.138809 1111.779053 99.342621
v -122.667198 1108.838135 116.577583
v -134.238464 1102.336182 72.405640
v -132.629974 1076.782959 74.706963
v -139.050537 1055.650269 81.754723
v 150.837601 995.029358 77.137764
v 170.609283 1009.371338 67.050919
v 86.577271 977.039368 100.578148
v 112.752274 976.092468 94.831635
v 127.318146 961.574524 92.675591
v -93.430313 1489.067993 71.860863
v -121.431778 1477.227539 69.869095
v -109.446953 1487.452148 68.765312
v -129.938614 1496.845825 56.692200
v -65.445656 1493.175293 73.489578
v -49.620350 1471.584595 84.718483
v -46.475651 1495.514038 74.059189
v -30.148195 1510.487427 68.363251
v -9.930721 1525.805908 61.226776
v 19.172712 1511.562378 67.856750
v 7.523705 1523.554077 62.233269
v -160.251663 1478.868652 52.924747
v -171.609879 1493.584961 45.206902
v -190.195511 1473.809448 42.507896
v -218.437103 1347.546631 -14.477112
v -207.059509 1338.628296 -25.124689
v -200.271790 1325.954712 -17.715330
v -187.573883 1284.966553 -9.856039
v -170.478790 1282.832520 10.894923
v -203.111786 1311.429077 9.143735
v -196.133545 1243.747192 29.440125
v -194.299957 1261.545166 29.873072
v -169.105148 1263.960693 29.829123
v -209.568573 1247.862915 0.014461
v -176.142365 1224.764648 7.513056
v -161.053436 1213.423584 16.780676
v -211.910980 1367.203857 -18.288532
v -216.713470 1373.939209 0.391784
v -212.067764 1388.658691 -18.219465
v -236.776688 1424.804688 0.129725
v -234.085724 1409.871094 -7.134047
v 186.525299 1344.099487 14.658092
v 171.256714 1367.027466 19.318501
v 167.634766 1309.399902 32.158070
v 186.576111 1234.366577 34.920010
v 168.222549 1250.917480 31.926949
v 183.015564 1270.723022 18.771162
v 185.170761 1438.432617 44.405094
v 180.412048 1398.627930 33.161198
v 179.405487 1415.796265 16.357466
v 53.758041 1516.520386 63.020119
v -162.180038 1156.071655 5.999461
v -154.528717 1149.375244 33.706505
v -153.514984 1167.589233 29.672955
v -176.658325 1206.176758 27.725998
v -147.788254 1185.974976 49.189594
v -157.829895 1204.186279 24.438467
v 170.515121 1163.811157 53.766254
v 149.548996 1147.078979 61.930046
v 171.397995 1214.930176 60.698048
v 165.748032 1149.733643 66.590721
v 153.094406 1140.981323 83.298485
v 194.679688 1149.408813 39.642624
v 173.899231 1142.305054 48.255890
v 190.199310 1125.868042 61.747849
v 208.739197 1125.597046 49.051571
v 192.657608 1124.094360 45.907032
v 197.780701 1129.456421 27.562737
v -151.320465 1122.872681 64.513466
v -154.546295 1103.465332 86.999474
v -128.405624 1124.722046 106.987427
v -113.754295 1115.326294 87.956100
v -136.873566 1127.941284 85.248871
v -131.625824 1102.957886 103.763466
v -140.564178 1065.312988 69.201775
v -145.034912 1042.438721 76.496796
v -93.685600 1057.566162 96.572243
v -139.931152 1483.164429 60.084797
v -34.678013 1524.574951 63.046185
v 33.709003 1513.872437 66.676582
v 7.749609 1478.160767 81.028358
v 23.729000 1526.994629 60.890579
v -187.160355 1492.519287 39.822456
v -178.734482 1295.672729 0.909525
v -182.018173 1303.663574 15.474411
v -192.568192 1319.581421 3.312502
v -191.600418 1330.386475 40.333145
v -180.843262 1271.269531 18.620203
v -157.506958 1244.530029 53.258942
v -169.662689 1277.574341 38.269470
v -202.625229 1357.859863 10.930272
v -209.604736 1396.423584 9.430117
v -221.199127 1405.845215 2.908092
v -206.307983 1377.956299 -9.184476
v 175.402359 1377.635986 31.328714
v 168.250504 1363.455444 53.432522
v 166.439880 1354.377808 31.483271
v 183.463730 1319.598755 23.772882
v 164.438766 1327.834595 28.916542
v 184.917267 1295.182129 28.537413
v 177.137695 1257.669434 47.591953
v 166.471512 1251.534058 72.771088
v 164.410507 1245.299683 48.080906
v 170.275665 1461.174194 51.218147
v 181.573380 1421.511108 48.163036
v 185.391403 1428.937744 33.540642
v 88.864944 1496.284180 68.755211
v 74.119675 1510.271606 63.142368
v 64.576935 1489.346069 75.619675
v 94.532448 1513.910645 57.305954
v 60.564632 1503.298218 68.841927
v 120.200394 1496.712769 61.886887
v 124.466248 1512.822754 52.507191
v 109.486938 1507.917114 57.951977
v 139.655685 1500.211914 55.343353
v 165.006424 1500.148926 46.158401
v 164.854889 1521.673950 40.328556
v 152.242264 1510.848022 47.776428
v 180.763702 1511.299438 37.181934
v 171.547424 1533.460693 32.598557
v -155.716187 1192.543701 33.464493
v -169.039444 1195.458740 51.363995
v 182.555832 1221.189697 51.305714
v 172.994858 1231.370728 73.539619
v 158.182785 1237.757324 70.867409
v 163.457001 1205.561035 59.148411
v 153.953552 1218.730591 76.124519
v -91.099144 1145.176514 113.088722
v -128.170975 1112.734497 76.299385
v -148.771454 1120.801270 89.751427
v -101.746002 1083.609131 93.062355
v -116.642586 1061.649048 85.182320
v 6.779279 1496.730225 73.364594
v -11.183505 1494.027954 74.430389
v 28.649204 1488.551392 77.211143
v -196.774246 1314.518555 29.011030
v -205.787735 1339.873413 14.988448
v -203.855957 1324.253174 17.517967
v -169.886383 1251.383057 42.489220
v -162.679077 1277.469116 24.375961
v -221.125214 1387.849243 4.577567
v -198.836685 1378.214966 10.580837
v -189.448715 1392.409424 51.085548
v -195.503876 1392.504150 28.492031
v 168.024551 1382.759888 65.240700
v 172.343781 1404.589355 61.253540
v 148.528778 1412.530396 72.239685
v 161.740860 1414.258667 64.737953
v 145.307587 1334.499023 86.030807
v 170.980194 1365.747681 39.245644
v 166.747879 1288.348389 39.480598
v 144.115768 1305.796021 55.046925
v 153.611130 1318.228638 42.647907
v 150.450699 1286.174194 52.423584
v 155.965576 1301.091431 43.470646
v 153.962540 1325.260376 65.797028
v 136.114792 1290.662231 63.147011
v 140.516754 1262.676514 80.482391
v 148.107605 1277.058228 69.607964
v 132.466537 1276.192017 74.843430
v 156.981613 1264.688599 77.168060
v 153.288040 1251.391846 95.864403
v 180.943222 1453.713135 43.285122
v 86.379433 1465.413574 83.338936
v -153.922394 1189.482178 72.144875
v -146.440826 1203.732178 49.135994
v 158.544586 1218.960083 51.161079
v 116.895271 1204.216797 84.476357
v -97.105095 1140.608643 108.145508
v -109.412437 1096.616943 88.911217
v -117.576057 1081.537598 84.385323
v -11.997305 1101.787109 135.002396
v -119.542480 1040.864990 87.722702
v -104.368538 1069.050903 91.662567
v 28.362097 1466.187744 86.513451
v 46.659126 1488.354004 77.380348
v -187.859299 1346.426758 17.230343
v -198.843567 1345.705322 0.968489
v -185.358032 1379.220825 22.422007
v -208.615021 1415.249512 37.909164
v -215.815918 1444.972412 30.016792
v -234.223755 1436.921265 18.997711
v 142.690536 1310.724243 82.282669
v 156.057846 1329.955566 51.592560
v 158.091171 1348.560181 70.295639
v 112.024498 1246.525269 112.696175
v 115.653252 1264.772461 92.084885
v 80.822777 1481.541138 77.039497
v 65.987396 1473.526367 82.622025
v -159.792358 1184.592529 58.633987
v -145.850464 1201.509033 64.976021
v -158.610138 1221.649292 58.743622
v -151.605865 1228.420044 35.570023
v -175.708954 1229.859253 39.630314
v 144.689972 1211.008545 77.254005
v 134.816071 1218.948730 117.188499
v -103.613373 1122.747559 103.073006
v -114.925110 1140.052490 91.881203
v -69.870628 1112.768433 144.589905
v -12.199015 1429.873657 100.039200
v 42.023495 1474.371582 83.773651
v -215.565750 1404.791138 25.127939
v -202.394867 1399.502075 41.233147
v -222.892380 1423.295898 27.236591
v -229.892014 1452.300293 20.081076
v -222.460678 1461.409668 31.919558
v 89.054482 1317.255981 122.039642
v 146.778793 1312.081787 68.042717
v 163.849426 1348.130371 55.670719
v 162.720184 1365.914185 69.735596
v 131.482346 1250.399048 96.439224
v 143.142853 1239.241577 112.009338
v 153.105743 1220.961060 104.349564
v 128.648743 1247.559326 112.755524
v 112.917198 1232.830933 130.253769
v 136.161057 1208.927246 97.628197
v 162.343750 1218.014893 90.710449
v 114.412804 1218.491089 103.874344
v 130.312241 1212.825073 83.610542
v 151.571579 1205.363892 91.423920
v -137.212524 1220.593994 55.939278
v -154.279449 1213.775269 40.214386
v -163.563095 1232.450195 19.640623
v -161.207596 1224.190796 44.390259
v -176.296173 1236.471191 59.516548
v 159.200119 1204.017822 74.965157
v -118.390404 1128.285767 84.152626
v -118.829475 1148.553833 115.878143
v -97.163841 1117.583862 133.315979
v -72.957794 1098.482788 111.688316
v 3.735800 1451.991089 91.531670
v 115.450890 1303.953003 102.995964
v 144.084900 1360.582397 87.751999
v 116.718651 1215.900024 122.514709
v -112.113060 1138.202881 107.036873
v -111.802795 1119.897461 125.350151
v -103.112846 1102.932129 118.176544
v -90.256363 1104.853394 105.529259
v -83.406090 1101.376709 130.360291
v -78.708809 1075.753174 104.965950
v 12.498627 1464.323975 86.916786
v 132.395538 1300.628906 95.315369
v 129.081039 1323.218384 99.536621
v 121.137482 1282.923950 102.884613
v 88.995132 1284.728027 113.505730
v 120.030983 1279.572144 87.642822
v 105.433311 1267.706299 113.482132
v 105.038322 1289.472168 106.621437
v 100.656784 1305.734985 114.005997
v 109.522598 1329.385498 113.080971
v 150.226959 1348.451660 82.776756
v 153.092865 1370.477539 79.868973
v 107.986679 1385.400879 95.374260
v -88.877029 1089.437500 100.801338
v -43.883545 1035.186401 111.962860
v 131.257584 1345.235229 98.345963
v 123.373665 1367.482544 96.515480
v 72.373634 1251.932495 125.950218
v 107.127487 1257.159546 102.623962
v 116.723045 1318.348511 106.718277
v 80.841896 1346.624634 106.919754
v -67.319832 1051.358887 106.550461
v 136.784943 1376.705688 88.281807
v 111.411179 1350.682373 106.004494
v 97.067032 1340.716553 108.963486
v 85.829254 1265.132812 118.099411
v 92.413147 1244.793457 121.742752
v 85.072243 1246.799438 139.602753
v 107.222641 1248.717529 128.735550
v -79.863297 1061.342285 102.862152
v -84.102997 1032.311401 99.724800
v -36.113785 1073.752197 121.406944
v -100.569580 1042.093750 93.638718
v -77.078003 1008.121704 102.136047
v -63.941200 1033.064209 106.272751
v -46.467255 1056.719238 114.751335
v -58.382751 1077.028198 114.545898
v -66.201355 1066.123413 109.078178
v -71.577057 992.182556 103.957710
v 213.739059 1051.747070 48.041477
v 189.567947 1032.272217 58.872627
v 238.250900 1054.798828 34.018414
v 217.192719 1064.858154 49.391533
v 208.159241 1037.131348 49.703602
v 190.194168 1051.259155 60.084770
v 167.685074 1039.111206 68.974541
v 153.833267 1026.188232 74.439514
v 171.782547 1024.503662 66.846581
v 130.971863 1067.963623 76.273895
v 147.080505 1071.775269 63.198910
v 143.437042 1055.391602 70.623436
v -160.619232 1139.140015 62.956619
v 148.118195 1184.320435 37.626553
v 151.878983 1184.919800 60.999226
v 147.993744 1169.264771 45.502934
v 155.908157 1194.998535 50.418171
v 141.720840 1187.753052 50.474846
v 143.642471 1118.062988 86.409698
v 141.826096 1133.724731 67.189384
v 155.300217 1140.871094 66.306252
v 125.351280 997.900818 88.314674
v 66.559326 1015.359619 105.239441
v 49.019382 1004.173584 109.741051
v -172.527267 1451.171753 59.801392
v 121.744812 1156.606567 90.104942
v 165.702362 1157.120117 73.565147
v 142.149445 1153.513550 76.613571
v 139.257797 1161.309326 61.989845
v 144.377029 1158.503784 99.837120
v 157.526489 1161.943848 88.520462
v 80.910118 1128.546387 133.757751
v 117.778786 1132.680542 118.946060
v 65.324112 1181.649292 148.521301
v 137.118835 1141.962524 112.787910
v 115.561981 1158.245483 115.350632
v 121.189873 1135.718262 90.237328
v 131.093201 1156.750732 109.460587
v 136.015762 1136.324829 96.545929
v 86.770638 1189.415405 111.495277
v 88.213303 1217.542114 116.274887
v 88.202080 1144.181274 108.739662
v 97.831665 1203.717773 97.484650
v 109.577301 1166.420166 120.245796
v 105.973976 1144.677734 112.211288
v 99.562263 1216.176025 106.106224
v 90.774620 1203.703491 111.025261
v 103.517822 1163.651367 99.233017
v 87.326508 1165.734497 116.532967
v 119.556122 1189.311279 107.555077
v 137.986649 1173.862671 88.759583
v 122.105881 1169.228149 104.213593
v 122.353836 1172.225464 88.453499
v 88.178780 1168.038940 137.865479
v 112.761139 1200.329224 99.100533
v 97.611267 1160.641235 127.384972
v 70.338356 1153.140137 126.563843
v 78.583603 1154.784790 113.744705
v 70.390541 1160.303101 148.205109
v -14.822989 1162.923706 151.720459
v 23.696180 1134.695312 135.860580
v 28.435263 1164.993286 160.279388
v 49.965672 1142.734497 136.929871
v 51.194248 1167.293945 159.065231
v 64.827339 1147.120239 141.072556
v 40.688686 1159.415649 144.712448
v 14.815289 1159.348511 138.228043
v 33.724590 1148.815552 133.139420
v 71.161591 1131.570312 118.919731
v 85.308937 1138.445068 122.853233
v 52.449856 1132.085083 143.317230
v 65.462379 1136.927368 133.713074
v 51.706211 1128.879639 125.854782
v -144.872147 1130.293701 56.555283
v -149.327179 1130.382446 76.555946
v -143.187286 1165.665039 81.534554
v -155.020004 1149.733276 80.204178
v -139.861694 1140.185425 96.961060
v -157.144836 1166.339478 64.466415
v -152.822952 1152.421387 59.092220
v -137.873947 1172.326538 62.129807
v -159.377289 1174.030396 48.816372
v -157.705353 1125.395874 54.565720
v -126.330734 1437.256714 81.573189
v -70.110413 1455.404297 89.996986
v -65.498215 1469.325073 84.399544
v -99.272865 1460.496216 83.093170
v -93.002983 1474.233276 78.335510
v -41.345779 1443.757568 95.144333
v -88.210083 1442.316650 92.832336
v -52.774517 1456.109619 90.907074
v -108.097710 1443.654175 87.326271
v -119.306770 1458.845459 78.071571
v -133.842300 1465.813354 69.292656
v -150.955765 1264.516602 43.701866
v -144.693680 1253.340088 54.357819
v -177.202713 1303.197144 58.220795
v -187.850052 1312.885254 45.574261
v 165.986526 1480.395630 51.270741
v 146.829361 1443.779419 67.248032
v 105.462906 1479.325806 73.588783
v 104.740761 1494.122803 66.733315
v 115.761490 1447.356201 83.387489
v 126.918571 1476.485718 68.034264
v 114.999908 1464.707275 77.269989
v 132.426910 1455.867554 73.285263
v 148.661484 1463.098755 63.735722
v -126.718216 1184.931274 115.616264
v -135.425766 1171.894165 91.335312
v -129.756470 1172.039185 76.419258
v -183.817123 1417.329224 48.470585
v -166.435150 1400.064697 61.523258
v -179.964111 1434.683105 54.962185
v -187.210114 1449.056274 53.339859
v -197.912354 1436.112305 41.567123
v -206.711288 1449.904541 41.768250
v -209.944412 1430.292969 33.546886
v -170.225815 1414.163330 56.335545
v -179.861191 1403.239380 53.743347
v -149.951828 1368.254272 54.905811
v -166.203857 1371.881226 36.420628
v -136.106674 1406.247314 77.057350
v -101.387703 1405.814941 98.469261
v -99.881737 1426.013794 95.317345
v -119.276115 1416.768188 88.494835
v -82.318558 1414.672485 102.202545
v -65.768051 1351.208618 105.662788
v -40.112606 1394.414185 106.150116
v -78.844490 1381.741455 104.441948
v -58.851406 1409.585083 105.219475
v -86.224297 1397.770508 103.214203
v -196.647690 1421.927979 41.332302
v -171.713181 1377.331543 60.350224
v -171.263550 1346.654907 41.489895
v -173.410690 1328.505493 59.880009
v -180.170258 1383.463989 39.028278
v -152.153595 1409.947510 67.175423
v -143.306839 1426.314331 75.956688
v -147.343674 1448.352905 70.659225
v -59.941875 1389.255493 106.101715
v -63.247444 1370.328857 105.485748
v -35.175991 1418.983154 103.141823
v -144.150879 1375.462280 77.845581
v -147.586639 1392.938843 73.012192
v -157.800217 1380.719727 69.102982
v -173.290741 1359.262939 33.554565
v -181.992615 1339.847656 31.245304
v -164.330368 1360.182129 49.959885
v -180.237610 1336.444824 48.301193
v -130.311432 1305.608521 95.028152
v -132.319641 1450.875122 75.565804
v -158.738449 1457.333374 62.792267
v -160.790970 1440.287720 66.846024
v -28.627563 1433.425781 98.953094
v -20.227987 1453.879028 90.861115
v -36.195988 1460.901367 88.467491
v -50.438976 1429.220215 100.688705
v -155.952286 1312.408447 78.723473
v -9.042076 1443.851318 94.681847
v -7.049387 1466.828857 85.733086
v -169.892654 1314.125732 68.610001
v -134.817215 1236.110352 102.735512
v -136.054382 1238.296875 74.804535
v -139.814346 1213.991699 83.993118
v -159.506317 1238.227173 76.894669
v -144.495605 1215.069702 68.048119
v -148.872177 1238.639526 65.504982
v -146.289398 1238.204224 89.210098
v 128.187546 1233.725220 122.620529
v -105.426292 1141.480103 124.675598
v -73.146378 1132.471069 142.546219
v -86.598541 1151.753052 134.570908
v -93.355537 1129.739136 129.987106
v -104.528908 1121.670898 120.583473
v -42.907619 1153.914795 131.473801
v -88.807648 1142.553833 121.966743
v -73.312325 1115.949341 124.933128
v -63.462269 1152.671021 138.358765
v -89.236473 1112.437378 119.242821
v -81.958580 1120.625000 137.137787
v -67.415779 1159.269653 122.053627
v -75.939407 1143.755981 122.922249
v -56.465096 1148.082764 125.193291
v 36.334694 1415.760376 103.165550
v 36.782906 1442.042969 95.844635
v 39.113846 1456.114380 90.381325
v -36.265533 1009.249023 112.191391
v 0.639145 1025.210938 117.606010
v 5.089007 1006.299500 116.368309
v -15.318089 1050.913940 120.721550
v -15.103809 1013.164795 115.759995
v -30.568220 1058.886353 119.774208
v 127.219917 1401.520630 85.218605
v 93.846657 1366.599609 101.726746
v 108.650658 1370.475098 99.508705
v 86.821716 1389.044189 105.536827
v 77.996048 1364.043579 109.547516
v 63.408611 1405.659668 105.801636
v 71.223335 1391.892212 105.389526
v 98.942505 1053.694824 94.053444
v 163.285233 1100.941772 81.491158
v 178.132919 1113.978760 74.419563
v 169.281097 1121.145264 61.378254
v 159.851532 1120.775146 76.487778
v 123.629898 1098.413574 94.439774
v 142.944260 1095.892822 82.766632
v 139.633392 1106.164429 99.739609
v 126.469063 1086.530273 78.647491
v 117.857582 1114.994751 91.636963
v 100.094475 1081.753662 93.908379
v 115.137016 1073.861572 85.957222
v 127.656631 1122.754761 79.861473
v 99.699577 1130.287476 103.547997
v 97.595207 1122.127930 123.652924
v 110.089638 1127.180542 92.238899
v 113.017365 1136.217041 104.455513
v 98.002007 1109.718384 122.649261
v 80.884689 1118.258667 109.409225
v 100.460808 1111.262695 103.029762
v 116.270004 1104.765015 112.911369
v 97.631889 1099.532837 104.618713
v 42.805008 1099.480225 126.331024
v 70.741196 1103.866821 117.403595
v 86.233849 1105.978149 113.820274
v 79.303001 1085.354858 105.919724
v 62.934227 1114.205078 120.467354
v 79.772697 1110.000977 132.433578
v 58.914150 1086.566162 116.317207
v 24.266773 1065.842651 122.353310
v 66.530434 1062.038086 108.303658
v 39.006943 1080.071167 121.841751
v 15.312504 1096.145020 131.480530
v 45.531914 1060.914795 115.900185
v 29.919651 1092.644897 125.613770
v 28.321611 1038.896118 116.461189
v 32.977848 1019.043945 113.150391
v 56.394867 1048.991577 109.994995
v 51.191566 1025.098877 109.343826
v 86.620384 1068.225464 100.301674
v 71.516472 1127.700928 120.247429
v 80.126595 1049.355591 101.865417
v 92.729370 1036.695068 96.430954
v 116.491936 1027.394531 87.046181
v 109.105782 1010.070984 91.451668
v 44.779881 1038.664673 112.226303
v 122.159035 1048.348877 82.515526
v 112.802307 1059.384521 87.227051
v 98.933800 1217.811768 134.240082
v 52.824093 1205.098267 124.230232
v 71.250526 1202.351074 115.944580
v 74.465668 1209.831543 137.623886
v 29.628632 1196.876465 154.039673
v 64.071594 1187.459595 128.512878
v 36.151718 1178.389038 147.447128
v 43.998352 1190.741333 138.331879
v 79.725983 1184.340576 137.665695
v 0.948602 1182.341553 141.545090
v 17.730742 1174.692261 147.523254
v 1.599634 1171.918701 158.450424
v 2.152466 1155.416504 151.175827
v -20.793081 1138.493164 134.526230
v 0.607617 1143.669556 132.800919
v -14.005872 1157.061401 132.852005
v 1.441391 1117.956177 144.482376
v 12.798330 1144.144775 145.417053
v -30.322927 1172.974731 136.444092
v -28.880951 1152.142578 145.747696
v -6.853134 1134.335327 146.016190
v -46.206726 1129.301392 150.026413
v -24.173237 1116.649536 148.961624
v -36.052120 1138.496460 140.734329
v 75.637169 1214.250854 123.366554
v 29.161230 1226.108643 129.851761
v 54.073215 1235.384399 140.320786
v 71.075150 1237.140503 136.872055
v 62.480862 1222.164062 126.204178
v 46.226963 1229.918945 126.205437
v 42.718647 1214.328613 145.808792
v 59.142887 1216.359253 141.777679
v 31.218765 1203.346802 137.568680
v 13.177961 1220.802734 152.947144
v 50.124378 1185.601318 153.051422
v -31.844406 1191.723267 147.700378
v -15.527382 1182.023682 154.293152
v -31.820166 1175.317139 153.399628
v -64.762184 1181.653076 146.395660
v -47.662254 1184.551392 151.960739
v -54.611595 1204.697021 126.491859
v -54.359169 1189.887817 135.846100
v -67.920319 1194.007935 124.441750
v -60.032688 1139.348633 149.242203
v -53.651028 1128.244141 127.627007
v -9.980117 1106.473999 133.550476
v 28.737202 1223.987183 146.659821
v -50.769657 1171.832886 135.185806
v -67.725777 1167.445435 137.268494
v -84.168503 1180.575684 136.870163
v -105.157806 1182.146851 118.353165
v -46.951084 1150.158081 147.888367
v -64.792778 1123.602051 135.698624
v -34.655369 1127.151978 134.258499
v -27.342710 1111.628784 131.234100
v -44.971748 1111.527710 150.750961
v -22.578260 1108.772949 149.691284
v -13.148031 1122.120605 137.572922
v -51.234085 1105.057373 125.810127
v -66.904060 1103.199951 132.507690
v -48.043514 1088.415771 120.872002
v -27.835661 1091.647583 125.740364
v -35.163628 1108.568359 135.242508
v -11.944460 1073.140137 124.688301
v 4.192130 1058.729858 122.305008
v 1.809416 1042.247681 119.800636
v 104.671280 1186.124634 120.940155
v 89.958115 1188.917725 126.741272
v 127.994308 1188.413208 70.597031
v 141.059830 1180.949219 75.039070
v 141.475098 1199.050171 64.913971
v 120.008469 1183.467285 88.293495
v 131.671509 1196.151855 84.321777
v -126.928551 1151.160278 95.008194
v -141.955582 1155.707764 94.345291
v -132.663391 1146.595703 108.805351
v -109.508865 1159.252075 104.228874
v -113.684509 1144.749756 101.286537
v -180.492798 1291.885620 44.002827
v 162.826157 1443.528076 57.154705
v 130.265198 1427.487793 80.245461
v 143.910370 1427.896606 71.305679
v 134.985565 1413.291382 78.971901
v -131.566055 1188.994141 89.496300
v -136.909882 1182.365601 103.505005
v -128.734787 1164.728394 108.728157
v -121.251358 1165.661377 95.177193
v -114.553543 1166.199951 121.216064
v -91.569283 1156.798584 120.580597
v -82.778992 1165.402588 131.237564
v -106.676491 1208.369263 101.057564
v -146.934311 1183.319214 86.367294
v -93.990021 1158.282227 105.869621
v -78.758354 1154.817505 112.684799
v -115.633728 1201.956909 82.587929
v -124.791626 1208.770874 94.759323
v -135.721115 1220.479492 98.283997
v -126.661850 1214.010620 75.427971
v -116.522942 1192.291016 100.431160
v -110.010109 1198.293945 123.479393
v -117.400139 1186.257935 126.705704
v -98.054085 1187.714600 132.465164
v -88.336739 1229.527222 125.773216
v -96.410957 1214.284058 136.001389
v -76.109116 1206.410767 147.075363
v -117.968376 1221.975464 120.123909
v -98.214890 1211.165283 117.582077
v -90.721352 1198.225708 143.327560
v -79.958748 1214.019409 129.938858
v -159.080322 1284.883057 72.583046
v -169.820282 1286.922607 58.031986
v -158.408508 1271.436401 59.281849
v -128.155258 1323.521362 67.858337
v -145.223969 1341.923096 57.162537
v -163.550781 1343.607056 58.158005
v -147.835403 1323.429810 64.329605
v -127.458473 1342.902222 65.262596
v -139.596619 1355.403564 76.235397
v -152.324875 1364.018799 70.174622
v -138.987518 1356.525635 60.065407
v -24.048103 1473.075806 83.371750
v -102.317146 1267.849854 95.910324
v 13.997725 1429.891968 100.134216
v 19.658199 1445.234131 94.262383
v 0.855836 1391.848022 106.266060
v 29.492422 1429.126953 100.365990
v 15.368283 1408.393311 104.346542
v 0.932782 1418.357300 102.780083
v 32.391064 1379.173828 105.539619
v 30.701527 1397.877930 105.903610
v 17.278238 1386.921387 106.688881
v 49.218224 1390.675049 105.888901
v -8.734241 1333.254028 109.379539
v 10.949033 1356.636841 104.172081
v 47.957294 1406.069580 105.202614
v -32.652851 1356.247314 105.364998
v -50.002773 1358.726318 105.743156
v -38.965836 1374.853760 106.050179
v -14.415525 1372.608521 106.182915
v -19.116505 1402.743530 105.055283
v -24.537085 1386.596802 106.454849
v -19.995827 1417.547852 103.273849
v -12.771272 1352.505249 104.762215
v 4.091667 1373.642334 106.250679
v -57.288754 1015.390259 107.714996
v -21.426275 1032.449585 116.728249
v 123.507210 1386.006226 89.920700
v 93.541977 1422.926025 97.947075
v 82.355202 1407.756592 103.363457
v 101.744095 1404.458496 98.455803
v 113.184090 1420.852051 91.163803
v 104.446045 1435.592407 91.132523
v 98.513901 1452.414673 86.711555
v 57.648132 1429.364624 100.716515
v 75.666489 1445.199585 93.649559
v 75.374252 1424.516968 100.920486
v 54.768494 1446.421387 94.753357
v 57.966396 1103.853271 137.984482
v 25.250000 1130.258301 133.464066
v 28.474642 1103.092896 133.332794
v 43.020546 1101.005615 141.354858
v 43.407494 1113.529175 126.522758
v 52.591553 1125.272339 128.621017
v 65.972572 1122.207886 134.460632
v 8.080296 1199.391724 152.461075
v 18.847607 1189.766235 146.337769
v -26.764406 1216.965576 149.162659
v -10.790020 1203.073730 138.605911
v -17.998613 1188.974243 140.047760
v -6.790142 1216.446655 153.566788
v -8.651411 1242.800537 128.689468
v -13.120439 1222.369263 133.868790
v 7.517346 1228.163208 129.324371
v -31.877495 1205.912354 129.834167
v -40.787811 1195.968750 136.400757
v 4.175626 1104.248169 147.927200
v 20.423273 1100.138428 145.629105
v 9.316469 1108.508179 130.220123
v -0.902886 1088.139893 126.374771
v 8.586582 1073.930176 124.885727
v -99.424820 1216.292725 116.916893
v -95.620178 1238.961182 98.757355
v -108.778503 1225.810425 104.013390
v -136.318130 1277.932251 92.722931
v -138.012863 1315.767944 81.039017
v -118.519043 1246.740845 91.207855
v -110.461128 1242.285034 105.187851
v 38.974396 1315.405029 117.426552
v 48.662376 1346.615356 108.234856
v 65.034279 1351.920776 112.403297
v 35.899754 1132.069580 146.690735
v 17.840160 1123.289307 148.378540
v -55.247398 1218.357300 136.153076
v -74.078140 1229.578125 142.817017
v -34.949841 1225.508667 129.901184
v -64.532188 1217.238892 149.788162
v -45.548683 1203.116577 143.099915
v 9.479101 1124.927490 131.282547
v -148.582153 1295.640137 90.638924
v -142.183075 1278.670044 75.569595
v -127.846687 1234.124512 88.425758
v -120.633217 1266.074219 87.931747
v -138.341873 1261.797363 83.297707
v 18.375357 1331.224121 110.202957
v 31.823200 1358.210938 104.404594
v 22.108541 1345.804077 105.595749
v 49.760498 1365.779175 105.103333
v -59.579407 1263.196167 136.977905
v -61.265450 1241.131836 118.663872
v -74.305176 1237.964966 128.115051
v -77.926102 1237.703857 108.092606
v -53.909565 1242.163086 142.972351
v -87.595062 1256.094482 105.389191
v -89.126778 1290.389160 121.435387
v -98.041222 1271.420654 116.889160
v -79.199829 1260.854370 125.632599
v -114.596725 1292.482910 113.253441
v -118.147270 1281.690674 98.367653
v -132.834656 1290.597290 102.119865
v -42.743385 1251.537354 126.251015
v -63.367355 1256.039795 123.606903
v -74.624954 1279.558350 134.303894
v -24.723120 1287.266357 126.269539
v -59.400681 1301.163574 112.023071
v -49.218193 1286.705322 135.644302
v -70.649773 1284.384033 114.596420
v -52.877636 1285.317871 117.893463
v -29.574612 1234.002441 142.232895
v -93.118935 1313.499512 92.830528
v -85.237228 1293.784424 99.929359
v -78.491737 1312.775146 109.841599
v -105.937706 1297.209839 94.751167
v -56.376621 1327.470093 115.790451
v -43.731659 1340.207153 107.888100
v -92.619568 1338.818481 107.656700
v -99.611206 1293.720703 109.320374
v -111.274139 1313.542358 79.568810
v -64.549889 1314.947021 115.091179
v -30.261103 1317.720581 117.377892
v -41.603119 1301.671631 122.234261
v -25.573496 1339.651733 107.425850
v -89.745041 1323.336914 104.750931
v -74.711342 1332.670410 112.186180
v -103.367218 1333.507080 87.618340
v -45.711193 1316.649170 119.871407
v -41.164993 1239.852417 133.234558
v -2.167697 1267.843872 152.441147
v -115.081223 1332.985840 74.357750
v -25.700275 1278.729248 145.810516
v -11.394404 1245.766113 152.554535
v 19.592527 1241.212280 145.969742
v 34.240658 1243.168579 134.158951
v 18.166525 1241.191772 129.363892
v -34.261524 1288.873657 137.891586
v -43.457474 1270.354248 145.651260
v -26.989058 1259.291016 151.084045
v -36.156952 1258.452271 138.347382
v -2.835599 1293.669067 142.395050
v 2.187590 1241.014893 142.657059
v 8.650467 1253.215454 154.472672
v 37.298313 1263.625000 134.944946
v 27.494787 1258.407837 151.393082
v 63.113075 1278.410034 129.871719
v 42.214184 1246.006714 151.391953
v 70.320610 1267.165649 121.468147
v 54.752087 1258.211914 129.067047
v 61.809742 1251.499146 145.153397
v -18.347429 1291.426636 140.373032
v 5.692760 1341.059448 106.628021
v 36.941689 1332.137939 109.559021
v -86.448463 1360.407104 105.326408
v -105.005241 1378.612671 96.921501
v -118.475395 1394.580811 88.884315
v -133.024017 1387.933960 81.939529
v -125.891220 1367.502930 89.930710
v -108.686340 1354.631226 100.404778
v -91.570503 1374.111938 101.872047
v 12.635188 1305.326538 121.589645
v 17.042246 1279.377197 138.012283
v 4.708596 1280.868042 147.618042
v 41.205582 1286.737549 137.772415
v 16.518703 1299.521973 140.768600
v 27.699839 1309.863037 130.858643
v 30.842312 1276.721558 133.630112
v 47.817162 1274.649902 130.685760
v 61.660290 1306.991333 132.697052
v 67.009697 1325.880615 115.092331
v 51.066456 1325.299438 113.039803
v 56.316147 1291.872681 134.913483
v 73.473541 1317.182251 127.005363
v 78.261406 1297.230713 125.731606
v 82.904793 1332.772095 117.459152
v 22.876265 1315.851440 114.258339
v 3.596391 1319.341187 112.445641
v -9.763320 1302.391846 118.907349
v 1.780819 1296.237427 127.796646
v -13.904408 1317.800171 113.647430
vn 0.151534 -0.988357 -0.013738
vn 0.200909 -0.976041 0.083540
vn 0.268388 -0.958975 0.091298
vn 0.445858 -0.884698 0.136087
vn 0.979908 -0.197722 0.026197
vn 0.770410 -0.634812 0.059011
vn 0.642241 -0.765266 0.043532
vn 0.636349 -0.733245 0.239609
vn 0.600891 -0.498152 0.625120
vn 0.607964 -0.414285 0.677310
vn 0.469013 -0.091378 0.878452
vn 0.510660 -0.218801 0.831476
vn 0.395879 0.051487 0.916858
vn 0.187550 0.463631 0.865951
vn -0.038605 0.639077 0.768173
vn -0.066610 0.660758 0.747638
vn 0.134078 0.846174 0.515764
vn 0.002140 0.968636 0.248473
vn 0.498991 0.737583 0.454951
vn -0.370055 0.925407 0.081737
vn 0.004637 0.854908 -0.518759
vn 0.542480 0.454903 -0.706242
vn 0.225918 -0.917974 -0.326014
vn 0.860928 0.140800 0.488855
vn 0.998763 0.049376 -0.005793
vn 0.870219 -0.490596 -0.045112
vn -0.195949 -0.700547 0.686177
vn 0.985535 -0.067424 0.155485
vn 0.729104 0.565491 0.385522
vn 0.993351 -0.087949 0.074283
vn 0.960916 -0.247350 0.124333
vn 0.943866 0.020339 0.329702
vn 0.903972 0.040095 0.425708
vn 0.687539 0.172861 0.705272
vn 0.749376 0.120174 0.651148
vn 0.965209 -0.012448 0.261183
vn 0.970881 -0.221966 0.090113
vn 0.983369 -0.162289 -0.081535
vn 0.993825 -0.100735 -0.046512
vn 0.988886 -0.148671 0.000921
vn 0.981789 -0.189515 0.013233
vn 0.805351 0.381638 0.453611
vn 0.720993 0.602991 0.341424
vn 0.577226 0.415262 0.703113
vn -0.184157 0.535997 0.823889
vn 0.063237 0.585719 0.808043
vn 0.189273 0.572887 0.797482
vn 0.263527 0.514263 0.816141
vn 0.292775 0.436524 0.850723
vn 0.196525 0.336357 0.921001
vn -0.075338 0.419881 0.904447
vn -0.003866 0.439887 0.898045
vn 0.043466 0.447824 0.893065
vn -0.140531 0.336933 0.930982
vn -0.181128 0.409531 0.894135
vn -0.204851 0.375677 0.903827
vn -0.309133 0.457359 0.833822
vn -0.233222 0.482844 0.844078
vn -0.212123 0.376230 0.901917
vn -0.293632 0.232521 0.927208
vn -0.366809 0.184861 0.911744
vn -0.559169 0.237528 0.794299
vn -0.655358 0.222351 0.721849
vn -0.867582 -0.024637 0.496683
vn -0.989090 -0.080659 -0.123272
vn -0.787909 0.423893 -0.446670
vn -0.975329 -0.211152 -0.064413
vn -0.823150 -0.492686 0.282286
vn -0.767008 -0.349606 0.538028
vn -0.689211 -0.110997 0.716009
vn -0.673557 -0.377248 0.635614
vn -0.793308 -0.533266 -0.293753
vn -0.041278 -0.596116 -0.801836
vn 0.287066 -0.468659 -0.835435
vn 0.491633 -0.164095 -0.855202
vn 0.927183 -0.307396 -0.214104
vn 0.168137 0.026153 -0.985417
vn -0.725660 0.302631 -0.617926
vn -0.584551 -0.762311 -0.277817
vn 0.289430 -0.463410 -0.837545
vn 0.232045 0.097912 -0.967765
vn -0.504652 -0.183193 -0.843663
vn -0.504234 0.449241 -0.737516
vn -0.885102 0.439711 0.152476
vn -0.538643 -0.033571 0.841865
vn -0.995407 0.044095 -0.084976
vn -0.858683 0.424856 -0.286637
vn 0.798375 0.591890 0.110745
vn -0.668833 0.734040 -0.117676
vn -0.901833 0.337029 -0.270385
vn -0.458685 -0.257398 0.850502
vn 0.114356 0.707662 0.697235
vn 0.258534 0.941730 0.215186
vn 0.194987 0.867998 0.456684
vn -0.056484 0.488598 0.870679
vn -0.084520 0.296267 0.951358
vn -0.393046 -0.255571 0.883288
vn -0.511955 -0.468557 0.719970
vn -0.615507 -0.557266 0.557320
vn -0.668150 -0.603257 0.435496
vn -0.820212 -0.540369 0.187760
vn -0.922294 -0.350896 0.162007
vn -0.801558 -0.593182 0.075094
vn -0.281009 -0.958664 0.044700
vn -0.260765 -0.964219 0.047795
vn -0.127309 -0.991792 -0.011870
vn -0.192076 -0.977713 0.084757
vn -0.248600 -0.931251 0.266400
vn 0.305305 -0.041258 0.951360
vn -0.688162 -0.253285 0.679912
vn -0.302617 0.035121 0.952465
vn -0.010734 0.009938 0.999893
vn 0.458694 0.054790 0.886903
vn 0.477718 -0.602381 0.639471
vn 0.108980 0.888703 0.445344
vn -0.253301 0.162751 0.953599
vn -0.440086 -0.097840 0.892610
vn -0.133260 -0.779338 0.612269
vn 0.203331 0.070534 0.976566
vn 0.808054 -0.191343 0.557168
vn 0.508629 -0.149548 0.847898
vn 0.147718 0.461358 0.874830
vn 0.582703 -0.619370 0.526154
vn 0.246683 0.933935 0.258675
vn -0.134961 0.263933 0.955052
vn -0.456557 -0.274051 0.846435
vn -0.719120 -0.318027 0.617839
vn -0.115668 -0.987991 0.102445
vn -0.110811 -0.085590 0.990149
vn 0.377326 -0.896739 0.231269
vn 0.900605 -0.372252 0.224365
vn 0.627655 -0.450745 0.634727
vn 0.493483 -0.140130 0.858393
vn 0.439625 -0.046960 0.896953
vn 0.082152 0.615962 0.783481
vn 0.111655 0.777322 0.619115
vn 0.022659 0.836825 0.547001
vn -0.175126 0.121521 0.977018
vn -0.077569 0.392314 0.916555
vn -0.376281 -0.221070 0.899745
vn -0.550191 -0.444561 0.706863
vn -0.635065 -0.486624 0.599908
vn -0.774286 -0.459912 0.434698
vn -0.906650 -0.185851 0.378742
vn 0.154763 -0.960420 0.231608
vn -0.294524 -0.940221 0.170999
vn 0.833252 -0.160391 0.529117
vn 0.626170 -0.573802 0.527884
vn 0.705922 -0.579984 0.406561
vn 0.579169 -0.394211 0.713555
vn 0.518812 -0.256103 0.815626
vn -0.017057 0.664442 0.747145
vn 0.333475 0.209484 0.919190
vn 0.133251 0.524436 0.840959
vn -0.218675 0.272197 0.937065
vn -0.267484 0.043877 0.962563
vn -0.581696 -0.311168 0.751535
vn -0.034084 -0.997029 0.069070
vn 0.179408 -0.982090 0.057553
vn 0.217680 -0.958569 0.183739
vn -0.055165 -0.763950 0.642913
vn -0.620896 -0.092982 0.778359
vn 0.871801 -0.414904 0.260418
vn 0.689249 -0.714034 0.122845
vn 0.556893 -0.278135 0.782631
vn 0.068620 0.642387 0.763302
vn -0.457578 0.572731 0.680148
vn -0.186232 0.173181 0.967122
vn 0.082624 -0.214918 0.973131
vn 0.271106 -0.318103 0.908467
vn 0.073723 -0.155448 0.985089
vn 0.093977 -0.567887 0.817724
vn -0.216616 -0.975184 0.045761
vn -0.510177 -0.841959 0.175570
vn -0.129344 0.666781 0.733944
vn 0.090181 0.905395 0.414881
vn 0.034677 -0.583459 0.811402
vn 0.094364 -0.255255 0.962258
vn -0.020724 -0.959106 0.282287
vn -0.596243 -0.537123 0.596652
vn -0.975830 -0.149305 -0.159573
vn -0.896860 -0.380296 0.225868
vn -0.067910 0.128156 0.989426
vn 0.347655 0.278383 0.895343
vn 0.414300 0.162772 0.895467
vn 0.705956 0.564430 0.427838
vn 0.307885 0.416443 0.855443
vn 0.871223 0.094859 0.481635
vn 0.166278 -0.567484 0.806420
vn -0.303638 -0.756422 0.579336
vn -0.692090 0.286009 0.662729
vn 0.611117 -0.693335 0.381868
vn 0.065422 0.981827 0.178143
vn -0.266650 -0.855598 0.443677
vn -0.655129 -0.658046 0.371189
vn -0.180220 0.765375 0.617837
vn 0.558983 0.082170 0.825097
vn 0.450733 0.030358 0.892142
vn 0.484870 0.761983 0.429282
vn 0.577568 -0.480169 0.660192
vn 0.519905 -0.066142 0.851659
vn 0.694154 -0.313645 0.647901
vn 0.605144 -0.601567 0.521458
vn 0.491044 -0.138356 0.860078
vn 0.602255 -0.590181 0.537565
vn -0.346815 -0.080450 0.934477
vn -0.315219 0.040761 0.948143
vn -0.306094 0.135956 0.942243
vn -0.248604 0.091538 0.964270
vn -0.095595 -0.316708 0.943694
vn -0.203896 -0.320881 0.924912
vn -0.221150 0.006797 0.975216
vn -0.186686 0.035898 0.981763
vn -0.235107 0.010517 0.971913
vn -0.217480 -0.105142 0.970385
vn -0.119075 -0.029786 0.992438
vn -0.374694 0.128627 0.918183
vn -0.612256 -0.060856 0.788314
vn -0.185234 0.096871 0.977908
vn -0.649487 0.051926 0.758598
vn -0.321311 -0.004721 0.946962
vn 0.121171 0.516759 0.847513
vn 0.036300 0.735041 0.677050
vn -0.617345 0.312698 0.721876
vn -0.463819 0.385064 0.797870
vn 0.216434 0.915433 0.339323
vn -0.080954 0.304344 0.949116
vn -0.521451 -0.153215 0.839413
vn -0.652393 0.047593 0.756385
vn -0.855310 -0.167194 0.490398
vn -0.712969 -0.214418 0.667608
vn -0.826151 -0.563411 0.006572
vn -0.801420 -0.589943 0.098453
vn -0.828184 -0.557623 -0.056279
vn 0.491681 0.193141 0.849086
vn 0.041939 0.378147 0.924795
vn 0.048916 -0.014789 0.998693
vn 0.724188 0.093988 0.683168
vn 0.122945 0.513492 0.849241
vn 0.025118 0.501364 0.864872
vn 0.855335 -0.021696 0.517621
vn -0.600049 0.528475 0.600546
vn -0.717685 -0.534640 0.446194
vn 0.413107 0.910665 -0.005714
vn 0.028708 0.992424 -0.119456
vn 0.974165 0.007549 0.225709
vn 0.420359 0.856530 0.299424
vn 0.554469 0.584195 0.592690
vn -0.311064 0.157712 0.937212
vn -0.592517 0.800966 -0.085897
vn -0.569679 -0.690348 0.445967
vn -0.236962 -0.903899 0.356112
vn -0.747192 0.656455 0.103781
vn 0.633125 -0.053564 0.772194
vn 0.563032 -0.131522 0.815903
vn 0.212576 0.074286 0.974317
vn 0.205064 -0.068793 0.976328
vn 0.263885 -0.027031 0.964175
vn 0.212319 0.035085 0.976570
vn 0.156955 0.023711 0.987321
vn 0.196683 0.078052 0.977356
vn 0.532810 -0.008801 0.846189
vn 0.467987 -0.711417 0.524285
vn 0.113414 0.608356 0.785519
vn -0.277791 0.079951 0.957309
vn -0.248621 0.058068 0.966859
vn -0.231785 0.095098 0.968108
vn -0.274110 0.078793 0.958465
vn -0.225498 0.018762 0.974063
vn -0.755747 -0.158798 0.635319
vn -0.121266 0.416827 0.900861
vn -0.356143 0.348210 0.867128
vn -0.429930 0.270383 0.861425
vn -0.957221 -0.054429 0.284192
vn -0.765705 -0.642907 -0.019150
vn -0.575716 0.279377 0.768440
vn -0.641985 -0.024718 0.766319
vn -0.783659 -0.395893 0.478694
vn -0.475124 0.097466 0.874504
vn -0.799678 -0.565196 0.202652
vn -0.800645 -0.596651 -0.054543
vn -0.825905 -0.552464 0.112532
vn -0.843404 -0.490311 0.219691
vn -0.838021 -0.255767 0.481980
vn -0.767916 -0.567433 0.297195
vn 0.951640 -0.179519 0.249307
vn 0.844811 -0.402668 0.352354
vn 0.062405 0.416445 0.907017
vn 0.990104 -0.108088 0.089508
vn 0.870722 0.038815 0.490242
vn 0.974261 -0.091003 0.206238
vn 0.999625 -0.017700 0.020901
vn 0.088796 0.596521 0.797670
vn 0.184420 0.547569 0.816185
vn 0.057836 0.566662 0.821918
vn 0.132979 0.580759 0.803141
vn -0.021261 0.459622 0.887860
vn -0.055453 0.608980 0.791245
vn 0.985373 -0.167313 0.032346
vn -0.392266 0.795900 0.461163
vn -0.994844 0.043926 -0.091412
vn -0.981002 -0.188117 -0.047405
vn 0.364405 0.925974 0.098899
vn 0.561577 0.788340 0.251298
vn 0.556599 0.634795 0.535941
vn 0.614146 -0.585023 0.529691
vn 0.176842 0.963302 0.201930
vn -0.065076 0.963284 -0.260477
vn -0.254330 -0.909562 0.328654
vn 0.105236 -0.990931 -0.083555
vn -0.707312 -0.068204 0.703603
vn -0.046800 0.987422 0.151019
vn 0.681176 -0.333248 0.651879
vn 0.321262 0.189110 0.927916
vn 0.218441 0.435531 0.873268
vn 0.444666 0.219231 0.868452
vn -0.099836 0.049409 0.993776
vn 0.233058 0.031953 0.971938
vn 0.228292 0.051140 0.972249
vn -0.069164 0.110864 0.991426
vn -0.275141 0.074124 0.958542
vn -0.383365 0.058364 0.921751
vn -0.135732 0.457840 0.878612
vn 0.011914 0.383105 0.923628
vn -0.296639 0.358602 0.885105
vn -0.914538 -0.042811 -0.402228
vn -0.856299 -0.453112 0.247875
vn -0.543233 0.557722 0.627570
vn -0.448026 -0.701880 0.553749
vn -0.738186 -0.323436 0.592006
vn -0.443931 0.120764 0.887886
vn -0.358183 0.154168 0.920835
vn -0.773723 -0.380426 0.506585
vn -0.848384 -0.401219 0.345352
vn -0.873769 -0.480264 -0.076637
vn -0.855796 -0.446065 0.261990
vn 0.988279 -0.074183 0.133424
vn 0.931643 -0.212752 0.294581
vn 0.844217 0.369793 0.388008
vn 0.678497 0.513113 0.525697
vn 0.069919 0.343490 0.936550
vn 0.972990 -0.230626 -0.010074
vn 0.214890 0.552283 0.805485
vn 0.210520 0.499479 0.840358
vn -0.333919 -0.643991 -0.688312
vn 0.437481 0.844383 -0.309237
vn 0.892984 0.436502 -0.109755
vn -0.804753 -0.363916 0.468975
vn -0.922188 0.386218 0.020148
vn 0.662024 0.682878 -0.308872
vn 0.730569 -0.454988 -0.509171
vn 0.245323 -0.754379 -0.608875
vn 0.767874 0.639446 0.038449
vn 0.777204 -0.616709 -0.124995
vn 0.551809 -0.822369 0.138623
vn 0.559208 0.816101 -0.145832
vn 0.905183 -0.160614 -0.393505
vn 0.119529 -0.976444 0.179639
vn 0.909419 -0.407768 0.081742
vn 0.950258 0.023403 0.310584
vn -0.142326 0.956774 -0.253628
vn 0.694723 0.003365 0.719270
vn 0.810174 0.519643 0.271275
vn -0.120656 -0.939525 0.320523
vn -0.564550 0.556280 0.609784
vn 0.207441 0.973684 -0.094377
vn -0.508533 -0.678693 0.529878
vn -0.684922 0.473215 0.554030
vn -0.576035 -0.237548 0.782148
vn 0.598895 -0.307048 0.739626
vn 0.366051 0.077681 0.927347
vn -0.192382 0.030752 0.980838
vn 0.077622 0.070417 0.994493
vn 0.265252 0.091591 0.959819
vn 0.217535 0.016153 0.975919
vn 0.259661 0.020956 0.965472
vn 0.331070 0.021524 0.943361
vn 0.302392 0.040124 0.952339
vn -0.099883 0.425071 0.899632
vn -0.237785 0.440209 0.865837
vn -0.128582 0.401025 0.906998
vn 0.001594 0.383388 0.923586
vn -0.240302 0.447244 0.861527
vn -0.365671 0.305986 0.879009
vn -0.887985 -0.457981 -0.041664
vn -0.154281 0.081439 -0.984665
vn -0.675757 0.664771 0.318483
vn -0.391808 -0.859476 -0.328311
vn -0.911235 0.324468 -0.253714
vn -0.850551 -0.097361 0.516801
vn -0.610284 -0.710167 0.351022
vn -0.329227 -0.283422 0.900712
vn -0.404179 0.220287 0.887757
vn -0.984447 -0.090262 0.150723
vn -0.751898 -0.562869 -0.343260
vn -0.795449 -0.475199 0.376096
vn -0.844453 -0.534394 0.036355
vn 0.650994 0.102034 0.752194
vn 0.650790 0.683048 0.331538
vn 0.876718 -0.021422 0.480527
vn 0.532894 0.188398 0.824942
vn 0.974716 -0.200192 0.099255
vn 0.248191 0.396319 0.883930
vn -0.878601 -0.162947 0.448896
vn 0.378665 0.793231 0.476862
vn -0.938043 0.030543 0.345170
vn -0.903721 0.001837 0.428118
vn -0.708242 -0.699139 -0.097970
vn -0.790558 0.251067 -0.558555
vn -0.951560 -0.278539 0.130191
vn -0.967347 0.252182 0.025394
vn 0.907924 -0.418503 -0.023022
vn 0.834944 0.516236 -0.190705
vn 0.000457 0.912233 0.409672
vn 0.934284 -0.159209 0.319007
vn 0.192794 -0.950173 0.244951
vn 0.471230 -0.815886 0.335072
vn 0.502604 -0.693109 0.516710
vn 0.686739 0.122456 0.716515
vn -0.010231 0.977770 -0.209432
vn 0.722499 0.604633 -0.335282
vn -0.519670 0.852124 0.061865
vn -0.270662 -0.913268 0.304441
vn 0.068005 0.997574 -0.014855
vn -0.628821 0.253315 0.735129
vn -0.460167 -0.694975 0.552500
vn -0.612727 -0.396351 0.683720
vn -0.617721 0.038586 0.785450
vn -0.309296 0.237457 0.920842
vn 0.451797 0.036177 0.891387
vn 0.461162 -0.046572 0.886093
vn 0.235046 0.067947 0.969606
vn 0.266465 0.114026 0.957076
vn 0.377278 0.076350 0.922947
vn -0.160168 0.441883 0.882658
vn -0.283416 0.389795 0.876205
vn -0.252549 0.424328 0.869578
vn -0.269338 0.460984 0.845548
vn -0.098912 0.430109 0.897342
vn -0.023325 0.393417 0.919064
vn -0.052930 0.414747 0.908396
vn -0.013465 0.379382 0.925142
vn 0.023258 0.416371 0.908897
vn -0.008238 0.386383 0.922302
vn -0.008454 0.421847 0.906628
vn -0.357203 0.294075 0.886525
vn -0.294097 0.288576 0.911170
vn -0.360077 0.262234 0.895309
vn -0.887274 0.387627 0.249981
vn -0.286267 -0.526244 -0.800698
vn 0.036284 -0.557097 -0.829654
vn -0.076087 -0.231508 -0.969853
vn -0.950858 -0.293637 0.098219
vn -0.649066 -0.707239 -0.280228
vn -0.741653 -0.580784 0.335621
vn -0.463777 0.543061 0.699997
vn -0.259118 0.691464 0.674340
vn -0.985203 -0.168850 -0.029411
vn -0.180137 -0.485885 -0.855258
vn -0.682829 0.281177 0.674303
vn -0.929090 0.206544 0.306807
vn -0.923163 -0.325136 0.205077
vn -0.723289 -0.633184 -0.275555
vn -0.885122 -0.358010 0.297300
vn -0.852978 -0.496535 0.160874
vn 0.619511 0.171386 0.766050
vn 0.830146 -0.017862 0.557260
vn 0.490895 0.225482 0.841534
vn 0.831127 0.454941 0.319775
vn 0.977854 0.026972 0.207541
vn 0.884927 -0.457017 -0.089664
vn 0.818331 0.022982 0.574288
vn 0.976848 -0.213760 -0.008609
vn 0.965831 -0.249740 -0.069283
vn 0.148165 0.415883 0.897267
vn -0.773014 0.035136 0.633416
vn -0.911258 0.411228 -0.022352
vn -0.997266 -0.036686 -0.064147
vn -0.830922 0.549734 0.085798
vn -0.844995 -0.529719 0.073360
vn -0.584078 0.048970 -0.810219
vn 0.708796 0.484093 0.513091
vn 0.959505 -0.281608 -0.006875
vn 0.154300 -0.928898 0.336660
vn 0.284432 0.946844 0.150284
vn 0.866916 0.426534 0.257925
vn 0.812729 0.302813 0.497771
vn 0.628804 -0.411935 0.659481
vn 0.568147 0.232832 0.789302
vn 0.467608 0.507112 0.724003
vn 0.231496 0.916749 0.325547
vn 0.492694 0.285915 0.821891
vn 0.327374 0.908701 -0.259016
vn -0.355509 -0.856699 0.373738
vn -0.073423 0.869692 0.488104
vn 0.078206 0.983651 0.162221
vn 0.171871 0.956519 -0.235652
vn -0.110391 -0.978609 0.173606
vn -0.307736 0.628010 0.714774
vn -0.303009 0.105707 0.947107
vn -0.417705 -0.028607 0.908132
vn -0.334142 0.352442 0.874148
vn -0.001202 0.358754 0.933432
vn 0.034945 0.374462 0.926583
vn -0.012150 0.383779 0.923345
vn -0.028855 0.420102 0.907018
vn -0.338183 0.190023 0.921696
vn -0.571405 0.264839 0.776760
vn -0.578970 -0.569227 -0.583759
vn -0.282608 -0.901388 -0.328074
vn -0.774582 0.294565 0.559692
vn -0.122165 0.673092 0.729398
vn -0.276576 0.772774 0.571249
vn -0.656305 -0.751667 0.065269
vn -0.788558 -0.301483 0.535988
vn -0.642814 -0.509102 0.572368
vn -0.739897 -0.501562 0.448318
vn -0.929964 -0.198461 -0.309485
vn 0.972660 -0.213394 -0.091626
vn 0.942178 -0.208156 0.262624
vn 0.956610 -0.209067 0.202948
vn 0.637234 0.194489 0.745725
vn 0.718694 0.028117 0.694758
vn 0.803228 0.084129 0.589701
vn 0.934025 -0.200067 0.295924
vn 0.927301 -0.031692 0.372973
vn 0.943648 0.170252 0.283802
vn 0.525899 0.057525 0.848599
vn 0.870512 -0.063511 0.488031
vn 0.988279 -0.151311 -0.020258
vn 0.148112 0.458464 0.876284
vn 0.145085 0.481456 0.864379
vn 0.104077 0.442082 0.890916
vn 0.175440 0.507544 0.843576
vn 0.108663 0.445955 0.888435
vn 0.224667 0.410063 0.883953
vn 0.156451 0.510282 0.845657
vn 0.161796 0.511370 0.843992
vn 0.267683 0.352938 0.896538
vn 0.353137 0.247821 0.902152
vn 0.238260 0.394315 0.887552
vn 0.244431 0.346573 0.905616
vn 0.506396 0.231220 0.830723
vn 0.232592 0.357456 0.904503
vn -0.791011 -0.596932 0.134066
vn -0.859444 0.166491 0.483359
vn 0.898938 -0.066895 0.432939
vn 0.809989 0.045015 0.584715
vn 0.859358 0.286008 0.423915
vn 0.945728 -0.197606 0.257973
vn 0.845259 -0.502247 0.182441
vn -0.071825 0.892161 0.445970
vn -0.635648 0.583623 0.505308
vn -0.520428 0.693169 0.498669
vn -0.479954 -0.022621 0.877002
vn -0.411130 0.146795 0.899680
vn -0.013408 0.370506 0.928733
vn 0.012337 0.376885 0.926178
vn -0.011632 0.385439 0.922660
vn -0.888368 -0.201059 0.412768
vn -0.713140 0.507724 0.483371
vn -0.903222 -0.129707 0.409103
vn -0.196584 0.690155 0.696448
vn -0.855616 -0.427596 0.291690
vn -0.809569 -0.431272 0.398248
vn -0.616744 -0.144319 0.773821
vn -0.676995 -0.540827 0.499182
vn -0.611111 -0.723857 0.320273
vn 0.836838 -0.067852 0.543230
vn 0.810019 -0.018840 0.586101
vn 0.451231 0.225350 0.863486
vn 0.470856 0.219987 0.854342
vn 0.773549 -0.148188 0.616167
vn 0.949099 -0.306368 0.073147
vn 0.530915 0.293952 0.794809
vn 0.870454 -0.207562 0.446349
vn 0.858888 -0.152433 0.488954
vn 0.644666 0.389772 0.657635
vn 0.650283 0.180739 0.737879
vn 0.904907 -0.326849 0.272603
vn 0.846299 -0.060579 0.529252
vn 0.270385 0.613091 0.742301
vn 0.483211 0.639304 0.598161
vn 0.598107 0.394194 0.697767
vn 0.565745 0.643745 0.515291
vn 0.713969 0.388712 0.582367
vn 0.617032 0.054100 0.785077
vn 0.162040 0.393272 0.905031
vn -0.876304 -0.277903 0.393523
vn -0.561490 0.645240 0.518069
vn 0.862121 -0.394942 0.317442
vn 0.530161 -0.171101 0.830454
vn -0.839891 -0.224247 0.494264
vn -0.482289 -0.293597 0.825347
vn -0.510018 0.010008 0.860105
vn -0.214439 -0.766331 0.605602
vn -0.318278 0.053465 0.946489
vn -0.462001 -0.013632 0.886775
vn -0.022385 0.368423 0.929389
vn 0.048253 0.414832 0.908617
vn -0.789950 0.117226 0.601861
vn -0.685592 0.546321 0.481141
vn -0.655007 -0.304976 0.691343
vn -0.589481 -0.040600 0.806761
vn -0.589204 -0.119794 0.799055
vn -0.796872 -0.132928 0.589343
vn 0.830695 -0.342111 0.439211
vn 0.931205 -0.323571 0.167808
vn 0.867947 -0.222602 0.443978
vn 0.094583 0.954238 0.283696
vn 0.708784 0.101564 0.698076
vn 0.143136 0.412587 0.899602
vn 0.091276 0.398561 0.912588
vn -0.819503 -0.533772 0.208571
vn -0.397184 0.779358 0.484609
vn -0.485718 -0.851412 0.197930
vn -0.766199 -0.619777 0.169753
vn -0.507642 -0.861526 -0.008450
vn 0.059768 -0.935382 0.348553
vn 0.338750 -0.653274 0.677112
vn -0.874250 0.278580 0.397594
vn -0.372925 -0.769516 0.518433
vn -0.290314 -0.171222 0.941488
vn 0.001958 0.294199 0.955742
vn 0.008116 0.384616 0.923041
vn -0.703066 -0.614351 0.358150
vn -0.626872 -0.210365 0.750185
vn -0.663985 -0.144850 0.733582
vn -0.709525 -0.187486 0.679281
vn -0.583528 -0.048484 0.810645
vn 0.366232 0.082984 0.926816
vn 0.877148 -0.462409 0.129572
vn 0.935585 -0.314427 0.160673
vn 0.851258 -0.148074 0.503423
vn 0.214099 0.792701 0.570777
vn 0.537513 0.402418 0.741039
vn 0.763639 -0.198555 0.614354
vn 0.323454 0.843551 0.428718
vn 0.199639 0.038143 0.979127
vn -0.105996 -0.958343 0.265224
vn 0.925466 -0.270375 0.265349
vn 0.097523 -0.938716 0.330608
vn 0.084810 -0.794840 0.600863
vn 0.425742 -0.862873 0.272386
vn -0.703236 -0.638337 0.313024
vn -0.821090 0.242923 0.516526
vn -0.387427 -0.767106 0.511320
vn -0.275436 -0.949235 -0.151945
vn -0.762194 -0.059966 0.644565
vn 0.514278 -0.742887 0.428529
vn -0.721880 -0.099153 0.684878
vn -0.303908 0.748263 0.589697
vn -0.477680 0.021209 0.878278
vn -0.356915 -0.581537 0.731045
vn -0.003616 0.360337 0.932815
vn 0.455107 -0.092377 0.885632
vn 0.523907 0.137816 0.840553
vn 0.281186 -0.835614 0.471893
vn -0.219277 -0.956289 0.193463
vn -0.225278 0.824653 0.518843
vn -0.303479 -0.903137 0.303718
vn -0.312384 -0.916065 0.251478
vn -0.269321 -0.835978 0.478129
vn -0.443861 -0.095183 0.891026
vn -0.013050 0.367431 0.929959
vn 0.775455 -0.291260 0.560212
vn 0.619963 -0.088811 0.779589
vn 0.711266 -0.173145 0.681264
vn 0.439302 -0.084232 0.894382
vn 0.870776 -0.119570 0.476919
vn 0.548510 -0.011810 0.836061
vn 0.385619 0.057668 0.920854
vn 0.508808 -0.206868 0.835655
vn 0.387506 0.135669 0.911830
vn 0.719103 -0.060917 0.692228
vn 0.629483 0.081059 0.772775
vn 0.378547 0.081625 0.921976
vn -0.501056 -0.218092 0.837483
vn -0.254657 -0.103569 0.961469
vn 0.532092 0.100286 0.840726
vn 0.364702 0.257585 0.894786
vn 0.337161 0.744212 0.576603
vn 0.617696 0.372671 0.692508
vn 0.539000 -0.198920 0.818480
vn 0.160234 0.239449 0.957596
vn -0.317009 -0.101163 0.943012
vn 0.412488 0.224723 0.882810
vn 0.211365 0.283134 0.935500
vn 0.049746 0.384026 0.921981
vn 0.229055 0.231522 0.945480
vn 0.358197 0.704129 0.613105
vn 0.439140 0.417094 0.795732
vn 0.243410 0.578599 0.778444
vn -0.371124 -0.075010 0.925549
vn -0.328986 -0.013974 0.944231
vn -0.227232 -0.176756 0.957665
vn -0.342968 0.049272 0.938054
vn -0.287222 0.017530 0.957704
vn -0.284762 -0.032202 0.958057
vn -0.314371 -0.169652 0.934017
vn -0.368881 -0.174713 0.912909
vn -0.368285 -0.148435 0.917787
vn -0.264512 0.011567 0.964313
vn 0.479575 -0.120238 0.869224
vn 0.444276 -0.068057 0.893301
vn 0.478035 -0.105756 0.871951
vn 0.381170 0.016982 0.924349
vn 0.465401 -0.095238 0.879961
vn 0.324820 0.124048 0.937606
vn 0.306304 0.173670 0.935958
vn 0.334448 0.082742 0.938775
vn 0.407967 -0.007773 0.912964
vn 0.539705 0.069069 0.839016
vn 0.526826 0.110976 0.842697
vn 0.370530 0.263361 0.890701
vn -0.958610 0.009044 0.284578
vn 0.512313 -0.314535 0.799127
vn 0.375290 -0.738571 0.560063
vn 0.518552 0.610236 0.598929
vn 0.893460 -0.019704 0.448709
vn 0.952285 -0.021151 0.304477
vn 0.254217 0.674947 0.692691
vn 0.507277 -0.317793 0.801048
vn 0.308377 -0.891902 0.330779
vn 0.332044 0.120028 0.935596
vn 0.280224 0.000992 0.959934
vn 0.218117 -0.002254 0.975920
vn -0.411644 0.213081 0.886084
vn 0.291815 0.913885 0.282236
vn 0.706901 0.203557 0.677388
vn 0.171421 0.972986 0.154637
vn 0.861091 0.108897 0.496653
vn 0.340964 0.848266 0.405201
vn 0.849672 0.514439 0.115805
vn 0.182555 -0.527039 0.830002
vn 0.330530 -0.549525 0.767315
vn 0.420578 0.625165 0.657482
vn 0.491449 -0.352867 0.796218
vn 0.193008 0.643824 0.740431
vn 0.400197 -0.799792 0.447409
vn 0.218470 0.880620 0.420451
vn 0.009478 -0.985937 0.166847
vn 0.275344 0.709219 0.648995
vn 0.351732 -0.849714 0.392773
vn 0.096697 0.275154 0.956525
vn 0.428971 0.221126 0.875835
vn 0.584377 -0.618938 0.524803
vn -0.159955 0.109720 0.981008
vn 0.229647 -0.927729 0.294247
vn 0.563898 -0.296120 0.770929
vn 0.832496 -0.256998 0.490818
vn 0.222442 -0.522150 0.823334
vn 0.778856 0.385337 0.494872
vn 0.870590 -0.121326 0.476815
vn 0.647947 -0.666542 0.368628
vn 0.672159 -0.434820 0.599278
vn 0.612090 -0.259981 0.746830
vn 0.561935 0.717534 0.411550
vn 0.630475 -0.504201 0.590154
vn 0.665226 -0.636623 0.390109
vn 0.686597 -0.511183 0.516988
vn 0.600964 -0.257055 0.756812
vn -0.440564 -0.638755 0.630789
vn 0.408082 0.474248 0.780101
vn 0.061643 -0.399218 0.914781
vn -0.232064 -0.570333 0.787951
vn 0.081946 -0.206145 0.975084
vn 0.294020 -0.641552 0.708493
vn -0.154707 -0.776667 0.610618
vn 0.146433 -0.739155 0.657425
vn 0.095105 -0.312620 0.945105
vn 0.669571 0.220819 0.709164
vn 0.268650 0.867156 0.419365
vn -0.154147 0.307415 0.939007
vn -0.039842 0.937831 0.344797
vn 0.075304 0.396297 0.915029
vn -0.710744 -0.350264 0.610047
vn -0.415925 -0.811093 0.411259
vn -0.439971 0.717234 0.540371
vn -0.899413 0.066734 0.431976
vn -0.355782 -0.722795 0.592440
vn -0.871725 0.409360 0.269294
vn -0.934519 0.355904 0.002396
vn -0.859621 -0.073002 0.505690
vn -0.924419 0.260797 0.278269
vn -0.629522 -0.706913 0.322453
vn -0.372490 0.202285 0.905722
vn -0.116235 0.381886 0.916871
vn -0.084989 0.403061 0.911218
vn -0.204019 0.380262 0.902096
vn -0.180775 0.389661 0.903042
vn 0.019147 0.354614 0.934817
vn -0.173736 0.331756 0.927229
vn -0.022808 0.359717 0.932782
vn -0.317584 0.274713 0.907565
vn -0.318549 0.324179 0.890749
vn -0.358372 0.338560 0.870027
vn -0.832260 -0.038135 0.553073
vn -0.845678 0.026423 0.533040
vn -0.794692 -0.166271 0.583796
vn -0.818333 -0.097590 0.566398
vn 0.418883 0.193926 0.887091
vn 0.511483 0.128490 0.849632
vn 0.210035 0.395007 0.894346
vn 0.179726 0.463844 0.867495
vn 0.383502 0.256151 0.887307
vn 0.318269 0.331872 0.888012
vn 0.274425 0.361497 0.891073
vn 0.424211 0.234454 0.874686
vn 0.444220 0.186244 0.876346
vn -0.733713 0.266301 0.625099
vn -0.662425 -0.749128 -0.000589
vn -0.900360 -0.344136 0.266312
vn -0.519187 0.008052 0.854623
vn -0.488505 0.132069 0.862508
vn -0.534679 -0.141282 0.833161
vn -0.463429 0.112021 0.879025
vn -0.567560 -0.191671 0.800711
vn -0.545685 -0.072233 0.834872
vn -0.491694 0.074360 0.867587
vn -0.512984 -0.026811 0.857980
vn -0.465035 0.155274 0.871569
vn -0.657102 -0.560809 0.503696
vn -0.727155 -0.370995 0.577588
vn -0.516938 0.009904 0.855965
vn -0.380107 0.069201 0.922350
vn -0.304879 0.227454 0.924832
vn -0.450319 0.083876 0.888919
vn -0.169054 0.200421 0.965014
vn -0.010446 0.215014 0.976555
vn 0.007482 0.065016 0.997856
vn -0.117079 0.033816 0.992547
vn -0.041589 0.134717 0.990011
vn -0.192466 0.039029 0.980527
vn -0.438527 0.066674 0.896241
vn -0.647809 -0.573581 0.501346
vn -0.783673 0.429069 0.449173
vn -0.542082 0.266756 0.796862
vn -0.624571 -0.760390 0.178096
vn -0.511865 -0.008961 0.859019
vn -0.464528 -0.006025 0.885538
vn -0.364561 0.253531 0.896001
vn -0.051595 0.013562 0.998576
vn -0.027777 0.003910 0.999607
vn 0.016129 0.175126 0.984414
vn -0.539442 -0.016852 0.841854
vn -0.481147 0.149297 0.863833
vn -0.522909 0.028942 0.851897
vn -0.673246 0.179086 0.717404
vn -0.624587 0.544104 0.560215
vn -0.576154 0.316196 0.753702
vn -0.682651 0.498318 0.534479
vn -0.070987 0.736426 0.672783
vn -0.345270 0.292651 0.891708
vn -0.351509 0.338133 0.872987
vn -0.449750 0.059809 0.891150
vn 0.011848 0.324235 0.945902
vn 0.010676 0.363125 0.931679
vn 0.026417 0.361277 0.932084
vn -0.005365 0.294732 0.955565
vn -0.543684 0.393590 0.741279
vn 0.003411 0.360128 0.932897
vn 0.001835 0.375722 0.926730
vn -0.567257 0.218532 0.794017
vn -0.321991 0.655313 0.683291
vn -0.791242 0.370031 0.486840
vn -0.655607 -0.681498 0.325175
vn -0.764532 -0.042702 0.643169
vn -0.452089 -0.890542 0.050506
vn -0.412359 0.809240 0.418437
vn -0.568342 0.615715 0.545786
vn 0.480258 0.139257 0.866002
vn -0.336686 -0.541590 0.770274
vn -0.198491 -0.367563 0.908570
vn -0.455863 0.733634 0.503955
vn -0.634736 -0.151212 0.757790
vn -0.813022 0.189317 0.550594
vn -0.347641 0.566108 0.747441
vn -0.708063 -0.504367 0.494228
vn -0.284344 -0.343778 0.894966
vn -0.249886 0.915268 0.315976
vn -0.190528 0.879731 0.435629
vn -0.407786 0.786577 0.463688
vn -0.416699 -0.517907 0.747084
vn -0.186780 0.974070 0.127675
vn -0.378556 0.095408 0.920648
vn -0.013616 0.182092 0.983187
vn -0.021516 0.345688 0.938103
vn -0.020145 0.355961 0.934284
vn -0.185023 -0.020779 0.982515
vn 0.042893 -0.097198 0.994340
vn 0.056057 -0.008120 0.998395
vn -0.072163 -0.168088 0.983127
vn -0.096235 -0.046854 0.994255
vn -0.199891 -0.171089 0.964765
vn 0.423778 0.146469 0.893845
vn 0.226361 0.140363 0.963877
vn 0.190352 0.307144 0.932432
vn 0.248474 0.065487 0.966422
vn 0.214156 0.066576 0.974528
vn 0.039492 0.125921 0.991254
vn 0.035236 0.037476 0.998676
vn 0.426294 -0.024561 0.904251
vn 0.525570 -0.478512 0.703422
vn 0.592550 0.189241 0.782989
vn 0.279978 0.684605 0.672999
vn 0.376236 0.664134 0.646043
vn 0.294453 -0.751471 0.590414
vn 0.273638 -0.831592 0.483297
vn 0.443853 0.048417 0.894790
vn 0.517046 -0.386755 0.763599
vn 0.219446 0.752260 0.621247
vn 0.448720 -0.261957 0.854417
vn 0.502595 0.020127 0.864288
vn 0.422079 0.369154 0.827994
vn 0.592979 -0.773961 0.222169
vn 0.498057 -0.350579 0.793117
vn 0.618554 -0.182282 0.764306
vn 0.290483 -0.952893 0.087260
vn 0.474481 0.378557 0.794709
vn 0.651825 -0.024119 0.757986
vn 0.443859 0.652842 0.613829
vn 0.400059 0.085916 0.912454
vn 0.227613 -0.685054 0.692021
vn 0.281498 -0.745465 0.604187
vn 0.327165 -0.717508 0.614935
vn 0.212965 -0.759583 0.614557
vn 0.408606 -0.278016 0.869338
vn 0.012395 0.352498 0.935730
vn 0.391131 0.151569 0.907768
vn 0.367218 -0.231670 0.900822
vn 0.151959 -0.178923 0.972057
vn 0.378616 -0.139819 0.914932
vn 0.251158 -0.212756 0.944275
vn 0.042673 -0.697136 0.715668
vn 0.292241 -0.179174 0.939410
vn 0.182379 -0.445626 0.876445
vn 0.154230 -0.157873 0.975341
vn 0.163034 -0.058954 0.984857
vn 0.319503 -0.120060 0.939948
vn 0.242698 -0.035387 0.969456
vn 0.422444 -0.067497 0.903872
vn 0.524357 -0.425842 0.737366
vn 0.357821 -0.066214 0.931439
vn 0.377492 0.004838 0.926000
vn 0.345863 0.090187 0.933941
vn 0.316172 0.104704 0.942906
vn 0.265441 -0.119205 0.956729
vn 0.420976 0.083842 0.903189
vn 0.474515 0.004984 0.880233
vn 0.142408 -0.727002 0.671705
vn 0.429915 -0.425616 0.796256
vn 0.408075 -0.010071 0.912893
vn 0.145241 -0.265024 0.953240
vn 0.332931 0.239358 0.912066
vn 0.283660 0.801520 0.526406
vn -0.215234 0.219900 0.951482
vn 0.456415 0.768021 0.449254
vn 0.396323 0.549904 0.735210
vn -0.051967 0.358863 0.931942
vn 0.004863 0.624331 0.781145
vn 0.020332 0.317238 0.948128
vn -0.063174 -0.810456 0.582383
vn 0.133738 0.317368 0.938825
vn -0.302994 0.115754 0.945936
vn -0.122421 -0.510947 0.850850
vn 0.111694 -0.883481 0.454957
vn 0.127524 0.353905 0.926547
vn -0.388495 -0.551178 0.738427
vn 0.194341 0.189151 0.962525
vn -0.183596 0.386652 0.903766
vn -0.128451 -0.662983 0.737532
vn -0.121456 -0.233050 0.964850
vn 0.386699 0.134326 0.912371
vn 0.360059 -0.891415 0.275203
vn 0.125020 0.553365 0.823503
vn -0.083101 -0.706336 0.702982
vn 0.222611 -0.556247 0.800646
vn 0.136367 0.039952 0.989852
vn -0.038499 0.262094 0.964274
vn 0.274862 0.075865 0.958486
vn 0.304832 0.190672 0.933125
vn 0.595879 0.052773 0.801339
vn 0.201293 0.509728 0.836456
vn 0.139947 0.538571 0.830877
vn 0.053097 0.689778 0.722072
vn 0.097079 0.514242 0.852133
vn -0.369537 -0.394267 0.841425
vn -0.265392 0.242668 0.933102
vn -0.331810 -0.101218 0.937901
vn -0.014535 -0.611772 0.790900
vn -0.322606 0.736120 0.595023
vn -0.096368 0.207323 0.973515
vn -0.371336 -0.302680 0.877778
vn -0.148068 -0.371797 0.916429
vn 0.178900 0.637752 0.749177
vn 0.227163 0.663525 0.712833
vn 0.016748 -0.547888 0.836384
vn -0.154161 -0.590292 0.792332
vn -0.444938 0.224900 0.866862
vn -0.270657 -0.251965 0.929117
vn 0.077625 0.541845 0.836886
vn -0.155923 0.894161 0.419720
vn -0.357484 -0.500411 0.788539
vn 0.326930 0.426792 0.843188
vn 0.153709 0.024562 0.987811
vn 0.056086 0.251552 0.966217
vn 0.195430 -0.892892 0.405649
vn -0.100090 -0.787069 0.608690
vn 0.065136 -0.934990 0.348641
vn -0.320597 -0.236037 0.917335
vn -0.160694 -0.349529 0.923042
vn -0.173714 -0.850236 0.496912
vn -0.070147 -0.146125 0.986776
vn 0.039726 -0.176328 0.983530
vn 0.020808 -0.152942 0.988016
vn 0.315241 0.577149 0.753341
vn 0.409140 0.707687 0.576007
vn 0.760999 -0.140868 0.633275
vn 0.783657 0.513306 0.349854
vn 0.461067 -0.586662 0.665767
vn 0.741962 0.573552 0.347174
vn 0.600361 -0.352942 0.717634
vn -0.103249 0.633325 0.766967
vn -0.513953 0.523099 0.679867
vn -0.380672 -0.249379 0.890449
vn -0.161506 -0.805672 0.569920
vn -0.543082 0.623761 0.562125
vn -0.782662 -0.468700 0.409585
vn 0.522992 0.140705 0.840643
vn 0.491004 0.157675 0.856770
vn 0.494593 0.167143 0.852902
vn 0.468462 0.168663 0.867235
vn -0.358949 0.828215 0.430367
vn -0.812708 0.376316 0.444850
vn -0.674126 -0.591615 0.442206
vn -0.869560 -0.209760 0.447064
vn -0.292215 -0.492589 0.819736
vn -0.269148 -0.709947 0.650796
vn -0.364870 -0.590535 0.719818
vn -0.827603 -0.274582 0.489570
vn -0.879428 -0.172662 0.443615
vn -0.396145 0.209209 0.894036
vn -0.360838 -0.401433 0.841812
vn -0.842157 0.194487 0.502937
vn -0.406686 -0.857651 0.314709
vn -0.735302 -0.398312 0.548342
vn -0.542713 -0.836722 0.073208
vn -0.645103 0.733326 0.214650
vn -0.730817 0.535069 0.423803
vn -0.543934 0.189041 0.817557
vn 0.093462 -0.725767 0.681562
vn -0.662490 0.530268 0.529078
vn -0.426355 0.598516 0.678233
vn 0.095228 -0.648095 0.755583
vn -0.433058 -0.281099 0.856414
vn -0.877508 -0.162057 0.451351
vn -0.450366 0.087683 0.888528
vn -0.553516 0.404289 0.728128
vn -0.673217 -0.340633 0.656314
vn -0.767816 -0.500932 0.399407
vn -0.635074 -0.653371 0.412053
vn -0.277791 0.471654 0.836884
vn -0.226890 0.206737 0.951725
vn -0.317580 0.423364 0.848473
vn -0.122942 0.580080 0.805228
vn -0.676672 -0.364150 0.639930
vn -0.661594 -0.530268 0.530197
vn -0.681393 -0.639316 0.356339
vn -0.727106 -0.577934 0.370553
vn 0.020591 0.373287 0.927487
vn -0.527364 -0.215817 0.821773
vn 0.000993 0.296196 0.955127
vn -0.011598 0.354522 0.934976
vn -0.002865 0.069198 0.997599
vn -0.011547 0.265024 0.964173
vn -0.004451 0.153686 0.988110
vn 0.007404 0.166789 0.985965
vn 0.016136 -0.053662 0.998429
vn 0.002096 0.072340 0.997378
vn 0.010889 0.028931 0.999522
vn -0.000573 -0.003641 0.999993
vn 0.021425 0.249404 0.968162
vn 0.017121 -0.002533 0.999850
vn -0.019584 0.140086 0.989946
vn 0.022899 0.034657 0.999137
vn -0.006679 0.041308 0.999124
vn -0.009392 -0.020982 0.999736
vn 0.001440 -0.037196 0.999307
vn 0.007142 0.112216 0.993658
vn -0.002012 0.025311 0.999678
vn 0.009561 0.200382 0.979671
vn 0.020769 0.060524 0.997951
vn 0.020031 -0.066267 0.997601
vn -0.246649 -0.009095 0.969062
vn -0.143983 -0.126346 0.981481
vn 0.295341 0.268702 0.916828
vn 0.244160 0.243192 0.938746
vn 0.166840 0.150332 0.974456
vn 0.387731 0.085503 0.917799
vn 0.438817 0.151398 0.885730
vn 0.257503 0.290311 0.921635
vn 0.209815 0.356453 0.910450
vn 0.014081 0.268703 0.963120
vn 0.128304 0.355169 0.925955
vn 0.116083 0.259823 0.958654
vn 0.017825 0.355719 0.934423
vn 0.330470 -0.221008 0.917576
vn 0.204040 -0.624184 0.754163
vn 0.035729 0.419604 0.907004
vn -0.000193 0.234346 0.972153
vn 0.166566 0.332857 0.928150
vn -0.056301 -0.768655 0.637181
vn 0.262681 -0.716127 0.646653
vn -0.268476 -0.311898 0.911395
vn -0.163643 -0.297062 0.940731
vn -0.260569 0.071792 0.962782
vn -0.404815 -0.395410 0.824485
vn 0.149138 0.633106 0.759562
vn -0.298008 0.456380 0.838397
vn 0.101257 -0.643630 0.758609
vn -0.041076 0.736149 0.675572
vn -0.056382 0.746606 0.662873
vn -0.010638 -0.290468 0.956826
vn -0.284619 0.719867 0.633074
vn -0.043591 -0.241880 0.969327
vn 0.305210 -0.425149 0.852112
vn 0.096873 0.672757 0.733494
vn -0.086344 -0.470701 0.878058
vn 0.050409 -0.200356 0.978425
vn -0.297317 0.799587 0.521788
vn -0.326215 0.394720 0.858941
vn 0.141158 0.580250 0.802113
vn -0.532231 -0.480460 0.697057
vn -0.125133 0.769561 0.626193
vn -0.508817 0.227289 0.830328
vn -0.207880 0.454100 0.866359
vn -0.089861 0.734828 0.672274
vn -0.168827 0.163096 0.972058
vn -0.036877 0.145483 0.988673
vn 0.269915 0.075533 0.959917
vn 0.348184 -0.422020 0.837058
vn 0.415205 0.166125 0.894431
vn -0.409369 0.260732 0.874321
vn -0.053515 0.403064 0.913606
vn -0.139353 -0.174115 0.974815
vn -0.087102 -0.326739 0.941092
vn 0.160850 -0.590344 0.790962
vn -0.664813 -0.012996 0.746897
vn -0.693740 -0.521500 0.496752
vn -0.503260 0.698493 0.508759
vn -0.273002 -0.248875 0.929264
vn -0.764641 -0.149907 0.626779
vn -0.020990 0.272833 0.961832
vn -0.049419 0.057063 0.997147
vn -0.044193 0.200635 0.978669
vn -0.104988 0.077067 0.991483
vn -0.311000 -0.403599 0.860458
vn -0.489547 0.705025 0.513111
vn -0.399251 0.893324 0.206326
vn -0.595318 0.223339 0.771827
vn -0.094181 0.617004 0.781304
vn -0.688274 -0.420984 0.590805
vn -0.074086 0.712500 0.697750
vn -0.632635 -0.426532 0.646408
vn -0.500542 -0.518426 0.693320
vn -0.366010 0.322565 0.872919
vn -0.441327 -0.628166 0.640810
vn -0.482478 -0.145885 0.863674
vn -0.453383 0.065641 0.888895
vn -0.231185 -0.609369 0.758435
vn -0.352906 0.447648 0.821626
vn -0.190439 0.787265 0.586470
vn -0.386268 -0.001495 0.922386
vn -0.308565 0.651416 0.693142
vn -0.006250 0.827751 0.561061
vn -0.285481 0.806029 0.518476
vn -0.339326 -0.618955 0.708345
vn -0.637438 0.008439 0.770456
vn -0.284087 0.504894 0.815093
vn -0.498636 -0.215131 0.839691
vn 0.010668 0.777405 0.628910
vn -0.029020 0.320538 0.946791
vn 0.062003 0.319650 0.945505
vn -0.399937 -0.048714 0.915247
vn 0.054348 0.975100 0.215004
vn -0.278829 0.523909 0.804844
vn -0.259252 -0.095348 0.961092
vn 0.125511 0.339494 0.932197
vn -0.140995 0.159085 0.977145
vn 0.055192 0.276110 0.959540
vn -0.666836 -0.261770 0.697715
vn -0.230400 0.126388 0.964853
vn -0.692022 -0.352706 0.629845
vn -0.095597 0.183975 0.978271
vn 0.271545 -0.649550 0.710175
vn 0.060177 0.220874 0.973444
vn -0.675854 -0.217694 0.704152
vn -0.138402 0.372251 0.917755
vn -0.000162 -0.564707 0.825292
vn 0.050936 -0.826675 0.560369
vn -0.123576 -0.825055 0.551374
vn -0.056862 -0.722548 0.688978
vn -0.173288 0.897748 0.404993
vn -0.359624 0.086393 0.929089
vn -0.350060 -0.045913 0.935601
vn -0.593337 -0.472775 0.651487
vn -0.184265 0.763366 0.619127
vn -0.053279 -0.957010 0.285119
vn 0.127703 -0.018489 0.991640
vn 0.380094 0.602488 0.701809
vn 0.286983 0.350066 0.891681
vn 0.426631 -0.220815 0.877056
vn 0.144192 -0.193461 0.970454
vn 0.405107 0.031106 0.913740
vn 0.405847 0.432114 0.805336
vn 0.326788 0.538044 0.776993
vn -0.217769 0.836572 0.502716
vn 0.004301 0.228172 0.973611
vn -0.068959 0.286150 0.955700
vn -0.114956 0.102090 0.988111
vn -0.377003 0.091650 0.921666
vn -0.481748 0.073614 0.873212
vn -0.484683 0.155415 0.860772
vn -0.516671 -0.015675 0.856041
vn -0.486191 -0.120720 0.865474
vn -0.273622 0.098023 0.956829
vn -0.303120 0.712149 0.633215
vn 0.293229 0.214792 0.931601
vn 0.117163 0.273871 0.954603
vn 0.176895 -0.002006 0.984228
vn 0.001079 0.513200 0.858268
vn -0.035377 0.654298 0.755409
vn 0.393378 0.171072 0.903321
vn 0.190440 -0.159087 0.968723
vn 0.010102 0.528805 0.848683
vn -0.148160 0.419607 0.895532
vn -0.150258 0.476957 0.865987
vn 0.187487 0.009552 0.982221
vn 0.099476 0.365441 0.925504
vn 0.462061 -0.136147 0.876335
vn 0.027849 0.516037 0.856113
vn -0.122749 0.563602 0.816876
vn -0.026042 0.346338 0.937748
vn -0.013414 0.423602 0.905749
vn -0.305711 0.896178 0.321569
vn 0.102807 0.322413 0.941000
vt 0.000000 -410.000000
vt 20.833344 -405.833313
vt 41.666656 -401.666656
vt 62.500000 -397.500000
vt 83.333344 -393.333344
vt 104.166656 -389.166656
vt 125.000000 -385.000000
vt 139.000000 -369.500000
vt 153.000000 -353.999969
vt 167.000000 -338.499969
vt 181.000000 -323.000000
vt 195.000000 -307.500000
vt 209.000000 -292.000000
vt 223.000000 -276.500000
vt 237.000000 -261.000000
vt 251.000000 -245.500015
vt 265.000000 -230.000000
vt 265.769226 -205.384628
vt 266.538452 -180.769226
vt 267.307678 -156.153839
vt 268.076935 -131.538452
vt 268.846161 -106.923065
vt 269.615387 -82.307678
vt 270.384613 -57.692322
vt 271.153870 -33.076904
vt 271.923065 -8.461548
vt 272.692322 16.153870
vt 273.461548 40.769226
vt 274.230774 65.384644
vt 275.000000 90.000000
vt 275.769226 114.615356
vt 276.538452 139.230713
vt 277.307739 163.846191
vt 278.076904 188.461548
vt 278.846191 213.076904
vt 279.615356 237.692322
vt 280.384644 262.307678
vt 281.153809 286.923096
vt 281.923096 311.538452
vt 282.692261 336.153809
vt 283.461548 360.769287
vt 284.230774 385.384644
vt 285.000000 410.000000
vt 260.217407 410.000000
vt 235.434814 410.000000
vt 210.652191 410.000000
vt 185.869598 410.000000
vt 161.086975 410.000000
vt 136.304321 410.000000
vt 111.521698 410.000000
vt 86.739105 410.000000
vt 61.956512 410.000000
vt 37.173889 410.000000
vt 12.391296 410.000000
vt -12.391357 410.000000
vt -37.173981 410.000000
vt -61.956573 410.000000
vt -86.739166 410.000000
vt -111.521790 410.000000
vt -136.304382 410.000000
vt -161.086975 410.000000
vt -185.869598 410.000000
vt -210.652191 410.000000
vt -235.434799 410.000000
vt -260.217407 410.000000
vt -285.000000 410.000000
vt -284.230774 385.384644
vt -283.461548 360.769287
vt -282.692322 336.153870
vt -281.923065 311.538452
vt -281.153839 286.923096
vt -280.384613 262.307739
vt -279.615356 237.692383
vt -278.846161 213.076965
vt -278.076935 188.461609
vt -277.307709 163.846191
vt -276.538452 139.230835
vt -275.769226 114.615479
vt -275.000000 89.999939
vt -274.230774 65.384521
vt -273.461548 40.769165
vt -272.692322 16.153809
vt -271.923065 -8.461609
vt -271.153839 -33.076965
vt -270.384613 -57.692322
vt -269.615387 -82.307739
vt -268.846161 -106.923096
vt -268.076935 -131.538452
vt -267.307678 -156.153870
vt -266.538452 -180.769226
vt -265.769226 -205.384644
vt -265.000000 -230.000000
vt -251.000000 -245.500015
vt -236.999969 -261.000000
vt -222.999985 -276.500031
vt -208.999954 -292.000061
vt -194.999954 -307.500061
vt -181.000046 -322.999939
vt -167.000031 -338.500000
vt -153.000031 -353.999969
vt -139.000015 -369.500000
vt -125.000000 -385.000000
vt -104.166656 -389.166656
vt -83.333328 -393.333313
vt -62.500000 -397.500000
vt -41.666656 -401.666687
vt -20.833344 -405.833313
vt -125.561638 -174.418884
vt 41.477631 -238.221039
vt -190.918274 -205.305084
vt -103.665237 -267.221924
vt -13.159683 -313.297668
vt 77.823273 -311.616821
vt 140.877075 -216.397049
vt -218.024887 -229.788544
vt -160.427948 -262.201172
vt -123.551804 -313.328918
vt -22.324799 -359.123627
vt 42.076172 -349.547424
vt 85.922882 -352.114716
vt 125.434845 -315.029846
vt 163.239258 -264.740295
vt 200.442139 -213.907379
vt -232.168579 -242.563553
vt -181.936340 -281.628113
vt -153.304077 -312.056885
vt -125.304047 -343.056854
vt -27.030548 -382.652527
vt -64.806824 -354.867676
vt 47.296600 -375.649658
vt 90.113708 -373.068665
vt 126.110901 -343.785675
vt 154.110931 -312.785645
vt 183.394409 -282.944946
vt 206.152679 -247.210495
vt -208.627167 -254.410156
vt -241.566238 -217.942017
vt -193.464951 -292.041016
vt -200.273697 -272.914398
vt -173.477829 -302.133179
vt -165.103149 -322.714081
vt -145.203613 -332.885529
vt -137.103104 -353.714050
vt -109.950317 -363.918243
vt 4.531113 -378.489014
vt -69.129349 -376.480164
vt 68.234344 -366.548492
vt 137.565399 -354.131653
vt 108.214233 -358.552490
vt 145.525635 -333.176361
vt 165.565399 -323.131622
vt 219.335663 -259.117676
vt 228.184052 -236.069931
vt 199.350586 -267.992706
vt -182.568985 -259.307770
vt -153.320190 -286.622375
vt -130.085388 -327.859436
vt -7.404144 -392.854065
vt 9.009598 -394.350739
vt 26.170990 -380.942200
vt -46.639191 -369.739716
vt -86.919327 -361.683655
vt 70.425629 -382.961426
vt 112.094696 -374.640198
vt 140.164886 -318.916534
vt 182.676147 -251.030807
vt -167.389862 -229.314163
vt -168.304901 -288.002136
vt 33.368286 -364.862152
vt 8.458084 -340.565308
vt 24.091980 -349.454681
vt 7.935791 -359.676392
vt -49.473007 -386.531799
vt -91.137924 -378.189606
vt -169.698853 -246.983337
vt -192.145355 -235.064575
vt -7.017410 -349.705078
vt -7.581528 -331.078400
vt -7.326553 -366.628632
vt -100.367981 230.973877
vt -272.608704 398.067505
vt -223.507690 350.323120
vt 99.130402 229.922302
vt 198.260895 326.005310
vt 247.826111 374.046814
vt 272.608704 398.067505
vt 254.641663 391.809753
vt 266.899994 376.917236
vt -84.026657 9.730072
vt -174.108643 -91.642853
vt -220.281601 -167.003998
vt 165.820618 -116.023254
vt 230.799896 -191.972137
vt -218.692795 -201.801941
vt -243.659744 -192.373993
vt -256.654236 -217.419495
vt 64.410797 -343.807220
vt 53.319916 -360.871826
vt 243.952026 -217.022552
vt 210.905273 -229.254395
vt 190.468658 -231.947220
vt 221.362000 -210.885086
vt 170.405731 -209.078400
vt 166.070038 -233.117172
vt 184.554535 -216.900665
vt -137.856613 -299.329834
vt -114.582321 -289.855408
vt -132.271225 -267.251129
vt -137.307983 -282.899780
vt -42.476440 -346.121735
vt -29.515076 -328.194000
vt -55.074890 -283.703857
vt -62.838379 -317.751221
vt -37.383972 -303.127533
vt -47.920364 -328.536621
vt -64.858063 -336.254547
vt -93.791962 -323.734436
vt -111.422470 -330.338654
vt -77.390854 -325.524658
vt -96.331085 -343.791199
vt -79.258850 -345.600830
vt 179.435028 -267.068909
vt -194.295181 -249.926773
vt -182.469315 -220.558502
vt -202.497238 -219.732697
vt -206.528122 -239.504684
vt -24.782669 304.959595
vt -123.913086 319.367493
vt -189.298203 252.834595
vt -160.045166 130.551514
vt -198.260895 376.107605
vt -254.563766 349.352600
vt -260.148804 374.983337
vt -232.681976 300.757507
vt 189.614929 228.184875
vt 99.130402 320.387451
vt 102.831085 58.421143
vt 241.191589 325.130920
vt 198.260895 368.916687
vt 223.043518 385.617371
vt 258.866425 349.218201
vt -177.729630 31.441071
vt -222.465942 -93.154022
vt -239.499954 -142.965118
vt 217.878998 -117.650055
vt 193.621918 -42.973694
vt 250.619202 -192.591461
vt 241.518890 -166.383026
vt -225.824203 -215.973419
vt -258.273895 -192.830688
vt -226.507233 -184.723511
vt -201.987366 -183.384979
vt -245.574738 -167.794403
vt 81.341370 -331.972107
vt 101.290771 -318.042511
vt 45.641144 -317.097229
vt 26.220825 -327.518127
vt 7.964905 -316.435822
vt 41.715057 -333.086823
vt 4.280243 -268.570068
vt 0.662445 -292.923248
vt 243.078430 -232.349655
vt 157.220947 -219.110748
vt 166.773956 -249.118454
vt -117.961052 -274.276093
vt -84.450241 -290.439758
vt -83.838379 -308.569305
vt -99.707932 -300.029785
vt -55.198349 -301.584534
vt -110.948029 -348.571777
vt -24.782669 358.210693
vt -99.130478 362.142517
vt -148.695679 362.142517
vt -235.484131 251.391235
vt -209.853241 178.273865
vt -215.373322 104.183044
vt -198.260895 395.318970
vt -223.540390 385.713257
vt -172.981400 385.713257
vt -271.476654 348.824097
vt -260.082214 324.540710
vt -275.141907 373.348999
vt -239.542343 366.049683
vt -221.880630 368.019714
vt -243.352600 385.493286
vt 235.268005 226.758301
vt 178.101105 129.987183
vt 99.130402 366.050415
vt 263.591736 324.430969
vt 252.717285 335.201904
vt 251.489166 295.898804
vt 265.024933 306.990173
vt 198.260895 391.327026
vt 169.355560 380.121826
vt 208.728363 380.121826
vt 185.980072 380.121826
vt 237.925262 393.394409
vt 223.043518 400.957336
vt 274.100037 348.742065
vt -226.197632 29.926453
vt -247.467941 -93.935333
vt -223.093018 -43.894775
vt -256.282654 -143.489594
vt 244.667603 -118.487213
vt 228.481049 -68.702545
vt 230.019592 -19.471832
vt 257.145233 -168.155975
vt 247.249268 -143.207275
vt -204.133270 -198.223480
vt -163.891754 -177.902527
vt -166.897888 -201.966736
vt -233.232635 -157.656281
vt 101.845093 -338.794373
vt 106.500458 -261.540161
vt 135.595490 -250.274612
vt 147.198730 -235.241226
vt -25.748047 -274.761414
vt 27.139679 -297.590332
vt 22.883728 -312.437683
vt -19.387604 -294.196899
vt -99.382278 -283.237427
vt -107.264374 -314.506226
vt -24.782669 385.587769
vt 24.782593 361.869385
vt -99.130478 387.675476
vt -259.443451 250.642456
vt -244.889236 177.179016
vt -242.361893 127.979126
vt -240.823441 78.748230
vt -223.043488 401.012634
vt -173.478287 401.012634
vt -148.695679 388.875366
vt -274.602753 324.086975
vt -260.202332 299.897522
vt -238.502075 332.760681
vt -247.826111 400.471069
vt 258.972198 226.017639
vt 229.868744 177.648254
vt 197.784515 55.453857
vt 224.040924 103.912170
vt 99.130402 389.772034
vt 261.422516 275.219910
vt 173.478271 397.346008
vt 148.695648 390.487549
vt -251.252914 29.143494
vt -234.235611 -116.947266
vt -250.432678 -125.921082
vt -242.934479 -19.875427
vt -235.743668 -68.689423
vt 259.747742 -118.958466
vt 247.784363 -93.945190
vt 251.064728 -69.408264
vt 240.542114 -44.440063
vt 239.420288 -80.339233
vt 215.805084 -91.578888
vt 240.076569 -59.337708
vt 252.603241 -20.177521
vt 242.220978 9.282959
vt 241.007751 -29.542419
vt 241.697754 -7.461090
vt 230.824585 -132.427765
vt 190.671448 -154.543640
vt 208.322113 -139.081268
vt -182.016861 -187.055237
vt -187.519272 -148.821106
vt -212.878464 -140.290680
vt -188.936218 -168.538025
vt -204.108139 -157.538330
vt -143.223129 -192.704346
vt 116.376648 -329.628662
vt 96.597076 -289.118408
vt -38.291306 -286.185730
vt -9.219650 -279.009888
vt 57.180054 -287.625671
vt 16.101776 -282.771545
vt 37.445007 -278.394104
vt 57.997284 -260.168243
vt 51.657898 -273.720428
vt -24.782669 400.938721
vt -49.565277 388.359375
vt -0.000031 388.359375
vt 49.565186 381.149475
vt -99.130478 402.276611
vt -123.913078 374.908997
vt -246.499588 220.163391
vt -263.599701 176.594299
vt -253.471924 152.165039
vt -254.914444 198.325806
vt -261.499207 127.381104
vt -251.161316 103.064697
vt -259.960785 78.150208
vt -251.533066 54.370697
vt -159.304047 375.508911
vt -259.441071 275.275879
vt -246.811722 312.154175
vt -207.880402 321.798767
vt -259.349426 390.319580
vt 255.364258 176.851562
vt 236.811096 54.234283
vt 251.187927 103.063843
vt 218.274139 267.218384
vt 247.896393 251.231384
vt 123.937195 388.455505
vt -234.705612 -101.907135
vt -252.591217 -109.590729
vt -259.884338 -20.405090
vt -248.523651 -44.689484
vt -237.995377 6.178009
vt -254.279678 -2.716644
vt -235.257065 -84.260773
vt -255.077728 -69.533722
vt 231.701324 -104.371613
vt 258.161377 -44.990601
vt 201.540253 -68.724518
vt 192.170410 -106.577057
vt 259.366028 4.250610
vt 253.770721 29.064850
vt 185.370636 -130.687103
vt 215.120880 -164.647705
vt -191.197495 -117.796631
vt -227.164520 -131.919495
vt -212.688034 -115.926666
vt -144.983826 -173.331604
vt -132.414185 -122.813721
vt -160.405502 -150.931152
vt -133.895142 -149.267944
vt -157.573761 -190.911652
vt -147.762589 -215.989105
vt -144.115280 -241.830353
vt 92.343933 -304.651489
vt 111.492126 -301.544189
vt 44.497314 -299.654724
vt 60.540894 -307.361389
vt 61.860229 -325.649658
vt -38.859879 371.899231
vt -68.554367 364.297852
vt -54.992157 373.118469
vt -74.475250 388.238220
vt -10.705460 371.899231
vt 1.057007 345.720032
vt 8.276657 371.264954
vt 26.876953 384.745117
vt 49.565186 398.235779
vt 75.661163 377.911255
vt 66.389740 392.922485
vt -108.233536 374.908997
vt -117.172829 392.262207
vt -139.901672 375.508911
vt -247.054382 237.915833
vt -263.271179 228.524170
vt -262.742035 212.415100
vt -268.429047 151.803955
vt -223.361801 151.351746
vt -228.008896 198.131348
vt -233.041962 96.412170
vt -230.389999 114.354492
vt -209.183487 129.492188
vt -266.399719 102.588501
vt -266.063904 53.320038
vt -239.111481 41.893463
vt -247.836975 262.958069
vt -224.474136 275.528931
vt -246.057297 288.012268
vt -221.109909 333.093811
vt -229.517487 317.863831
vt 269.920410 176.396729
vt 257.121033 201.436157
vt 241.587799 144.328552
vt 257.373718 53.591705
vt 252.755737 78.137085
vt 266.416412 102.587952
vt 238.764923 277.061340
vt 247.419922 235.982544
vt 266.302521 250.428101
vt 110.939270 377.911255
vt -263.051147 -45.143463
vt -235.530792 -53.173431
vt -236.115967 -34.447723
vt -238.465317 21.216125
vt -209.753662 -12.670837
vt -256.469147 13.565186
vt 215.016754 -76.191956
vt 207.949982 -105.321808
vt 228.675842 30.454010
vt 201.175354 -123.047821
vt 180.820099 -116.389832
vt 229.235291 -151.590057
vt 205.396027 -153.546570
vt 192.510315 -184.726929
vt 208.538818 -196.038300
vt 208.153534 -179.572144
vt 227.655914 -175.615570
vt -196.708679 -134.180298
vt -172.616333 -163.063812
vt -148.084778 -135.205017
vt -155.307922 -109.965729
vt -171.023102 -129.923309
vt -146.656281 -157.974213
vt -152.681473 -229.861389
vt -145.099976 -257.758728
vt -104.103546 -223.004944
vt -86.505051 374.908997
vt 24.782593 400.325623
vt 90.392853 377.911255
vt 58.255310 344.411377
vt 82.995850 393.797607
vt -133.307816 394.045715
vt -238.170090 160.894165
vt -227.283371 174.914612
vt -241.508621 191.731384
vt -191.462082 213.317444
vt -226.017380 134.101440
vt -184.181946 109.966064
vt -195.216156 154.079346
vt -212.496567 255.485718
vt -206.694153 295.262939
vt -216.568390 308.115967
vt -239.218628 274.936157
vt 246.751068 214.577515
vt 222.587006 203.300659
vt 243.017700 190.088928
vt 260.561127 152.049805
vt 242.179260 163.257324
vt 256.983551 127.522095
vt 237.182617 89.670227
vt 211.642670 79.287476
vt 236.124969 71.961426
vt 222.156982 301.995789
vt 233.951996 260.830811
vt 249.290161 266.253174
vt 141.250153 349.876404
vt 129.819489 367.921021
vt 115.732452 346.354614
vt 151.193359 368.817871
vt 114.790497 362.353882
vt 172.862854 345.362000
vt 180.874420 362.193665
vt 164.708252 359.565979
vt 193.367035 345.924866
vt 220.059326 341.921692
vt 223.263306 363.652649
vt 208.337158 354.751648
vt 238.574768 350.293457
vt 233.054626 374.734070
vt -227.872055 -9.236023
vt -214.873718 9.825256
vt 241.749359 39.263214
vt 217.074707 47.704437
vt 212.057953 63.100281
vt 212.257629 5.031128
vt 205.510590 27.401276
vt -109.925095 -55.919495
vt -174.021027 -110.359924
vt -173.534637 -144.379700
vt -117.491188 -199.886093
vt -127.016472 -226.238953
vt 60.735016 364.394775
vt 42.666260 364.449524
vt 80.511749 351.795166
vt -206.990952 199.119385
vt -217.767242 226.497070
vt -218.061523 210.571533
vt -201.079971 114.098816
vt -208.581070 145.410767
vt -221.271667 290.520325
vt -203.469345 274.480713
vt -160.770599 291.747681
vt -184.144547 288.120667
vt 212.333008 224.000366
vt 218.434814 245.178894
vt 192.627167 256.011108
vt 207.850861 256.122070
vt 181.837280 177.873596
vt 237.205536 203.503906
vt 235.246399 123.064514
vt 208.618927 142.583008
vt 224.527344 154.335266
vt 214.327850 122.449158
vt 225.016144 137.030273
vt 203.334229 166.379944
vt 196.650360 128.313049
vt 184.546875 97.806580
vt 200.145508 109.272095
vt 184.295563 114.492065
vt 200.634583 92.263123
vt 185.655426 74.907959
vt 235.573059 292.933533
vt 132.761353 317.176331
vt -186.840240 4.374908
vt -201.953018 30.344330
vt 226.268921 13.995483
vt 154.528778 -0.177856
vt -127.501099 -87.238037
vt -128.414673 -189.335358
vt -133.269424 -206.729736
vt -24.059769 -161.217560
vt -123.226234 -247.567307
vt -116.919395 -214.990662
vt 76.072510 327.941101
vt 97.994354 348.247803
vt -202.661438 238.724060
vt -221.995575 242.239319
vt -186.104095 270.387451
vt -176.881348 318.443054
vt -177.773254 349.957764
vt -200.683777 344.717957
vt 182.741119 153.714111
vt 218.292450 168.032166
vt 202.343414 190.376770
vt 140.750641 84.210205
vt 158.071533 105.752441
vt 130.263245 335.276672
vt 114.081085 329.119568
vt -202.060318 0.910858
vt -189.361267 20.289917
vt -191.604218 69.828613
vt -214.895264 55.074371
vt -215.117294 79.628845
vt 182.857269 8.366272
vt 156.285522 43.088531
vt -136.942322 -104.061279
vt -151.225998 -84.984436
vt -77.228989 -139.171692
vt 30.249512 296.242981
vt 90.824280 334.002075
vt -193.569122 309.144104
vt -174.297760 301.793152
vt -191.396729 329.212341
vt -192.088501 359.842834
vt -175.946136 367.911743
vt 114.918243 163.273438
vt 197.604340 152.622192
vt 218.016388 188.143494
vt 205.511108 207.731384
vt 166.409058 85.452393
vt 166.624908 63.009277
vt 178.553711 44.174347
vt 154.098816 74.111389
vt 131.115845 57.604492
vt 168.338623 24.783997
vt 194.278473 39.398010
vt 144.057617 21.916168
vt 167.175201 9.126648
vt 185.244049 25.105469
vt -190.637482 48.476868
vt -214.239594 39.665894
vt -233.333115 60.916260
vt -206.403122 67.429382
vt -196.384033 91.467468
vt 198.274109 13.016113
vt -160.337708 -96.319733
vt -137.007874 -61.311737
vt -106.756012 -137.518707
vt -87.191696 -176.271973
vt 49.625275 317.203308
vt 147.394257 148.309387
vt 179.577240 203.979797
vt 137.597656 39.764282
vt -138.455200 -76.548584
vt -123.269073 -136.594238
vt -114.519669 -156.804169
vt -106.321884 -174.211273
vt -92.886124 -154.307648
vt -92.423096 -200.805359
vt 60.327972 328.781250
vt 166.038391 144.663330
vt 160.826843 167.505676
vt 152.920837 127.078064
vt 119.091156 129.606995
vt 166.601044 119.097351
vt 134.739624 111.401978
vt 136.438080 134.122498
vt 129.026825 151.169983
vt 137.009644 174.750000
vt 187.580475 191.521729
vt 191.477600 213.228638
vt 144.443329 232.733459
vt -104.586304 -190.233185
vt -55.881317 -234.204697
vt 163.085480 189.401184
vt 157.283844 212.581421
vt 99.217773 96.696411
vt 144.139771 99.219727
vt 146.513947 163.223206
vt 111.127869 197.569885
vt -78.525818 -222.290161
vt 173.255310 220.785278
vt 141.979553 196.434814
vt 126.245636 188.628906
vt 114.562286 109.886108
vt 119.450653 88.678589
vt 103.428986 77.785767
vt 127.483185 73.967407
vt -91.515671 -215.455475
vt -90.690506 -244.982666
vt -49.053177 -193.751221
vt -107.446762 -240.127167
vt -79.239838 -266.567627
vt -73.244247 -239.728210
vt -59.106018 -212.857391
vt -71.225327 -194.282959
vt -78.836548 -207.254074
vt -71.194214 -280.828369
vt 159.669708 -288.951935
vt 134.622314 -291.580505
vt 174.702759 -303.239594
vt 169.528809 -278.036499
vt 148.042114 -298.805115
vt 145.490692 -274.492554
vt 124.328949 -273.033386
vt 108.598145 -277.860718
vt 119.599335 -288.534973
vt 110.642578 -229.033905
vt 128.771942 -233.013397
vt 116.358551 -246.279297
vt -205.865631 -68.309082
vt 217.211273 -39.571136
vt 205.925232 -18.248383
vt 207.097076 -52.922943
vt 218.465027 -9.158417
vt 204.196198 -32.811737
vt 144.672913 -168.482910
vt 163.590424 -148.043762
vt 178.717712 -144.682526
vt 76.764374 -291.651123
vt 37.845917 -258.145386
vt 21.868317 -265.950439
vt -125.286850 347.138245
vt 153.332642 -69.455444
vt 196.714050 -87.615814
vt 177.490326 -72.642548
vt 187.598663 -58.918701
vt 162.658936 -91.912781
vt 180.180420 -93.678925
vt 80.278412 -112.959381
vt 123.233826 -109.345215
vt 71.192780 -26.145477
vt 145.508850 -106.424225
vt 131.251678 -84.094696
vt 137.859497 -134.485016
vt 146.428314 -90.120880
vt 150.204681 -122.777313
vt 111.024292 -7.267883
vt 115.018127 21.498688
vt 99.808868 -88.008789
vt 131.753204 2.556305
vt 121.597412 -45.560333
vt 116.430939 -93.286835
vt 129.598145 17.516052
vt 117.173187 6.538940
vt 133.239227 -63.120178
vt 109.544830 -66.190002
vt 140.077362 -24.330750
vt 164.290039 -41.003662
vt 142.006836 -44.668335
vt 154.941559 -53.739227
vt 93.622192 -43.051880
vt 141.914215 -9.029968
vt 107.020386 -50.879547
vt 82.984619 -67.419891
vt 96.574005 -73.483734
vt 72.162933 -48.189941
vt -13.981689 -40.937439
vt 25.910706 -86.878387
vt 29.557220 -39.021362
vt 52.636963 -71.838165
vt 52.059723 -38.031067
vt 66.959015 -63.778381
vt 41.538696 -55.119171
vt 15.468430 -62.015289
vt 34.893036 -71.573700
vt 76.502899 -89.884857
vt 89.020111 -99.682922
vt 50.157349 -106.041718
vt 66.631287 -103.346222
vt 55.869659 -89.264191
vt -198.220108 -94.548248
vt -188.061111 -77.354675
vt -179.527939 -38.513611
vt -188.832275 -56.827393
vt -166.557098 -66.268707
vt -201.605270 -38.817627
vt -209.667297 -52.706421
vt -190.808350 -21.109802
vt -215.327515 -28.750946
vt -209.757965 -83.676666
vt -81.012848 323.079041
vt -21.714432 331.585144
vt -14.809052 345.870483
vt -49.361603 341.888733
vt -40.862274 355.757202
vt 4.291855 315.098694
vt -41.630005 320.390564
vt -4.726608 329.627502
vt -61.061569 325.541626
vt -69.578049 343.997498
vt -83.253326 354.863098
vt -186.445984 132.836426
vt -174.039780 122.517334
vt -175.446228 182.564453
vt -189.012024 195.046448
vt 218.043121 321.797729
vt 194.130768 287.519409
vt 154.399231 329.011108
vt 156.686523 345.028381
vt 159.449951 294.078674
vt 176.033539 323.181519
vt 161.472534 312.202454
vt 178.738770 301.100830
vt 197.316162 306.642090
vt -135.172882 2.049805
vt -161.054108 -14.182007
vt -174.681244 -23.014526
vt -150.350800 316.245178
vt -134.440048 295.012939
vt -138.872787 332.546814
vt -141.095612 348.237000
vt -159.975723 337.559753
vt -162.136810 353.430725
vt -175.496887 334.252258
vt -136.238678 310.242737
vt -148.552155 301.015381
vt -142.200897 249.800171
vt -165.348419 257.543518
vt -100.163956 294.649841
vt -61.253372 285.590881
vt -55.964828 305.541321
vt -78.011597 300.709412
vt -40.643250 290.803589
vt -35.103058 225.548340
vt -2.974823 264.562561
vt -43.240051 257.720337
vt -18.686218 282.165833
vt -47.534821 274.700989
vt -163.121948 323.308594
vt -145.149719 273.578796
vt -172.786102 232.112610
vt -165.597504 206.881165
vt -168.653900 275.394348
vt -117.225800 302.024597
vt -101.087540 315.937073
vt -100.115265 339.040100
vt -23.294128 262.240112
vt -29.655273 244.041199
vt 6.013611 288.398010
vt -113.883675 265.383972
vt -114.997826 283.755127
vt -128.405060 273.722656
vt -175.665588 246.757874
vt -189.018875 229.566101
vt -157.832275 241.542236
vt -176.725372 217.350525
vt -115.866554 172.586426
vt -84.355057 338.490540
vt -110.143204 351.039734
vt -115.724319 333.691895
vt 14.876877 302.375427
vt 26.643890 322.929565
vt 12.306503 332.591431
vt -7.082520 300.959412
vt -144.546555 184.202332
vt 35.769775 310.575684
vt 41.772552 334.666748
vt -160.379715 190.615051
vt -138.416107 80.747986
vt -153.890839 103.625916
vt -161.968536 60.472656
vt -172.731995 89.139771
vt -178.499496 59.724182
vt -169.524536 104.463806
vt -155.318848 85.987427
vt 148.175415 58.105347
vt -121.158760 -70.206268
vt -82.741364 -94.209015
vt -98.406677 -76.536316
vt -106.484314 -99.475769
vt -120.472939 -110.007355
vt -57.372498 -55.942413
vt -111.931900 -84.665588
vt -89.939392 -117.910736
vt -75.149124 -71.699829
vt -106.873932 -120.402252
vt -91.715805 -133.402496
vt -83.643692 -44.210754
vt -92.489868 -59.704620
vt -73.166748 -56.030243
vt 75.265137 274.066040
vt 79.992920 300.938782
vt 84.734589 315.412964
vt -46.638733 -258.810272
vt -16.939301 -241.569397
vt -13.225754 -260.319824
vt -30.272049 -215.830780
vt -29.673340 -253.834335
vt -44.092468 -208.559082
vt 167.253510 247.025391
vt 127.240448 215.668152
vt 142.597687 217.390564
vt 121.320892 238.838928
vt 109.399872 215.329834
vt 100.301514 259.078369
vt 106.265015 244.237244
vt 75.547394 -229.767517
vt 150.767578 -193.073151
vt 171.416534 -187.787689
vt 179.657013 -170.362305
vt 161.990540 -172.668976
vt 111.595825 -189.731445
vt 130.595154 -198.278015
vt 127.935913 -178.798248
vt 114.144928 -209.456055
vt 124.695557 -154.804840
vt 86.130432 -203.049454
vt 97.764984 -216.627991
vt 141.700043 -151.397034
vt 112.446350 -132.445404
vt 100.116364 -116.505249
vt 124.602692 -140.320740
vt 125.861145 -124.641022
vt 87.362091 -160.722321
vt 89.561218 -137.408630
vt 104.968933 -151.076721
vt 104.469666 -171.057739
vt 86.260620 -181.871765
vt 31.684296 -168.426025
vt 60.262054 -169.914337
vt 75.642700 -170.715363
vt 65.699432 -192.334625
vt 59.389832 -134.877136
vt 69.655945 -151.825897
vt 45.125061 -185.454834
vt 7.655334 -201.210754
vt 47.640106 -212.137848
vt 24.208801 -188.145172
vt 3.280411 -168.934723
vt 27.069824 -208.788956
vt 17.584015 -174.357178
vt 7.965805 -229.073288
vt 10.387238 -249.219574
vt 35.314728 -222.995407
vt 26.673737 -245.815811
vt 68.634521 -211.574310
vt 75.081604 -128.919342
vt 57.058075 -228.132538
vt 64.977905 -243.931961
vt 82.245453 -260.974731
vt 70.058136 -274.625061
vt 22.812134 -231.307449
vt 94.786194 -243.530426
vt 90.337006 -229.421661
vt 116.524689 42.468475
vt 77.479767 12.049866
vt 97.040222 7.232605
vt 91.990540 33.692078
vt 39.111542 0.032959
vt 82.806549 -8.442017
vt 40.032257 -20.888123
vt 61.167725 -3.128662
vt 89.346191 -25.393250
vt 5.970322 -11.906311
vt 21.457855 -22.250427
vt 3.862091 -31.829102
vt 1.853027 -49.925934
vt -25.112946 -78.988922
vt -4.636459 -70.946320
vt -20.926514 -59.559723
vt -3.031662 -105.119995
vt 10.799789 -78.600464
vt -37.657089 -42.714264
vt -39.931534 -65.630310
vt -9.635895 -88.305603
vt -51.995850 -93.911530
vt -28.901169 -105.576660
vt -41.113571 -81.839905
vt 100.313202 21.568817
vt 44.595551 49.783905
vt 71.491913 69.080322
vt 88.792542 68.546143
vt 79.565216 50.125732
vt 62.042236 53.858765
vt 58.681030 28.863129
vt 74.978302 33.743469
vt 52.118988 12.260529
vt 26.374512 26.614685
vt 56.391357 -18.900665
vt -28.224640 -9.777069
vt -12.658340 -21.497253
vt -29.229156 -27.308624
vt -61.934448 -16.640137
vt -44.173721 -17.657776
vt -50.672867 15.574646
vt -52.184525 -1.972687
vt -66.552734 8.103882
vt -67.438507 -86.835602
vt -67.196243 -111.873810
vt -15.488159 -132.440643
vt 42.165405 32.945648
vt -56.507111 -35.926056
vt -73.092239 -30.186737
vt -82.282944 -11.248322
vt -108.287628 -2.848145
vt -56.359482 -73.358978
vt -76.128036 -124.083710
vt -47.296234 -113.301239
vt -32.020065 -123.914429
vt -52.669540 -137.335907
vt -31.562576 -143.317719
vt -15.781799 -115.806763
vt -63.110687 -162.850739
vt -76.994522 -155.080353
vt -60.468323 -180.296478
vt -40.209259 -174.678192
vt -46.235550 -154.862579
vt -25.759827 -192.965149
vt -11.652893 -207.626984
vt -15.365494 -224.431641
vt 119.898560 -25.423492
vt 104.626099 -21.641876
vt 180.368652 -20.955109
vt 179.318909 -36.584900
vt 191.829376 -7.161530
vt 160.099731 -21.171448
vt 170.089722 -7.529175
vt -155.101227 -44.006622
vt -169.438995 -50.707123
vt -152.516388 -59.415344
vt -128.340057 -34.137787
vt -139.310455 -45.607880
vt -191.691681 172.736389
vt 212.969025 285.416138
vt 173.371002 272.720032
vt 189.577362 271.946655
vt 177.595825 258.138611
vt -159.579437 12.216034
vt -150.974121 -1.504883
vt -141.691101 -19.232117
vt -154.412567 -28.362762
vt -122.718346 -15.670288
vt -104.236618 -31.385742
vt -88.843628 -26.131500
vt -134.670197 37.636719
vt -170.708008 -0.402496
vt -115.261429 -41.755859
vt -98.784225 -45.576294
vt -156.079315 33.700714
vt -147.922867 49.528687
vt -146.303192 66.092590
vt -168.208618 45.066254
vt -142.039948 19.943817
vt -117.391266 20.058075
vt -120.655823 5.498505
vt -101.227158 13.220062
vt -81.094772 68.311646
vt -98.039352 43.279449
vt -72.949997 34.057556
vt -119.205879 60.959656
vt -116.073860 38.634491
vt -89.710983 27.197479
vt -81.265015 50.175812
vt -158.716202 159.231628
vt -175.731598 164.695618
vt -172.400208 145.843994
vt -119.510056 204.804321
vt -138.322937 223.536499
vt -156.744324 223.043274
vt -139.481079 203.560303
vt -118.776901 224.353638
vt -115.734146 244.797729
vt -127.282852 256.212158
vt -130.710236 238.078674
vt 26.314789 343.919312
vt -103.690430 120.909180
vt 55.731812 292.122742
vt 63.913269 307.398376
vt 36.829803 256.080017
vt 70.700134 288.721436
vt 53.624969 270.249878
vt 41.100708 282.494141
vt 66.072479 238.457703
vt 67.085144 257.187073
vt 52.251526 248.597046
vt 84.335052 246.862366
vt 18.633789 198.947021
vt 41.607086 219.598145
vt 85.205780 262.266479
vt -1.566559 225.717712
vt -18.360229 230.664978
vt -4.999619 245.041199
vt 18.882172 239.317444
vt 18.968781 269.900085
vt 11.061844 254.631042
vt 20.564758 284.803467
vt 17.554962 219.139648
vt 37.299347 237.587769
vt -64.590195 -255.750793
vt -35.967072 -234.927002
vt 160.928101 231.772156
vt 132.742096 271.734619
vt 119.364655 258.119690
vt 138.883118 252.321167
vt 153.170746 267.518738
vt 145.775940 283.289246
vt 142.516205 301.480042
vt 98.151459 283.891846
vt 118.461121 297.409729
vt 114.802948 275.981323
vt 98.212067 302.151184
vt 46.829956 -152.719269
vt 23.400024 -114.975891
vt 20.774139 -142.749939
vt 31.684082 -153.270111
vt 39.085510 -133.925781
vt 49.816559 -122.046570
vt 64.413422 -118.261810
vt 18.125549 6.319641
vt 25.479614 -7.301971
vt -13.572403 31.027313
vt -5.390808 8.836853
vt -12.760223 -5.435211
vt 6.051804 25.659241
vt 6.869995 67.204834
vt 1.216003 46.535339
vt 22.634308 51.784576
vt -27.892212 13.144104
vt -37.697067 1.823303
vt -6.366455 -150.822723
vt 9.369308 -154.066559
vt 3.535873 -134.454651
vt -13.946854 -177.678406
vt -6.079788 -192.137970
vt -99.778412 62.707703
vt -98.391983 92.033142
vt -110.940567 77.930908
vt -130.321274 143.545044
vt -126.435104 187.706177
vt -126.462700 105.505920
vt -114.741722 93.947449
vt 63.466248 172.177063
vt 77.500153 203.262024
vt 95.085388 204.973022
vt 33.853851 -101.749084
vt 13.942123 -99.969849
vt -42.465546 48.133392
vt -61.343994 59.057556
vt -20.440125 52.381439
vt -58.342514 42.470123
vt -37.655701 29.607117
vt 7.126434 -118.248291
vt -135.865433 164.422485
vt -148.389206 144.382263
vt -139.630707 96.598999
vt -123.095474 125.062744
vt -141.702148 126.919739
vt 45.194672 192.503235
vt 62.468445 217.834473
vt 51.052643 207.063843
vt 81.334351 222.255981
vt -42.835434 117.151306
vt -58.779053 90.235596
vt -65.859711 75.123596
vt -78.622543 90.318359
vt -40.647598 73.049438
vt -86.956390 109.055542
vt -71.429947 148.713318
vt -84.111755 130.810120
vt -65.672501 117.335754
vt -97.400146 153.666199
vt -111.314133 140.322388
vt -118.472527 155.765564
vt -36.721024 95.349426
vt -54.346481 105.789917
vt -54.105103 135.675232
vt -5.108047 152.794128
vt -39.633759 172.934143
vt -27.778320 139.001892
vt -52.119171 156.343689
vt -34.149017 155.813232
vt -15.656647 80.144714
vt -77.834427 191.234497
vt -69.002869 170.821777
vt -55.533005 188.766357
vt -90.170898 173.780334
vt -29.909515 198.598938
vt -14.934067 211.318054
vt -63.657578 217.343750
vt -82.779160 159.767456
vt -100.033722 193.838013
vt -40.519257 187.944275
vt -5.539703 185.081604
vt -19.372314 169.986023
vt 2.950745 208.119751
vt -65.422272 201.398438
vt -47.079391 207.438721
vt -86.589417 212.528442
vt -21.210449 185.555786
vt -25.586914 67.561951
vt 17.835480 112.372253
vt -104.234665 213.716553
vt -4.567795 126.378418
vt 5.779495 91.384338
vt 36.369141 81.017334
vt 49.587219 67.798706
vt 33.222504 64.652771
vt -12.507797 139.429382
vt -23.214264 119.743652
vt -7.945892 106.352722
vt -23.530930 103.982605
vt 19.581665 140.085693
vt 18.926361 79.862915
vt 26.591949 96.393127
vt 62.854279 108.655334
vt 46.225464 98.081299
vt 88.336823 124.875549
vt 59.615112 84.239807
vt 98.785522 112.719849
vt 81.549530 104.237366
vt 80.656677 85.475647
vt 3.800003 139.762939
vt 34.121155 204.821960
vt 63.714325 190.775452
vt -54.096390 237.859497
vt -70.612717 259.785278
vt -82.629410 278.743591
vt -99.709518 275.462952
vt -94.333359 253.133972
vt -77.510284 236.285522
vt -57.393600 252.559387
vt 35.039337 164.999023
vt 41.523682 124.791382
vt 25.908203 125.775330
vt 64.914612 133.545593
vt 39.356171 145.068542
vt 51.872772 158.212280
vt 55.994202 121.753540
vt 73.334106 120.318237
vt 85.678528 153.666931
vt 92.774292 178.881348
vt 76.800171 181.300049
vt 80.114197 138.634766
vt 98.601227 163.635925
vt 103.775513 143.568237
vt 110.213623 180.111206
vt 47.362000 176.076050
vt 28.809174 182.926270
vt 12.443619 167.192627
vt 22.703217 155.401001
vt 11.191315 183.917297
g Pattern_9096
s 1
usemtl FABRIC_1_FRONT_7892
f 140/140/140 125/125/125 138/138/138
f 171/171/171 119/119/119 259/259/259
f 94/94/94 124/124/124 93/93/93
f 250/250/250 196/196/196 195/195/195
f 138/138/138 139/139/139 96/96/96
f 158/158/158 145/145/145 179/179/179
f 116/116/116 125/125/125 168/168/168
f 93/93/93 124/124/124 137/137/137
f 139/139/139 125/125/125 155/155/155
f 90/90/90 91/91/91 250/250/250
f 252/252/252 364/364/364 367/367/367
f 150/150/150 10/10/10 151/151/151
f 404/404/404 410/410/410 301/301/301
f 407/407/407 348/348/348 406/406/406
f 244/244/244 303/303/303 253/253/253
f 194/194/194 249/249/249 225/225/225
f 303/303/303 88/88/88 89/89/89
f 119/119/119 171/171/171 169/169/169
f 86/86/86 87/87/87 301/301/301
f 101/101/101 144/144/144 143/143/143
f 145/145/145 158/158/158 159/159/159
f 410/410/410 411/411/411 301/301/301
f 226/226/226 124/124/124 136/136/136
f 2/2/2 3/3/3 160/160/160
f 159/159/159 158/158/158 1/1/1
f 140/140/140 97/97/97 98/98/98
f 219/219/219 217/217/217 221/221/221
f 144/144/144 102/102/102 103/103/103
f 128/128/128 106/106/106 107/107/107
f 264/264/264 222/222/222 166/166/166
f 706/706/706 707/707/707 704/704/704
f 161/161/161 173/173/173 128/128/128
f 156/156/156 126/126/126 206/206/206
f 107/107/107 158/158/158 128/128/128
f 210/210/210 211/211/211 215/215/215
f 176/176/176 226/226/226 223/223/223
f 168/168/168 125/125/125 140/140/140
f 96/96/96 97/97/97 138/138/138
f 104/104/104 105/105/105 146/146/146
f 13/13/13 14/14/14 154/154/154
f 146/146/146 105/105/105 173/173/173
f 215/215/215 214/214/214 269/269/269
f 141/141/141 142/142/142 126/126/126
f 126/126/126 157/157/157 117/117/117
f 139/139/139 95/95/95 96/96/96
f 157/157/157 142/142/142 127/127/127
f 141/141/141 98/98/98 99/99/99
f 218/218/218 157/157/157 127/127/127
f 159/159/159 1/1/1 2/2/2
f 83/83/83 84/84/84 406/406/406
f 274/274/274 326/326/326 449/449/449
f 197/197/197 119/119/119 198/198/198
f 158/158/158 107/107/107 1/1/1
f 78/78/78 389/389/389 77/77/77
f 93/93/93 137/137/137 196/196/196
f 9/9/9 148/148/148 8/8/8
f 75/75/75 76/76/76 386/386/386
f 391/391/391 390/390/390 458/458/458
f 140/140/140 138/138/138 97/97/97
f 387/387/387 508/508/508 327/327/327
f 65/65/65 66/66/66 181/181/181
f 139/139/139 138/138/138 125/125/125
f 161/161/161 210/210/210 129/129/129
f 282/282/282 67/67/67 68/68/68
f 326/326/326 72/72/72 73/73/73
f 11/11/11 12/12/12 706/706/706
f 69/69/69 280/280/280 68/68/68
f 153/153/153 135/135/135 152/152/152
f 71/71/71 394/394/394 334/334/334
f 210/210/210 161/161/161 118/118/118
f 118/118/118 161/161/161 128/128/128
f 280/280/280 281/281/281 232/232/232
f 388/388/388 75/75/75 386/386/386
f 145/145/145 159/159/159 160/160/160
f 330/330/330 277/277/277 63/63/63
f 149/149/149 8/8/8 148/148/148
f 103/103/103 104/104/104 174/174/174
f 456/456/456 390/390/390 455/455/455
f 139/139/139 136/136/136 95/95/95
f 397/397/397 285/285/285 336/336/336
f 140/140/140 126/126/126 156/156/156
f 278/278/278 231/231/231 277/277/277
f 181/181/181 67/67/67 282/282/282
f 141/141/141 140/140/140 98/98/98
f 81/81/81 82/82/82 345/345/345
f 502/502/502 325/325/325 446/446/446
f 140/140/140 141/141/141 126/126/126
f 63/63/63 277/277/277 62/62/62
f 855/855/855 446/446/446 384/384/384
f 99/99/99 142/142/142 141/141/141
f 144/144/144 101/101/101 102/102/102
f 271/271/271 791/791/791 788/788/788
f 174/174/174 146/146/146 162/162/162
f 58/58/58 59/59/59 383/383/383
f 332/332/332 507/507/507 60/60/60
f 142/142/142 143/143/143 127/127/127
f 817/817/817 384/384/384 448/448/448
f 143/143/143 142/142/142 100/100/100
f 85/85/85 476/476/476 84/84/84
f 142/142/142 99/99/99 100/100/100
f 91/91/91 92/92/92 196/196/196
f 155/155/155 125/125/125 116/116/116
f 179/179/179 128/128/128 158/158/158
f 130/130/130 198/198/198 169/169/169
f 157/157/157 126/126/126 142/142/142
f 115/115/115 249/249/249 124/124/124
f 198/198/198 119/119/119 169/169/169
f 4/4/4 5/5/5 163/163/163
f 131/131/131 5/5/5 6/6/6
f 154/154/154 14/14/14 152/152/152
f 165/165/165 708/708/708 121/121/121
f 4/4/4 130/130/130 3/3/3
f 139/139/139 155/155/155 223/223/223
f 261/261/261 258/258/258 319/319/319
f 9/9/9 10/10/10 150/150/150
f 134/134/134 707/707/707 706/706/706
f 175/175/175 176/176/176 223/223/223
f 313/313/313 132/132/132 370/370/370
f 152/152/152 14/14/14 15/15/15
f 212/212/212 372/372/372 890/890/890
f 90/90/90 250/250/250 253/253/253
f 111/111/111 265/265/265 321/321/321
f 101/101/101 143/143/143 100/100/100
f 13/13/13 134/134/134 12/12/12
f 136/136/136 94/94/94 95/95/95
f 11/11/11 151/151/151 10/10/10
f 155/155/155 116/116/116 175/175/175
f 166/166/166 222/222/222 154/154/154
f 352/352/352 23/23/23 24/24/24
f 153/153/153 152/152/152 15/15/15
f 264/264/264 122/122/122 222/222/222
f 255/255/255 430/430/430 113/113/113
f 123/123/123 490/490/490 489/489/489
f 149/149/149 120/120/120 131/131/131
f 419/419/419 492/492/492 487/487/487
f 499/499/499 556/556/556 428/428/428
f 247/247/247 18/18/18 19/19/19
f 17/17/17 18/18/18 199/199/199
f 154/154/154 135/135/135 166/166/166
f 413/413/413 357/357/357 359/359/359
f 26/26/26 357/357/357 25/25/25
f 255/255/255 313/313/313 370/370/370
f 16/16/16 262/262/262 153/153/153
f 469/469/469 28/28/28 29/29/29
f 470/470/470 469/469/469 29/29/29
f 124/124/124 249/249/249 137/137/137
f 304/304/304 412/412/412 245/245/245
f 264/264/264 315/315/315 122/122/122
f 147/147/147 131/131/131 120/120/120
f 945/945/945 944/944/944 109/109/109
f 17/17/17 199/199/199 262/262/262
f 201/201/201 204/204/204 166/166/166
f 200/200/200 123/123/123 201/201/201
f 350/350/350 21/21/21 22/22/22
f 13/13/13 154/154/154 134/134/134
f 31/31/31 471/471/471 30/30/30
f 159/159/159 2/2/2 160/160/160
f 381/381/381 55/55/55 379/379/379
f 381/381/381 54/54/54 55/55/55
f 160/160/160 130/130/130 169/169/169
f 557/557/557 559/559/559 444/444/444
f 31/31/31 32/32/32 524/524/524
f 94/94/94 136/136/136 124/124/124
f 51/51/51 341/341/341 50/50/50
f 591/591/591 720/720/720 360/360/360
f 105/105/105 106/106/106 173/173/173
f 147/147/147 120/120/120 197/197/197
f 537/537/537 294/294/294 538/538/538
f 341/341/341 403/403/403 50/50/50
f 163/163/163 130/130/130 4/4/4
f 149/149/149 148/148/148 132/132/132
f 46/46/46 47/47/47 293/293/293
f 149/149/149 164/164/164 8/8/8
f 297/297/297 187/187/187 45/45/45
f 185/185/185 187/187/187 297/297/297
f 164/164/164 131/131/131 6/6/6
f 293/293/293 296/296/296 239/239/239
f 150/150/150 148/148/148 9/9/9
f 33/33/33 522/522/522 32/32/32
f 162/162/162 146/146/146 129/129/129
f 34/34/34 466/466/466 33/33/33
f 313/313/313 254/254/254 120/120/120
f 225/225/225 176/176/176 224/224/224
f 398/398/398 466/466/466 467/467/467
f 467/467/467 35/35/35 337/337/337
f 164/164/164 6/6/6 7/7/7
f 235/235/235 569/569/569 570/570/570
f 171/171/171 172/172/172 169/169/169
f 153/153/153 15/15/15 16/16/16
f 35/35/35 36/36/36 337/337/337
f 206/206/206 209/209/209 156/156/156
f 379/379/379 55/55/55 56/56/56
f 131/131/131 147/147/147 163/163/163
f 151/151/151 11/11/11 706/706/706
f 241/241/241 299/299/299 188/188/188
f 39/39/39 289/289/289 292/292/292
f 188/188/188 186/186/186 187/187/187
f 248/248/248 492/492/492 247/247/247
f 43/43/43 186/186/186 42/42/42
f 127/127/127 143/143/143 144/144/144
f 430/430/430 431/431/431 371/371/371
f 188/188/188 42/42/42 186/186/186
f 148/148/148 150/150/150 132/132/132
f 39/39/39 40/40/40 289/289/289
f 150/150/150 151/151/151 133/133/133
f 292/292/292 38/38/38 39/39/39
f 150/150/150 165/165/165 132/132/132
f 165/165/165 150/150/150 133/133/133
f 154/154/154 152/152/152 135/135/135
f 160/160/160 3/3/3 130/130/130
f 117/117/117 206/206/206 126/126/126
f 129/129/129 221/221/221 162/162/162
f 129/129/129 146/146/146 161/161/161
f 216/216/216 129/129/129 210/210/210
f 174/174/174 144/144/144 103/103/103
f 131/131/131 163/163/163 5/5/5
f 130/130/130 163/163/163 147/147/147
f 8/8/8 164/164/164 7/7/7
f 131/131/131 164/164/164 149/149/149
f 708/708/708 133/133/133 704/704/704
f 165/165/165 121/121/121 370/370/370
f 201/201/201 135/135/135 200/200/200
f 135/135/135 201/201/201 166/166/166
f 428/428/428 167/167/167 499/499/499
f 310/310/310 364/364/364 427/427/427
f 140/140/140 156/156/156 168/168/168
f 116/116/116 168/168/168 156/156/156
f 434/434/434 259/259/259 197/197/197
f 160/160/160 169/169/169 172/172/172
f 179/179/179 177/177/177 118/118/118
f 177/177/177 179/179/179 172/172/172
f 171/171/171 259/259/259 257/257/257
f 172/172/172 171/171/171 170/170/170
f 172/172/172 170/170/170 177/177/177
f 172/172/172 145/145/145 160/160/160
f 128/128/128 173/173/173 106/106/106
f 146/146/146 173/173/173 161/161/161
f 146/146/146 174/174/174 104/104/104
f 144/144/144 174/174/174 162/162/162
f 175/175/175 116/116/116 429/429/429
f 175/175/175 167/167/167 176/176/176
f 224/224/224 176/176/176 167/167/167
f 124/124/124 226/226/226 115/115/115
f 170/170/170 178/178/178 177/177/177
f 177/177/177 178/178/178 211/211/211
f 258/258/258 170/170/170 257/257/257
f 112/112/112 211/211/211 178/178/178
f 128/128/128 179/179/179 118/118/118
f 145/145/145 172/172/172 179/179/179
f 391/391/391 80/80/80 459/459/459
f 523/523/523 522/522/522 398/398/398
f 66/66/66 67/67/67 181/181/181
f 280/280/280 233/233/233 282/282/282
f 334/334/334 281/281/281 333/333/333
f 827/827/827 793/793/793 795/795/795
f 381/381/381 441/441/441 442/442/442
f 515/515/515 602/602/602 601/601/601
f 294/294/294 343/343/343 344/344/344
f 1105/1105/1105 236/236/236 1107/1107/1107
f 298/298/298 45/45/45 46/46/46
f 295/295/295 541/541/541 240/240/240
f 43/43/43 44/44/44 186/186/186
f 187/187/187 186/186/186 44/44/44
f 45/45/45 187/187/187 44/44/44
f 187/187/187 185/185/185 188/188/188
f 241/241/241 188/188/188 185/185/185
f 41/41/41 42/42/42 188/188/188
f 733/733/733 734/734/734 731/731/731
f 683/683/683 691/691/691 610/610/610
f 553/553/553 497/497/497 496/496/496
f 1042/1042/1042 615/615/615 589/589/589
f 191/191/191 251/251/251 252/252/252
f 366/366/366 422/422/422 421/421/421
f 359/359/359 717/717/717 353/353/353
f 762/762/762 768/768/768 760/760/760
f 19/19/19 307/307/307 247/247/247
f 307/307/307 308/308/308 248/248/248
f 309/309/309 251/251/251 194/194/194
f 89/89/89 90/90/90 253/253/253
f 249/249/249 195/195/195 137/137/137
f 251/251/251 195/195/195 194/194/194
f 93/93/93 196/196/196 92/92/92
f 195/195/195 196/196/196 137/137/137
f 120/120/120 254/254/254 197/197/197
f 434/434/434 254/254/254 113/113/113
f 130/130/130 147/147/147 198/198/198
f 197/197/197 198/198/198 147/147/147
f 247/247/247 199/199/199 18/18/18
f 202/202/202 123/123/123 200/200/200
f 135/135/135 153/153/153 200/200/200
f 202/202/202 153/153/153 199/199/199
f 205/205/205 201/201/201 123/123/123
f 205/205/205 204/204/204 201/201/201
f 153/153/153 202/202/202 200/200/200
f 199/199/199 193/193/193 202/202/202
f 491/491/491 419/419/419 488/488/488
f 904/904/904 203/203/203 905/905/905
f 203/203/203 263/263/263 204/204/204
f 712/712/712 711/711/711 371/371/371
f 489/489/489 205/205/205 123/123/123
f 204/204/204 205/205/205 203/203/203
f 117/117/117 207/207/207 206/206/206
f 265/265/265 209/209/209 207/207/207
f 210/210/210 215/215/215 216/216/216
f 321/321/321 265/265/265 207/207/207
f 595/595/595 556/556/556 598/598/598
f 209/209/209 500/500/500 156/156/156
f 207/207/207 209/209/209 206/206/206
f 209/209/209 208/208/208 500/500/500
f 118/118/118 177/177/177 211/211/211
f 211/211/211 210/210/210 118/118/118
f 214/214/214 211/211/211 112/112/112
f 207/207/207 322/322/322 268/268/268
f 112/112/112 261/261/261 320/320/320
f 372/372/372 212/212/212 269/269/269
f 111/111/111 698/698/698 695/695/695
f 162/162/162 220/220/220 144/144/144
f 112/112/112 258/258/258 261/261/261
f 214/214/214 372/372/372 269/269/269
f 214/214/214 215/215/215 211/211/211
f 215/215/215 213/213/213 216/216/216
f 219/219/219 216/216/216 213/213/213
f 129/129/129 216/216/216 221/221/221
f 266/266/266 267/267/267 269/269/269
f 117/117/117 157/157/157 218/218/218
f 270/270/270 127/127/127 144/144/144
f 218/218/218 217/217/217 322/322/322
f 213/213/213 269/269/269 267/267/267
f 217/217/217 220/220/220 221/221/221
f 217/217/217 218/218/218 220/220/220
f 218/218/218 127/127/127 270/270/270
f 219/219/219 221/221/221 216/216/216
f 162/162/162 221/221/221 220/220/220
f 707/707/707 222/222/222 122/122/122
f 154/154/154 222/222/222 134/134/134
f 139/139/139 223/223/223 136/136/136
f 175/175/175 223/223/223 155/155/155
f 427/427/427 364/364/364 311/311/311
f 225/225/225 224/224/224 110/110/110
f 225/225/225 110/110/110 309/309/309
f 226/226/226 225/225/225 115/115/115
f 223/223/223 226/226/226 136/136/136
f 225/225/225 226/226/226 176/176/176
f 857/857/857 860/860/860 845/845/845
f 625/625/625 599/599/599 889/889/889
f 331/331/331 332/332/332 61/61/61
f 232/232/232 281/281/281 335/335/335
f 815/815/815 840/840/840 821/821/821
f 396/396/396 517/517/517 626/626/626
f 455/455/455 390/390/390 329/329/329
f 865/865/865 1047/1047/1047 1056/1056/1056
f 335/335/335 464/464/464 182/182/182
f 279/279/279 331/331/331 277/277/277
f 333/333/333 69/69/69 70/70/70
f 233/233/233 232/232/232 283/283/283
f 283/283/283 232/232/232 182/182/182
f 397/397/397 336/336/336 65/65/65
f 326/326/326 394/394/394 72/72/72
f 627/627/627 626/626/626 568/568/568
f 342/342/342 38/38/38 291/291/291
f 672/672/672 671/671/671 668/668/668
f 442/442/442 503/503/503 381/381/381
f 689/689/689 897/897/897 685/685/685
f 1163/1163/1163 1165/1165/1165 1072/1072/1072
f 736/736/736 739/739/739 748/748/748
f 299/299/299 40/40/40 41/41/41
f 519/519/519 473/473/473 286/286/286
f 293/293/293 343/343/343 296/296/296
f 184/184/184 540/540/540 539/539/539
f 298/298/298 293/293/293 295/295/295
f 239/239/239 541/541/541 295/295/295
f 543/543/543 290/290/290 241/241/241
f 289/289/289 241/241/241 290/290/290
f 230/230/230 799/799/799 870/870/870
f 453/453/453 512/512/512 564/564/564
f 347/347/347 88/88/88 303/303/303
f 408/408/408 545/545/545 546/546/546
f 421/421/421 312/312/312 366/366/366
f 87/87/87 405/405/405 301/301/301
f 351/351/351 304/304/304 350/350/350
f 363/363/363 361/361/361 245/245/245
f 305/305/305 356/356/356 717/717/717
f 1019/1019/1019 1022/1022/1022 1020/1020/1020
f 307/307/307 19/19/19 20/20/20
f 199/199/199 247/247/247 193/193/193
f 308/308/308 20/20/20 21/21/21
f 487/487/487 363/363/363 488/488/488
f 225/225/225 249/249/249 115/115/115
f 195/195/195 249/249/249 194/194/194
f 196/196/196 250/250/250 91/91/91
f 253/253/253 250/250/250 195/195/195
f 251/251/251 309/309/309 252/252/252
f 253/253/253 251/251/251 191/191/191
f 224/224/224 311/311/311 110/110/110
f 309/309/309 364/364/364 252/252/252
f 251/251/251 253/253/253 195/195/195
f 312/312/312 253/253/253 191/191/191
f 149/149/149 313/313/313 120/120/120
f 434/434/434 113/113/113 433/433/433
f 121/121/121 705/705/705 431/431/431
f 113/113/113 254/254/254 255/255/255
f 725/725/725 113/113/113 430/430/430
f 170/170/170 171/171/171 257/257/257
f 112/112/112 178/178/178 258/258/258
f 258/258/258 178/178/178 170/170/170
f 319/319/319 256/256/256 432/432/432
f 260/260/260 261/261/261 375/375/375
f 197/197/197 259/259/259 119/119/119
f 256/256/256 257/257/257 259/259/259
f 653/653/653 661/661/661 663/663/663
f 320/320/320 214/214/214 112/112/112
f 258/258/258 257/257/257 319/319/319
f 261/261/261 260/260/260 373/373/373
f 17/17/17 262/262/262 16/16/16
f 199/199/199 153/153/153 262/262/262
f 904/904/904 263/263/263 203/203/203
f 714/714/714 114/114/114 911/911/911
f 166/166/166 204/204/204 264/264/264
f 204/204/204 263/263/263 316/316/316
f 597/597/597 265/265/265 111/111/111
f 209/209/209 265/265/265 208/208/208
f 267/267/267 266/266/266 268/268/268
f 267/267/267 217/217/217 219/219/219
f 213/213/213 267/267/267 219/219/219
f 266/266/266 321/321/321 268/268/268
f 322/322/322 207/207/207 117/117/117
f 267/267/267 268/268/268 322/322/322
f 269/269/269 212/212/212 703/703/703
f 215/215/215 269/269/269 213/213/213
f 144/144/144 220/220/220 270/270/270
f 218/218/218 270/270/270 220/220/220
f 380/380/380 323/323/323 379/379/379
f 789/789/789 794/794/794 440/440/440
f 842/842/842 854/854/854 797/797/797
f 435/435/435 323/323/323 380/380/380
f 331/331/331 61/61/61 62/62/62
f 182/182/182 464/464/464 606/606/606
f 326/326/326 450/450/450 449/449/449
f 395/395/395 463/463/463 234/234/234
f 511/511/511 560/560/560 801/801/801
f 454/454/454 560/560/560 562/562/562
f 391/391/391 79/79/79 80/80/80
f 798/798/798 514/514/514 564/564/564
f 330/330/330 63/63/63 64/64/64
f 277/277/277 231/231/231 279/279/279
f 283/283/283 285/285/285 233/233/233
f 284/284/284 278/278/278 283/283/283
f 818/818/818 820/820/820 835/835/835
f 61/61/61 332/332/332 60/60/60
f 280/280/280 69/69/69 333/333/333
f 233/233/233 280/280/280 232/232/232
f 334/334/334 70/70/70 71/71/71
f 232/232/232 335/335/335 182/182/182
f 280/280/280 282/282/282 68/68/68
f 282/282/282 233/233/233 397/397/397
f 284/284/284 283/283/283 182/182/182
f 285/285/285 283/283/283 278/278/278
f 606/606/606 284/284/284 182/182/182
f 231/231/231 278/278/278 284/284/284
f 330/330/330 285/285/285 278/278/278
f 65/65/65 336/336/336 64/64/64
f 530/530/530 474/474/474 342/342/342
f 608/608/608 633/633/633 580/580/580
f 576/576/576 580/580/580 632/632/632
f 359/359/359 360/360/360 306/306/306
f 443/443/443 445/445/445 52/52/52
f 534/534/534 344/344/344 532/532/532
f 289/289/289 40/40/40 299/299/299
f 238/238/238 291/291/291 292/292/292
f 544/544/544 543/543/543 185/185/185
f 238/238/238 289/289/289 290/290/290
f 291/291/291 587/587/587 472/472/472
f 38/38/38 342/342/342 37/37/37
f 238/238/238 292/292/292 289/289/289
f 38/38/38 292/292/292 291/291/291
f 343/343/343 47/47/47 48/48/48
f 295/295/295 293/293/293 239/239/239
f 344/344/344 48/48/48 49/49/49
f 535/535/535 532/532/532 475/475/475
f 542/542/542 239/239/239 539/539/539
f 298/298/298 295/295/295 240/240/240
f 343/343/343 293/293/293 47/47/47
f 534/534/534 538/538/538 294/294/294
f 298/298/298 297/297/297 45/45/45
f 297/297/297 240/240/240 544/544/544
f 293/293/293 298/298/298 46/46/46
f 297/297/297 298/298/298 240/240/240
f 188/188/188 299/299/299 41/41/41
f 289/289/289 299/299/299 241/241/241
f 406/406/406 409/409/409 83/83/83
f 647/647/647 329/329/329 392/392/392
f 347/347/347 405/405/405 88/88/88
f 410/410/410 786/786/786 349/349/349
f 349/349/349 783/783/783 477/477/477
f 780/780/780 782/782/782 783/783/783
f 253/253/253 303/303/303 89/89/89
f 244/244/244 421/421/421 347/347/347
f 351/351/351 22/22/22 23/23/23
f 304/304/304 361/361/361 308/308/308
f 482/482/482 355/355/355 354/354/354
f 412/412/412 304/304/304 351/351/351
f 360/360/360 357/357/357 416/416/416
f 358/358/358 416/416/416 417/417/417
f 308/308/308 307/307/307 20/20/20
f 247/247/247 307/307/307 248/248/248
f 350/350/350 308/308/308 21/21/21
f 361/361/361 304/304/304 245/245/245
f 225/225/225 309/309/309 194/194/194
f 364/364/364 309/309/309 110/110/110
f 497/497/497 493/493/493 554/554/554
f 368/368/368 252/252/252 367/367/367
f 224/224/224 167/167/167 311/311/311
f 594/594/594 423/423/423 369/369/369
f 252/252/252 368/368/368 191/191/191
f 244/244/244 253/253/253 312/312/312
f 132/132/132 313/313/313 149/149/149
f 254/254/254 313/313/313 255/255/255
f 315/315/315 714/714/714 715/715/715
f 319/319/319 432/432/432 318/318/318
f 316/316/316 264/264/264 204/204/204
f 315/315/315 316/316/316 714/714/714
f 114/114/114 316/316/316 263/263/263
f 264/264/264 316/316/316 315/315/315
f 696/696/696 700/700/700 895/895/895
f 423/423/423 594/594/594 108/108/108
f 374/374/374 432/432/432 433/433/433
f 261/261/261 318/318/318 375/375/375
f 256/256/256 319/319/319 257/257/257
f 261/261/261 319/319/319 318/318/318
f 373/373/373 320/320/320 261/261/261
f 372/372/372 320/320/320 317/317/317
f 268/268/268 321/321/321 207/207/207
f 698/698/698 321/321/321 266/266/266
f 218/218/218 322/322/322 117/117/117
f 267/267/267 322/322/322 217/217/217
f 380/380/380 56/56/56 57/57/57
f 439/439/439 381/381/381 323/323/323
f 440/440/440 324/324/324 441/441/441
f 53/53/53 443/443/443 52/52/52
f 507/507/507 448/448/448 384/384/384
f 438/438/438 325/325/325 502/502/502
f 449/449/449 450/450/450 385/385/385
f 334/334/334 394/394/394 463/463/463
f 452/452/452 386/386/386 76/76/76
f 385/385/385 454/454/454 562/562/562
f 509/509/509 508/508/508 453/453/453
f 386/386/386 387/387/387 327/327/327
f 459/459/459 345/345/345 392/392/392
f 460/460/460 300/300/300 646/646/646
f 330/330/330 64/64/64 336/336/336
f 277/277/277 330/330/330 278/278/278
f 277/277/277 331/331/331 62/62/62
f 332/332/332 331/331/331 279/279/279
f 279/279/279 393/393/393 332/332/332
f 393/393/393 448/448/448 332/332/332
f 334/334/334 333/333/333 70/70/70
f 280/280/280 333/333/333 281/281/281
f 71/71/71 72/72/72 394/394/394
f 395/395/395 334/334/334 463/463/463
f 395/395/395 335/335/335 281/281/281
f 465/465/465 396/396/396 464/464/464
f 397/397/397 65/65/65 181/181/181
f 330/330/330 336/336/336 285/285/285
f 474/474/474 36/36/36 37/37/37
f 398/398/398 467/467/467 521/521/521
f 521/521/521 338/338/338 398/398/398
f 575/575/575 579/579/579 578/578/578
f 526/526/526 585/585/585 586/586/586
f 650/650/650 550/550/550 551/551/551
f 340/340/340 583/583/583 585/585/585
f 527/527/527 399/399/399 469/469/469
f 52/52/52 445/445/445 506/506/506
f 403/403/403 344/344/344 49/49/49
f 472/472/472 342/342/342 291/291/291
f 473/473/473 337/337/337 474/474/474
f 344/344/344 343/343/343 48/48/48
f 296/296/296 343/343/343 294/294/294
f 49/49/49 50/50/50 403/403/403
f 403/403/403 475/475/475 532/532/532
f 83/83/83 409/409/409 481/481/481
f 647/647/647 460/460/460 617/617/617
f 191/191/191 366/366/366 312/312/312
f 410/410/410 404/404/404 243/243/243
f 244/244/244 347/347/347 303/303/303
f 404/404/404 405/405/405 346/346/346
f 348/348/348 545/545/545 408/408/408
f 479/479/479 300/300/300 460/460/460
f 411/411/411 477/477/477 407/407/407
f 86/86/86 411/411/411 85/85/85
f 351/351/351 350/350/350 22/22/22
f 308/308/308 350/350/350 304/304/304
f 352/352/352 351/351/351 23/23/23
f 355/355/355 412/412/412 354/354/354
f 24/24/24 25/25/25 413/413/413
f 352/352/352 356/356/356 354/354/354
f 354/354/354 356/356/356 305/305/305
f 413/413/413 356/356/356 352/352/352
f 305/305/305 482/482/482 354/354/354
f 351/351/351 352/352/352 354/354/354
f 717/717/717 719/719/719 305/305/305
f 486/486/486 418/418/418 485/485/485
f 413/413/413 352/352/352 24/24/24
f 717/717/717 356/356/356 353/353/353
f 416/416/416 26/26/26 27/27/27
f 357/357/357 360/360/360 359/359/359
f 417/417/417 27/27/27 28/28/28
f 358/358/358 484/484/484 591/591/591
f 717/717/717 359/359/359 306/306/306
f 359/359/359 353/353/353 413/413/413
f 416/416/416 357/357/357 26/26/26
f 360/360/360 358/358/358 591/591/591
f 907/907/907 722/722/722 904/904/904
f 308/308/308 361/361/361 487/487/487
f 724/724/724 362/362/362 418/418/418
f 490/490/490 123/123/123 202/202/202
f 485/485/485 418/418/418 363/363/363
f 363/363/363 362/362/362 488/488/488
f 311/311/311 364/364/364 110/110/110
f 494/494/494 367/367/367 364/364/364
f 310/310/310 427/427/427 423/423/423
f 421/421/421 422/422/422 346/346/346
f 368/368/368 493/493/493 366/366/366
f 347/347/347 421/421/421 346/346/346
f 494/494/494 364/364/364 310/310/310
f 367/367/367 365/365/365 368/368/368
f 493/493/493 368/368/368 365/365/365
f 366/366/366 191/191/191 368/368/368
f 167/167/167 428/428/428 311/311/311
f 427/427/427 428/428/428 369/369/369
f 165/165/165 370/370/370 132/132/132
f 255/255/255 370/370/370 121/121/121
f 431/431/431 255/255/255 121/121/121
f 109/109/109 726/726/726 377/377/377
f 320/320/320 372/372/372 214/214/214
f 890/890/890 372/372/372 317/317/317
f 939/939/939 892/892/892 260/260/260
f 320/320/320 373/373/373 317/317/317
f 715/715/715 949/949/949 314/314/314
f 727/727/727 376/376/376 726/726/726
f 376/376/376 318/318/318 432/432/432
f 375/375/375 318/318/318 376/376/376
f 378/378/378 376/376/376 374/374/374
f 378/378/378 726/726/726 376/376/376
f 378/378/378 374/374/374 947/947/947
f 314/314/314 949/949/949 946/946/946
f 947/947/947 374/374/374 725/725/725
f 726/726/726 378/378/378 377/377/377
f 380/380/380 379/379/379 56/56/56
f 381/381/381 379/379/379 323/323/323
f 58/58/58 438/438/438 57/57/57
f 271/271/271 323/323/323 435/435/435
f 439/439/439 323/323/323 271/271/271
f 442/442/442 441/441/441 324/324/324
f 382/382/382 557/557/557 444/444/444
f 504/504/504 288/288/288 475/475/475
f 447/447/447 383/383/383 59/59/59
f 438/438/438 383/383/383 325/325/325
f 502/502/502 446/446/446 272/272/272
f 325/325/325 383/383/383 447/447/447
f 451/451/451 75/75/75 388/388/388
f 388/388/388 327/327/327 510/510/510
f 452/452/452 76/76/76 77/77/77
f 388/388/388 386/386/386 327/327/327
f 387/387/387 452/452/452 389/389/389
f 508/508/508 387/387/387 512/512/512
f 509/509/509 454/454/454 510/510/510
f 450/450/450 451/451/451 385/385/385
f 458/458/458 78/78/78 79/79/79
f 387/387/387 389/389/389 328/328/328
f 328/328/328 389/389/389 390/390/390
f 389/389/389 78/78/78 458/458/458
f 80/80/80 81/81/81 459/459/459
f 390/390/390 391/391/391 329/329/329
f 460/460/460 345/345/345 479/479/479
f 329/329/329 391/391/391 392/392/392
f 231/231/231 629/629/629 630/630/630
f 448/448/448 393/393/393 273/273/273
f 326/326/326 274/274/274 461/461/461
f 463/463/463 394/394/394 518/518/518
f 395/395/395 234/234/234 465/465/465
f 281/281/281 334/334/334 395/395/395
f 565/565/565 234/234/234 463/463/463
f 606/606/606 628/628/628 605/605/605
f 282/282/282 397/397/397 181/181/181
f 285/285/285 397/397/397 233/233/233
f 34/34/34 35/35/35 467/467/467
f 398/398/398 338/338/338 523/523/523
f 471/471/471 470/470/470 30/30/30
f 417/417/417 484/484/484 358/358/358
f 32/32/32 522/522/522 524/524/524
f 400/400/400 525/525/525 470/470/470
f 587/587/587 1030/1030/1030 472/472/472
f 570/570/570 572/572/572 235/235/235
f 529/529/529 530/530/530 472/472/472
f 570/570/570 473/473/473 402/402/402
f 504/504/504 475/475/475 341/341/341
f 403/403/403 532/532/532 344/344/344
f 405/405/405 404/404/404 301/301/301
f 422/422/422 404/404/404 346/346/346
f 88/88/88 405/405/405 87/87/87
f 346/346/346 405/405/405 347/347/347
f 406/406/406 84/84/84 476/476/476
f 409/409/409 348/348/348 408/408/408
f 476/476/476 411/411/411 407/407/407
f 478/478/478 407/407/407 477/477/477
f 345/345/345 82/82/82 481/481/481
f 785/785/785 545/545/545 478/478/478
f 348/348/348 409/409/409 406/406/406
f 479/479/479 481/481/481 408/408/408
f 410/410/410 243/243/243 786/786/786
f 411/411/411 410/410/410 349/349/349
f 301/301/301 411/411/411 86/86/86
f 411/411/411 349/349/349 477/477/477
f 354/354/354 412/412/412 351/351/351
f 483/483/483 412/412/412 355/355/355
f 413/413/413 25/25/25 357/357/357
f 356/356/356 413/413/413 353/353/353
f 756/756/756 732/732/732 754/754/754
f 415/415/415 483/483/483 730/730/730
f 412/412/412 483/483/483 245/245/245
f 355/355/355 482/482/482 730/730/730
f 417/417/417 416/416/416 27/27/27
f 360/360/360 416/416/416 358/358/358
f 469/469/469 417/417/417 28/28/28
f 484/484/484 417/417/417 547/547/547
f 362/362/362 363/363/363 418/418/418
f 363/363/363 245/245/245 485/485/485
f 362/362/362 489/489/489 491/491/491
f 247/247/247 492/492/492 193/193/193
f 494/494/494 365/365/365 367/367/367
f 420/420/420 553/553/553 777/777/777
f 312/312/312 421/421/421 244/244/244
f 366/366/366 493/493/493 422/422/422
f 777/777/777 422/422/422 420/420/420
f 404/404/404 422/422/422 243/243/243
f 108/108/108 426/426/426 498/498/498
f 423/423/423 498/498/498 310/310/310
f 598/598/598 664/664/664 555/555/555
f 621/621/621 622/622/622 651/651/651
f 495/495/495 498/498/498 426/426/426
f 498/498/498 495/495/495 425/425/425
f 678/678/678 662/662/662 108/108/108
f 660/660/660 495/495/495 426/426/426
f 428/428/428 427/427/427 311/311/311
f 423/423/423 427/427/427 369/369/369
f 175/175/175 429/429/429 499/499/499
f 429/429/429 597/597/597 556/556/556
f 116/116/116 500/500/500 429/429/429
f 697/697/697 556/556/556 597/597/597
f 431/431/431 430/430/430 255/255/255
f 725/725/725 430/430/430 371/371/371
f 133/133/133 708/708/708 165/165/165
f 710/710/710 711/711/711 712/712/712
f 433/433/433 432/432/432 256/256/256
f 376/376/376 432/432/432 374/374/374
f 434/434/434 433/433/433 256/256/256
f 433/433/433 113/113/113 725/725/725
f 259/259/259 434/434/434 256/256/256
f 254/254/254 434/434/434 197/197/197
f 438/438/438 436/436/436 437/437/437
f 437/437/437 435/435/435 380/380/380
f 842/842/842 841/841/841 787/787/787
f 791/791/791 437/437/437 436/436/436
f 57/57/57 438/438/438 380/380/380
f 791/791/791 436/436/436 790/790/790
f 438/438/438 437/437/437 380/380/380
f 383/383/383 438/438/438 58/58/58
f 439/439/439 271/271/271 789/789/789
f 324/324/324 558/558/558 442/442/442
f 788/788/788 794/794/794 789/789/789
f 599/599/599 505/505/505 665/665/665
f 381/381/381 439/439/439 441/441/441
f 440/440/440 441/441/441 439/439/439
f 443/443/443 442/442/442 382/382/382
f 54/54/54 503/503/503 53/53/53
f 443/443/443 53/53/53 503/503/503
f 445/445/445 382/382/382 444/444/444
f 341/341/341 51/51/51 506/506/506
f 505/505/505 557/557/557 558/558/558
f 382/382/382 445/445/445 443/443/443
f 504/504/504 506/506/506 444/444/444
f 447/447/447 446/446/446 325/325/325
f 855/855/855 384/384/384 728/728/728
f 60/60/60 447/447/447 59/59/59
f 446/446/446 447/447/447 384/384/384
f 448/448/448 273/273/273 817/817/817
f 507/507/507 384/384/384 447/447/447
f 450/450/450 326/326/326 73/73/73
f 561/561/561 449/449/449 385/385/385
f 73/73/73 74/74/74 450/450/450
f 451/451/451 450/450/450 74/74/74
f 75/75/75 451/451/451 74/74/74
f 385/385/385 451/451/451 388/388/388
f 389/389/389 452/452/452 77/77/77
f 386/386/386 452/452/452 387/387/387
f 512/512/512 456/456/456 457/457/457
f 457/457/457 564/564/564 512/512/512
f 454/454/454 275/275/275 560/560/560
f 388/388/388 510/510/510 385/385/385
f 647/647/647 618/618/618 329/329/329
f 456/456/456 455/455/455 276/276/276
f 456/456/456 276/276/276 457/457/457
f 390/390/390 456/456/456 328/328/328
f 563/563/563 457/457/457 276/276/276
f 564/564/564 275/275/275 453/453/453
f 391/391/391 458/458/458 79/79/79
f 389/389/389 458/458/458 390/390/390
f 345/345/345 459/459/459 81/81/81
f 391/391/391 459/459/459 392/392/392
f 617/617/617 646/646/646 645/645/645
f 392/392/392 345/345/345 460/460/460
f 274/274/274 462/462/462 518/518/518
f 394/394/394 326/326/326 461/461/461
f 274/274/274 515/515/515 462/462/462
f 517/517/517 396/396/396 465/465/465
f 518/518/518 394/394/394 461/461/461
f 463/463/463 518/518/518 565/565/565
f 465/465/465 464/464/464 335/335/335
f 396/396/396 628/628/628 606/606/606
f 395/395/395 465/465/465 335/335/335
f 565/565/565 517/517/517 234/234/234
f 467/467/467 466/466/466 34/34/34
f 522/522/522 466/466/466 398/398/398
f 473/473/473 519/519/519 337/337/337
f 521/521/521 467/467/467 574/574/574
f 578/578/578 340/340/340 575/575/575
f 575/575/575 400/400/400 524/524/524
f 29/29/29 30/30/30 470/470/470
f 469/469/469 399/399/399 547/547/547
f 525/525/525 400/400/400 340/340/340
f 469/469/469 470/470/470 527/527/527
f 524/524/524 471/471/471 31/31/31
f 470/470/470 471/471/471 400/400/400
f 238/238/238 528/528/528 587/587/587
f 529/529/529 472/472/472 401/401/401
f 474/474/474 337/337/337 36/36/36
f 570/570/570 402/402/402 529/529/529
f 342/342/342 474/474/474 37/37/37
f 473/473/473 474/474/474 402/402/402
f 533/533/533 531/531/531 532/532/532
f 403/403/403 341/341/341 475/475/475
f 411/411/411 476/476/476 85/85/85
f 406/406/406 476/476/476 407/407/407
f 783/783/783 349/349/349 716/716/716
f 478/478/478 477/477/477 302/302/302
f 478/478/478 302/302/302 785/785/785
f 348/348/348 407/407/407 478/478/478
f 481/481/481 479/479/479 345/345/345
f 546/546/546 479/479/479 408/408/408
f 780/780/780 716/716/716 778/778/778
f 300/300/300 479/479/479 546/546/546
f 83/83/83 481/481/481 82/82/82
f 408/408/408 481/481/481 409/409/409
f 719/719/719 482/482/482 305/305/305
f 730/730/730 482/482/482 414/414/414
f 730/730/730 483/483/483 355/355/355
f 485/485/485 483/483/483 415/415/415
f 548/548/548 484/484/484 547/547/547
f 717/717/717 306/306/306 718/718/718
f 483/483/483 485/485/485 245/245/245
f 486/486/486 485/485/485 415/415/415
f 486/486/486 415/415/415 734/734/734
f 192/192/192 418/418/418 486/486/486
f 308/308/308 487/487/487 248/248/248
f 363/363/363 487/487/487 361/361/361
f 491/491/491 488/488/488 362/362/362
f 487/487/487 488/488/488 419/419/419
f 906/906/906 905/905/905 489/489/489
f 205/205/205 489/489/489 203/203/203
f 202/202/202 193/193/193 490/490/490
f 193/193/193 492/492/492 491/491/491
f 489/489/489 490/490/490 491/491/491
f 193/193/193 491/491/491 490/490/490
f 487/487/487 492/492/492 248/248/248
f 491/491/491 492/492/492 419/419/419
f 493/493/493 365/365/365 554/554/554
f 422/422/422 493/493/493 420/420/420
f 498/498/498 494/494/494 310/310/310
f 494/494/494 425/425/425 554/554/554
f 496/496/496 495/495/495 424/424/424
f 497/497/497 420/420/420 493/493/493
f 621/621/621 496/496/496 424/424/424
f 496/496/496 651/651/651 553/553/553
f 425/425/425 495/495/495 497/497/497
f 496/496/496 497/497/497 495/495/495
f 498/498/498 425/425/425 494/494/494
f 108/108/108 498/498/498 423/423/423
f 175/175/175 499/499/499 167/167/167
f 556/556/556 499/499/499 429/429/429
f 500/500/500 116/116/116 156/156/156
f 597/597/597 500/500/500 208/208/208
f 679/679/679 686/686/686 699/699/699
f 931/931/931 925/925/925 934/934/934
f 797/797/797 502/502/502 272/272/272
f 436/436/436 438/438/438 502/502/502
f 381/381/381 503/503/503 54/54/54
f 443/443/443 503/503/503 442/442/442
f 506/506/506 504/504/504 341/341/341
f 559/559/559 504/504/504 444/444/444
f 859/859/859 1071/1071/1071 440/440/440
f 288/288/288 504/504/504 559/559/559
f 52/52/52 506/506/506 51/51/51
f 444/444/444 506/506/506 445/445/445
f 448/448/448 507/507/507 332/332/332
f 447/447/447 60/60/60 507/507/507
f 512/512/512 387/387/387 328/328/328
f 509/509/509 453/453/453 275/275/275
f 454/454/454 509/509/509 275/275/275
f 327/327/327 508/508/508 509/509/509
f 509/509/509 510/510/510 327/327/327
f 385/385/385 510/510/510 454/454/454
f 275/275/275 514/514/514 1029/1029/1029
f 838/838/838 1065/1065/1065 852/852/852
f 508/508/508 512/512/512 453/453/453
f 456/456/456 512/512/512 328/328/328
f 455/455/455 329/329/329 618/618/618
f 1047/1047/1047 871/871/871 867/867/867
f 457/457/457 563/563/563 798/798/798
f 1062/1062/1062 1061/1061/1061 514/514/514
f 561/561/561 602/602/602 449/449/449
f 566/566/566 516/516/516 565/565/565
f 566/566/566 462/462/462 515/515/515
f 566/566/566 568/568/568 516/516/516
f 234/234/234 517/517/517 465/465/465
f 626/626/626 517/517/517 516/516/516
f 274/274/274 518/518/518 461/461/461
f 565/565/565 518/518/518 462/462/462
f 286/286/286 520/520/520 574/574/574
f 467/467/467 337/337/337 519/519/519
f 286/286/286 569/569/569 520/520/520
f 676/676/676 675/675/675 634/634/634
f 574/574/574 467/467/467 519/519/519
f 521/521/521 574/574/574 633/633/633
f 522/522/522 33/33/33 466/466/466
f 524/524/524 522/522/522 468/468/468
f 577/577/577 576/576/576 579/579/579
f 522/522/522 523/523/523 468/468/468
f 575/575/575 524/524/524 468/468/468
f 471/471/471 524/524/524 400/400/400
f 526/526/526 525/525/525 340/340/340
f 470/470/470 525/525/525 527/527/527
f 584/584/584 581/581/581 287/287/287
f 586/586/586 549/549/549 526/526/526
f 525/525/525 526/526/526 527/527/527
f 527/527/527 526/526/526 549/549/549
f 802/802/802 238/238/238 540/540/540
f 810/810/810 184/184/184 807/807/807
f 529/529/529 401/401/401 570/570/570
f 530/530/530 529/529/529 402/402/402
f 474/474/474 530/530/530 402/402/402
f 342/342/342 472/472/472 530/530/530
f 804/804/804 531/531/531 612/612/612
f 296/296/296 537/537/537 239/239/239
f 288/288/288 600/600/600 535/535/535
f 532/532/532 531/531/531 534/534/534
f 600/600/600 288/288/288 559/559/559
f 613/613/613 588/588/588 612/612/612
f 538/538/538 534/534/534 805/805/805
f 344/344/344 534/534/534 294/294/294
f 288/288/288 535/535/535 475/475/475
f 533/533/533 532/532/532 535/535/535
f 531/531/531 533/533/533 612/612/612
f 536/536/536 539/539/539 537/537/537
f 294/294/294 537/537/537 296/296/296
f 536/536/536 807/807/807 539/539/539
f 805/805/805 534/534/534 531/531/531
f 536/536/536 537/537/537 538/538/538
f 184/184/184 802/802/802 540/540/540
f 239/239/239 537/537/537 539/539/539
f 238/238/238 290/290/290 543/543/543
f 539/539/539 540/540/540 542/542/542
f 543/543/543 541/541/541 540/540/540
f 544/544/544 541/541/541 543/543/543
f 540/540/540 541/541/541 542/542/542
f 239/239/239 542/542/542 541/541/541
f 543/543/543 540/540/540 238/238/238
f 185/185/185 543/543/543 241/241/241
f 297/297/297 544/544/544 185/185/185
f 240/240/240 541/541/541 544/544/544
f 478/478/478 545/545/545 348/348/348
f 545/545/545 480/480/480 546/546/546
f 614/614/614 546/546/546 480/480/480
f 614/614/614 615/615/615 546/546/546
f 469/469/469 547/547/547 417/417/417
f 548/548/548 547/547/547 399/399/399
f 399/399/399 527/527/527 549/549/549
f 339/339/339 641/641/641 548/548/548
f 339/339/339 548/548/548 549/549/549
f 549/549/549 548/548/548 399/399/399
f 551/551/551 484/484/484 548/548/548
f 551/551/551 550/550/550 591/591/591
f 636/636/636 637/637/637 586/586/586
f 644/644/644 640/640/640 619/619/619
f 661/661/661 653/653/653 660/660/660
f 615/615/615 1042/1042/1042 1034/1034/1034
f 777/777/777 553/553/553 190/190/190
f 497/497/497 553/553/553 420/420/420
f 494/494/494 554/554/554 365/365/365
f 425/425/425 497/497/497 554/554/554
f 428/428/428 595/595/595 369/369/369
f 702/702/702 700/700/700 701/701/701
f 429/429/429 500/500/500 597/597/597
f 598/598/598 556/556/556 501/501/501
f 558/558/558 557/557/557 382/382/382
f 557/557/557 505/505/505 559/559/559
f 442/442/442 558/558/558 382/382/382
f 324/324/324 1071/1071/1071 558/558/558
f 599/599/599 559/559/559 505/505/505
f 600/600/600 533/533/533 535/535/535
f 275/275/275 1029/1029/1029 801/801/801
f 511/511/511 561/561/561 562/562/562
f 515/515/515 601/601/601 229/229/229
f 274/274/274 602/602/602 515/515/515
f 511/511/511 562/562/562 560/560/560
f 385/385/385 562/562/562 561/561/561
f 649/649/649 563/563/563 276/276/276
f 798/798/798 563/563/563 513/513/513
f 798/798/798 564/564/564 457/457/457
f 275/275/275 564/564/564 514/514/514
f 566/566/566 565/565/565 462/462/462
f 517/517/517 565/565/565 516/516/516
f 515/515/515 229/229/229 566/566/566
f 814/814/814 821/821/821 816/816/816
f 603/603/603 568/568/568 566/566/566
f 840/840/840 847/847/847 825/825/825
f 603/603/603 566/566/566 229/229/229
f 568/568/568 567/567/567 627/627/627
f 473/473/473 570/570/570 286/286/286
f 634/634/634 609/609/609 633/633/633
f 570/570/570 401/401/401 572/572/572
f 286/286/286 570/570/570 569/569/569
f 1032/1032/1032 1030/1030/1030 803/803/803
f 536/536/536 805/805/805 804/804/804
f 401/401/401 1030/1030/1030 1032/1032/1032
f 235/235/235 572/572/572 571/571/571
f 573/573/573 609/609/609 675/675/675
f 666/666/666 667/667/667 656/656/656
f 286/286/286 574/574/574 519/519/519
f 633/633/633 574/574/574 520/520/520
f 577/577/577 579/579/579 468/468/468
f 400/400/400 575/575/575 340/340/340
f 577/577/577 468/468/468 523/523/523
f 577/577/577 580/580/580 576/576/576
f 338/338/338 608/608/608 523/523/523
f 580/580/580 573/573/573 607/607/607
f 576/576/576 581/581/581 578/578/578
f 578/578/578 581/581/581 583/583/583
f 578/578/578 579/579/579 576/576/576
f 468/468/468 579/579/579 575/575/575
f 523/523/523 608/608/608 577/577/577
f 633/633/633 608/608/608 338/338/338
f 581/581/581 576/576/576 632/632/632
f 584/584/584 583/583/583 581/581/581
f 642/642/642 620/620/620 658/658/658
f 586/586/586 339/339/339 549/549/549
f 585/585/585 583/583/583 582/582/582
f 340/340/340 578/578/578 583/583/583
f 287/287/287 670/670/670 584/584/584
f 582/582/582 583/583/583 584/584/584
f 585/585/585 582/582/582 586/586/586
f 340/340/340 585/585/585 526/526/526
f 582/582/582 611/611/611 635/635/635
f 644/644/644 551/551/551 641/641/641
f 238/238/238 587/587/587 291/291/291
f 587/587/587 528/528/528 1030/1030/1030
f 888/888/888 1076/1076/1076 1104/1104/1104
f 1032/1032/1032 572/572/572 401/401/401
f 780/780/780 781/781/781 1025/1025/1025
f 1048/1048/1048 1046/1046/1046 867/867/867
f 242/242/242 645/645/645 590/590/590
f 300/300/300 546/546/546 590/590/590
f 551/551/551 591/591/591 484/484/484
f 591/591/591 550/550/550 720/720/720
f 968/968/968 971/971/971 1142/1142/1142
f 1022/1022/1022 754/754/754 1020/1020/1020
f 424/424/424 495/495/495 660/660/660
f 622/622/622 190/190/190 651/651/651
f 595/595/595 594/594/594 369/369/369
f 594/594/594 555/555/555 678/678/678
f 556/556/556 595/595/595 428/428/428
f 594/594/594 595/595/595 555/555/555
f 911/911/911 913/913/913 914/914/914
f 875/875/875 879/879/879 876/876/876
f 265/265/265 597/597/597 208/208/208
f 111/111/111 695/695/695 697/697/697
f 664/664/664 598/598/598 501/501/501
f 595/595/595 598/598/598 555/555/555
f 857/857/857 858/858/858 792/792/792
f 862/862/862 1073/1073/1073 655/655/655
f 625/625/625 559/559/559 599/599/599
f 600/600/600 625/625/625 613/613/613
f 511/511/511 850/850/850 561/561/561
f 601/601/601 561/561/561 850/850/850
f 449/449/449 602/602/602 274/274/274
f 601/601/601 602/602/602 561/561/561
f 824/824/824 603/603/603 229/229/229
f 568/568/568 603/603/603 839/839/839
f 627/627/627 814/814/814 835/835/835
f 630/630/630 819/819/819 393/393/393
f 630/630/630 393/393/393 279/279/279
f 606/606/606 629/629/629 284/284/284
f 396/396/396 606/606/606 464/464/464
f 629/629/629 606/606/606 605/605/605
f 680/680/680 681/681/681 688/688/688
f 607/607/607 287/287/287 581/581/581
f 338/338/338 521/521/521 633/633/633
f 580/580/580 577/577/577 608/608/608
f 520/520/520 569/569/569 634/634/634
f 573/573/573 580/580/580 609/609/609
f 582/582/582 584/584/584 670/670/670
f 635/635/635 586/586/586 582/582/582
f 666/666/666 287/287/287 607/607/607
f 666/666/666 668/668/668 670/670/670
f 613/613/613 612/612/612 533/533/533
f 804/804/804 612/612/612 588/588/588
f 600/600/600 613/613/613 533/533/533
f 613/613/613 236/236/236 1105/1105/1105
f 784/784/784 614/614/614 480/480/480
f 614/614/614 589/589/589 615/615/615
f 242/242/242 590/590/590 615/615/615
f 615/615/615 590/590/590 546/546/546
f 869/869/869 616/616/616 645/645/645
f 649/649/649 276/276/276 618/618/618
f 590/590/590 646/646/646 300/300/300
f 276/276/276 455/455/455 618/618/618
f 617/617/617 648/648/648 618/618/618
f 618/618/618 648/648/648 649/649/649
f 339/339/339 586/586/586 637/637/637
f 754/754/754 1022/1022/1022 753/753/753
f 637/637/637 636/636/636 620/620/620
f 610/610/610 693/693/693 638/638/638
f 877/877/877 621/621/621 424/424/424
f 621/621/621 593/593/593 622/622/622
f 652/652/652 659/659/659 873/873/873
f 622/622/622 593/593/593 659/659/659
f 772/772/772 775/775/775 773/773/773
f 883/883/883 880/880/880 882/882/882
f 793/793/793 829/829/829 227/227/227
f 1074/1074/1074 1073/1073/1073 1076/1076/1076
f 613/613/613 625/625/625 236/236/236
f 559/559/559 625/625/625 600/600/600
f 568/568/568 626/626/626 516/516/516
f 628/628/628 626/626/626 604/604/604
f 627/627/627 567/567/567 822/822/822
f 626/626/626 627/627/627 604/604/604
f 626/626/626 628/628/628 396/396/396
f 628/628/628 604/604/604 820/820/820
f 630/630/630 629/629/629 605/605/605
f 284/284/284 629/629/629 231/231/231
f 605/605/605 819/819/819 630/630/630
f 231/231/231 630/630/630 279/279/279
f 1220/1220/1220 1238/1238/1238 1139/1139/1139
f 668/668/668 671/671/671 611/611/611
f 580/580/580 607/607/607 632/632/632
f 581/581/581 632/632/632 607/607/607
f 634/634/634 633/633/633 520/520/520
f 633/633/633 609/609/609 580/580/580
f 235/235/235 676/676/676 569/569/569
f 569/569/569 676/676/676 634/634/634
f 683/683/683 635/635/635 611/611/611
f 872/872/872 636/636/636 638/638/638
f 586/586/586 635/635/635 636/636/636
f 638/638/638 636/636/636 635/635/635
f 637/637/637 620/620/620 640/640/640
f 548/548/548 641/641/641 551/551/551
f 635/635/635 610/610/610 638/638/638
f 872/872/872 693/693/693 639/639/639
f 592/592/592 643/643/643 642/642/642
f 872/872/872 639/639/639 658/658/658
f 642/642/642 640/640/640 620/620/620
f 643/643/643 640/640/640 642/642/642
f 339/339/339 637/637/637 641/641/641
f 644/644/644 637/637/637 640/640/640
f 750/750/750 746/746/746 749/749/749
f 750/750/750 953/953/953 743/743/743
f 592/592/592 1022/1022/1022 1023/1023/1023
f 619/619/619 640/640/640 643/643/643
f 644/644/644 619/619/619 650/650/650
f 637/637/637 644/644/644 641/641/641
f 1151/1151/1151 871/871/871 865/865/865
f 645/645/645 616/616/616 648/648/648
f 645/645/645 646/646/646 590/590/590
f 460/460/460 646/646/646 617/617/617
f 460/460/460 647/647/647 392/392/392
f 618/618/618 647/647/647 617/617/617
f 645/645/645 648/648/648 617/617/617
f 649/649/649 648/648/648 616/616/616
f 868/868/868 871/871/871 870/870/870
f 649/649/649 513/513/513 563/563/563
f 644/644/644 650/650/650 551/551/551
f 650/650/650 619/619/619 1021/1021/1021
f 553/553/553 651/651/651 190/190/190
f 621/621/621 651/651/651 496/496/496
f 1038/1038/1038 1039/1039/1039 1001/1001/1001
f 782/782/782 302/302/302 783/783/783
f 661/661/661 426/426/426 108/108/108
f 995/995/995 972/972/972 994/994/994
f 678/678/678 654/654/654 662/662/662
f 1006/1006/1006 623/623/623 1010/1010/1010
f 863/863/863 858/858/858 655/655/655
f 1077/1077/1077 1073/1073/1073 1078/1078/1078
f 607/607/607 667/667/667 666/666/666
f 668/668/668 656/656/656 672/672/672
f 657/657/657 687/687/687 681/681/681
f 674/674/674 631/631/631 673/673/673
f 872/872/872 658/658/658 620/620/620
f 951/951/951 639/639/639 237/237/237
f 873/873/873 659/659/659 593/593/593
f 659/659/659 652/652/652 1026/1026/1026
f 661/661/661 660/660/660 426/426/426
f 660/660/660 653/653/653 882/882/882
f 108/108/108 662/662/662 661/661/661
f 663/663/663 623/623/623 883/883/883
f 108/108/108 594/594/594 678/678/678
f 663/663/663 662/662/662 654/654/654
f 662/662/662 663/663/663 661/661/661
f 1010/1010/1010 654/654/654 1009/1009/1009
f 686/686/686 694/694/694 695/695/695
f 501/501/501 694/694/694 664/664/664
f 863/863/863 665/665/665 505/505/505
f 665/665/665 655/655/655 1074/1074/1074
f 667/667/667 607/607/607 573/573/573
f 668/668/668 666/666/666 656/656/656
f 573/573/573 675/675/675 680/680/680
f 673/673/673 656/656/656 684/684/684
f 669/669/669 672/672/672 673/673/673
f 670/670/670 668/668/668 611/611/611
f 900/900/900 1140/1140/1140 685/685/685
f 691/691/691 671/671/671 690/690/690
f 670/670/670 611/611/611 582/582/582
f 666/666/666 670/670/670 287/287/287
f 671/671/671 669/669/669 690/690/690
f 635/635/635 683/683/683 610/610/610
f 673/673/673 672/672/672 656/656/656
f 671/671/671 672/672/672 669/669/669
f 684/684/684 656/656/656 667/667/667
f 673/673/673 631/631/631 1241/1241/1241
f 680/680/680 667/667/667 573/573/573
f 680/680/680 688/688/688 674/674/674
f 634/634/634 675/675/675 609/609/609
f 680/680/680 675/675/675 657/657/657
f 687/687/687 676/676/676 235/235/235
f 675/675/675 676/676/676 657/657/657
f 687/687/687 235/235/235 896/896/896
f 809/809/809 1031/1031/1031 803/803/803
f 555/555/555 664/664/664 678/678/678
f 654/654/654 678/678/678 664/664/664
f 894/894/894 317/317/317 892/892/892
f 702/702/702 701/701/701 664/664/664
f 681/681/681 680/680/680 657/657/657
f 674/674/674 667/667/667 680/680/680
f 657/657/657 676/676/676 687/687/687
f 681/681/681 898/898/898 688/688/688
f 1233/1233/1233 1236/1236/1236 1138/1138/1138
f 952/952/952 954/954/954 982/982/982
f 611/611/611 671/671/671 683/683/683
f 691/691/691 683/683/683 671/671/671
f 667/667/667 674/674/674 684/684/684
f 673/673/673 684/684/684 674/674/674
f 887/887/887 1076/1076/1076 1077/1077/1077
f 689/689/689 1242/1242/1242 674/674/674
f 501/501/501 697/697/697 695/695/695
f 686/686/686 679/679/679 700/700/700
f 235/235/235 571/571/571 1033/1033/1033
f 681/681/681 687/687/687 1097/1097/1097
f 681/681/681 1097/1097/1097 898/898/898
f 689/689/689 688/688/688 897/897/897
f 689/689/689 685/685/685 1242/1242/1242
f 674/674/674 688/688/688 689/689/689
f 669/669/669 1213/1213/1213 1215/1215/1215
f 690/690/690 682/682/682 691/691/691
f 682/682/682 692/692/692 691/691/691
f 237/237/237 693/693/693 692/692/692
f 237/237/237 979/979/979 954/954/954
f 693/693/693 237/237/237 639/639/639
f 610/610/610 691/691/691 693/693/693
f 692/692/692 693/693/693 691/691/691
f 695/695/695 694/694/694 501/501/501
f 702/702/702 694/694/694 686/686/686
f 321/321/321 698/698/698 111/111/111
f 686/686/686 695/695/695 699/699/699
f 894/894/894 1096/1096/1096 890/890/890
f 1007/1007/1007 1006/1006/1006 1013/1013/1013
f 556/556/556 697/697/697 501/501/501
f 111/111/111 697/697/697 597/597/597
f 266/266/266 703/703/703 698/698/698
f 1095/1095/1095 703/703/703 212/212/212
f 695/695/695 698/698/698 699/699/699
f 1095/1095/1095 699/699/699 698/698/698
f 1096/1096/1096 893/893/893 895/895/895
f 700/700/700 696/696/696 701/701/701
f 1011/1011/1011 701/701/701 696/696/696
f 654/654/654 664/664/664 701/701/701
f 694/694/694 702/702/702 664/664/664
f 700/700/700 702/702/702 686/686/686
f 269/269/269 703/703/703 266/266/266
f 1095/1095/1095 212/212/212 890/890/890
f 705/705/705 708/708/708 709/709/709
f 133/133/133 151/151/151 706/706/706
f 704/704/704 707/707/707 709/709/709
f 709/709/709 315/315/315 710/710/710
f 134/134/134 706/706/706 12/12/12
f 706/706/706 704/704/704 133/133/133
f 222/222/222 707/707/707 134/134/134
f 709/709/709 707/707/707 122/122/122
f 709/709/709 708/708/708 704/704/704
f 708/708/708 705/705/705 121/121/121
f 122/122/122 315/315/315 709/709/709
f 315/315/315 715/715/715 710/710/710
f 711/711/711 710/710/710 314/314/314
f 705/705/705 709/709/709 710/710/710
f 946/946/946 711/711/711 314/314/314
f 712/712/712 371/371/371 431/431/431
f 431/431/431 705/705/705 712/712/712
f 710/710/710 712/712/712 705/705/705
f 263/263/263 904/904/904 114/114/114
f 949/949/949 945/945/945 946/946/946
f 114/114/114 714/714/714 316/316/316
f 715/715/715 714/714/714 713/713/713
f 949/949/949 715/715/715 713/713/713
f 715/715/715 314/314/314 710/710/710
f 778/778/778 786/786/786 777/777/777
f 786/786/786 778/778/778 716/716/716
f 718/718/718 306/306/306 720/720/720
f 721/721/721 719/719/719 717/717/717
f 550/550/550 650/650/650 1021/1021/1021
f 719/719/719 721/721/721 246/246/246
f 732/732/732 719/719/719 246/246/246
f 719/719/719 414/414/414 482/482/482
f 360/360/360 720/720/720 306/306/306
f 550/550/550 718/718/718 720/720/720
f 717/717/717 718/718/718 721/721/721
f 1019/1019/1019 721/721/721 718/718/718
f 733/733/733 738/738/738 192/192/192
f 904/904/904 909/909/909 114/114/114
f 192/192/192 723/723/723 724/724/724
f 192/192/192 738/738/738 742/742/742
f 192/192/192 724/724/724 418/418/418
f 906/906/906 724/724/724 723/723/723
f 711/711/711 946/946/946 371/371/371
f 433/433/433 725/725/725 374/374/374
f 726/726/726 109/109/109 941/941/941
f 375/375/375 727/727/727 260/260/260
f 376/376/376 727/727/727 375/375/375
f 948/948/948 939/939/939 941/941/941
f 818/818/818 816/816/816 817/817/817
f 842/842/842 856/856/856 841/841/841
f 642/642/642 746/746/746 592/592/592
f 723/723/723 192/192/192 742/742/742
f 414/414/414 731/731/731 730/730/730
f 415/415/415 730/730/730 734/734/734
f 732/732/732 731/731/731 414/414/414
f 733/733/733 731/731/731 729/729/729
f 719/719/719 732/732/732 414/414/414
f 246/246/246 1020/1020/1020 732/732/732
f 736/736/736 738/738/738 739/739/739
f 192/192/192 486/486/486 734/734/734
f 731/731/731 734/734/734 730/730/730
f 734/734/734 733/733/733 192/192/192
f 746/746/746 1017/1017/1017 758/758/758
f 913/913/913 928/928/928 942/942/942
f 733/733/733 741/741/741 738/738/738
f 922/922/922 923/923/923 912/912/912
f 961/961/961 765/765/765 957/957/957
f 737/737/737 767/767/767 762/762/762
f 741/741/741 729/729/729 739/739/739
f 742/742/742 738/738/738 919/919/919
f 751/751/751 739/739/739 729/729/729
f 748/748/748 745/745/745 917/917/917
f 918/918/918 912/912/912 915/915/915
f 740/740/740 918/918/918 915/915/915
f 729/729/729 741/741/741 733/733/733
f 739/739/739 738/738/738 741/741/741
f 919/919/919 738/738/738 736/736/736
f 723/723/723 742/742/742 740/740/740
f 951/951/951 749/749/749 658/658/658
f 745/745/745 748/748/748 752/752/752
f 951/951/951 658/658/658 639/639/639
f 975/975/975 951/951/951 954/954/954
f 751/751/751 752/752/752 739/739/739
f 745/745/745 752/752/752 761/761/761
f 749/749/749 746/746/746 642/642/642
f 1017/1017/1017 753/753/753 758/758/758
f 758/758/758 592/592/592 746/746/746
f 737/737/737 959/959/959 956/956/956
f 752/752/752 748/748/748 739/739/739
f 917/917/917 745/745/745 773/773/773
f 658/658/658 749/749/749 642/642/642
f 750/750/750 749/749/749 744/744/744
f 975/975/975 953/953/953 750/750/750
f 743/743/743 746/746/746 750/750/750
f 756/756/756 755/755/755 751/751/751
f 751/751/751 747/747/747 752/752/752
f 747/747/747 759/759/759 752/752/752
f 760/760/760 761/761/761 759/759/759
f 755/755/755 747/747/747 751/751/751
f 756/756/756 731/731/731 732/732/732
f 1020/1020/1020 721/721/721 1019/1019/1019
f 753/753/753 747/747/747 755/755/755
f 756/756/756 751/751/751 729/729/729
f 754/754/754 753/753/753 755/755/755
f 731/731/731 756/756/756 729/729/729
f 754/754/754 755/755/755 756/756/756
f 757/757/757 759/759/759 1018/1018/1018
f 762/762/762 757/757/757 959/959/959
f 1017/1017/1017 746/746/746 743/743/743
f 1022/1022/1022 758/758/758 753/753/753
f 1017/1017/1017 759/759/759 747/747/747
f 760/760/760 759/759/759 757/757/757
f 760/760/760 757/757/757 762/762/762
f 761/761/761 772/772/772 745/745/745
f 759/759/759 761/761/761 752/752/752
f 772/772/772 761/761/761 760/760/760
f 957/957/957 765/765/765 767/767/767
f 764/764/764 776/776/776 771/771/771
f 885/885/885 552/552/552 875/875/875
f 875/875/875 552/552/552 873/873/873
f 966/966/966 963/963/963 763/763/763
f 773/773/773 775/775/775 735/735/735
f 953/953/953 956/956/956 743/743/743
f 968/968/968 771/771/771 770/770/770
f 767/767/767 769/769/769 768/768/768
f 771/771/771 776/776/776 766/766/766
f 956/956/956 958/958/958 737/737/737
f 769/769/769 767/767/767 765/765/765
f 767/767/767 768/768/768 762/762/762
f 768/768/768 766/766/766 776/776/776
f 769/769/769 765/765/765 770/770/770
f 768/768/768 769/769/769 766/766/766
f 963/963/963 765/765/765 962/962/962
f 966/966/966 965/965/965 963/963/963
f 766/766/766 769/769/769 771/771/771
f 770/770/770 771/771/771 769/769/769
f 768/768/768 772/772/772 760/760/760
f 764/764/764 1141/1141/1141 776/776/776
f 773/773/773 735/735/735 917/917/917
f 745/745/745 772/772/772 773/773/773
f 1108/1108/1108 1111/1111/1111 925/925/925
f 913/913/913 908/908/908 924/924/924
f 772/772/772 768/768/768 776/776/776
f 774/774/774 1113/1113/1113 1114/1114/1114
f 774/774/774 775/775/775 776/776/776
f 772/772/772 776/776/776 775/775/775
f 777/777/777 190/190/190 778/778/778
f 422/422/422 777/777/777 243/243/243
f 781/781/781 190/190/190 622/622/622
f 480/480/480 785/785/785 784/784/784
f 778/778/778 781/781/781 780/780/780
f 1028/1028/1028 1036/1036/1036 1037/1037/1037
f 778/778/778 190/190/190 781/781/781
f 780/780/780 779/779/779 782/782/782
f 1026/1026/1026 622/622/622 659/659/659
f 1026/1026/1026 1024/1024/1024 1025/1025/1025
f 784/784/784 782/782/782 779/779/779
f 785/785/785 782/782/782 784/784/784
f 477/477/477 783/783/783 302/302/302
f 780/780/780 783/783/783 716/716/716
f 813/813/813 784/784/784 779/779/779
f 614/614/614 784/784/784 589/589/589
f 785/785/785 480/480/480 545/545/545
f 302/302/302 782/782/782 785/785/785
f 786/786/786 716/716/716 349/349/349
f 243/243/243 777/777/777 786/786/786
f 821/821/821 840/840/840 228/228/228
f 788/788/788 790/790/790 793/793/793
f 435/435/435 791/791/791 271/271/271
f 227/227/227 860/860/860 794/794/794
f 439/439/439 789/789/789 440/440/440
f 271/271/271 788/788/788 789/789/789
f 795/795/795 790/790/790 796/796/796
f 788/788/788 793/793/793 227/227/227
f 437/437/437 791/791/791 435/435/435
f 788/788/788 791/791/791 790/790/790
f 833/833/833 845/845/845 860/860/860
f 862/862/862 857/857/857 624/624/624
f 790/790/790 795/795/795 793/793/793
f 795/795/795 828/828/828 827/827/827
f 227/227/227 794/794/794 788/788/788
f 859/859/859 792/792/792 858/858/858
f 796/796/796 790/790/790 436/436/436
f 828/828/828 826/826/826 827/827/827
f 797/797/797 796/796/796 436/436/436
f 787/787/787 795/795/795 796/796/796
f 502/502/502 797/797/797 436/436/436
f 272/272/272 842/842/842 797/797/797
f 513/513/513 799/799/799 798/798/798
f 1061/1061/1061 1062/1062/1062 1060/1060/1060
f 868/868/868 513/513/513 649/649/649
f 1062/1062/1062 799/799/799 230/230/230
f 1060/1060/1060 1150/1150/1150 1149/1149/1149
f 838/838/838 864/864/864 1066/1066/1066
f 275/275/275 801/801/801 560/560/560
f 801/801/801 800/800/800 838/838/838
f 810/810/810 802/802/802 184/184/184
f 238/238/238 802/802/802 528/528/528
f 539/539/539 807/807/807 184/184/184
f 810/810/810 807/807/807 809/809/809
f 1103/1103/1103 808/808/808 588/588/588
f 536/536/536 804/804/804 807/807/807
f 538/538/538 805/805/805 536/536/536
f 531/531/531 804/804/804 805/805/805
f 1080/1080/1080 1082/1082/1082 1085/1085/1085
f 896/896/896 677/677/677 1097/1097/1097
f 804/804/804 808/808/808 807/807/807
f 808/808/808 806/806/806 809/809/809
f 588/588/588 808/808/808 804/804/804
f 806/806/806 1031/1031/1031 809/809/809
f 809/809/809 803/803/803 810/810/810
f 807/807/807 808/808/808 809/809/809
f 1030/1030/1030 810/810/810 803/803/803
f 802/802/802 810/810/810 528/528/528
f 813/813/813 1042/1042/1042 784/784/784
f 1026/1026/1026 1028/1028/1028 1024/1024/1024
f 1024/1024/1024 779/779/779 1025/1025/1025
f 1035/1035/1035 1034/1034/1034 1042/1042/1042
f 1037/1037/1037 779/779/779 1024/1024/1024
f 813/813/813 812/812/812 1042/1042/1042
f 821/821/821 822/822/822 815/815/815
f 228/228/228 856/856/856 816/816/816
f 815/815/815 822/822/822 836/836/836
f 825/825/825 841/841/841 840/840/840
f 728/728/728 817/817/817 816/816/816
f 819/819/819 817/817/817 273/273/273
f 817/817/817 728/728/728 384/384/384
f 817/817/817 819/819/819 818/818/818
f 820/820/820 818/818/818 605/605/605
f 814/814/814 816/816/816 818/818/818
f 819/819/819 273/273/273 393/393/393
f 605/605/605 818/818/818 819/819/819
f 628/628/628 820/820/820 605/605/605
f 835/835/835 820/820/820 604/604/604
f 816/816/816 821/821/821 228/228/228
f 822/822/822 821/821/821 814/814/814
f 627/627/627 822/822/822 814/814/814
f 836/836/836 822/822/822 567/567/567
f 567/567/567 568/568/568 839/839/839
f 824/824/824 229/229/229 849/849/849
f 849/849/849 229/229/229 850/850/850
f 824/824/824 823/823/823 836/836/836
f 848/848/848 847/847/847 815/815/815
f 829/829/829 793/793/793 827/827/827
f 1225/1225/1225 1223/1223/1223 1224/1224/1224
f 829/829/829 826/826/826 834/834/834
f 828/828/828 795/795/795 787/787/787
f 827/827/827 826/826/826 829/829/829
f 841/841/841 828/828/828 787/787/787
f 826/826/826 1223/1223/1223 1222/1222/1222
f 1185/1185/1185 830/830/830 1221/1221/1221
f 227/227/227 829/829/829 833/833/833
f 851/851/851 1064/1064/1064 823/823/823
f 1085/1085/1085 1082/1082/1082 901/901/901
f 833/833/833 834/834/834 843/843/843
f 1079/1079/1079 1081/1081/1081 1094/1094/1094
f 832/832/832 1227/1227/1227 1221/1221/1221
f 1088/1088/1088 844/844/844 1087/1087/1087
f 833/833/833 829/829/829 834/834/834
f 833/833/833 831/831/831 845/845/845
f 1222/1222/1222 834/834/834 826/826/826
f 834/834/834 832/832/832 843/843/843
f 627/627/627 835/835/835 604/604/604
f 814/814/814 818/818/818 835/835/835
f 836/836/836 567/567/567 839/839/839
f 848/848/848 836/836/836 1069/1069/1069
f 801/801/801 838/838/838 852/852/852
f 823/823/823 824/824/824 851/851/851
f 864/864/864 838/838/838 800/800/800
f 1066/1066/1066 861/861/861 1135/1135/1135
f 603/603/603 824/824/824 839/839/839
f 836/836/836 839/839/839 824/824/824
f 836/836/836 848/848/848 815/815/815
f 825/825/825 828/828/828 841/841/841
f 854/854/854 787/787/787 796/796/796
f 228/228/228 840/840/840 841/841/841
f 272/272/272 855/855/855 842/842/842
f 842/842/842 855/855/855 856/856/856
f 844/844/844 843/843/843 832/832/832
f 831/831/831 833/833/833 843/843/843
f 1221/1221/1221 844/844/844 832/832/832
f 1185/1185/1185 1193/1193/1193 830/830/830
f 1090/1090/1090 845/845/845 831/831/831
f 845/845/845 1092/1092/1092 857/857/857
f 823/823/823 1064/1064/1064 1070/1070/1070
f 1224/1224/1224 846/846/846 1225/1225/1225
f 815/815/815 847/847/847 840/840/840
f 1224/1224/1224 847/847/847 846/846/846
f 1069/1069/1069 836/836/836 823/823/823
f 846/846/846 847/847/847 848/848/848
f 850/850/850 229/229/229 601/601/601
f 851/851/851 849/849/849 837/837/837
f 852/852/852 850/850/850 511/511/511
f 849/849/849 850/850/850 837/837/837
f 849/849/849 851/851/851 824/824/824
f 837/837/837 852/852/852 1065/1065/1065
f 850/850/850 852/852/852 837/837/837
f 801/801/801 852/852/852 511/511/511
f 1153/1153/1153 1152/1152/1152 1134/1134/1134
f 1180/1180/1180 1182/1182/1182 1186/1186/1186
f 797/797/797 854/854/854 796/796/796
f 842/842/842 787/787/787 854/854/854
f 446/446/446 855/855/855 272/272/272
f 856/856/856 855/855/855 728/728/728
f 816/816/816 856/856/856 728/728/728
f 841/841/841 856/856/856 228/228/228
f 857/857/857 862/862/862 858/858/858
f 860/860/860 857/857/857 792/792/792
f 665/665/665 863/863/863 655/655/655
f 794/794/794 859/859/859 440/440/440
f 792/792/792 859/859/859 794/794/794
f 858/858/858 863/863/863 1071/1071/1071
f 794/794/794 860/860/860 792/792/792
f 833/833/833 860/860/860 227/227/227
f 861/861/861 864/864/864 1060/1060/1060
f 861/861/861 1149/1149/1149 1135/1135/1135
f 1073/1073/1073 862/862/862 624/624/624
f 655/655/655 858/858/858 862/862/862
f 558/558/558 863/863/863 505/505/505
f 1071/1071/1071 324/324/324 440/440/440
f 1060/1060/1060 864/864/864 800/800/800
f 1066/1066/1066 864/864/864 861/861/861
f 1048/1048/1048 1045/1045/1045 1046/1046/1046
f 991/991/991 1055/1055/1055 993/993/993
f 870/870/870 799/799/799 513/513/513
f 1151/1151/1151 1136/1136/1136 1153/1153/1153
f 869/869/869 645/645/645 1048/1048/1048
f 242/242/242 1034/1034/1034 1045/1045/1045
f 649/649/649 616/616/616 868/868/868
f 868/868/868 616/616/616 869/869/869
f 1048/1048/1048 645/645/645 242/242/242
f 868/868/868 869/869/869 867/867/867
f 870/870/870 866/866/866 230/230/230
f 513/513/513 868/868/868 870/870/870
f 870/870/870 871/871/871 866/866/866
f 867/867/867 871/871/871 868/868/868
f 636/636/636 872/872/872 620/620/620
f 693/693/693 872/872/872 638/638/638
f 874/874/874 875/875/875 876/876/876
f 552/552/552 652/652/652 873/873/873
f 971/971/971 973/973/973 967/967/967
f 875/875/875 874/874/874 881/881/881
f 879/879/879 873/873/873 593/593/593
f 963/963/963 965/965/965 770/770/770
f 877/877/877 593/593/593 621/621/621
f 882/882/882 877/877/877 424/424/424
f 424/424/424 660/660/660 882/882/882
f 593/593/593 877/877/877 876/876/876
f 970/970/970 969/969/969 878/878/878
f 885/885/885 881/881/881 886/886/886
f 873/873/873 879/879/879 875/875/875
f 593/593/593 876/876/876 879/879/879
f 874/874/874 876/876/876 880/880/880
f 876/876/876 877/877/877 882/882/882
f 972/972/972 1002/1002/1002 994/994/994
f 881/881/881 878/878/878 886/886/886
f 883/883/883 882/882/882 653/653/653
f 876/876/876 882/882/882 880/880/880
f 663/663/663 883/883/883 653/653/653
f 1003/1003/1003 883/883/883 623/623/623
f 998/998/998 878/878/878 969/969/969
f 1001/1001/1001 1039/1039/1039 1040/1040/1040
f 881/881/881 885/885/885 875/875/875
f 1044/1044/1044 885/885/885 884/884/884
f 998/998/998 886/886/886 878/878/878
f 885/885/885 886/886/886 884/884/884
f 899/899/899 183/183/183 900/900/900
f 889/889/889 236/236/236 625/625/625
f 599/599/599 665/665/665 1074/1074/1074
f 1085/1085/1085 1104/1104/1104 887/887/887
f 1074/1074/1074 889/889/889 599/599/599
f 1107/1107/1107 889/889/889 888/888/888
f 317/317/317 373/373/373 892/892/892
f 679/679/679 699/699/699 1095/1095/1095
f 260/260/260 727/727/727 939/939/939
f 679/679/679 1096/1096/1096 895/895/895
f 260/260/260 892/892/892 373/373/373
f 894/894/894 892/892/892 891/891/891
f 938/938/938 936/936/936 932/932/932
f 1014/1014/1014 1012/1012/1012 696/696/696
f 1016/1016/1016 1096/1096/1096 891/891/891
f 317/317/317 894/894/894 890/890/890
f 679/679/679 895/895/895 700/700/700
f 1014/1014/1014 895/895/895 893/893/893
f 1031/1031/1031 1033/1033/1033 1032/1032/1032
f 1100/1100/1100 896/896/896 1101/1101/1101
f 899/899/899 897/897/897 677/677/677
f 900/900/900 897/897/897 899/899/899
f 677/677/677 897/897/897 898/898/898
f 688/688/688 898/898/898 897/897/897
f 1100/1100/1100 1098/1098/1098 1099/1099/1099
f 183/183/183 899/899/899 902/902/902
f 1157/1157/1157 1140/1140/1140 183/183/183
f 685/685/685 897/897/897 900/900/900
f 901/901/901 902/902/902 1099/1099/1099
f 1107/1107/1107 236/236/236 889/889/889
f 677/677/677 1100/1100/1100 899/899/899
f 1082/1082/1082 902/902/902 901/901/901
f 911/911/911 114/114/114 909/909/909
f 914/914/914 713/713/713 911/911/911
f 905/905/905 203/203/203 489/489/489
f 909/909/909 904/904/904 910/910/910
f 489/489/489 362/362/362 906/906/906
f 904/904/904 905/905/905 907/907/907
f 724/724/724 906/906/906 362/362/362
f 907/907/907 723/723/723 722/722/722
f 905/905/905 906/906/906 907/907/907
f 723/723/723 907/907/907 906/906/906
f 908/908/908 909/909/909 910/910/910
f 1109/1109/1109 1141/1141/1141 1142/1142/1142
f 910/910/910 904/904/904 722/722/722
f 911/911/911 909/909/909 908/908/908
f 912/912/912 722/722/722 915/915/915
f 910/910/910 722/722/722 912/912/912
f 911/911/911 908/908/908 913/913/913
f 911/911/911 713/713/713 714/714/714
f 918/918/918 919/919/919 916/916/916
f 922/922/922 912/912/912 918/918/918
f 912/912/912 923/923/923 910/910/910
f 913/913/913 924/924/924 928/928/928
f 903/903/903 950/950/950 913/913/913
f 914/914/914 913/913/913 950/950/950
f 722/722/722 723/723/723 915/915/915
f 723/723/723 740/740/740 915/915/915
f 736/736/736 748/748/748 917/917/917
f 908/908/908 923/923/923 924/924/924
f 921/921/921 920/920/920 922/922/922
f 736/736/736 917/917/917 916/916/916
f 919/919/919 918/918/918 740/740/740
f 922/922/922 918/918/918 916/916/916
f 742/742/742 919/919/919 740/740/740
f 736/736/736 916/916/916 919/919/919
f 921/921/921 916/916/916 917/917/917
f 925/925/925 926/926/926 1108/1108/1108
f 917/917/917 735/735/735 921/921/921
f 929/929/929 1114/1114/1114 1113/1113/1113
f 921/921/921 922/922/922 916/916/916
f 923/923/923 922/922/922 920/920/920
f 923/923/923 920/920/920 924/924/924
f 910/910/910 923/923/923 908/908/908
f 927/927/927 924/924/924 920/920/920
f 928/928/928 924/924/924 927/927/927
f 735/735/735 943/943/943 921/921/921
f 1129/1129/1129 935/935/935 1126/1126/1126
f 921/921/921 943/943/943 930/930/930
f 931/931/931 928/928/928 926/926/926
f 930/930/930 927/927/927 920/920/920
f 928/928/928 927/927/927 926/926/926
f 931/931/931 926/926/926 925/925/925
f 942/942/942 903/903/903 913/913/913
f 1109/1109/1109 1113/1113/1113 1141/1141/1141
f 926/926/926 927/927/927 930/930/930
f 921/921/921 930/930/930 920/920/920
f 930/930/930 929/929/929 1108/1108/1108
f 934/934/934 937/937/937 932/932/932
f 933/933/933 940/940/940 944/944/944
f 1016/1016/1016 938/938/938 1015/1015/1015
f 936/936/936 933/933/933 931/931/931
f 928/928/928 931/931/931 933/933/933
f 931/931/931 934/934/934 936/936/936
f 937/937/937 934/934/934 925/925/925
f 934/934/934 932/932/932 936/936/936
f 1128/1128/1128 1126/1126/1126 1127/1127/1127
f 1012/1012/1012 1014/1014/1014 1129/1129/1129
f 1015/1015/1015 938/938/938 932/932/932
f 944/944/944 940/940/940 109/109/109
f 925/925/925 1111/1111/1111 1127/1127/1127
f 937/937/937 935/935/935 1130/1130/1130
f 892/892/892 939/939/939 891/891/891
f 941/941/941 109/109/109 948/948/948
f 941/941/941 727/727/727 726/726/726
f 939/939/939 938/938/938 891/891/891
f 933/933/933 936/936/936 940/940/940
f 948/948/948 936/936/936 938/938/938
f 109/109/109 940/940/940 948/948/948
f 727/727/727 941/941/941 939/939/939
f 928/928/928 933/933/933 942/942/942
f 944/944/944 942/942/942 933/933/933
f 1114/1114/1114 735/735/735 775/775/775
f 930/930/930 943/943/943 929/929/929
f 945/945/945 109/109/109 377/377/377
f 942/942/942 944/944/944 903/903/903
f 945/945/945 377/377/377 946/946/946
f 903/903/903 944/944/944 945/945/945
f 947/947/947 377/377/377 378/378/378
f 946/946/946 947/947/947 371/371/371
f 371/371/371 947/947/947 725/725/725
f 947/947/947 946/946/946 377/377/377
f 936/936/936 948/948/948 940/940/940
f 939/939/939 948/948/948 938/938/938
f 950/950/950 713/713/713 914/914/914
f 945/945/945 949/949/949 903/903/903
f 903/903/903 949/949/949 950/950/950
f 713/713/713 950/950/950 949/949/949
f 952/952/952 953/953/953 975/975/975
f 951/951/951 744/744/744 749/749/749
f 978/978/978 979/979/979 237/237/237
f 958/958/958 955/955/955 985/985/985
f 975/975/975 750/750/750 744/744/744
f 956/956/956 953/953/953 952/952/952
f 951/951/951 237/237/237 954/954/954
f 692/692/692 978/978/978 237/237/237
f 979/979/979 982/982/982 954/954/954
f 960/960/960 962/962/962 961/961/961
f 958/958/958 956/956/956 952/952/952
f 762/762/762 959/959/959 737/737/737
f 985/985/985 767/767/767 737/737/737
f 961/961/961 957/957/957 1116/1116/1116
f 983/983/983 952/952/952 981/981/981
f 955/955/955 957/957/957 985/985/985
f 759/759/759 1017/1017/1017 1018/1018/1018
f 956/956/956 959/959/959 1018/1018/1018
f 955/955/955 983/983/983 984/984/984
f 988/988/988 763/763/763 987/987/987
f 1116/1116/1116 957/957/957 955/955/955
f 960/960/960 1118/1118/1118 1119/1119/1119
f 963/963/963 962/962/962 763/763/763
f 765/765/765 961/961/961 962/962/962
f 965/965/965 966/966/966 964/964/964
f 765/765/765 963/963/963 770/770/770
f 881/881/881 874/874/874 994/994/994
f 970/970/970 974/974/974 964/964/964
f 971/971/971 965/965/965 964/964/964
f 771/771/771 968/968/968 764/764/764
f 969/969/969 966/966/966 763/763/763
f 970/970/970 966/966/966 969/969/969
f 973/973/973 971/971/971 964/964/964
f 1112/1112/1112 1108/1108/1108 929/929/929
f 770/770/770 965/965/965 968/968/968
f 968/968/968 965/965/965 971/971/971
f 763/763/763 962/962/962 987/987/987
f 969/969/969 988/988/988 990/990/990
f 881/881/881 994/994/994 1002/1002/1002
f 964/964/964 966/966/966 970/970/970
f 964/964/964 974/974/974 973/973/973
f 971/971/971 967/967/967 1142/1142/1142
f 995/995/995 874/874/874 880/880/880
f 1004/1004/1004 1006/1006/1006 1005/1005/1005
f 972/972/972 995/995/995 1004/1004/1004
f 973/973/973 972/972/972 1004/1004/1004
f 970/970/970 878/878/878 1002/1002/1002
f 973/973/973 974/974/974 972/972/972
f 951/951/951 975/975/975 744/744/744
f 952/952/952 975/975/975 954/954/954
f 1218/1218/1218 1173/1173/1173 1204/1204/1204
f 960/960/960 961/961/961 1116/1116/1116
f 1217/1217/1217 682/682/682 1216/1216/1216
f 1228/1228/1228 1246/1246/1246 1232/1232/1232
f 1217/1217/1217 692/692/692 682/682/682
f 978/978/978 977/977/977 979/979/979
f 977/977/977 980/980/980 979/979/979
f 981/981/981 982/982/982 980/980/980
f 1202/1202/1202 1201/1201/1201 1203/1203/1203
f 980/980/980 976/976/976 981/981/981
f 997/997/997 983/983/983 981/981/981
f 958/958/958 983/983/983 955/955/955
f 980/980/980 982/982/982 979/979/979
f 952/952/952 982/982/982 981/981/981
f 952/952/952 983/983/983 958/958/958
f 997/997/997 981/981/981 976/976/976
f 989/989/989 992/992/992 993/993/993
f 1115/1115/1115 1118/1118/1118 960/960/960
f 767/767/767 985/985/985 957/957/957
f 737/737/737 958/958/958 985/985/985
f 1120/1120/1120 1115/1115/1115 984/984/984
f 986/986/986 990/990/990 988/988/988
f 960/960/960 987/987/987 962/962/962
f 988/988/988 987/987/987 986/986/986
f 989/989/989 990/990/990 992/992/992
f 763/763/763 988/988/988 969/969/969
f 886/886/886 999/999/999 884/884/884
f 998/998/998 999/999/999 886/886/886
f 992/992/992 990/990/990 1125/1125/1125
f 990/990/990 989/989/989 998/998/998
f 1120/1120/1120 1122/1122/1122 1117/1117/1117
f 1161/1161/1161 1053/1053/1053 1160/1160/1160
f 1125/1125/1125 990/990/990 986/986/986
f 993/993/993 992/992/992 991/991/991
f 1058/1058/1058 1055/1055/1055 1059/1059/1059
f 993/993/993 189/189/189 1000/1000/1000
f 995/995/995 994/994/994 874/874/874
f 1002/1002/1002 972/972/972 974/974/974
f 880/880/880 1003/1003/1003 995/995/995
f 1008/1008/1008 1005/1005/1005 996/996/996
f 1126/1126/1126 596/596/596 1129/1129/1129
f 967/967/967 973/973/973 1008/1008/1008
f 1123/1123/1123 997/997/997 976/976/976
f 983/983/983 997/997/997 984/984/984
f 990/990/990 998/998/998 969/969/969
f 998/998/998 989/989/989 999/999/999
f 1000/1000/1000 989/989/989 993/993/993
f 1000/1000/1000 999/999/999 989/989/989
f 1001/1001/1001 1000/1000/1000 189/189/189
f 999/999/999 1000/1000/1000 1040/1040/1040
f 1049/1049/1049 1050/1050/1050 1041/1041/1041
f 1036/1036/1036 1038/1038/1038 811/811/811
f 970/970/970 1002/1002/1002 974/974/974
f 881/881/881 1002/1002/1002 878/878/878
f 883/883/883 1003/1003/1003 880/880/880
f 1003/1003/1003 623/623/623 1006/1006/1006
f 995/995/995 1003/1003/1003 1006/1006/1006
f 973/973/973 1004/1004/1004 1005/1005/1005
f 995/995/995 1006/1006/1006 1004/1004/1004
f 996/996/996 1005/1005/1005 1007/1007/1007
f 663/663/663 1010/1010/1010 623/623/623
f 1007/1007/1007 596/596/596 1126/1126/1126
f 1005/1005/1005 1006/1006/1006 1007/1007/1007
f 1013/1013/1013 1006/1006/1006 1009/1009/1009
f 1005/1005/1005 1008/1008/1008 973/973/973
f 1148/1148/1148 996/996/996 1128/1128/1128
f 1011/1011/1011 654/654/654 701/701/701
f 1011/1011/1011 1012/1012/1012 1009/1009/1009
f 654/654/654 1010/1010/1010 663/663/663
f 1006/1006/1006 1010/1010/1010 1009/1009/1009
f 1012/1012/1012 1011/1011/1011 696/696/696
f 654/654/654 1011/1011/1011 1009/1009/1009
f 696/696/696 895/895/895 1014/1014/1014
f 596/596/596 1007/1007/1007 1013/1013/1013
f 1009/1009/1009 1012/1012/1012 1013/1013/1013
f 596/596/596 1013/1013/1013 1012/1012/1012
f 893/893/893 1015/1015/1015 1014/1014/1014
f 1130/1130/1130 935/935/935 1129/1129/1129
f 1015/1015/1015 893/893/893 1016/1016/1016
f 1130/1130/1130 1015/1015/1015 932/932/932
f 1096/1096/1096 1016/1016/1016 893/893/893
f 938/938/938 1016/1016/1016 891/891/891
f 1018/1018/1018 1017/1017/1017 743/743/743
f 747/747/747 753/753/753 1017/1017/1017
f 956/956/956 1018/1018/1018 743/743/743
f 757/757/757 1018/1018/1018 959/959/959
f 718/718/718 1021/1021/1021 1019/1019/1019
f 619/619/619 643/643/643 1023/1023/1023
f 732/732/732 1020/1020/1020 754/754/754
f 721/721/721 1020/1020/1020 246/246/246
f 1021/1021/1021 718/718/718 550/550/550
f 1023/1023/1023 1021/1021/1021 619/619/619
f 1023/1023/1023 1022/1022/1022 1019/1019/1019
f 758/758/758 1022/1022/1022 592/592/592
f 1023/1023/1023 1019/1019/1019 1021/1021/1021
f 592/592/592 1023/1023/1023 643/643/643
f 1028/1028/1028 652/652/652 1043/1043/1043
f 1037/1037/1037 813/813/813 779/779/779
f 780/780/780 1025/1025/1025 779/779/779
f 1026/1026/1026 1025/1025/1025 781/781/781
f 1026/1026/1026 781/781/781 622/622/622
f 1028/1028/1028 1026/1026/1026 652/652/652
f 1044/1044/1044 1039/1039/1039 1043/1043/1043
f 811/811/811 1035/1035/1035 1036/1036/1036
f 1043/1043/1043 652/652/652 552/552/552
f 1036/1036/1036 1028/1028/1028 1027/1027/1027
f 800/800/800 1061/1061/1061 1060/1060/1060
f 801/801/801 1029/1029/1029 800/800/800
f 1030/1030/1030 401/401/401 472/472/472
f 810/810/810 1030/1030/1030 528/528/528
f 806/806/806 1102/1102/1102 1101/1101/1101
f 1033/1033/1033 1031/1031/1031 1101/1101/1101
f 572/572/572 1032/1032/1032 571/571/571
f 803/803/803 1031/1031/1031 1032/1032/1032
f 235/235/235 1033/1033/1033 896/896/896
f 1032/1032/1032 1033/1033/1033 571/571/571
f 1035/1035/1035 1049/1049/1049 1034/1034/1034
f 1034/1034/1034 242/242/242 615/615/615
f 1036/1036/1036 1035/1035/1035 812/812/812
f 1049/1049/1049 1035/1035/1035 811/811/811
f 1037/1037/1037 1036/1036/1036 812/812/812
f 1036/1036/1036 1027/1027/1027 1038/1038/1038
f 813/813/813 1037/1037/1037 812/812/812
f 1028/1028/1028 1037/1037/1037 1024/1024/1024
f 1039/1039/1039 1038/1038/1038 1027/1027/1027
f 1038/1038/1038 1001/1001/1001 1051/1051/1051
f 1043/1043/1043 1039/1039/1039 1027/1027/1027
f 884/884/884 999/999/999 1040/1040/1040
f 1001/1001/1001 1040/1040/1040 1000/1000/1000
f 1040/1040/1040 1039/1039/1039 1044/1044/1044
f 1051/1051/1051 1049/1049/1049 811/811/811
f 1050/1050/1050 1057/1057/1057 1041/1041/1041
f 1042/1042/1042 589/589/589 784/784/784
f 1035/1035/1035 1042/1042/1042 812/812/812
f 1028/1028/1028 1043/1043/1043 1027/1027/1027
f 1044/1044/1044 1043/1043/1043 552/552/552
f 885/885/885 1044/1044/1044 552/552/552
f 1040/1040/1040 1044/1044/1044 884/884/884
f 1049/1049/1049 1045/1045/1045 1034/1034/1034
f 1045/1045/1045 1041/1041/1041 1046/1046/1046
f 1057/1057/1057 1056/1056/1056 1041/1041/1041
f 871/871/871 1047/1047/1047 865/865/865
f 867/867/867 1046/1046/1046 1047/1047/1047
f 1056/1056/1056 1046/1046/1046 1041/1041/1041
f 869/869/869 1048/1048/1048 867/867/867
f 242/242/242 1045/1045/1045 1048/1048/1048
f 1049/1049/1049 1051/1051/1051 1050/1050/1050
f 1045/1045/1045 1049/1049/1049 1041/1041/1041
f 1052/1052/1052 1050/1050/1050 1051/1051/1051
f 1050/1050/1050 1058/1058/1058 1057/1057/1057
f 1038/1038/1038 1051/1051/1051 811/811/811
f 1052/1052/1052 1051/1051/1051 1001/1001/1001
f 1001/1001/1001 189/189/189 1052/1052/1052
f 1055/1055/1055 189/189/189 993/993/993
f 986/986/986 1119/1119/1119 1124/1124/1124
f 1149/1149/1149 853/853/853 1135/1135/1135
f 1058/1058/1058 189/189/189 1055/1055/1055
f 1056/1056/1056 1131/1131/1131 1133/1133/1133
f 991/991/991 1124/1124/1124 1147/1147/1147
f 1131/1131/1131 1059/1059/1059 1053/1053/1053
f 1056/1056/1056 1047/1047/1047 1046/1046/1046
f 1131/1131/1131 1056/1056/1056 1054/1054/1054
f 1058/1058/1058 1050/1050/1050 1052/1052/1052
f 1056/1056/1056 1057/1057/1057 1054/1054/1054
f 1057/1057/1057 1058/1058/1058 1054/1054/1054
f 189/189/189 1058/1058/1058 1052/1052/1052
f 1058/1058/1058 1059/1059/1059 1054/1054/1054
f 1059/1059/1059 1146/1146/1146 1144/1144/1144
f 800/800/800 1029/1029/1029 1061/1061/1061
f 1062/1062/1062 1150/1150/1150 1060/1060/1060
f 1029/1029/1029 514/514/514 1061/1061/1061
f 1062/1062/1062 514/514/514 798/798/798
f 799/799/799 1062/1062/1062 798/798/798
f 1150/1150/1150 1062/1062/1062 230/230/230
f 1186/1186/1186 1182/1182/1182 1167/1167/1167
f 1070/1070/1070 1067/1067/1067 1068/1068/1068
f 851/851/851 837/837/837 1065/1065/1065
f 1067/1067/1067 1064/1064/1064 1063/1063/1063
f 1066/1066/1066 1065/1065/1065 838/838/838
f 851/851/851 1065/1065/1065 1064/1064/1064
f 1063/1063/1063 1064/1064/1064 1066/1066/1066
f 1066/1066/1066 1064/1064/1064 1065/1065/1065
f 1198/1198/1198 1067/1067/1067 1063/1063/1063
f 1067/1067/1067 180/180/180 1068/1068/1068
f 1068/1068/1068 180/180/180 1225/1225/1225
f 1069/1069/1069 1068/1068/1068 846/846/846
f 848/848/848 1069/1069/1069 846/846/846
f 1070/1070/1070 1069/1069/1069 823/823/823
f 1067/1067/1067 1070/1070/1070 1064/1064/1064
f 1069/1069/1069 1070/1070/1070 1068/1068/1068
f 858/858/858 1071/1071/1071 859/859/859
f 558/558/558 1071/1071/1071 863/863/863
f 1133/1133/1133 1131/1131/1131 1132/1132/1132
f 1059/1059/1059 1055/1055/1055 1146/1146/1146
f 624/624/624 1092/1092/1092 1078/1078/1078
f 1076/1076/1076 1073/1073/1073 1077/1077/1077
f 888/888/888 889/889/889 1074/1074/1074
f 655/655/655 1073/1073/1073 1074/1074/1074
f 844/844/844 830/830/830 1087/1087/1087
f 1077/1077/1077 1080/1080/1080 887/887/887
f 1104/1104/1104 1076/1076/1076 887/887/887
f 1074/1074/1074 1076/1076/1076 888/888/888
f 1078/1078/1078 1073/1073/1073 624/624/624
f 1081/1081/1081 1080/1080/1080 1077/1077/1077
f 624/624/624 857/857/857 1092/1092/1092
f 1075/1075/1075 1077/1077/1077 1078/1078/1078
f 1089/1089/1089 1091/1091/1091 1088/1088/1088
f 1155/1155/1155 1156/1156/1156 1139/1139/1139
f 1081/1081/1081 1077/1077/1077 1075/1075/1075
f 1080/1080/1080 1079/1079/1079 1082/1082/1082
f 1075/1075/1075 1090/1090/1090 1091/1091/1091
f 1079/1079/1079 1080/1080/1080 1081/1081/1081
f 1157/1157/1157 1082/1082/1082 1079/1079/1079
f 902/902/902 1082/1082/1082 183/183/183
f 1134/1134/1134 1152/1152/1152 1168/1168/1168
f 1237/1237/1237 685/685/685 1140/1140/1140
f 1094/1094/1094 1081/1081/1081 1075/1075/1075
f 1154/1154/1154 1156/1156/1156 1219/1219/1219
f 1104/1104/1104 1085/1085/1085 901/901/901
f 1080/1080/1080 1085/1085/1085 887/887/887
f 1084/1084/1084 1094/1094/1094 1093/1093/1093
f 843/843/843 844/844/844 1088/1088/1088
f 1184/1184/1184 830/830/830 1183/1183/1183
f 1088/1088/1088 1087/1087/1087 1086/1086/1086
f 1088/1088/1088 1086/1086/1086 1089/1089/1089
f 843/843/843 1088/1088/1088 831/831/831
f 1093/1093/1093 1089/1089/1089 1086/1086/1086
f 1094/1094/1094 1089/1089/1089 1093/1093/1093
f 1091/1091/1091 1090/1090/1090 831/831/831
f 1078/1078/1078 1090/1090/1090 1075/1075/1075
f 1088/1088/1088 1091/1091/1091 831/831/831
f 1075/1075/1075 1091/1091/1091 1089/1089/1089
f 845/845/845 1090/1090/1090 1092/1092/1092
f 1078/1078/1078 1092/1092/1092 1090/1090/1090
f 1191/1191/1191 1093/1093/1093 1086/1086/1086
f 1093/1093/1093 1083/1083/1083 1219/1219/1219
f 1094/1094/1094 1084/1084/1084 1079/1079/1079
f 1075/1075/1075 1089/1089/1089 1094/1094/1094
f 703/703/703 1095/1095/1095 698/698/698
f 679/679/679 1095/1095/1095 890/890/890
f 890/890/890 1096/1096/1096 679/679/679
f 891/891/891 1096/1096/1096 894/894/894
f 1097/1097/1097 677/677/677 898/898/898
f 687/687/687 896/896/896 1097/1097/1097
f 1100/1100/1100 1099/1099/1099 899/899/899
f 1098/1098/1098 1101/1101/1101 1102/1102/1102
f 899/899/899 1099/1099/1099 902/902/902
f 1106/1106/1106 1099/1099/1099 1098/1098/1098
f 677/677/677 896/896/896 1100/1100/1100
f 896/896/896 1033/1033/1033 1101/1101/1101
f 806/806/806 1101/1101/1101 1031/1031/1031
f 1098/1098/1098 1100/1100/1100 1101/1101/1101
f 806/806/806 1103/1103/1103 1102/1102/1102
f 1102/1102/1102 1103/1103/1103 1105/1105/1105
f 808/808/808 1103/1103/1103 806/806/806
f 1103/1103/1103 588/588/588 1105/1105/1105
f 1106/1106/1106 901/901/901 1099/1099/1099
f 1105/1105/1105 1098/1098/1098 1102/1102/1102
f 1105/1105/1105 588/588/588 613/613/613
f 1105/1105/1105 1104/1104/1104 1106/1106/1106
f 1105/1105/1105 1106/1106/1106 1098/1098/1098
f 901/901/901 1106/1106/1106 1104/1104/1104
f 888/888/888 1104/1104/1104 1107/1107/1107
f 1105/1105/1105 1107/1107/1107 1104/1104/1104
f 930/930/930 1108/1108/1108 926/926/926
f 1109/1109/1109 1112/1112/1112 1113/1113/1113
f 996/996/996 1148/1148/1148 1008/1008/1008
f 1111/1111/1111 1112/1112/1112 1110/1110/1110
f 1126/1126/1126 1128/1128/1128 996/996/996
f 937/937/937 925/925/925 1127/1127/1127
f 1112/1112/1112 1111/1111/1111 1108/1108/1108
f 1111/1111/1111 1110/1110/1110 1127/1127/1127
f 1113/1113/1113 1112/1112/1112 929/929/929
f 1109/1109/1109 1110/1110/1110 1112/1112/1112
f 929/929/929 943/943/943 1114/1114/1114
f 1113/1113/1113 774/774/774 1141/1141/1141
f 735/735/735 1114/1114/1114 943/943/943
f 774/774/774 1114/1114/1114 775/775/775
f 955/955/955 984/984/984 1115/1115/1115
f 1118/1118/1118 1115/1115/1115 1120/1120/1120
f 955/955/955 1115/1115/1115 1116/1116/1116
f 960/960/960 1116/1116/1116 1115/1115/1115
f 997/997/997 1123/1123/1123 984/984/984
f 991/991/991 1147/1147/1147 1146/1146/1146
f 1124/1124/1124 1118/1118/1118 1117/1117/1117
f 987/987/987 1119/1119/1119 986/986/986
f 960/960/960 1119/1119/1119 987/987/987
f 1124/1124/1124 1119/1119/1119 1118/1118/1118
f 976/976/976 1202/1202/1202 1203/1203/1203
f 1117/1117/1117 1118/1118/1118 1120/1120/1120
f 1200/1200/1200 1121/1121/1121 1209/1209/1209
f 1163/1163/1163 1132/1132/1132 1161/1161/1161
f 1123/1123/1123 1120/1120/1120 984/984/984
f 1145/1145/1145 1143/1143/1143 1147/1147/1147
f 1121/1121/1121 1122/1122/1122 1123/1123/1123
f 1123/1123/1123 1122/1122/1122 1120/1120/1120
f 1117/1117/1117 1145/1145/1145 1147/1147/1147
f 991/991/991 992/992/992 1125/1125/1125
f 986/986/986 1124/1124/1124 1125/1125/1125
f 991/991/991 1125/1125/1125 1124/1124/1124
f 1127/1127/1127 1126/1126/1126 935/935/935
f 1007/1007/1007 1126/1126/1126 996/996/996
f 937/937/937 1127/1127/1127 935/935/935
f 1128/1128/1128 1127/1127/1127 1110/1110/1110
f 1109/1109/1109 1148/1148/1148 1110/1110/1110
f 1128/1128/1128 1110/1110/1110 1148/1148/1148
f 1012/1012/1012 1129/1129/1129 596/596/596
f 1014/1014/1014 1015/1015/1015 1130/1130/1130
f 1130/1130/1130 932/932/932 937/937/937
f 1014/1014/1014 1130/1130/1130 1129/1129/1129
f 1059/1059/1059 1131/1131/1131 1054/1054/1054
f 1132/1132/1132 1131/1131/1131 1053/1053/1053
f 1160/1160/1160 1053/1053/1053 1144/1144/1144
f 1072/1072/1072 1136/1136/1136 1137/1137/1137
f 1137/1137/1137 1133/1133/1133 1132/1132/1132
f 865/865/865 1056/1056/1056 1133/1133/1133
f 1153/1153/1153 1136/1136/1136 1152/1152/1152
f 1168/1168/1168 1165/1165/1165 1167/1167/1167
f 1187/1187/1187 1135/1135/1135 853/853/853
f 1066/1066/1066 1135/1135/1135 1063/1063/1063
f 865/865/865 1133/1133/1133 1137/1137/1137
f 1152/1152/1152 1136/1136/1136 1072/1072/1072
f 1072/1072/1072 1137/1137/1137 1132/1132/1132
f 1137/1137/1137 1136/1136/1136 1151/1151/1151
f 1184/1184/1184 1086/1086/1086 1087/1087/1087
f 1213/1213/1213 1216/1216/1216 1215/1215/1215
f 1155/1155/1155 1157/1157/1157 1079/1079/1079
f 1084/1084/1084 1155/1155/1155 1079/1079/1079
f 183/183/183 1140/1140/1140 900/900/900
f 1238/1238/1238 1236/1236/1236 1237/1237/1237
f 776/776/776 1141/1141/1141 774/774/774
f 1142/1142/1142 1141/1141/1141 764/764/764
f 968/968/968 1142/1142/1142 764/764/764
f 1148/1148/1148 1142/1142/1142 967/967/967
f 1145/1145/1145 1117/1117/1117 1122/1122/1122
f 1053/1053/1053 1059/1059/1059 1144/1144/1144
f 1145/1145/1145 1196/1196/1196 1143/1143/1143
f 1162/1162/1162 1159/1159/1159 1160/1160/1160
f 1122/1122/1122 1121/1121/1121 1145/1145/1145
f 1171/1171/1171 1170/1170/1170 1158/1158/1158
f 991/991/991 1146/1146/1146 1055/1055/1055
f 1143/1143/1143 1144/1144/1144 1146/1146/1146
f 1117/1117/1117 1147/1147/1147 1124/1124/1124
f 1146/1146/1146 1147/1147/1147 1143/1143/1143
f 1142/1142/1142 1148/1148/1148 1109/1109/1109
f 1008/1008/1008 1148/1148/1148 967/967/967
f 1060/1060/1060 1149/1149/1149 861/861/861
f 1169/1169/1169 1149/1149/1149 1134/1134/1134
f 1150/1150/1150 230/230/230 1153/1153/1153
f 1149/1149/1149 1150/1150/1150 1134/1134/1134
f 871/871/871 1151/1151/1151 866/866/866
f 1137/1137/1137 1151/1151/1151 865/865/865
f 1072/1072/1072 1165/1165/1165 1168/1168/1168
f 1134/1134/1134 1150/1150/1150 1153/1153/1153
f 230/230/230 866/866/866 1153/1153/1153
f 1153/1153/1153 866/866/866 1151/1151/1151
f 1218/1218/1218 1246/1246/1246 1173/1173/1173
f 1154/1154/1154 1243/1243/1243 1220/1220/1220
f 1156/1156/1156 1155/1155/1155 1084/1084/1084
f 1157/1157/1157 1155/1155/1155 1139/1139/1139
f 1219/1219/1219 1156/1156/1156 1084/1084/1084
f 1156/1156/1156 1154/1154/1154 1220/1220/1220
f 1140/1140/1140 1157/1157/1157 1139/1139/1139
f 1157/1157/1157 183/183/183 1082/1082/1082
f 1204/1204/1204 1199/1199/1199 1218/1218/1218
f 1177/1177/1177 1176/1176/1176 1172/1172/1172
f 1144/1144/1144 1143/1143/1143 1162/1162/1162
f 1072/1072/1072 1132/1132/1132 1163/1163/1163
f 1162/1162/1162 1160/1160/1160 1144/1144/1144
f 1161/1161/1161 1160/1160/1160 1159/1159/1159
f 1166/1166/1166 1161/1161/1161 1171/1171/1171
f 1053/1053/1053 1161/1161/1161 1132/1132/1132
f 1196/1196/1196 1121/1121/1121 1178/1178/1178
f 1159/1159/1159 1162/1162/1162 1170/1170/1170
f 1161/1161/1161 1159/1159/1159 1171/1171/1171
f 1172/1172/1172 1165/1165/1165 1166/1166/1166
f 1165/1165/1165 1172/1172/1172 1164/1164/1164
f 1182/1182/1182 1187/1187/1187 853/853/853
f 1166/1166/1166 1165/1165/1165 1163/1163/1163
f 1167/1167/1167 1165/1165/1165 1164/1164/1164
f 1166/1166/1166 1163/1163/1163 1161/1161/1161
f 1166/1166/1166 1158/1158/1158 1172/1172/1172
f 1164/1164/1164 1176/1176/1176 1180/1180/1180
f 853/853/853 1149/1149/1149 1169/1169/1169
f 1072/1072/1072 1168/1168/1168 1152/1152/1152
f 1169/1169/1169 1167/1167/1167 853/853/853
f 1134/1134/1134 1168/1168/1168 1169/1169/1169
f 1167/1167/1167 1169/1169/1169 1168/1168/1168
f 1162/1162/1162 1178/1178/1178 1170/1170/1170
f 1178/1178/1178 1200/1200/1200 1206/1206/1206
f 1170/1170/1170 1171/1171/1171 1159/1159/1159
f 1158/1158/1158 1166/1166/1166 1171/1171/1171
f 1175/1175/1175 1172/1172/1172 1158/1158/1158
f 1176/1176/1176 1164/1164/1164 1172/1172/1172
f 1206/1206/1206 1200/1200/1200 1197/1197/1197
f 1189/1189/1189 1190/1190/1190 1245/1245/1245
f 1191/1191/1191 1189/1189/1189 1247/1247/1247
f 1181/1181/1181 1192/1192/1192 1179/1179/1179
f 1205/1205/1205 1199/1199/1199 1204/1204/1204
f 1190/1190/1190 1189/1189/1189 1195/1195/1195
f 1177/1177/1177 1172/1172/1172 1175/1175/1175
f 1174/1174/1174 1181/1181/1181 1180/1180/1180
f 1177/1177/1177 1175/1175/1175 1204/1204/1204
f 1174/1174/1174 1176/1176/1176 1177/1177/1177
f 1196/1196/1196 1178/1178/1178 1162/1162/1162
f 1121/1121/1121 1200/1200/1200 1178/1178/1178
f 1179/1179/1179 1180/1180/1180 1181/1181/1181
f 1194/1194/1194 1198/1198/1198 1187/1187/1187
f 1174/1174/1174 1180/1180/1180 1176/1176/1176
f 1180/1180/1180 1179/1179/1179 1182/1182/1182
f 1188/1188/1188 1181/1181/1181 1174/1174/1174
f 1193/1193/1193 1192/1192/1192 1181/1181/1181
f 1187/1187/1187 1182/1182/1182 1179/1179/1179
f 853/853/853 1167/1167/1167 1182/1182/1182
f 1190/1190/1190 1174/1174/1174 1177/1177/1177
f 1184/1184/1184 1087/1087/1087 830/830/830
f 1184/1184/1184 1183/1183/1183 1195/1195/1195
f 1093/1093/1093 1191/1191/1191 1083/1083/1083
f 830/830/830 844/844/844 1221/1221/1221
f 1194/1194/1194 180/180/180 1198/1198/1198
f 1167/1167/1167 1164/1164/1164 1186/1186/1186
f 1180/1180/1180 1186/1186/1186 1164/1164/1164
f 1187/1187/1187 1179/1179/1179 1194/1194/1194
f 1187/1187/1187 1063/1063/1063 1135/1135/1135
f 1174/1174/1174 1190/1190/1190 1195/1195/1195
f 1193/1193/1193 1188/1188/1188 1183/1183/1183
f 1174/1174/1174 1195/1195/1195 1188/1188/1188
f 1246/1246/1246 1245/1245/1245 1173/1173/1173
f 1177/1177/1177 1173/1173/1173 1190/1190/1190
f 1245/1245/1245 1190/1190/1190 1173/1173/1173
f 1086/1086/1086 1184/1184/1184 1191/1191/1191
f 1189/1189/1189 1191/1191/1191 1184/1184/1184
f 1181/1181/1181 1188/1188/1188 1193/1193/1193
f 1194/1194/1194 1192/1192/1192 1185/1185/1185
f 830/830/830 1193/1193/1193 1183/1183/1183
f 1185/1185/1185 1192/1192/1192 1193/1193/1193
f 1192/1192/1192 1194/1194/1194 1179/1179/1179
f 1226/1226/1226 1194/1194/1194 1185/1185/1185
f 1184/1184/1184 1195/1195/1195 1189/1189/1189
f 1188/1188/1188 1195/1195/1195 1183/1183/1183
f 1143/1143/1143 1196/1196/1196 1162/1162/1162
f 1121/1121/1121 1196/1196/1196 1145/1145/1145
f 1202/1202/1202 976/976/976 980/980/980
f 1210/1210/1210 1201/1201/1201 1212/1212/1212
f 1067/1067/1067 1198/1198/1198 180/180/180
f 1187/1187/1187 1198/1198/1198 1063/1063/1063
f 1175/1175/1175 1158/1158/1158 1205/1205/1205
f 1230/1230/1230 1218/1218/1218 1199/1199/1199
f 1123/1123/1123 1203/1203/1203 1121/1121/1121
f 1206/1206/1206 1197/1197/1197 1199/1199/1199
f 1214/1214/1214 977/977/977 1217/1217/1217
f 1209/1209/1209 1210/1210/1210 1200/1200/1200
f 980/980/980 977/977/977 1202/1202/1202
f 1214/1214/1214 1212/1212/1212 1201/1201/1201
f 1203/1203/1203 1201/1201/1201 1209/1209/1209
f 976/976/976 1203/1203/1203 1123/1123/1123
f 1177/1177/1177 1204/1204/1204 1173/1173/1173
f 1205/1205/1205 1204/1204/1204 1175/1175/1175
f 1170/1170/1170 1207/1207/1207 1158/1158/1158
f 1178/1178/1178 1206/1206/1206 1207/1207/1207
f 1199/1199/1199 1205/1205/1205 1206/1206/1206
f 1206/1206/1206 1205/1205/1205 1207/1207/1207
f 1158/1158/1158 1207/1207/1207 1205/1205/1205
f 1178/1178/1178 1207/1207/1207 1170/1170/1170
f 1212/1212/1212 1229/1229/1229 1210/1210/1210
f 1243/1243/1243 1138/1138/1138 1220/1220/1220
f 1203/1203/1203 1209/1209/1209 1121/1121/1121
f 1210/1210/1210 1209/1209/1209 1201/1201/1201
f 1202/1202/1202 977/977/977 1214/1214/1214
f 1200/1200/1200 1210/1210/1210 1197/1197/1197
f 690/690/690 1215/1215/1215 682/682/682
f 1197/1197/1197 1210/1210/1210 1229/1229/1229
f 1214/1214/1214 1201/1201/1201 1202/1202/1202
f 1211/1211/1211 1234/1234/1234 1212/1212/1212
f 631/631/631 1240/1240/1240 1241/1241/1241
f 1234/1234/1234 1231/1231/1231 1229/1229/1229
f 977/977/977 978/978/978 1217/1217/1217
f 1211/1211/1211 1212/1212/1212 1214/1214/1214
f 669/669/669 1215/1215/1215 690/690/690
f 1213/1213/1213 1235/1235/1235 1216/1216/1216
f 1217/1217/1217 1211/1211/1211 1214/1214/1214
f 682/682/682 1215/1215/1215 1216/1216/1216
f 1217/1217/1217 978/978/978 692/692/692
f 1217/1217/1217 1216/1216/1216 1211/1211/1211
f 1230/1230/1230 1199/1199/1199 1197/1197/1197
f 1218/1218/1218 1208/1208/1208 1246/1246/1246
f 1093/1093/1093 1219/1219/1219 1084/1084/1084
f 1244/1244/1244 1219/1219/1219 1083/1083/1083
f 1238/1238/1238 1220/1220/1220 1138/1138/1138
f 1156/1156/1156 1220/1220/1220 1139/1139/1139
f 834/834/834 1222/1222/1222 1227/1227/1227
f 1185/1185/1185 1221/1221/1221 1226/1226/1226
f 828/828/828 1223/1223/1223 826/826/826
f 1222/1222/1222 1225/1225/1225 1226/1226/1226
f 828/828/828 825/825/825 1223/1223/1223
f 825/825/825 847/847/847 1224/1224/1224
f 1068/1068/1068 1225/1225/1225 846/846/846
f 825/825/825 1224/1224/1224 1223/1223/1223
f 180/180/180 1194/1194/1194 1226/1226/1226
f 1223/1223/1223 1225/1225/1225 1222/1222/1222
f 1226/1226/1226 1221/1221/1221 1227/1227/1227
f 1225/1225/1225 180/180/180 1226/1226/1226
f 834/834/834 1227/1227/1227 832/832/832
f 1226/1226/1226 1227/1227/1227 1222/1222/1222
f 1244/1244/1244 1154/1154/1154 1219/1219/1219
f 1232/1232/1232 1230/1230/1230 1229/1229/1229
f 1235/1235/1235 1231/1231/1231 1234/1234/1234
f 1230/1230/1230 1232/1232/1232 1208/1208/1208
f 1218/1218/1218 1230/1230/1230 1208/1208/1208
f 1197/1197/1197 1229/1229/1229 1230/1230/1230
f 1231/1231/1231 1235/1235/1235 1239/1239/1239
f 1233/1233/1233 1228/1228/1228 1232/1232/1232
f 1229/1229/1229 1231/1231/1231 1232/1232/1232
f 1233/1233/1233 1138/1138/1138 1243/1243/1243
f 1232/1232/1232 1231/1231/1231 1233/1233/1233
f 1233/1233/1233 1231/1231/1231 1239/1239/1239
f 1212/1212/1212 1234/1234/1234 1229/1229/1229
f 1235/1235/1235 1234/1234/1234 1211/1211/1211
f 1216/1216/1216 1235/1235/1235 1211/1211/1211
f 1239/1239/1239 1235/1235/1235 1213/1213/1213
f 1241/1241/1241 1213/1213/1213 669/669/669
f 1242/1242/1242 1237/1237/1237 1240/1240/1240
f 1139/1139/1139 1237/1237/1237 1140/1140/1140
f 1240/1240/1240 1237/1237/1237 1236/1236/1236
f 1236/1236/1236 1238/1238/1238 1138/1138/1138
f 1139/1139/1139 1238/1238/1238 1237/1237/1237
f 1241/1241/1241 1239/1239/1239 1213/1213/1213
f 1233/1233/1233 1239/1239/1239 1236/1236/1236
f 1241/1241/1241 1240/1240/1240 1236/1236/1236
f 1242/1242/1242 1240/1240/1240 631/631/631
f 1241/1241/1241 1236/1236/1236 1239/1239/1239
f 1241/1241/1241 669/669/669 673/673/673
f 1242/1242/1242 631/631/631 674/674/674
f 685/685/685 1237/1237/1237 1242/1242/1242
f 1244/1244/1244 1243/1243/1243 1154/1154/1154
f 1233/1233/1233 1243/1243/1243 1228/1228/1228
f 1083/1083/1083 1191/1191/1191 1247/1247/1247
f 1243/1243/1243 1244/1244/1244 1228/1228/1228
f 1228/1228/1228 1244/1244/1244 1245/1245/1245
f 1244/1244/1244 1083/1083/1083 1247/1247/1247
f 1232/1232/1232 1246/1246/1246 1208/1208/1208
f 1228/1228/1228 1245/1245/1245 1246/1246/1246
f 1189/1189/1189 1245/1245/1245 1247/1247/1247
f 1244/1244/1244 1247/1247/1247 1245/1245/1245
v 22.772856 878.421692 4.870091
v -3.293253 874.949158 1.463737
v -34.807541 883.376099 -4.370953
v -78.090950 892.031250 -5.720192
v -133.948746 907.112000 2.219730
v -181.099152 928.537415 9.239697
v -185.336456 953.908386 0.287660
v -194.798111 971.266968 -22.580847
v -204.874847 987.743591 -41.675678
v -213.677017 1003.909546 -57.884182
v -220.479675 1020.475647 -71.703880
v -224.535706 1039.312500 -82.167389
v -225.034149 1060.480225 -85.213844
v -224.967712 1080.183350 -74.748993
v -227.073181 1092.780762 -55.561085
v -232.370102 1099.513672 -32.421257
v -236.522690 1106.033081 -5.960151
v -214.250839 1108.852905 5.574860
v -190.690689 1106.076294 12.610355
v -193.656082 1129.500488 7.234457
v -172.632996 1123.198608 -0.603106
v -161.715012 1103.863159 -8.156888
v -159.720139 1126.513306 0.103223
v -171.700714 1145.441528 9.530535
v -167.741699 1167.438232 -0.177500
v -153.316864 1185.332886 7.032170
v -150.297043 1208.935425 10.089490
v -167.470337 1223.968506 16.820366
v -184.303925 1237.750000 7.497421
v -204.851379 1234.447388 -4.844892
v -206.018555 1258.146118 -11.038224
v -188.076157 1272.417114 -2.055311
v -180.498016 1295.725098 -2.277097
v -175.167236 1319.548828 -4.044819
v -187.588699 1335.867920 -17.628542
v -196.427338 1353.226929 -32.558048
v -204.325394 1369.646240 -49.140755
v -224.408966 1383.793213 -45.397026
v -234.265884 1406.083984 -52.211521
v -246.225800 1427.630005 -59.012417
v -259.759705 1449.930786 -64.736534
v -274.813354 1472.868042 -69.256767
v -267.278717 1494.413574 -61.451336
v -252.962723 1493.413696 -81.861755
v -232.843430 1493.269043 -96.850624
v -211.273529 1495.041138 -109.023972
v -187.180069 1496.770996 -116.686440
v -163.249161 1498.913452 -124.240456
v -139.261505 1501.436890 -131.678528
v -115.296532 1504.480957 -138.800308
v -90.674835 1507.956543 -142.322250
v -65.939064 1511.880737 -140.956894
v -41.267101 1516.185791 -139.493149
v -16.619207 1520.773071 -138.129700
v 8.083321 1525.751953 -137.018936
v 32.627022 1531.047974 -135.883606
v 57.224854 1536.736084 -134.973251
v 81.731049 1542.910889 -134.129501
v 105.583710 1548.376709 -128.495132
v 128.419846 1553.465088 -118.753227
v 150.127380 1558.919800 -106.534660
v 169.065796 1563.882080 -90.636757
v 185.960648 1569.412354 -71.873650
v 200.269089 1576.970337 -52.091114
v 203.124771 1579.452515 -26.311588
v 188.235229 1573.427979 -7.094692
v 205.152405 1559.099365 2.390919
v 199.423141 1531.886475 -0.099727
v 194.705460 1505.354248 -0.982482
v 191.350815 1479.140015 0.220724
v 187.980179 1453.297485 2.053498
v 184.982071 1427.236450 3.130456
v 178.103104 1403.768066 2.274417
v 186.305023 1380.749268 5.322505
v 189.439713 1356.317139 6.936910
v 190.240616 1331.656128 8.347150
v 190.434128 1307.000854 9.525689
v 188.211487 1282.450195 10.236343
v 172.042160 1263.919434 10.879591
v 186.762589 1244.930420 16.670946
v 191.965454 1221.244629 20.749529
v 181.282181 1199.240601 21.471300
v 162.543884 1208.686890 7.871805
v 158.021698 1185.175049 2.641671
v 173.201889 1165.756836 -0.619537
v 155.324722 1170.056030 15.094745
v 158.236740 1146.574707 14.464125
v 174.759460 1129.787720 9.989417
v 194.921082 1142.577637 6.606719
v 218.800385 1142.102661 2.118343
v 239.669601 1130.204468 -3.583091
v 264.460297 1135.772949 -9.236959
v 268.123077 1122.889404 -22.471985
v 270.019257 1110.834473 -33.967648
v 270.867889 1100.980591 -47.053188
v 269.999268 1085.110107 -54.021671
v 265.683960 1069.174561 -52.764534
v 254.992432 1055.095459 -45.585323
v 246.716690 1038.734497 -40.079258
v 242.148087 1017.544617 -40.289677
v 232.904083 997.349365 -30.250443
v 215.229401 981.101257 -11.049228
v 192.082428 960.391418 -7.749791
v 178.902069 938.866821 -4.010899
v 181.309830 916.097717 -2.951147
v 103.088547 893.648254 4.942414
v 54.199257 880.476440 2.355581
v 105.365089 1127.003296 -89.751442
v 19.209606 928.382080 -120.386688
v -100.227890 1108.403198 -89.057899
v 182.477249 1126.020142 -62.226517
v 132.367203 1034.866089 -107.299736
v 133.156525 959.476868 -99.683907
v 55.292831 885.314514 -93.818092
v -44.142170 891.753418 -95.558731
v -156.818024 1069.881470 -61.727161
v 222.962494 1116.946167 -42.641129
v 191.383224 1070.270996 -77.812859
v 182.333969 1010.328003 -80.832146
v 164.134430 947.056580 -58.669338
v 53.850388 865.117310 -83.405754
v -5.488131 880.245361 -52.785275
v -103.092476 879.238586 -92.390274
v -99.801186 988.430786 -123.916328
v -191.909256 1071.691162 -59.982395
v 246.274155 1114.285400 -31.776947
v 230.964981 1072.817505 -70.874794
v 217.847595 1034.826660 -68.491035
v 201.366837 994.757507 -57.013145
v 177.648804 946.639832 -29.239100
v 158.094345 923.502747 -59.191818
v 193.021591 970.959473 -40.810478
v -6.800861 877.140930 -22.797714
v 8.993473 876.026855 -43.314320
v -26.472290 873.662903 -69.242104
v -102.871071 892.412048 -39.422203
v -162.129440 915.258484 -52.227795
v -148.152802 958.156372 -85.230034
v -158.176559 1021.439148 -100.716568
v -208.242218 1083.009399 -63.838161
v 233.331589 1097.301270 -47.814049
v 232.321228 1132.282104 -24.853794
v 252.335083 1074.619629 -62.485302
v 242.771957 1088.683105 -60.089447
v 237.082809 1054.853882 -67.238823
v 236.090820 1041.411743 -53.794193
v 217.654114 1019.840942 -54.506199
v 222.007904 1001.618164 -44.166058
v 173.580353 925.357849 -26.667528
v 118.974396 895.485168 -49.013691
v 199.516190 969.701233 -21.886915
v 212.888916 982.972473 -30.377972
v -166.987625 943.879639 -46.259487
v -178.785400 982.920044 -71.449348
v -191.199493 1022.469177 -89.646317
v -207.670395 1084.465942 -34.379414
v -195.561768 1062.924072 -84.976433
v 233.089310 1106.083984 -38.922916
v 253.901474 1102.613892 -42.500469
v 251.978180 1129.738037 -21.059374
v 234.148056 1123.645874 -33.093060
v 211.992111 1084.049316 -64.465553
v 107.827469 898.379333 -101.433372
v -174.724350 937.364136 -20.139811
v -180.548218 967.900574 -51.060757
v -196.501129 989.608276 -58.801929
v -195.065094 1003.970093 -76.964912
v -209.391144 1025.920044 -82.867737
v -203.403122 1043.971436 -89.237564
v -215.247055 1087.315552 -47.506462
v -219.649796 1095.405151 -18.368778
v -212.057312 1068.884521 -81.587807
v 87.988441 876.972351 -93.678200
v -176.565460 1042.837280 -93.796150
v -183.609039 1108.282471 -30.489447
v -193.149170 1089.938843 -17.806492
v 108.707138 1374.828613 -127.987633
v 187.233582 1515.007690 -61.468113
v 203.814697 1568.843994 -11.869628
v -73.509834 1330.447144 -120.867035
v -183.497162 1414.288086 -109.291969
v -241.774231 1458.704834 -93.836449
v -264.498444 1483.559326 -75.927582
v -252.122467 1476.202515 -91.111336
v -258.022186 1461.906006 -81.032104
v 85.858170 1193.477417 -103.222382
v 122.222786 1161.799927 -62.037407
v -132.838364 1126.269165 -65.181976
v 182.466629 1128.817871 -21.793310
v 168.346603 970.921326 -72.550140
v 20.555317 880.058289 -72.869347
v -6.356498 889.241760 -83.096596
v 27.315186 871.215393 -69.222214
v -14.444488 908.737000 -109.291679
v -59.105877 880.058044 -91.374260
v -123.120346 928.106873 -103.624413
v -94.504654 903.633850 -108.696648
v -57.320366 942.529541 -128.729294
v -84.400658 925.580200 -121.097351
v -106.510681 957.165344 -119.457535
v -45.338764 922.008911 -119.031502
v -105.741493 939.750916 -117.504494
v -130.856781 945.007141 -98.879562
v -147.230698 934.349609 -76.817108
v -14.760647 942.772766 -126.478142
v -59.753738 905.538757 -111.442345
v -139.171341 915.690918 -85.463959
v 218.186417 1125.814087 -16.470556
v 203.688416 1050.068115 -83.686951
v 197.706268 1008.052612 -66.200172
v 175.669800 991.441772 -76.173897
v 136.240433 998.880615 -105.438522
v 159.417542 998.722412 -91.790688
v 141.801605 980.476196 -98.115768
v 155.653122 1021.338501 -99.656105
v 211.076096 1072.916992 -72.988449
v 174.476929 1094.142212 -65.053284
v 64.704491 913.168213 -116.971199
v 137.151489 928.701172 -89.545914
v -166.633362 967.351990 -70.187897
v -170.458969 1003.630493 -91.564331
v -175.175873 1026.629883 -94.526100
v -171.661163 1060.764893 -78.494438
v -198.606522 1111.006104 -11.121635
v -178.707047 1115.100464 -35.974705
v -168.906754 1083.079102 -35.856579
v 37.840210 1425.686157 -140.330750
v 132.988754 1463.213135 -134.983795
v 174.873123 1410.541138 -85.630798
v 153.715317 1284.715088 -92.893501
v 183.469437 1535.896851 -87.097656
v 193.542175 1517.883179 -30.063969
v 199.775726 1544.407959 -23.689886
v 182.664780 1465.398560 -48.256145
v -159.004959 1319.924561 -94.744926
v -87.889610 1418.132324 -138.931442
v -99.306137 1226.594482 -105.790382
v -223.072937 1411.522949 -93.095428
v -194.382187 1455.262329 -115.280746
v -221.856461 1470.210571 -106.857719
v -241.672409 1435.562988 -83.084351
v 143.133560 1210.153931 -55.090908
v 150.756531 1163.474365 -22.450684
v -155.003815 1139.141602 -33.835266
v 181.429489 1131.683594 -20.275919
v 175.000183 962.263977 -57.761532
v 25.649786 900.365356 -102.008080
v -10.797635 925.832336 -119.283081
v -27.111530 1000.389648 -135.351196
v 230.244370 1135.494629 -14.120501
v 198.167709 1134.854126 -37.797314
v 221.744888 1059.424072 -76.402405
v 192.250565 1030.789062 -82.789101
v 174.062424 1020.823486 -89.725288
v 54.660583 994.135620 -136.227646
v 97.072754 979.247498 -125.651794
v 120.125000 983.872925 -112.784126
v 132.734467 1016.418213 -108.916946
v 88.367172 1024.519165 -125.285583
v 111.793907 1024.417358 -116.224342
v 103.522621 1001.671143 -121.428406
v 80.708405 994.297852 -132.058365
v 70.147842 1011.948547 -133.466568
v 20.087427 1028.059204 -132.813477
v 41.360912 1015.098145 -135.483795
v 163.756729 1050.268188 -92.652504
v 182.018723 1042.381592 -91.437019
v 201.651505 1099.437622 -51.827351
v 188.926483 1081.919067 -65.550095
v 76.044540 897.533203 -107.190384
v 102.917503 922.646484 -114.159042
v 76.889908 948.785522 -129.345169
v 123.413292 940.900513 -105.743004
v 79.604897 930.212891 -123.738731
v 147.239609 948.841309 -83.159126
v -135.013779 995.150513 -107.174103
v -180.663254 1057.666992 -88.776764
v -185.662933 1068.966919 -75.767830
v -174.356461 1062.103149 -57.833832
v -184.961090 1073.484863 -41.777924
v -168.314072 1074.527710 -49.670788
v -183.921906 1081.409546 -28.144283
v -206.396088 1096.124268 -7.569852
v -171.292130 1110.681396 -8.193003
v -189.091309 1125.738770 -16.706944
v 30.177546 1478.229248 -143.506973
v 103.981903 1500.225586 -141.973541
v 151.177994 1511.494995 -124.689911
v 175.105377 1415.566895 -39.682430
v 179.759750 1339.242310 -58.166351
v 177.557800 1266.285156 -45.682190
v 185.280045 1555.204712 -87.323769
v 194.392029 1550.962524 -62.381886
v 167.768646 1539.810913 -106.895882
v 195.906403 1518.322510 -12.707746
v 190.323959 1492.737671 -23.188095
v 201.637985 1544.142334 -7.715601
v 194.031570 1533.554932 -45.361412
v 189.705017 1532.736816 -63.494617
v 200.113541 1554.276367 -42.108353
v -187.593262 1325.337769 -60.757408
v -142.812927 1270.888184 -55.339642
v -96.386322 1462.873413 -144.121826
v -149.956528 1219.822510 -58.943638
v -232.727112 1414.392944 -72.838600
v -233.152527 1421.890625 -85.261742
v -217.431030 1386.900757 -75.223137
v -225.512207 1399.623535 -65.962105
v -198.076538 1477.322876 -114.846962
v -167.933914 1468.659424 -124.267487
v -206.816528 1465.611084 -111.812126
v -184.256500 1467.261841 -119.058258
v -237.126434 1477.468506 -100.004990
v -222.908615 1485.398682 -105.287094
v -248.809036 1437.467651 -69.791496
v 164.764175 1213.303223 -13.706895
v 168.618347 1161.173096 -3.492096
v 170.748596 1171.682129 -28.475796
v -156.413315 1132.571045 -29.020267
v -153.890320 1159.832520 -12.605086
v 185.137375 1131.843506 -3.144830
v 35.097450 914.543945 -114.394226
v -32.065815 970.507507 -133.383438
v 213.379120 1137.260742 -27.552885
v 200.752060 1122.800659 -24.442627
v 198.707214 1144.771606 -20.326303
v 30.255394 962.631287 -131.667404
v 8.752021 1000.192139 -135.159042
v 57.579559 1053.755493 -124.755157
v 64.983650 1033.993164 -130.364410
v 42.056717 1038.122070 -130.700958
v 152.370926 1037.011230 -100.897186
v 215.404068 1091.841553 -53.478924
v 185.195587 1108.699707 -60.888428
v 201.595505 1119.171997 -52.748623
v -152.236481 1004.388550 -100.760490
v -183.934723 1107.847656 -15.553687
v -180.128876 1117.306885 6.159249
v -179.080154 1115.298340 -20.049450
v 25.420673 1505.090088 -141.684235
v -20.354900 1471.566162 -143.678253
v 99.376724 1524.949829 -137.484299
v 184.138611 1417.390259 -17.528868
v 181.126114 1342.169312 -23.491180
v 183.654419 1292.703125 -21.731800
v 176.946106 1244.993774 -17.593157
v 198.773132 1566.124756 -64.383560
v 163.555328 1553.825439 -102.006798
v 145.902954 1537.024780 -118.996056
v 192.208542 1492.437500 -8.377191
v 187.042664 1467.481445 -20.563660
v 187.729309 1498.900146 -45.548958
v 206.596344 1570.404297 -37.944019
v -197.239716 1331.555298 -39.973389
v -171.413559 1284.403809 -33.828636
v -100.401169 1486.304443 -143.699005
v -169.920166 1211.943359 -23.397099
v -222.358459 1368.140015 -62.492989
v -174.257370 1485.287964 -121.924728
v -149.211624 1480.853149 -130.063507
v 175.491592 1212.440430 4.223722
v 162.931992 1159.562866 9.862406
v 160.207230 1138.766968 -8.670065
v 156.133514 1181.526611 -7.832913
v 160.020920 1197.164185 -21.691998
v -158.373138 1122.109985 -14.721745
v -175.063644 1116.822144 -35.144833
v -164.551300 1110.843994 -23.852318
v -173.816025 1142.981567 -13.084793
v -157.697800 1154.673462 3.740379
v -170.598465 1177.530029 -8.609646
v -34.542385 953.420227 -130.118576
v 204.923981 1146.329102 -5.274126
v 14.090980 946.236633 -127.387871
v -1.822977 965.088257 -131.963684
v 44.994663 946.245178 -128.378250
v -9.318051 983.934998 -134.534500
v 19.393225 982.000183 -134.276886
v 29.762897 999.124512 -135.632172
v 22.259726 1519.740234 -138.453094
v 49.739998 1513.367920 -140.360474
v -0.025810 1502.511963 -142.114609
v -48.738682 1485.888184 -144.144409
v 95.812462 1538.712402 -134.133392
v 126.004929 1518.275269 -132.747253
v 178.931244 1385.515625 -25.623171
v 188.638809 1343.412109 -6.395884
v 185.901688 1318.026123 -13.407022
v 184.854950 1364.380249 -16.700245
v 191.923294 1294.152466 -4.516374
v 187.045380 1268.690308 -11.302098
v 175.903137 1247.993774 1.202708
v 192.617523 1229.630615 -2.415661
v 158.267441 1526.856079 -116.778557
v 184.332367 1442.390137 -18.702888
v 186.416794 1478.707520 -35.404259
v 179.910080 1483.044556 -75.657089
v 203.233063 1559.753052 -25.383230
v -174.733002 1308.634155 -35.524273
v -173.543579 1281.395630 -13.929976
v -162.704086 1302.231934 -16.006472
v -183.227432 1259.411743 -27.897028
v -182.130661 1268.655273 -15.729399
v -168.380783 1211.144775 -1.348410
v -164.104218 1238.213379 -12.807763
v -152.417984 1194.990112 -15.457962
v -170.595612 1223.362671 -12.285141
v -153.495087 1207.804443 -5.541991
v -191.618454 1356.100830 -91.646660
v -205.035645 1346.552612 -62.424526
v -124.731186 1481.641602 -137.690140
v 167.883087 1144.516968 -35.481865
v 167.577332 1153.773560 -18.255287
v 165.512253 1171.718872 -19.220953
v 153.014542 1184.197021 -42.703865
v 162.683365 1190.184448 -24.627098
v 179.971420 1187.722290 -9.638848
v 155.549454 1198.994873 -5.388471
v 185.059250 1196.875244 -15.012222
v 172.517471 1201.321899 -4.484372
v -184.558624 1126.995117 -31.284960
v -165.820938 1138.938232 -61.916943
v -173.418808 1123.224365 -17.792702
v -172.244827 1135.509521 -0.417071
v -157.697449 1146.438477 -19.981852
v -171.787399 1141.003662 -29.640560
v -165.736237 1147.701294 -46.278309
v -136.946243 1147.249756 -49.052532
v -156.807465 1176.986084 -3.792229
v 41.960419 1494.857666 -142.468155
v 73.126266 1494.548218 -143.570175
v 57.945583 1499.846924 -142.238266
v 74.706841 1519.223633 -139.487030
v 13.683160 1488.648560 -143.040024
v 6.231913 1460.406738 -143.354233
v -5.322830 1484.090576 -143.353333
v -26.445635 1493.647095 -143.325394
v -51.658218 1502.591064 -142.264313
v -74.631950 1478.175415 -144.830170
v -67.735840 1494.508911 -143.730362
v 110.878227 1514.735962 -137.776703
v 115.867905 1533.238159 -131.222702
v 140.883774 1522.389893 -126.240219
v 178.399689 1403.435669 -26.906233
v 186.440643 1395.364746 -11.734026
v 186.977051 1379.135742 -10.668222
v 191.292969 1319.060425 0.504366
v 179.273544 1313.958740 -42.357689
v 179.017258 1361.302612 -41.890320
v 181.940994 1260.358276 -27.984949
v 179.704498 1277.941040 -31.701544
v 181.918610 1290.373535 -54.180214
v 180.153351 1272.781738 1.626147
v 193.399063 1232.734497 11.955341
v 176.984543 1223.990234 -7.753099
v 180.750183 1428.683228 -29.160378
v 178.464752 1438.669189 -53.276733
v 183.227036 1454.028076 -33.363747
v 184.130417 1496.885742 -63.092789
v 184.030640 1482.512329 -53.452755
v -182.502686 1319.306763 -22.378349
v -185.307404 1319.775757 -44.151131
v -152.746216 1299.133179 -37.828773
v -199.606979 1242.226074 -27.295149
v -167.710251 1235.804688 4.234403
v -184.604126 1228.187988 -13.734422
v -154.501495 1198.571045 -43.696999
v -163.348770 1192.360229 -3.972349
v -208.797302 1366.697510 -80.691238
v -197.897858 1335.063721 -55.174129
v -210.128174 1352.746094 -45.874798
v -110.280983 1472.972412 -141.836609
v 165.872879 1133.530151 -22.946735
v 173.489334 1187.666138 -23.936604
v 174.010315 1203.667114 -7.745245
v 178.331665 1189.753296 -50.128811
v 165.146545 1191.883301 -38.652782
v 181.644211 1191.365845 -32.040207
v 156.062195 1198.459961 -36.414112
v 186.000656 1200.360352 5.095983
v -163.180252 1128.087646 -45.834011
v -179.649384 1122.324463 -58.654095
v -156.574417 1117.495850 -81.597168
v -168.419281 1125.612183 -72.834358
v -150.977707 1128.116211 -63.459946
v -154.146698 1119.033569 -49.327274
v -169.302551 1117.813110 -48.900925
v 89.238159 1509.679810 -142.094864
v -27.155922 1509.145264 -140.747101
v -89.604782 1475.860840 -145.102356
v -51.114849 1448.270264 -142.947876
v -84.647499 1492.642944 -144.339798
v 130.499252 1538.379150 -124.568085
v 180.671677 1325.124878 -28.619934
v 178.681870 1337.963013 -40.597809
v 179.037643 1356.371948 -27.908493
v 171.434525 1371.510254 -78.691261
v 179.581360 1297.071045 -38.088089
v 172.944260 1267.472290 -75.018303
v 175.604156 1313.002319 -69.381966
v 175.772415 1416.768311 -63.010509
v 178.147324 1456.055542 -73.406418
v 180.598343 1470.609253 -65.329613
v 180.231812 1439.935181 -38.601208
v -164.653763 1296.461548 -28.935255
v -167.108109 1301.820312 -65.707458
v -175.373611 1309.027954 -52.693794
v -153.528671 1280.085693 -41.553078
v -146.170639 1294.137695 -60.520592
v -172.474838 1261.667603 -56.613255
v -168.433868 1274.586060 -46.992886
v -153.695023 1206.671997 -28.060669
v -163.718811 1217.783325 -42.876400
v -146.890564 1223.889526 -24.838379
v -152.003403 1181.597534 -32.609951
v -167.278046 1192.929932 -28.311834
v -144.913742 1160.179321 -36.017677
v -201.427155 1389.587280 -97.090393
v -200.313736 1352.187256 -77.677963
v -212.127457 1358.590088 -68.429886
v -134.682343 1441.784668 -132.569092
v -127.166023 1460.720093 -136.857819
v -109.259659 1441.195679 -140.155502
v -148.197372 1459.263062 -130.205475
v -111.434967 1457.088257 -141.167206
v -164.196472 1434.415649 -122.194038
v -175.874390 1450.094971 -120.649185
v -159.516373 1448.930664 -125.644676
v -184.004715 1433.341064 -115.583229
v -207.333725 1428.693481 -103.421730
v -217.596817 1448.641724 -106.969604
v -200.712708 1440.930542 -111.241684
v -226.029343 1436.427856 -95.866852
v -230.014175 1459.087280 -103.996986
v -57.107685 1467.467163 -144.111847
v -38.847073 1470.741699 -143.963089
v -74.885742 1451.732178 -143.569626
v 177.134857 1359.659668 -62.718525
v 176.368317 1388.463867 -54.660873
v 177.769745 1372.572144 -52.882172
v 180.661041 1273.905518 -60.658714
v 181.164627 1306.193237 -56.367447
v 179.798676 1453.456543 -58.295605
v 176.970612 1434.563477 -74.042290
v 165.904083 1444.041382 -116.805161
v 174.620697 1445.072876 -94.704971
v -159.348251 1296.901367 -52.479156
v -149.902328 1292.184326 -88.435104
v -186.825577 1246.811035 -46.245598
v -157.062805 1174.895874 -18.060997
v -152.160507 1152.319702 -49.334106
v -211.547592 1380.488647 -88.923836
v -120.051971 1411.016479 -130.303284
v -66.074318 1429.163208 -140.962006
v -91.893417 1445.491943 -143.148407
v 174.580093 1398.493652 -70.812462
v 175.391525 1404.759155 -52.082954
v 176.013702 1427.480469 -90.793495
v 172.582382 1473.930054 -106.927147
v 172.774872 1506.212524 -106.273537
v 179.987015 1504.948242 -83.964890
v -156.487656 1291.672363 -73.299171
v -163.404068 1305.684082 -83.523865
v -176.199326 1316.901611 -74.004555
v -185.269150 1335.864136 -83.017990
v -128.149765 1284.978394 -74.053261
v -153.675766 1224.485840 -72.604652
v -121.255280 1428.658936 -134.753983
v -104.334869 1424.550415 -138.302277
v -15.327605 1406.168213 -137.335373
v -81.998756 1432.674194 -141.627121
v 176.135941 1467.810913 -88.541687
v 172.142670 1456.932007 -106.093918
v 176.444229 1487.578735 -92.825592
v 178.822952 1518.569092 -93.158691
v 174.506744 1524.077393 -110.403618
v -166.785492 1346.197021 -100.726051
v -173.313736 1325.253906 -88.033737
v -135.501450 1283.432617 -60.612560
v -172.501480 1238.380615 -65.254303
v -37.850060 1423.192017 -139.794296
v -180.305756 1345.621094 -93.556129
v -152.780838 1256.536499 -75.949684
v -162.742340 1223.386108 -47.191109
v -50.439796 1432.606934 -141.373093
v -160.707245 1239.993286 -80.634201
v -127.638672 1247.935059 -108.121017
v -142.659073 1230.128418 -95.291344
v -167.216553 1253.265381 -69.076393
v -165.581818 1225.131592 -62.644966
v -162.482620 1231.395752 -30.241121
v -181.687241 1227.452393 -38.603802
v -142.783432 1251.205566 -93.708649
v -126.320183 1259.429199 -75.832817
v -122.117142 1226.429321 -104.994949
v -189.592392 1231.946533 -27.097874
v -139.818069 1259.430176 -66.248009
v -90.992012 1277.044800 -105.453148
v -111.915314 1218.522583 -67.028275
v -109.335472 1280.017944 -90.105049
v -130.957520 1230.204468 -74.793457
v -110.169388 1226.018921 -86.881622
v -117.336845 1273.339600 -77.206001
v -127.894241 1227.845947 -90.200249
v -128.007675 1227.762207 -49.695713
v -132.404190 1223.365845 -71.711754
v -121.050011 1184.411011 -96.900169
v -126.806541 1166.341431 -66.274406
v -142.064423 1154.605469 -65.744110
v -139.473373 1180.771606 -56.779144
v -120.992943 1144.778198 -70.160042
v -108.304451 1192.626343 -95.314819
v -137.305344 1188.723267 -66.153625
v -117.345268 1215.533813 -91.032005
v -142.806076 1206.828735 -71.595345
v -88.707436 1210.401001 -86.041046
v -125.979813 1198.756226 -81.654320
v -157.646271 1194.548584 -64.274895
v -98.610611 1219.581055 -76.887848
v -118.641571 1178.682861 -74.842888
v -153.221115 1177.128906 -69.052895
v -160.539856 1180.430542 -50.648079
v -160.336853 1207.972290 -55.380688
v -141.178055 1216.118896 -41.729286
v -146.570297 1232.791870 -49.827667
v -141.795425 1175.032715 -42.165604
v -128.856293 1139.576050 -58.987671
v -123.991486 1159.365356 -88.852089
v -102.047005 1208.682129 -97.222343
v -137.915543 1172.218750 -86.118301
v -108.879242 1193.951538 -77.419037
v -141.133453 1226.173462 -63.411030
v -117.499374 1158.481201 -75.533241
v -120.726379 1175.405029 -82.126450
v -133.459839 1179.131104 -71.611893
v -134.407959 1043.770874 -89.790024
v -153.690872 1043.911987 -99.093201
v -153.457306 1049.591431 -77.373169
v 175.071976 1118.553101 -44.601612
v 184.524734 1131.837769 -48.085590
v 137.970596 1122.783325 -66.277008
v 159.299530 1127.335815 -54.900684
v 159.932297 1120.540161 -59.825008
v 159.828003 1114.673584 -75.057236
v 143.175674 1128.050903 -45.686459
v 152.482483 1127.549805 -71.384575
v 131.843399 1114.996338 -88.689659
v 165.482895 1130.477173 -33.324604
v 179.073807 1131.180054 -47.575706
v 116.332802 1139.521118 -84.092979
v 144.417816 1089.418945 -80.364388
v 163.678894 1073.852661 -77.631302
v 188.755417 1136.689819 -35.193943
v 138.993866 1132.548950 -72.775520
v 158.096710 1098.834106 -72.967003
v 172.908707 1063.376465 -84.431564
v 145.979309 1126.273804 -59.715714
v 130.273102 1139.524658 -57.650208
v 116.694946 1129.645996 -71.235733
v 130.625427 1127.568359 -79.440849
v 98.269630 1147.331299 -76.949181
v 117.151352 1145.800415 -67.923157
v 129.301880 1154.020386 -84.519020
v 149.257858 1152.757935 -64.508530
v 165.499863 1145.406372 -54.469044
v 147.668671 1152.142944 -42.472630
v 135.986511 1155.117554 -54.442749
v 133.513367 1177.334839 -50.761242
v 143.043060 1168.449585 -38.102139
v 21.641607 1132.047363 -107.757454
v 80.274948 1132.754028 -128.943466
v 130.674606 1139.377441 -85.824013
v 142.919785 1146.583374 -77.574600
v 141.788910 1166.005005 -102.802490
v 161.903854 1158.322510 -65.008957
v 62.288960 1130.633667 -94.121788
v 89.239471 1167.156128 -104.947876
v 149.448914 1165.999756 -51.346077
v 132.708527 1158.663208 -76.028458
v 167.464584 1161.394653 -45.675724
v 145.403122 1158.688477 -65.731232
v 151.011597 1156.385986 -86.190361
v 174.712204 1172.415527 -58.849106
v 156.378922 1191.259888 -80.117500
v 164.734467 1174.008545 -76.166527
v 156.925613 1186.276733 -57.552219
v 152.326965 1175.497314 -90.073524
v 120.278587 1184.979248 -89.151253
v 139.253067 1189.447632 -89.369370
v 130.788025 1197.815186 -62.497150
v 141.319687 1188.082275 -72.117447
v 145.760666 1192.599243 -55.687782
v 159.182068 1203.516968 -56.938721
v 84.038925 1130.897949 -85.443527
v 111.395058 1157.383179 -99.549873
v 132.558411 1173.776978 -67.408028
v 81.907936 1135.017090 -98.546127
v 111.932198 1169.314331 -91.351562
v 96.135071 1147.399902 -108.244873
v 87.358261 1152.171631 -92.341499
v 100.628624 1141.274414 -92.224518
v 70.423012 1145.017456 -87.555763
v 98.097679 1163.805054 -92.302269
v 113.789459 1158.160400 -76.537842
v 107.074295 959.647644 -119.345688
v -122.955185 974.727783 -109.892509
v -103.986900 972.819885 -121.792122
v -67.472282 980.305786 -134.697311
v -59.734665 962.609985 -133.283035
v -83.035728 951.364441 -128.416245
v -150.700882 979.627197 -92.760696
v -168.266708 988.780090 -85.252449
v 63.810478 971.802612 -134.381897
v -7.590972 1019.672363 -133.896622
v -69.840706 1053.459717 -122.809395
v -13.124664 1079.672241 -115.363213
v 21.970264 1066.813599 -119.777245
v 36.738358 1055.396240 -124.434860
v 14.591747 1047.668091 -126.928383
v -0.450130 1062.904419 -121.383034
v -11.113568 1042.628052 -128.737671
v 3.060872 1033.658447 -130.891785
v 131.447311 1491.254883 -135.393997
v 91.103874 1456.794678 -144.195358
v 31.203220 1451.242798 -143.217773
v 22.122185 1463.886963 -143.437363
v 57.310429 1467.780884 -144.137711
v 46.702023 1479.480957 -143.781998
v 7.617751 1429.627197 -140.707184
v 52.460350 1444.711792 -142.599808
v 14.526061 1445.723633 -142.593018
v 71.079369 1454.377563 -143.626602
v 77.201088 1474.769409 -144.690582
v 89.264435 1489.110962 -144.609619
v 162.686874 1216.102783 -38.815849
v 156.135513 1210.605103 -26.300056
v 148.236389 1210.516357 -40.825634
v 166.922440 1228.264648 -73.019249
v 163.754501 1213.466919 -59.126305
v 149.292084 1205.543579 -78.167473
v 183.520279 1235.497559 -46.854748
v 173.480484 1227.386597 -57.715469
v 178.801224 1247.226074 -67.254608
v 177.166992 1250.029907 -40.788681
v 100.927704 1223.658813 -99.025673
v 121.784889 1209.275391 -85.185852
v 133.411499 1201.348511 -77.862885
v -134.710052 1095.641357 -79.092621
v -164.938080 1097.984131 -49.179482
v 172.432709 1290.607178 -74.992157
v 164.031113 1278.639893 -82.268608
v 147.026215 1247.567993 -96.058151
v 152.877731 1265.480713 -91.231415
v 164.282150 1248.955688 -83.082642
v 163.631836 1338.462646 -88.710663
v 169.537262 1352.983887 -78.269623
v -201.213486 1409.110718 -101.851654
v -151.470551 1401.937256 -118.552261
v -141.712387 1421.027100 -126.502136
v -135.257950 1404.872437 -124.345680
v -108.047371 1364.353638 -122.392883
v -118.001862 1386.888428 -124.932060
v -157.836517 1418.134766 -120.473488
v -172.635498 1421.872192 -116.232269
v -148.724808 1435.827271 -127.376823
v -99.857033 1399.418945 -132.290039
v -141.220032 1364.306152 -113.923325
v -138.630753 1384.760498 -118.740097
v -59.412426 1387.512207 -132.918396
v -100.129005 1380.996582 -127.454155
v -80.789070 1389.373901 -131.758987
v -68.794380 1407.030151 -136.661469
v -72.507172 1360.428955 -126.871658
v -90.011345 1365.747681 -125.822418
v -96.752609 1341.288330 -119.994843
v -47.740345 1404.722412 -136.572922
v -71.116318 1376.411377 -130.011475
v -31.601961 1408.264282 -137.464783
v -125.032196 1370.715454 -119.717514
v -80.575333 1345.689331 -123.272202
v -97.907875 1308.534668 -113.435455
v -123.722206 1342.850830 -114.502945
v -90.404922 1324.558960 -117.905762
v -111.553650 1325.060913 -113.740318
v -125.060188 1300.018188 -103.458839
v -113.517303 1309.498779 -109.725540
v -107.473289 1289.512451 -107.661804
v -134.914566 1322.412354 -106.281662
v -106.320564 1274.262207 -104.283676
v -110.107880 1349.158936 -119.025970
v -142.338425 1306.519653 -98.558495
v -150.238297 1335.248657 -104.238510
v -152.157867 1352.214478 -107.894806
v -172.605499 1377.310913 -106.291656
v -157.609222 1368.719238 -109.653931
v -158.602264 1386.564941 -112.714645
v -175.227783 1396.345337 -108.791451
v -186.202591 1386.343018 -102.777740
v 158.698532 1466.297363 -128.176498
v 145.686203 1441.260498 -133.206238
v 145.800995 1479.797363 -130.385391
v 146.269272 1495.964111 -129.665161
v 165.025238 1489.530762 -122.663132
v 164.656540 1506.046631 -119.881622
v 172.008362 1489.649292 -108.647552
v 145.920227 1456.962891 -132.495529
v 157.068283 1450.738159 -126.412056
v 146.474960 1400.492554 -115.098236
v 168.437881 1410.863037 -108.706215
v 112.714218 1433.248169 -138.068176
v 76.064751 1415.064819 -138.173630
v 68.423492 1433.373901 -141.467728
v 90.629417 1433.803223 -141.715057
v 55.265709 1415.299805 -139.064362
v 56.064468 1351.649048 -134.001160
v 22.059341 1381.682739 -132.692307
v 62.365242 1384.303223 -130.139343
v 34.939098 1401.931274 -137.032684
v 64.122169 1401.623047 -134.336548
v 169.272263 1475.612671 -121.751160
v 150.656036 1424.096191 -119.545776
v 168.451385 1386.869263 -98.837997
v 164.160355 1360.551147 -102.254601
v 170.546646 1429.370972 -107.690666
v 128.537796 1444.351562 -136.407166
v 111.557076 1454.578735 -141.008499
v 108.079605 1477.434204 -142.321899
v 42.255890 1384.005737 -131.414215
v 51.083683 1368.150513 -126.226120
v 9.762753 1403.048950 -137.158676
v 127.835785 1407.118652 -137.029678
v 128.284103 1425.708008 -139.171600
v 139.757736 1418.918213 -131.156830
v 170.609375 1401.982178 -97.803978
v 172.447525 1387.284912 -83.146095
v 161.915375 1393.985840 -112.798973
v 168.869888 1372.824463 -93.447289
v 121.847244 1320.970703 -123.188194
v 92.593208 1473.037476 -144.865082
v 116.402573 1491.691772 -140.060883
v 123.768135 1475.653564 -138.040848
v -1.005684 1415.050781 -138.724228
v -15.801505 1432.924072 -141.225647
v -2.973829 1445.237549 -142.447357
v 20.917669 1418.004639 -139.327850
v 148.838562 1335.187012 -114.634636
v -32.834209 1441.651611 -142.373901
v 160.145111 1343.609497 -104.252968
v -95.836487 1252.291626 -97.224152
v 0.191240 1211.408569 -128.364304
v -109.551758 1023.252258 -116.052536
v -134.863785 1027.359985 -109.831360
v -120.066566 1035.813965 -103.085159
v -112.322472 1072.428223 -96.983673
v -96.688431 1046.837158 -114.842400
v -119.147049 1054.815674 -96.399551
v -135.999527 1065.967041 -77.994606
v -124.160469 1010.603271 -113.213356
v -103.707481 1006.074402 -121.661194
v -139.764160 1095.323242 -62.642021
v -151.411942 1086.264648 -47.761440
v -158.347046 1094.673706 -35.424393
v -147.528198 1102.244141 -48.092525
v -142.293213 1078.492920 -65.597298
v 95.665115 1083.952148 -104.157936
v 104.505577 1054.382202 -109.577721
v 113.878769 1040.480347 -111.129318
v 84.815071 1045.104736 -121.164803
v 85.644501 1065.841919 -113.431496
v 55.262508 1094.192749 -111.300621
v 50.315720 1072.922729 -117.177765
v 73.554352 1083.338867 -109.991287
v 32.837250 1087.056641 -113.018394
v 67.338570 1067.760254 -117.649307
v 76.250641 1106.725586 -98.262474
v 70.145889 1098.150391 -108.657181
v 134.131516 1063.898438 -93.987076
v 9.452469 1085.028198 -113.154678
v 36.957573 1112.179321 -110.079056
v 75.149727 1120.381836 -91.300262
v 145.844086 1074.267944 -84.273834
v -14.413222 1115.253784 -116.307457
v 19.858385 1101.513306 -106.856712
v -1.020531 1101.777588 -105.639420
v 4.240069 1120.890991 -108.698616
v 39.875816 1128.908447 -95.083641
v 56.300255 1126.501221 -102.474655
v 54.787338 1113.046997 -98.504692
v 49.428085 1139.204468 -98.508698
v 40.477257 1123.782104 -114.869492
v 43.831020 1127.795898 -120.683594
v 43.368488 1140.757202 -107.292572
v 65.337311 1130.604858 -110.223259
v 8.002082 1135.494385 -111.035324
v 26.523926 1144.311523 -120.561089
v 14.535643 1123.137817 -127.651588
v -10.213335 1126.916260 -126.562553
v 0.516560 1115.323486 -123.861732
v 61.756519 1128.581299 -127.478676
v 7.014688 1160.703003 -106.301018
v 54.705635 1167.879150 -123.664719
v 65.702927 1150.586792 -139.474518
v 76.251633 1150.069824 -114.195580
v 83.077446 1150.988647 -98.128967
v 29.910746 1129.053955 -125.773682
v -64.198479 1106.932373 -125.454414
v -43.553921 1143.732910 -126.194145
v 21.167067 1146.723755 -141.939880
v 26.690718 1126.531616 -134.994675
v 92.267609 1173.655884 -124.822235
v -36.274296 1115.904419 -132.159058
v -21.009174 1141.567627 -127.689217
v 42.764771 1154.494141 -137.627655
v 74.275223 1166.918335 -130.408676
v 92.897118 1151.919189 -132.668442
v -19.894316 1114.655273 -132.044144
v -10.413361 1139.620117 -112.819138
v -30.506638 1126.850586 -112.114510
v 1.141540 1128.948608 -135.201569
v 50.343094 1137.066284 -140.468353
v 23.306330 1165.241943 -125.295341
v 79.508324 1145.627319 -135.821533
v 118.093651 1160.516968 -121.432716
v 103.597237 1144.256714 -110.115608
v 107.305534 1162.828857 -107.733414
v -49.140991 1119.143799 -117.289085
v -80.931923 1137.066040 -100.662399
v -47.683002 1144.663574 -117.717880
v -70.000488 1130.750244 -124.695351
v 12.891131 1128.609863 -125.327934
v -18.387730 1145.202271 -138.001709
v 15.212939 1132.957642 -140.561569
v 34.543129 1138.849487 -141.729218
v 36.517574 1166.217163 -97.771996
v 39.228458 1165.521362 -126.506927
v 104.410744 1163.475952 -130.049911
v 91.376083 1153.507080 -110.891327
v 94.874184 1138.703613 -123.193893
v -32.811028 1141.329102 -116.872795
v -97.441406 1105.731812 -122.048683
v -62.453018 1136.852905 -107.661758
v -58.218613 1133.980591 -125.416298
v -82.149956 1162.317993 -118.250381
v -60.135880 1152.802246 -109.942680
v -77.021996 1144.633545 -120.006317
v -103.909386 1146.987305 -109.455498
v -90.853630 1138.022217 -113.849068
v -85.646011 1152.865601 -100.247879
v -103.976326 1163.150269 -95.829544
v -118.396263 1168.861938 -99.334862
v -99.307755 1179.276855 -109.323532
v -95.897224 1175.188354 -85.596352
v -53.673592 1131.221069 -124.723732
v -14.130450 1130.913330 -137.550552
v -1.745383 1163.917358 -130.343048
v 1.210322 1147.182617 -140.915009
v 24.074486 1162.139526 -108.571358
v -80.887970 1114.241821 -129.956039
v -84.810944 1117.655273 -109.029442
v -123.663773 1123.785156 -102.964432
v -103.494774 1127.031128 -94.210579
v -105.423782 1120.246338 -112.033638
v -115.998665 1097.399292 -102.460533
v -109.659615 1112.932617 -98.856033
v -123.612854 1117.369751 -83.209641
v -40.829578 1163.888794 -101.790871
v -97.155624 1162.407104 -111.012718
v -108.502899 1174.015381 -96.221680
v 9.102815 1165.204956 -120.374046
v 12.673671 1158.338135 -134.687088
v -98.422798 1100.097412 -104.421059
v -69.262085 1102.606201 -100.905396
v -84.733482 1108.947754 -94.322243
v -79.273781 1115.822632 -110.914108
v -87.644386 1082.105957 -106.407539
v -121.656128 1111.926025 -84.768333
v -114.501678 1092.665894 -88.473831
v -129.048599 1083.681885 -79.559433
v -129.570602 1108.321533 -68.523933
v -99.939606 1092.044922 -97.199501
v -140.816589 1125.518921 -92.764099
v -126.988449 1114.492310 -82.966507
v -118.606575 1111.046753 -96.094025
v -140.365463 1111.242798 -65.048813
v -154.607452 1098.744995 -64.095284
v -122.505341 1137.369019 -97.849503
v -17.687254 1161.570801 -110.953979
v -44.974426 1165.749756 -127.345268
v -65.169785 1196.783569 -87.320648
v -83.199196 1188.570068 -97.353317
v -128.401047 1133.737793 -81.340096
v -117.300888 1152.095947 -101.775024
v -23.100300 1164.429321 -131.201965
v -29.412903 1150.019653 -128.418716
v -47.063709 1154.839233 -117.132027
v -63.777168 1165.038574 -124.135468
v -73.506485 1176.697144 -96.569443
v -70.807411 1174.447266 -112.990227
v -58.471020 1167.552979 -101.448044
v -58.826115 1177.796143 -84.210625
v -23.324167 1190.166626 -99.819244
v -42.537014 1192.845947 -87.536247
v -33.215767 1163.026733 -116.095421
v -92.497513 1194.739136 -80.088203
v -80.192719 1199.427490 -86.737732
v -86.703110 1186.946289 -93.785187
v -74.541786 1184.219971 -81.678574
v -10.975707 1172.246582 -85.696724
v -39.837143 1174.010620 -85.697655
v -25.602028 1165.592773 -92.809532
v -84.098625 1182.233032 -109.169189
v -7.424080 1163.326782 -98.787491
v -42.996258 985.659668 -135.638702
v -84.772179 967.943054 -130.201202
v 188.334930 1227.872681 -26.297829
v 178.791672 1221.688965 -38.825569
v 108.733269 1194.901611 -70.884537
v 123.104721 1189.000122 -73.677635
v 100.291443 1190.394409 -88.870071
v 109.894287 1186.906738 -112.939354
v 84.576569 1201.433594 -90.422653
v 93.976746 1199.960571 -76.778961
v 129.114395 1181.448242 -107.821999
v 94.762184 1176.631470 -105.926651
v 71.045044 1169.335205 -105.773506
v 53.083717 1166.752197 -105.665581
v -159.048553 1103.395508 -29.664024
v -170.314911 1109.755005 -39.519043
v -151.607483 1104.367310 -44.619755
v 143.999832 1229.049438 -80.603348
v 156.702393 1236.769653 -78.768784
v 155.313507 1219.637817 -78.748978
v 123.924995 1235.775269 -95.021919
v 128.707733 1224.264526 -84.665863
v 92.591484 1266.544067 -127.077461
v 129.142502 1273.181396 -119.196014
v 143.471527 1274.010620 -105.927979
v 140.301666 1300.647461 -116.472855
v 147.149139 1290.051147 -106.686676
v 156.819702 1314.578247 -100.025772
v 138.415955 1236.123657 -92.032486
v 109.084946 1242.001099 -121.307892
v 129.940033 1251.680786 -110.835480
v 146.875595 1317.380859 -113.994621
v 164.474884 1320.103882 -83.140686
v 171.809998 1333.864990 -73.550240
v 160.187302 1301.755859 -86.829391
v 112.768227 1232.719604 -107.538406
v 117.857841 1258.364502 -121.932182
v 141.799377 1258.918823 -104.394264
v -130.409760 1280.423706 -95.228981
v -19.978136 1344.826904 -124.285423
v -28.493683 1375.647339 -132.190659
v 19.623163 1341.574463 -119.648598
v -41.318558 1388.048950 -133.877335
v -24.882198 1392.078491 -135.043839
v -3.256709 1379.491455 -133.131317
v 38.445503 1350.725342 -123.412094
v 21.615583 1361.708008 -125.920486
v 1.228644 1352.103027 -124.603386
v 35.666992 1369.512573 -127.716049
v -13.841893 1362.933350 -129.616577
v 6.804070 1367.220947 -129.564392
v -4.322419 1395.174072 -135.839371
v 9.152508 1388.224854 -134.428818
v 125.229309 1353.036987 -117.227028
v 143.191803 1373.847168 -118.264221
v 160.319565 1375.238281 -111.737411
v 145.032272 1353.949463 -119.567429
v 123.768532 1372.576294 -116.511375
v 122.658813 1391.226196 -125.011299
v 133.487503 1404.402832 -122.968613
v 135.318680 1387.572144 -116.169296
v -18.840685 1453.611450 -143.089203
v -116.981850 1259.760986 -96.118095
v -111.546021 1245.338257 -101.111305
v -94.421257 1244.501099 -128.674225
v -111.832001 1246.946899 -119.793381
v -126.716705 1246.871826 -93.076675
v -95.450188 1254.368896 -114.392044
v -23.645609 1278.882568 -132.451035
v -59.612915 1264.871704 -127.544006
v -79.013626 1258.237793 -125.355881
v -106.068535 1230.569946 -122.504082
v -66.641273 1264.274902 -99.904373
v -80.805519 1255.237671 -105.050552
v -85.512222 1266.150513 -92.895035
v -101.775925 1265.041748 -87.974815
v -67.312515 1260.679810 -114.811562
v -75.967293 1024.538208 -129.965683
v -56.440350 1007.161743 -135.841553
v -81.554932 1003.697632 -131.110336
v -45.157127 1035.354126 -131.638641
v -57.719524 1023.541565 -133.961899
v -25.286695 1029.339966 -132.257095
v -37.591305 1015.392273 -135.241989
v 110.541573 1104.735474 -99.726357
v 116.966019 1117.660645 -93.971596
v 126.893471 1095.693481 -90.853615
v 92.854530 1101.577637 -105.169754
v 113.175827 1072.153320 -97.487129
v 128.587433 1079.198120 -88.954453
v 65.639305 1138.060791 -95.043678
v -35.974243 1100.807495 -106.527565
v -18.620674 1102.655151 -106.138130
v 125.663132 1147.385132 -103.793182
v 135.819443 1150.432617 -90.614380
v 117.085236 1145.842285 -117.303337
v 130.257538 1159.417603 -111.588058
v -33.290527 1133.747192 -137.497818
v -59.241829 1078.407104 -114.050743
v -87.797585 1063.377197 -113.515617
v -102.470306 1061.390869 -107.013039
v -74.335800 1071.743652 -114.507263
v -78.388145 1203.241943 -117.304787
v -88.114716 1220.423706 -122.715714
v -58.500088 1234.778687 -124.626137
v -70.097160 1222.188965 -112.342651
v -75.555931 1240.580444 -130.822189
v -35.618725 1219.141479 -122.747444
v -59.405655 1249.032715 -135.776642
v -40.231667 1263.312134 -140.486984
v -79.612389 1232.618652 -118.045547
v -50.470505 1223.695679 -110.620750
v -26.958263 1239.777710 -124.637550
v -43.449768 1243.502441 -130.294159
v -53.384220 1198.909180 -120.843384
v -35.406670 1232.107422 -111.528709
v -10.203533 1226.713501 -110.679054
v -64.263176 1209.666626 -119.181297
v -11.897055 1261.441284 -136.964783
v -38.088909 1207.260010 -105.781311
v -17.112713 1218.753662 -126.645493
v -10.778542 1206.389771 -109.219223
v -25.799828 1204.635132 -119.145302
v 23.809595 1186.118774 -105.199905
v 52.937958 1185.536743 -103.541832
v 60.630028 1174.305054 -90.404556
v 71.917007 1178.688843 -107.588715
v -0.137452 1185.784424 -104.144485
v 71.764565 1203.608887 -100.471443
v 74.831047 1186.676025 -91.706871
v 40.261215 1247.565063 -118.029770
v -4.818000 1245.715576 -122.385139
v -24.839905 1267.455200 -142.779312
v -57.331093 1205.429199 -103.059547
v 81.960602 1174.900024 -96.211845
v 11.421006 1194.811279 -120.425133
v 27.265297 1220.924805 -125.585411
v 14.795456 1210.994507 -120.787804
v 8.186479 1232.424805 -122.563866
v 35.370003 1198.514648 -122.756508
v 12.929095 1179.791138 -83.371559
v -9.424486 1187.914062 -90.683929
v 88.345207 1208.614746 -113.688980
v 98.418236 1224.957031 -119.052681
v 65.857498 1228.799194 -129.117935
v 86.171959 1243.082642 -128.277771
v 81.334450 1221.685791 -123.969414
v 62.704586 1205.822266 -122.016068
v 24.524023 1271.964966 -126.682449
v 25.216358 1238.447021 -122.630775
v 21.657873 1256.738037 -110.747391
v 9.209639 1259.406738 -125.312332
v 38.923222 1199.806030 -102.748367
v 37.310257 1183.000488 -87.254601
v 49.462345 1199.073853 -115.174858
v 90.246178 1212.660767 -99.102776
v 84.906830 1197.993408 -104.399742
v 99.136467 1252.530884 -126.425179
v 64.079956 1253.379883 -124.163673
v 74.891876 1202.643799 -114.812569
v 46.295017 1215.107666 -128.326874
v 41.482128 1232.010132 -126.563438
v 46.320068 1171.118286 -88.127449
v 26.243439 1172.280029 -87.487724
v 55.585880 1201.330811 -100.557503
v 49.677422 1275.118652 -111.158829
v 37.955853 1262.333984 -110.066666
v 79.415184 1257.091064 -126.733452
v 74.436035 1279.025269 -115.499832
v 55.294804 1240.154541 -126.669624
v 62.730804 1267.320679 -116.058510
v 63.245026 1315.438843 -132.294037
v 33.456226 1320.006836 -142.578278
v 33.051350 1332.637939 -128.616135
v 47.557919 1334.811890 -141.495911
v 75.227592 1338.404297 -144.571167
v 51.333073 1317.468506 -145.451309
v 43.309238 1293.609009 -131.486603
v 101.089531 1296.329956 -119.521530
v 59.526207 1296.172852 -115.387054
v 90.619186 1282.198730 -120.513283
v 110.506790 1279.084229 -126.203041
v 121.221085 1297.684204 -124.614944
v 55.326546 1302.732666 -127.902985
v 81.115471 1313.009766 -115.467331
v 81.298332 1295.457886 -115.036743
v 66.251404 1310.015381 -118.723503
v -24.975168 1183.141235 -83.992905
v 103.968964 1211.896362 -85.984818
v -48.654266 1344.705566 -125.438210
v -50.626389 1366.927856 -129.679123
v 132.156219 1336.979126 -121.745010
v -62.387329 1298.069824 -111.355019
v -78.099754 1309.183716 -115.745689
v -79.790268 1291.236816 -110.652115
v -65.789978 1280.991333 -106.651978
v -36.735775 1285.279297 -107.953766
v -48.757549 1268.887695 -111.239304
v -34.342716 1273.476562 -120.015953
v -93.090157 1030.169678 -121.488121
v 92.802582 1113.178467 -91.432678
v -48.039696 1117.240234 -114.041824
v -53.254757 1097.486450 -117.158401
v -63.356422 1115.644531 -108.602455
v -36.113468 1080.850220 -116.673813
v -24.897516 1060.943970 -122.348236
v -30.029940 1045.616455 -127.930435
v -48.014172 1060.039551 -122.796677
v -54.580624 1047.405396 -127.407120
v -72.739120 1087.553833 -107.799202
v -74.806213 1205.399780 -98.652672
v -89.559120 1211.844116 -106.384064
v -66.987381 1189.924194 -108.650314
v 6.097934 1289.875854 -145.424042
v 9.848264 1273.250366 -138.007339
v 25.918449 1287.116699 -140.973755
v 9.316198 1311.426392 -123.257980
v 19.789747 1304.985352 -144.295639
v 19.219028 1325.261475 -122.611565
v -3.657324 1329.680176 -115.738281
v 37.380871 1303.078003 -144.530594
v -16.136747 1303.937866 -113.383675
v -4.008564 1313.995605 -116.113274
v -26.347460 1324.422607 -114.484138
v -36.346050 1306.383667 -108.958099
v -47.872253 1295.743042 -106.487854
v -48.667110 1322.596802 -119.033165
v -62.284821 1313.470581 -117.030190
v -34.581951 1336.309326 -122.733826
v -51.135456 1281.047974 -102.819138
v -58.637287 1333.405884 -122.461601
v 7.953217 1245.175171 -110.425758
v 80.698624 1367.169800 -140.231155
v 87.503700 1392.613892 -134.828842
v 66.099724 1365.787598 -132.494049
v 97.459366 1413.648315 -136.735214
v 113.882660 1414.269043 -141.828293
v 110.754486 1390.751587 -143.663712
v 100.422020 1399.390015 -139.574890
v 76.754921 1380.154785 -132.976120
v 99.464027 1372.931885 -144.723999
v 92.702324 1352.275146 -129.505081
v 86.586304 1352.447632 -144.309692
v 107.300743 1358.281006 -118.522331
v 109.711212 1336.880005 -116.653351
v 102.297325 1317.023682 -117.267593
v 80.442680 1333.489746 -124.214500
v 94.155716 1340.873047 -118.138809
v 38.874798 1279.999023 -122.555084
v -33.867924 1357.189941 -128.519196
v -3.395055 1293.099976 -126.571869
v -20.687813 1286.281250 -116.415222
v 70.201561 1353.482666 -142.029266
vn 0.095333 -0.995198 0.022200
vn -0.043336 -0.998794 -0.023079
vn -0.185513 -0.977650 0.098921
vn -0.204174 -0.969697 0.134167
vn -0.347977 -0.933293 0.088753
vn -0.670825 -0.739571 -0.055028
vn -0.904979 -0.399370 -0.146687
vn -0.790945 -0.555729 -0.256069
vn -0.655311 -0.681860 -0.325015
vn -0.563476 -0.664249 -0.491192
vn -0.507317 -0.575964 -0.641011
vn -0.336302 -0.279556 -0.899305
vn -0.111876 0.176180 -0.977980
vn 0.166157 0.715277 -0.678801
vn 0.377342 0.885113 -0.272375
vn 0.467636 0.870534 -0.153254
vn 0.317733 0.859368 -0.400664
vn -0.094490 0.909627 -0.404538
vn -0.373557 0.925801 -0.057853
vn -0.599331 0.169348 -0.782383
vn 0.469981 0.880415 -0.063144
vn 0.062780 0.992752 0.102477
vn -0.869460 -0.443132 0.218342
vn -0.694265 -0.233799 -0.680687
vn -0.302000 -0.102663 -0.947764
vn -0.894916 0.241005 0.375556
vn -0.693260 -0.608930 0.385479
vn -0.767453 -0.637952 0.063500
vn -0.119277 -0.980465 0.156402
vn -0.632373 -0.766908 -0.109346
vn -0.684358 0.494220 -0.536099
vn -0.632660 0.538387 -0.556670
vn -0.657154 0.183051 -0.731192
vn -0.909938 -0.392790 -0.133150
vn -0.874127 -0.269909 0.403796
vn -0.796685 -0.018324 0.604118
vn -0.618434 -0.074619 0.782286
vn -0.912947 -0.405340 -0.047190
vn -0.814171 -0.505161 -0.286248
vn -0.796040 -0.532892 -0.286961
vn -0.732715 -0.528926 -0.428213
vn -0.746859 -0.113091 -0.655295
vn -0.729547 0.472547 -0.494429
vn -0.623383 0.403936 -0.669499
vn -0.515493 0.321898 -0.794134
vn -0.361395 0.113146 -0.925522
vn -0.307981 0.084150 -0.947664
vn -0.301313 0.077426 -0.950377
vn -0.297780 0.072007 -0.951915
vn -0.235630 0.087588 -0.967888
vn -0.075881 0.129082 -0.988726
vn 0.023271 0.157429 -0.987256
vn 0.017648 0.192108 -0.981215
vn 0.004855 0.213105 -0.977017
vn -0.002601 0.216855 -0.976200
vn -0.013186 0.229920 -0.973120
vn -0.020323 0.229253 -0.973155
vn 0.029580 0.251674 -0.967360
vn 0.237367 0.358466 -0.902861
vn 0.326560 0.383133 -0.864042
vn 0.404027 0.429353 -0.807724
vn 0.454571 0.591529 -0.665926
vn 0.491694 0.627887 -0.603319
vn 0.803737 0.467196 -0.368422
vn 0.901345 0.385449 0.197501
vn 0.383515 0.765920 0.516026
vn 0.970466 0.209529 0.119552
vn 0.979429 -0.191822 -0.062634
vn 0.984216 -0.154519 -0.086272
vn 0.982959 -0.137960 -0.121484
vn 0.985404 -0.123546 -0.117112
vn 0.990586 -0.135212 -0.021379
vn 0.960032 0.064569 0.272339
vn 0.970892 0.194464 0.139832
vn 0.992782 0.051521 -0.108299
vn 0.998679 0.048410 -0.017241
vn 0.990045 -0.030402 0.137429
vn 0.919726 -0.392213 0.016532
vn 0.999357 -0.033110 0.013750
vn 0.841343 0.486369 -0.235769
vn 0.863962 -0.330346 -0.380054
vn 0.675843 -0.606072 -0.419421
vn 0.069723 -0.995830 0.058840
vn 0.674810 0.306101 0.671516
vn -0.029595 -0.906551 -0.421058
vn 0.532487 -0.835423 0.136109
vn 0.934723 0.329689 0.132658
vn 0.264898 0.962252 -0.062444
vn -0.403838 0.910371 -0.090224
vn 0.328299 0.829423 -0.451971
vn -0.018373 0.999775 -0.010572
vn 0.078260 0.970829 -0.226640
vn 0.136151 0.653011 -0.745010
vn 0.001204 0.721172 -0.692755
vn 0.055245 0.659038 -0.750078
vn 0.326828 0.224087 -0.918133
vn 0.568618 -0.425716 -0.703874
vn 0.611205 -0.598990 -0.517338
vn 0.588475 -0.346990 -0.730271
vn 0.506581 -0.319672 -0.800740
vn 0.557257 -0.700920 -0.445169
vn 0.620871 -0.769415 -0.150069
vn 0.751296 -0.644240 -0.143211
vn 0.948481 -0.239481 -0.207442
vn 0.452136 -0.884388 -0.115895
vn 0.305798 -0.946685 0.101363
vn 0.077209 -0.986020 0.147663
vn 0.213321 0.542733 -0.812364
vn -0.015690 -0.418329 -0.908160
vn -0.282147 -0.841241 -0.461202
vn 0.323037 0.631104 -0.705234
vn 0.291792 0.273378 -0.916582
vn 0.622582 -0.162157 -0.765570
vn -0.236221 -0.605451 -0.760019
vn 0.143885 -0.771274 -0.620027
vn -0.453951 0.562320 -0.691176
vn 0.387765 0.401412 -0.829763
vn 0.108005 0.562968 -0.819392
vn 0.542855 -0.370745 -0.753563
vn 0.809619 -0.307716 -0.499829
vn 0.208789 -0.977030 0.042652
vn 0.131615 -0.917650 -0.374962
vn -0.346277 -0.926959 -0.144359
vn -0.399123 -0.018735 -0.916706
vn 0.490694 0.866301 -0.093497
vn 0.192532 0.545963 -0.815387
vn 0.239868 0.314064 -0.918601
vn 0.555242 -0.434231 -0.709330
vn 0.623218 -0.472647 -0.623060
vn 0.836134 -0.453973 -0.307877
vn 0.705465 -0.613838 -0.354291
vn 0.676321 -0.614332 -0.406430
vn -0.084982 -0.996324 0.010779
vn -0.053049 -0.998570 0.006614
vn -0.112419 -0.988989 0.096242
vn -0.262783 -0.949970 0.168824
vn -0.622074 -0.778050 -0.087533
vn -0.708188 -0.291464 -0.643054
vn -0.353154 -0.016858 -0.935413
vn 0.339228 0.853834 -0.394832
vn -0.030716 0.765171 -0.643094
vn 0.244755 0.844211 -0.476868
vn 0.405686 0.047054 -0.912800
vn 0.082219 0.624528 -0.776663
vn 0.553635 -0.398098 -0.731441
vn 0.632716 -0.541096 -0.553972
vn 0.584010 -0.378806 -0.717940
vn 0.531588 -0.512359 -0.674465
vn 0.743897 -0.576409 -0.338188
vn 0.450223 -0.891216 -0.055081
vn 0.686870 -0.702422 -0.186582
vn 0.591354 -0.701703 -0.397382
vn -0.828568 -0.341299 -0.443835
vn -0.595272 -0.579296 -0.556838
vn -0.332733 -0.247631 -0.909927
vn 0.354179 0.877662 -0.322903
vn 0.030970 0.591904 -0.805414
vn 0.202391 0.458811 -0.865177
vn -0.036089 0.753326 -0.656657
vn 0.211116 0.720978 -0.660016
vn 0.309873 0.586651 -0.748211
vn 0.013954 0.689802 -0.723864
vn 0.580867 -0.646747 -0.494280
vn -0.911338 -0.321503 -0.257098
vn -0.700107 -0.592607 -0.398330
vn -0.608274 -0.637074 -0.473433
vn -0.509905 -0.543106 -0.667108
vn -0.401275 -0.391503 -0.828072
vn -0.184643 0.048251 -0.981621
vn 0.507358 0.855431 -0.104046
vn 0.363054 0.890220 -0.275138
vn 0.075352 0.525099 -0.847699
vn 0.360223 -0.843645 -0.398124
vn -0.224636 0.096867 -0.969616
vn -0.486807 0.354682 -0.798261
vn -0.354991 0.581153 -0.732285
vn 0.685863 -0.471969 -0.553929
vn 0.965223 -0.162600 -0.204708
vn 0.932188 0.305827 0.193639
vn -0.067080 -0.217961 -0.973649
vn -0.367759 -0.234604 -0.899841
vn -0.601904 -0.276477 -0.749181
vn -0.720715 0.230363 -0.653837
vn -0.632573 0.093404 -0.768848
vn -0.718302 -0.334499 -0.610043
vn -0.183180 0.742635 -0.644157
vn 0.673300 0.613777 -0.412244
vn -0.319237 0.866905 -0.382836
vn 0.558364 -0.022394 -0.829294
vn 0.637074 -0.342637 -0.690461
vn -0.237787 -0.840269 -0.487243
vn -0.020704 -0.873360 -0.486635
vn -0.225527 -0.972431 -0.059296
vn 0.034991 -0.648141 -0.760716
vn 0.203257 -0.655018 -0.727763
vn -0.558999 -0.265290 -0.785583
vn -0.226996 -0.486385 -0.843743
vn -0.004145 -0.319408 -0.947608
vn -0.178832 -0.371145 -0.911192
vn -0.510560 -0.109924 -0.852787
vn 0.038506 -0.435073 -0.899572
vn -0.463419 -0.198755 -0.863562
vn -0.658522 -0.138316 -0.739742
vn -0.803903 -0.125056 -0.581464
vn 0.033339 -0.328693 -0.943848
vn 0.025138 -0.583086 -0.812022
vn -0.647762 -0.379706 -0.660475
vn 0.263661 0.894301 -0.361537
vn 0.331913 0.083339 -0.939622
vn 0.603605 -0.425543 -0.674221
vn 0.584888 -0.345508 -0.733847
vn 0.465143 -0.130408 -0.875578
vn 0.520496 -0.261324 -0.812892
vn 0.575105 -0.237000 -0.782998
vn 0.420631 -0.137106 -0.896812
vn 0.139432 0.440983 -0.886619
vn 0.413326 0.154904 -0.897311
vn -0.009261 -0.469991 -0.882623
vn 0.698712 -0.295996 -0.651298
vn -0.658872 -0.486578 -0.573698
vn -0.411840 -0.309769 -0.856990
vn -0.319040 -0.103319 -0.942093
vn 0.450566 0.863115 -0.228085
vn -0.502047 0.785882 -0.361025
vn -0.604112 -0.773442 -0.191926
vn -0.393564 0.466326 -0.792242
vn -0.002829 -0.122217 -0.992499
vn 0.264552 0.019319 -0.964178
vn 0.987629 -0.098492 -0.122018
vn 0.793568 -0.112610 -0.597971
vn 0.911616 -0.048878 -0.408127
vn 0.971414 -0.177560 -0.157569
vn 0.968338 -0.213946 -0.128644
vn 0.981069 -0.125443 -0.147541
vn -0.448924 -0.341351 -0.825800
vn -0.062749 -0.223339 -0.972719
vn -0.480695 -0.864683 -0.145790
vn -0.677537 -0.328053 -0.658274
vn -0.305685 -0.087116 -0.948139
vn -0.333951 0.013067 -0.942500
vn -0.713013 -0.403916 -0.573118
vn 0.788719 -0.600538 -0.131441
vn 0.753493 0.151916 -0.639663
vn -0.547464 0.836533 -0.022269
vn -0.166818 0.985815 0.018454
vn 0.700472 -0.525091 -0.483340
vn -0.102309 -0.723047 -0.683181
vn 0.023544 -0.433993 -0.900609
vn 0.018922 0.012788 -0.999739
vn -0.111774 0.981050 0.158262
vn -0.078947 0.986683 -0.142214
vn 0.380977 -0.054561 -0.922973
vn 0.475757 -0.302785 -0.825819
vn 0.475177 -0.253004 -0.842731
vn 0.032505 -0.040845 -0.998637
vn 0.367803 -0.048143 -0.928657
vn 0.520141 -0.077483 -0.850559
vn 0.374406 0.005847 -0.927246
vn 0.337291 0.174900 -0.925011
vn 0.345537 0.137941 -0.928211
vn 0.402531 0.042611 -0.914414
vn 0.276518 0.012917 -0.960922
vn 0.226202 0.117396 -0.966980
vn -0.021493 0.161178 -0.986691
vn 0.024315 0.127500 -0.991540
vn 0.219386 0.417695 -0.881703
vn 0.335475 0.065382 -0.939777
vn 0.362017 0.210321 -0.908135
vn 0.158940 0.599420 -0.784496
vn 0.019772 -0.536473 -0.843686
vn 0.375116 -0.339899 -0.862413
vn 0.201592 -0.175348 -0.963646
vn 0.553589 -0.172149 -0.814803
vn 0.237328 -0.278716 -0.930588
vn 0.718538 -0.276727 -0.638064
vn -0.453847 -0.133526 -0.881019
vn 0.008355 0.553854 -0.832572
vn 0.386310 0.877562 -0.283990
vn 0.152132 0.903135 -0.401502
vn 0.095474 0.887600 -0.450611
vn -0.391881 0.701384 -0.595391
vn -0.284351 0.543354 -0.789880
vn -0.092616 0.737742 -0.668699
vn -0.810453 0.194672 -0.552511
vn -0.887526 0.441086 -0.133194
vn -0.006850 0.034056 -0.999397
vn 0.158320 0.111714 -0.981048
vn 0.390879 0.220925 -0.893536
vn 0.983798 -0.096614 -0.151024
vn 0.979833 0.034110 -0.196885
vn 0.996814 -0.079755 -0.000210
vn 0.747708 0.220715 -0.626273
vn 0.931845 -0.224720 -0.284895
vn 0.588784 0.306005 -0.748128
vn 0.978086 -0.178368 -0.107389
vn 0.977945 -0.153495 -0.141640
vn 0.982589 -0.167345 -0.080717
vn 0.959294 -0.214111 -0.184153
vn 0.950852 -0.171488 -0.257823
vn 0.944504 -0.282380 -0.167848
vn -0.752826 -0.612214 -0.241757
vn -0.310872 0.633304 -0.708720
vn -0.091633 -0.052211 -0.994423
vn -0.492008 0.831473 -0.258033
vn -0.801886 -0.520249 -0.293802
vn -0.753472 -0.351592 -0.555574
vn -0.920587 -0.251754 -0.298563
vn -0.850072 -0.448860 -0.275502
vn -0.316583 0.033783 -0.947963
vn -0.302262 -0.024166 -0.952918
vn -0.321501 -0.015074 -0.946789
vn -0.298951 -0.022820 -0.953996
vn -0.498462 0.066485 -0.864359
vn -0.384710 0.114621 -0.915893
vn -0.788188 -0.503064 -0.354522
vn 0.889777 -0.286318 -0.355414
vn 0.995425 0.091408 0.027815
vn -0.036217 -0.836114 0.547359
vn -0.984916 -0.149789 0.086621
vn -0.890440 0.083295 -0.447413
vn -0.296332 0.954898 0.018917
vn -0.048921 -0.492457 -0.868961
vn 0.028574 -0.152268 -0.987926
vn -0.016294 0.985686 -0.167801
vn -0.262853 0.939125 -0.221253
vn 0.003973 0.778427 -0.627723
vn -0.021345 -0.169752 -0.985256
vn 0.000074 0.024400 -0.999702
vn 0.117824 0.342748 -0.932009
vn 0.166832 0.236928 -0.957096
vn 0.013980 0.271666 -0.962290
vn 0.274769 0.226851 -0.934367
vn 0.055782 0.710236 -0.701750
vn 0.465390 -0.040879 -0.884161
vn 0.456497 0.376602 -0.806091
vn -0.423592 -0.197100 -0.884150
vn 0.094550 0.968039 -0.232296
vn -0.932237 0.012581 -0.361628
vn -0.648500 -0.760805 -0.024959
vn 0.002261 0.124127 -0.992264
vn 0.010057 -0.002987 -0.999945
vn 0.113745 0.255693 -0.960043
vn 0.991981 -0.062210 -0.110013
vn 0.945564 0.021043 -0.324755
vn 0.935933 -0.015095 -0.351855
vn 0.981232 0.190607 -0.029211
vn 0.909319 0.016514 -0.415771
vn 0.442668 0.451454 -0.774747
vn 0.388438 0.368767 -0.844468
vn 0.982550 -0.146767 -0.114262
vn 0.982062 -0.132838 -0.133822
vn 0.974215 -0.149160 -0.169281
vn 0.992269 -0.037592 -0.118279
vn -0.848063 -0.438380 0.297676
vn -0.753075 0.535167 -0.382721
vn -0.173027 0.071324 -0.982331
vn -0.919831 -0.153243 -0.361147
vn -0.947871 -0.317504 0.027075
vn -0.301820 0.049099 -0.952100
vn -0.299162 0.031012 -0.953698
vn 0.892213 -0.295347 -0.341653
vn 0.918437 0.090562 0.385060
vn 0.868058 0.479593 0.128324
vn 0.861808 -0.334976 -0.380891
vn 0.523775 -0.749101 0.405595
vn -0.964468 -0.243058 -0.103556
vn -0.051497 0.978783 0.198323
vn -0.378984 0.815998 0.436484
vn -0.963724 0.151541 -0.219708
vn -0.936489 0.246726 -0.249227
vn -0.998995 -0.038352 0.023197
vn 0.038928 -0.220079 -0.974705
vn 0.096068 0.970366 -0.221724
vn -0.009629 -0.306185 -0.951923
vn 0.008621 -0.191534 -0.981448
vn -0.033510 -0.311765 -0.949568
vn 0.015232 -0.081757 -0.996536
vn -0.009211 -0.102684 -0.994671
vn -0.036207 0.020145 -0.999141
vn -0.010108 0.219586 -0.975541
vn -0.010795 0.190098 -0.981706
vn 0.002469 0.157015 -0.987593
vn 0.018515 0.044731 -0.998828
vn 0.116738 0.276489 -0.953901
vn 0.304142 0.206929 -0.929881
vn 0.973165 0.033333 -0.227680
vn 0.965093 0.032186 -0.259923
vn 0.937634 0.041057 -0.345190
vn 0.938411 0.017365 -0.345085
vn 0.986024 -0.104227 -0.129971
vn 0.979594 -0.199866 -0.021204
vn 0.962501 0.270741 0.017036
vn 0.977223 0.042717 -0.207872
vn 0.405050 0.291512 -0.866577
vn 0.986367 -0.088889 -0.138486
vn 0.978821 -0.138497 -0.150755
vn 0.974888 -0.092756 -0.202461
vn 0.989157 -0.146657 -0.007744
vn -0.579935 -0.809730 0.089512
vn -0.818175 0.428442 -0.383440
vn -0.900088 -0.313433 -0.302657
vn -0.744063 0.534126 -0.401346
vn -0.686352 0.643222 -0.339391
vn -0.781682 -0.558048 0.278489
vn -0.303919 -0.937015 -0.172153
vn -0.994611 0.007300 0.103420
vn -0.861050 0.287376 -0.419532
vn -0.880119 -0.159812 0.447046
vn -0.508889 -0.349163 -0.786840
vn -0.761694 -0.585891 -0.276685
vn -0.280360 0.042502 -0.958953
vn 0.720498 0.681654 -0.127400
vn 0.962545 0.259160 -0.079646
vn 0.928261 -0.187958 -0.320940
vn 0.055973 -0.984607 0.165577
vn 0.158548 -0.897068 0.412471
vn 0.932314 0.147505 0.330202
vn 0.855931 0.083687 0.510273
vn 0.747755 -0.612886 0.255409
vn -0.075931 -0.950426 0.301538
vn -0.542004 0.754933 -0.369198
vn -0.357295 0.766520 -0.533655
vn 0.636908 0.767405 -0.073742
vn -0.975216 -0.197842 0.099060
vn -0.598633 0.665604 -0.445657
vn -0.730675 0.529111 -0.431457
vn -0.679590 0.723344 0.122193
vn -0.238364 0.521055 -0.819563
vn -0.822566 0.102574 0.559342
vn -0.006672 0.090056 -0.995914
vn -0.037375 0.094789 -0.994796
vn -0.023035 0.125505 -0.991826
vn -0.007520 0.208072 -0.978085
vn 0.002848 0.038650 -0.999249
vn 0.004657 -0.018241 -0.999823
vn 0.013451 0.028866 -0.999493
vn 0.012329 0.077593 -0.996909
vn 0.014880 0.151652 -0.988322
vn 0.019522 0.000194 -0.999809
vn 0.019053 0.107708 -0.994000
vn 0.218057 0.208109 -0.953489
vn 0.257772 0.314398 -0.913623
vn 0.357883 0.253880 -0.898590
vn 0.967410 0.015335 -0.252751
vn 0.989895 0.121910 -0.072433
vn 0.978344 0.034304 -0.204125
vn 0.987344 0.045874 -0.151815
vn 0.999285 0.029980 0.023016
vn 0.999088 0.028436 -0.031835
vn 0.969271 -0.151013 -0.194186
vn 0.985698 -0.024692 -0.166704
vn 0.995280 -0.026432 -0.093374
vn 0.872170 -0.349369 0.342433
vn 0.981718 0.024390 -0.188773
vn 0.663522 -0.705443 -0.249177
vn 0.952373 -0.103172 -0.286952
vn 0.990006 -0.132896 -0.047187
vn 0.979233 -0.136631 -0.149782
vn 0.969725 -0.127453 -0.208301
vn 0.977171 -0.126437 -0.170735
vn -0.759895 -0.601983 0.245309
vn -0.732126 -0.680733 -0.024367
vn -0.781785 -0.585420 -0.214697
vn -0.846674 -0.117295 -0.519024
vn -0.732597 -0.680598 -0.009442
vn -0.027203 -0.991853 0.124448
vn -0.993886 0.094187 -0.057621
vn -0.902730 0.304193 0.304213
vn -0.757691 -0.395887 -0.518823
vn -0.762115 -0.615805 -0.199911
vn -0.887503 -0.286607 0.360825
vn -0.219878 -0.002751 -0.975523
vn 0.652018 0.737582 0.175629
vn 0.823044 0.441589 -0.357210
vn 0.804218 0.471763 -0.361489
vn 0.812662 0.560156 -0.160641
vn 0.932267 -0.313371 0.180770
vn 0.691939 0.458774 -0.557447
vn 0.567171 0.751185 -0.337694
vn 0.452636 -0.891026 -0.034544
vn -0.824587 0.470410 0.314277
vn -0.914247 0.404955 -0.012815
vn -0.528496 -0.733869 -0.426765
vn -0.369137 -0.487608 -0.791187
vn -0.011299 0.786310 -0.617729
vn -0.596635 -0.739737 -0.311152
vn -0.096313 -0.904706 -0.415007
vn 0.042418 0.183138 -0.982172
vn 0.005989 0.186693 -0.982400
vn -0.048899 -0.013294 -0.998715
vn 0.009962 -0.076806 -0.996996
vn -0.005288 0.099892 -0.994984
vn 0.315981 0.332557 -0.888573
vn 0.977004 0.039360 -0.209556
vn 0.999112 0.019824 -0.037173
vn 0.978445 0.022097 -0.205325
vn 0.973168 -0.031282 -0.227961
vn 0.993665 0.021077 -0.110389
vn 0.745118 0.016515 -0.666728
vn 0.841131 0.018274 -0.540522
vn 0.996795 -0.079116 -0.011810
vn 0.988258 -0.053447 -0.143139
vn 0.981644 -0.096760 -0.164356
vn 0.974501 -0.157812 -0.159507
vn -0.712781 0.531747 -0.457371
vn -0.729725 -0.670883 -0.131973
vn -0.714091 -0.695163 -0.082596
vn -0.605217 0.294256 -0.739680
vn -0.702840 -0.704324 -0.099716
vn -0.632124 0.545778 -0.550041
vn -0.509807 0.633038 -0.582546
vn -0.953221 -0.264772 -0.145826
vn -0.781001 0.606690 -0.148201
vn -0.816991 0.054989 -0.574023
vn -0.731608 -0.645422 -0.219502
vn -0.989776 0.098064 -0.103573
vn -0.955891 0.133153 -0.261807
vn -0.409355 -0.249810 -0.877510
vn -0.694041 -0.518271 -0.499703
vn -0.750466 -0.586893 -0.303902
vn -0.293880 -0.128168 -0.947210
vn -0.289699 -0.046945 -0.955966
vn -0.236286 -0.122815 -0.963891
vn -0.299152 -0.060340 -0.952296
vn -0.206307 -0.067143 -0.976181
vn -0.303206 -0.176579 -0.936422
vn -0.301128 -0.096356 -0.948703
vn -0.300626 -0.094723 -0.949027
vn -0.340977 -0.226826 -0.912296
vn -0.398730 -0.260805 -0.879201
vn -0.379217 -0.212100 -0.900671
vn -0.341900 -0.238994 -0.908838
vn -0.554017 -0.290451 -0.780195
vn -0.515256 -0.193512 -0.834904
vn 0.017945 -0.037594 -0.999132
vn 0.013975 -0.025774 -0.999570
vn 0.010803 -0.074439 -0.997167
vn 0.964134 0.041472 -0.262156
vn 0.992159 0.023422 -0.122772
vn 0.987407 0.069622 -0.142058
vn 0.972448 -0.011165 -0.232852
vn 0.985511 0.021602 -0.168233
vn 0.987130 -0.110729 -0.115388
vn 0.995820 -0.059589 -0.069226
vn 0.772103 -0.147027 -0.618255
vn 0.974179 -0.014074 -0.225338
vn -0.418732 -0.894738 0.155262
vn -0.547759 -0.731896 -0.405325
vn -0.861660 0.090826 -0.499292
vn -0.733160 -0.445197 -0.514077
vn -0.967380 0.030657 -0.251469
vn -0.695080 -0.360690 -0.621906
vn -0.256331 -0.244856 -0.935061
vn 0.003527 -0.153167 -0.988194
vn -0.084502 -0.114458 -0.989828
vn 0.997180 -0.040210 -0.063364
vn 0.996664 0.051157 -0.063594
vn 0.977266 -0.054895 -0.204788
vn 0.974740 -0.026278 -0.221790
vn 0.925846 -0.061187 -0.372916
vn 0.958213 -0.109344 -0.264334
vn -0.476253 -0.877773 -0.051933
vn -0.666293 -0.493059 -0.559416
vn -0.755755 -0.573105 -0.316836
vn -0.707905 -0.537461 -0.458264
vn -0.641467 -0.674077 -0.366252
vn -0.150073 -0.974318 -0.167875
vn -0.279479 -0.198003 -0.939514
vn -0.172123 -0.210897 -0.962235
vn -0.010208 -0.146139 -0.989211
vn -0.030610 -0.144694 -0.989003
vn 0.980287 -0.048286 -0.191585
vn 0.901775 -0.110361 -0.417877
vn 0.967384 -0.043854 -0.249488
vn 0.946872 -0.141302 -0.288906
vn 0.785951 0.120669 -0.606399
vn -0.405654 -0.276141 -0.871316
vn -0.587105 -0.429024 -0.686473
vn -0.813135 -0.348489 -0.466226
vn -0.811900 -0.159215 -0.561665
vn -0.000849 -0.152686 -0.988274
vn -0.471099 -0.323874 -0.820470
vn -0.350036 0.838799 -0.417002
vn 0.066199 -0.997018 0.039662
vn 0.003952 -0.141645 -0.989910
vn -0.717133 -0.080884 -0.692227
vn -0.480306 0.425001 -0.767255
vn -0.501314 -0.597781 -0.625573
vn -0.431228 0.633679 -0.642257
vn -0.342053 -0.883376 -0.320385
vn -0.042921 -0.951139 0.305767
vn -0.504973 -0.842328 -0.188378
vn -0.397937 0.638091 -0.659156
vn -0.414043 0.668954 -0.617308
vn -0.392034 -0.757130 -0.522554
vn -0.713678 -0.627739 -0.310816
vn -0.537598 0.582377 -0.609775
vn -0.003673 -0.573645 -0.819096
vn -0.486347 0.287374 -0.825156
vn -0.498241 -0.705065 -0.504619
vn -0.117433 -0.987840 -0.101891
vn -0.202073 -0.968151 -0.147821
vn -0.814514 -0.211116 -0.540368
vn -0.145595 -0.986053 0.080638
vn -0.882925 0.042216 -0.467613
vn -0.310540 0.761009 -0.569587
vn -0.316666 0.911371 -0.262918
vn -0.419543 -0.413520 -0.808075
vn -0.649583 -0.231617 -0.724151
vn -0.868063 -0.387613 -0.310197
vn -0.794660 0.140420 -0.590590
vn -0.479521 -0.580905 -0.657730
vn -0.342883 0.166777 -0.924455
vn -0.440098 0.505088 -0.742429
vn -0.539796 0.092357 -0.836714
vn -0.852734 -0.309553 -0.420740
vn -0.441204 -0.227121 -0.868191
vn -0.783916 0.035370 -0.619858
vn -0.545859 0.098842 -0.832027
vn -0.318731 0.672546 -0.667901
vn -0.472482 -0.685429 -0.554029
vn -0.791570 -0.604600 -0.088744
vn -0.892991 0.118066 -0.434314
vn -0.512880 0.806873 -0.293106
vn -0.039235 -0.990064 -0.135037
vn -0.932449 -0.335756 -0.133446
vn -0.600657 0.081097 -0.795384
vn -0.936322 -0.082063 -0.341419
vn 0.006427 0.459510 -0.888149
vn -0.536950 0.271320 -0.798793
vn -0.584222 -0.179504 -0.791494
vn 0.022396 -0.992890 0.116907
vn -0.988999 0.082526 -0.122763
vn -0.714861 -0.586661 -0.380528
vn -0.570813 -0.796731 -0.198473
vn -0.222236 0.659516 -0.718088
vn 0.054618 0.651032 -0.757082
vn -0.058092 0.804929 -0.590521
vn -0.051225 0.997760 -0.043028
vn -0.141516 0.986477 -0.082681
vn 0.324909 0.931689 -0.162447
vn 0.487471 -0.664587 -0.566300
vn -0.068031 0.990503 0.119485
vn 0.429774 0.081554 -0.899246
vn 0.492939 0.659378 -0.567655
vn 0.204697 0.897724 -0.390116
vn 0.434154 0.165415 -0.885521
vn 0.451224 -0.692417 -0.562988
vn 0.881600 -0.291114 -0.371530
vn -0.051314 -0.982010 -0.181723
vn 0.431476 0.091784 -0.897443
vn 0.281874 0.455429 -0.844471
vn 0.220323 0.961110 -0.166508
vn -0.237043 -0.937462 -0.254903
vn 0.439737 0.034293 -0.897472
vn 0.185050 0.455332 -0.870878
vn -0.089975 -0.921965 -0.376677
vn 0.136945 -0.378672 -0.915343
vn 0.458273 0.649130 -0.607138
vn 0.136107 0.916471 -0.376240
vn 0.393689 -0.286157 -0.873569
vn -0.098220 -0.953587 -0.284647
vn 0.474829 0.767797 -0.430145
vn 0.558790 0.727576 -0.397979
vn 0.616462 0.628112 -0.474815
vn 0.535152 0.807066 -0.249514
vn 0.667086 0.588790 -0.456423
vn 0.665934 -0.673294 -0.321259
vn 0.800971 -0.056094 -0.596070
vn 0.174191 -0.694068 -0.698518
vn 0.499916 -0.857468 0.121789
vn 0.219918 -0.695887 -0.683650
vn 0.692185 0.234598 -0.682527
vn 0.702125 -0.027974 -0.711504
vn 0.451303 -0.888991 -0.077597
vn 0.256402 0.119996 -0.959093
vn 0.518962 -0.593230 -0.615431
vn -0.413509 -0.688251 0.596088
vn -0.451859 -0.737161 0.502411
vn 0.469103 -0.645654 0.602556
vn -0.312980 -0.865525 0.391038
vn 0.567562 -0.760505 -0.315445
vn 0.895463 -0.002937 -0.445125
vn 0.470294 0.787137 -0.399047
vn 0.893526 0.086677 -0.440567
vn 0.767976 0.534445 -0.352960
vn 0.669645 0.155980 -0.726117
vn 0.124534 0.973514 -0.191732
vn 0.219815 0.862348 -0.456110
vn 0.324837 -0.419510 -0.847639
vn 0.016813 0.979445 -0.201008
vn 0.124004 0.610450 -0.782287
vn 0.731820 0.600832 -0.321620
vn 0.185141 0.152039 -0.970879
vn 0.573557 0.257314 -0.777703
vn -0.103386 -0.944874 0.310684
vn 0.409371 -0.892124 0.191128
vn -0.313218 -0.906229 0.283978
vn 0.078534 -0.490312 -0.868001
vn 0.280610 -0.949643 -0.139414
vn -0.076171 -0.961569 -0.263786
vn 0.392827 -0.919479 0.015634
vn 0.871871 -0.297580 -0.388957
vn 0.786984 0.296869 -0.540856
vn 0.471637 -0.149122 -0.869092
vn -0.561571 -0.155011 -0.812779
vn -0.472793 -0.024157 -0.880842
vn -0.181006 -0.026878 -0.983115
vn -0.035601 -0.162239 -0.986109
vn -0.228459 -0.200726 -0.952636
vn -0.553925 -0.327561 -0.765422
vn -0.510405 -0.451280 -0.732006
vn 0.100548 -0.123332 -0.987258
vn 0.012169 0.128485 -0.991637
vn -0.255393 0.311785 -0.915186
vn 0.027024 0.374065 -0.927009
vn 0.000082 0.342665 -0.939458
vn -0.000293 0.358756 -0.933431
vn -0.009525 0.317838 -0.948097
vn 0.007038 0.343173 -0.939246
vn 0.008889 0.289551 -0.957121
vn -0.010185 0.249114 -0.968421
vn 0.316121 0.085935 -0.944819
vn 0.070594 -0.069547 -0.995078
vn -0.009279 -0.055836 -0.998397
vn -0.009243 -0.010873 -0.999898
vn -0.017704 -0.017391 -0.999692
vn -0.023688 0.037874 -0.999002
vn -0.000449 -0.121003 -0.992652
vn -0.005411 -0.098142 -0.995158
vn -0.004652 -0.092512 -0.995701
vn -0.013844 -0.079368 -0.996749
vn -0.026623 -0.004274 -0.999636
vn 0.053538 0.067505 -0.996281
vn 0.360549 -0.932423 -0.024327
vn 0.671672 0.305527 -0.674915
vn 0.916439 -0.391391 -0.083380
vn 0.681117 -0.390770 -0.619175
vn 0.546784 -0.826096 -0.136356
vn 0.482129 -0.638741 -0.599635
vn 0.965634 -0.069149 -0.250538
vn 0.799003 -0.462211 -0.384649
vn 0.941489 -0.097301 -0.322694
vn 0.980183 0.197838 -0.010036
vn 0.486383 -0.651656 -0.582044
vn 0.160466 -0.527063 -0.834539
vn 0.182592 -0.702520 -0.687842
vn -0.629171 -0.461060 -0.625753
vn -0.453337 -0.629508 -0.631035
vn 0.828892 0.021173 -0.559007
vn 0.671482 -0.026657 -0.740542
vn 0.588944 -0.363274 -0.721925
vn 0.701215 -0.039373 -0.711862
vn 0.623153 -0.167517 -0.763949
vn 0.927032 -0.126899 -0.352857
vn 0.929097 -0.086650 -0.359541
vn -0.360056 -0.194379 -0.912456
vn -0.308392 -0.220822 -0.925274
vn -0.292259 -0.215702 -0.931696
vn -0.276232 -0.225825 -0.934184
vn -0.197593 -0.198853 -0.959903
vn -0.238385 -0.218231 -0.946334
vn -0.313365 -0.224867 -0.922625
vn -0.341458 -0.241250 -0.908408
vn -0.295456 -0.156005 -0.942533
vn -0.175503 -0.253001 -0.951414
vn -0.279433 -0.194008 -0.940361
vn -0.281906 -0.198048 -0.938779
vn -0.052690 -0.190868 -0.980201
vn -0.162903 -0.219721 -0.961865
vn -0.088520 -0.228770 -0.969448
vn -0.025202 -0.209757 -0.977429
vn -0.081752 -0.189933 -0.978387
vn -0.139768 -0.191905 -0.971410
vn -0.170885 -0.189066 -0.966981
vn -0.014176 -0.177050 -0.984100
vn -0.084415 -0.188938 -0.978354
vn -0.013302 -0.155291 -0.987779
vn -0.246094 -0.191491 -0.950142
vn -0.108544 -0.189369 -0.975888
vn -0.151683 -0.220002 -0.963634
vn -0.270320 -0.208641 -0.939892
vn -0.141939 -0.197536 -0.969965
vn -0.229593 -0.203213 -0.951836
vn -0.346008 -0.255382 -0.902806
vn -0.279723 -0.208805 -0.937100
vn -0.228148 -0.238372 -0.943996
vn -0.324906 -0.244861 -0.913498
vn -0.352509 -0.743573 -0.568187
vn -0.202145 -0.190082 -0.960732
vn -0.445799 -0.303799 -0.842003
vn -0.338998 -0.260376 -0.904038
vn -0.310824 -0.218758 -0.924950
vn -0.373671 -0.223205 -0.900305
vn -0.316051 -0.197645 -0.927927
vn -0.311991 -0.186872 -0.931526
vn -0.338925 -0.200613 -0.919176
vn -0.373773 -0.223947 -0.900078
vn 0.545874 -0.074791 -0.834522
vn 0.506678 -0.123250 -0.853280
vn 0.309545 0.059053 -0.949049
vn 0.354492 0.136660 -0.925019
vn 0.587999 0.118161 -0.800184
vn 0.564125 0.136318 -0.814359
vn 0.943022 0.049728 -0.328994
vn 0.283686 0.032654 -0.958361
vn 0.668111 -0.167898 -0.724871
vn 0.289131 -0.079955 -0.953945
vn 0.725045 -0.114452 -0.679125
vn 0.057323 -0.015766 -0.998231
vn 0.013120 -0.190977 -0.981507
vn 0.000321 -0.132382 -0.991199
vn 0.069831 -0.146632 -0.986723
vn 0.020947 -0.178127 -0.983785
vn -0.457453 0.425983 -0.780560
vn 0.054208 -0.257600 -0.964730
vn -0.118842 -0.135973 -0.983559
vn 0.036250 -0.207367 -0.977591
vn -0.005267 -0.228206 -0.973599
vn 0.858048 -0.068311 -0.509007
vn 0.574242 -0.278568 -0.769835
vn 0.919790 -0.106182 -0.377773
vn 0.868533 -0.165784 -0.467082
vn 0.804703 -0.079538 -0.588325
vn 0.181873 0.035602 -0.982677
vn 0.201339 -0.064323 -0.977407
vn 0.187312 0.002109 -0.982298
vn 0.079145 -0.267033 -0.960432
vn -0.189705 -0.024169 -0.981544
vn 0.000454 -0.168377 -0.985723
vn 0.600599 -0.335912 -0.725565
vn 0.259134 0.009188 -0.965798
vn 0.669455 -0.338650 -0.661170
vn 0.937199 -0.139242 -0.319795
vn 0.980414 -0.097405 -0.171174
vn 0.567592 -0.031720 -0.822698
vn 0.949592 -0.111861 -0.292852
vn 0.062101 0.054952 -0.996556
vn 0.077202 -0.008386 -0.996980
vn 0.267308 0.100733 -0.958331
vn 0.293398 -0.004833 -0.955978
vn -0.006743 -0.138437 -0.990348
vn 0.000421 -0.127162 -0.991882
vn -0.000685 -0.086690 -0.996235
vn -0.003209 -0.129880 -0.991525
vn 0.621106 -0.123155 -0.773990
vn 0.006279 -0.089368 -0.995979
vn 0.824042 -0.133270 -0.550631
vn -0.201639 0.780089 -0.592286
vn -0.211610 -0.086248 -0.973541
vn -0.350462 0.298745 -0.887653
vn -0.212769 0.325147 -0.921417
vn -0.412275 0.478687 -0.775170
vn -0.558660 0.253179 -0.789810
vn -0.457099 0.282503 -0.843358
vn -0.581207 0.269486 -0.767838
vn -0.570105 0.343871 -0.746145
vn -0.356263 -0.009568 -0.934337
vn -0.388438 0.081128 -0.917897
vn -0.773901 0.249306 -0.582171
vn -0.646555 0.486846 -0.587322
vn -0.533327 -0.237455 -0.811897
vn -0.383965 -0.762299 -0.521030
vn -0.685256 0.373298 -0.625358
vn 0.326934 0.095738 -0.940185
vn 0.356969 0.359115 -0.862328
vn 0.332431 0.304512 -0.892615
vn 0.296630 0.299415 -0.906841
vn 0.336507 0.314918 -0.887463
vn 0.144446 0.305531 -0.941162
vn 0.056744 0.329746 -0.942363
vn 0.194107 0.222465 -0.955422
vn -0.038025 0.255995 -0.965930
vn 0.188823 0.354327 -0.915859
vn 0.101695 0.642176 -0.759782
vn 0.098166 0.482574 -0.870336
vn 0.284809 0.399528 -0.871356
vn -0.013041 0.362219 -0.932002
vn 0.183553 0.320251 -0.929380
vn 0.226638 0.326796 -0.917518
vn 0.273723 0.434645 -0.857997
vn 0.360176 -0.811680 -0.459835
vn -0.084918 0.106126 -0.990720
vn 0.062424 0.077615 -0.995027
vn 0.372023 -0.643722 -0.668746
vn 0.465913 -0.066873 -0.882300
vn 0.324482 -0.892873 0.312234
vn 0.244384 0.466416 -0.850137
vn 0.170243 -0.963969 0.204406
vn 0.264139 -0.957783 -0.113499
vn -0.211510 -0.940483 0.266000
vn 0.483452 -0.754363 -0.444083
vn 0.292550 -0.845126 0.447411
vn -0.018769 0.540130 -0.841372
vn -0.115501 -0.873102 0.473659
vn 0.560912 -0.367073 -0.742048
vn -0.083986 0.599911 -0.795646
vn 0.286627 -0.878400 -0.382437
vn 0.152348 -0.828119 -0.539452
vn -0.021296 0.950440 -0.310178
vn -0.074410 0.899329 -0.430894
vn 0.109991 0.179708 -0.977552
vn 0.578838 -0.670913 0.463489
vn 0.074204 -0.447735 -0.891082
vn 0.167613 -0.065483 -0.983676
vn 0.214556 -0.822245 -0.527141
vn -0.365918 0.511660 -0.777373
vn 0.008116 0.383915 -0.923333
vn 0.014151 -0.998624 -0.050500
vn -0.202284 0.813512 -0.545234
vn -0.420980 -0.164377 -0.892052
vn -0.082160 -0.996261 0.026707
vn 0.004522 0.516734 -0.856134
vn -0.019612 0.722799 -0.690780
vn 0.227792 0.073529 -0.970930
vn 0.129337 -0.477339 -0.869149
vn -0.322207 -0.928779 -0.183174
vn -0.171734 0.436598 -0.883114
vn -0.159282 -0.947810 -0.276197
vn 0.174111 -0.539702 -0.823654
vn -0.017603 0.878718 -0.477017
vn 0.237883 -0.211708 -0.947941
vn 0.522102 0.185947 -0.832366
vn 0.303927 -0.901880 0.306987
vn -0.216623 -0.696890 0.683681
vn 0.131714 0.251135 -0.958949
vn -0.420514 -0.138938 -0.896585
vn 0.108844 -0.983154 0.146837
vn -0.253308 0.548485 -0.796869
vn 0.073084 -0.937664 0.339772
vn -0.199637 0.271738 -0.941437
vn -0.086507 -0.505391 -0.858543
vn 0.070771 -0.126663 -0.989418
vn -0.091474 0.972290 -0.215137
vn -0.105457 0.977643 -0.181913
vn 0.411428 -0.053168 -0.909890
vn -0.144385 -0.459618 0.876302
vn 0.466959 -0.883004 -0.047461
vn 0.159891 -0.679336 -0.716197
vn -0.053468 -0.405856 -0.912372
vn -0.580174 -0.098625 -0.808500
vn -0.278963 -0.130955 -0.951331
vn -0.281672 -0.362099 -0.888564
vn -0.247898 -0.020059 -0.968578
vn -0.350525 0.037152 -0.935816
vn -0.224467 0.078608 -0.971306
vn -0.147351 -0.401179 -0.904070
vn -0.312677 0.119615 -0.942298
vn -0.353825 -0.018377 -0.935131
vn -0.692459 -0.251551 -0.676183
vn -0.334684 0.751959 -0.567930
vn -0.375065 0.749684 -0.545252
vn 0.009652 0.297020 -0.954822
vn -0.282062 -0.872083 -0.399892
vn -0.030352 0.831885 -0.554117
vn -0.099556 0.137904 -0.985429
vn -0.077752 0.993767 -0.079891
vn -0.618413 -0.056631 -0.783810
vn -0.511125 0.682812 -0.522034
vn -0.235543 0.844951 -0.480184
vn -0.240846 -0.206406 -0.948362
vn -0.526781 0.552150 -0.646244
vn -0.449183 -0.880441 -0.151850
vn -0.132202 0.828935 -0.543497
vn -0.463813 0.773699 -0.431587
vn 0.156415 0.964662 -0.212040
vn -0.451888 -0.404803 -0.794941
vn 0.119457 0.979409 -0.162749
vn -0.023230 0.999032 0.037365
vn 0.045696 0.705291 -0.707444
vn 0.391666 -0.919625 0.029798
vn -0.499638 -0.068739 -0.863503
vn -0.192849 -0.087963 -0.977278
vn 0.176402 -0.972088 -0.154685
vn -0.344826 0.361302 -0.866346
vn 0.275285 -0.954789 0.112230
vn -0.573567 0.198449 -0.794757
vn -0.677278 0.248111 -0.692630
vn -0.570823 -0.582794 -0.578370
vn -0.397926 0.354725 -0.846065
vn -0.050005 0.864328 -0.500436
vn -0.546755 -0.595038 -0.589057
vn -0.780132 -0.081883 -0.620233
vn -0.698240 -0.349310 -0.624855
vn -0.675339 -0.609680 -0.414980
vn -0.737758 -0.063954 -0.672029
vn 0.021087 0.999498 0.023626
vn -0.090201 0.831291 -0.548470
vn -0.144392 -0.533604 -0.833317
vn -0.051576 -0.700864 -0.711428
vn -0.961698 0.214347 -0.170858
vn -0.757052 0.322781 -0.568053
vn -0.102169 0.822154 -0.560022
vn -0.453075 0.156277 -0.877668
vn -0.448431 -0.085085 -0.889759
vn -0.048478 0.158866 -0.986109
vn 0.461884 0.848003 -0.259912
vn 0.311790 0.828085 -0.465900
vn 0.255081 0.930225 -0.263846
vn 0.071681 0.399221 -0.914049
vn -0.262055 -0.696023 -0.668490
vn -0.172994 -0.570255 -0.803045
vn 0.082498 0.996544 0.009760
vn 0.292426 -0.510854 -0.808403
vn 0.354542 -0.934996 0.009072
vn -0.039394 0.891768 -0.450776
vn 0.161811 0.392328 -0.905481
vn -0.031885 0.354421 -0.934542
vn 0.077522 0.536251 -0.840491
vn 0.055325 0.859195 -0.508648
vn -0.123154 0.794573 -0.594548
vn -0.089944 0.873706 -0.478067
vn 0.008544 -0.061840 -0.998049
vn -0.297103 -0.062507 -0.952797
vn 0.973684 -0.225189 -0.035072
vn 0.601134 -0.782126 -0.164060
vn 0.283086 -0.065804 -0.956834
vn 0.068835 0.933775 -0.351177
vn 0.327720 0.922204 -0.205278
vn 0.177483 0.811404 -0.556887
vn 0.724241 -0.616206 -0.309461
vn 0.451054 0.356729 -0.818105
vn 0.447707 0.602880 -0.660374
vn -0.541315 0.665073 -0.514447
vn -0.188004 0.967779 -0.167507
vn -0.142366 0.979783 -0.140559
vn -0.733346 -0.153506 -0.662298
vn -0.473298 0.761933 -0.442095
vn -0.683558 0.664502 -0.301970
vn 0.292865 -0.275233 -0.915684
vn 0.417960 -0.425987 -0.802399
vn 0.544025 -0.286851 -0.788513
vn 0.409530 -0.691612 -0.594944
vn 0.326378 -0.331239 -0.885301
vn -0.073155 0.153758 -0.985397
vn 0.523461 -0.164428 -0.836033
vn 0.763414 -0.155851 -0.626825
vn 0.549303 -0.086310 -0.831154
vn 0.786860 -0.187884 -0.587836
vn 0.852356 -0.155969 -0.499162
vn 0.357352 -0.646279 -0.674258
vn 0.460650 -0.382753 -0.800813
vn 0.527980 -0.498687 -0.687422
vn 0.511622 -0.100691 -0.853291
vn 0.856208 -0.070874 -0.511747
vn 0.861889 -0.005036 -0.507072
vn 0.805051 -0.080843 -0.587670
vn 0.601891 -0.695458 -0.392512
vn 0.343622 -0.162568 -0.924930
vn 0.687405 -0.193069 -0.700142
vn -0.460777 -0.708024 -0.535152
vn 0.087164 -0.368875 -0.925383
vn -0.020478 -0.183097 -0.982881
vn -0.141203 -0.089403 -0.985936
vn -0.036672 -0.170746 -0.984632
vn -0.017952 -0.162252 -0.986586
vn 0.012664 -0.196332 -0.980456
vn -0.327874 0.150168 -0.932710
vn 0.048623 -0.301456 -0.952239
vn 0.082275 -0.346190 -0.934550
vn 0.058571 -0.263631 -0.962844
vn 0.039483 -0.261449 -0.964409
vn 0.069549 -0.284783 -0.956066
vn -0.005553 -0.158750 -0.987303
vn 0.028599 -0.201982 -0.978972
vn -0.073067 0.071569 -0.994756
vn 0.087617 0.057350 -0.994502
vn 0.696853 -0.099623 -0.710262
vn 0.409601 -0.036409 -0.911538
vn 0.250908 -0.172222 -0.952567
vn 0.642816 -0.456680 -0.615004
vn 0.613810 -0.419887 -0.668529
vn 0.262062 -0.147646 -0.953690
vn 0.004655 -0.057736 -0.998321
vn -0.428710 0.482265 -0.763956
vn -0.220151 0.933481 -0.283102
vn -0.244867 0.072143 -0.966869
vn -0.576873 0.450984 -0.681051
vn -0.173266 0.871238 -0.459264
vn -0.332244 0.935650 -0.119050
vn -0.513594 0.752856 -0.411617
vn -0.357110 0.839967 -0.408569
vn -0.338225 0.754813 -0.562014
vn -0.296650 -0.534319 -0.791519
vn -0.388425 0.430836 -0.814559
vn -0.305166 0.928027 -0.213637
vn -0.262253 -0.146069 -0.953880
vn -0.105632 -0.240573 -0.964866
vn -0.376987 0.925935 -0.022912
vn -0.257301 0.212829 -0.942603
vn -0.090474 0.041273 -0.995043
vn -0.307375 0.069236 -0.949067
vn 0.005310 0.245419 -0.969403
vn -0.103606 0.197190 -0.974875
vn 0.025142 0.224417 -0.974169
vn 0.018300 0.117305 -0.992927
vn 0.302462 0.175385 -0.936887
vn 0.193834 0.512890 -0.836285
vn 0.474632 -0.006370 -0.880161
vn 0.141181 0.399378 -0.905850
vn 0.403994 0.181686 -0.896537
vn 0.406816 0.191824 -0.893143
vn 0.508520 -0.606020 -0.611676
vn 0.054308 -0.269395 -0.961497
vn 0.189292 -0.302604 -0.934130
vn -0.319546 -0.884695 0.339420
vn 0.040736 -0.996927 0.066917
vn 0.274551 -0.886512 -0.372448
vn 0.698742 -0.260365 -0.666310
vn -0.296680 -0.887094 -0.353617
vn -0.188782 0.190265 -0.963411
vn -0.345068 0.307508 -0.886773
vn -0.493558 0.276895 -0.824457
vn -0.187919 0.371924 -0.909043
vn -0.431592 -0.576161 -0.694094
vn -0.245481 -0.443450 -0.862028
vn 0.091906 -0.709618 -0.698567
vn 0.155341 -0.142763 -0.977491
vn -0.166430 -0.375512 -0.911752
vn -0.166191 0.394233 -0.903859
vn -0.183366 -0.085502 -0.979319
vn -0.234895 0.226217 -0.945331
vn 0.054943 -0.486138 -0.872153
vn -0.082319 0.085525 -0.992930
vn 0.101015 -0.630699 -0.769425
vn 0.136258 -0.651949 -0.745920
vn 0.059381 -0.632031 -0.772665
vn 0.065703 -0.445645 -0.892795
vn -0.038828 0.226494 -0.973238
vn -0.080208 0.071944 -0.994178
vn 0.235574 -0.521610 -0.820017
vn -0.087241 -0.938178 -0.334979
vn 0.025697 -0.005882 -0.999652
vn -0.286506 -0.674420 -0.680494
vn 0.158292 -0.827906 -0.538066
vn 0.233289 -0.892780 -0.385382
vn -0.291355 -0.307372 -0.905889
vn -0.350090 -0.011487 -0.936646
vn 0.108079 -0.294760 -0.949439
vn -0.250343 -0.832173 -0.494789
vn 0.116400 -0.316205 -0.941523
vn 0.310653 0.415032 -0.855128
vn -0.211679 0.455502 -0.864702
vn 0.367010 -0.581935 -0.725710
vn -0.085513 -0.140621 -0.986364
vn 0.255736 -0.965362 -0.051718
vn -0.155045 0.040646 -0.987071
vn -0.206931 -0.615486 -0.760498
vn -0.175357 -0.047202 -0.983373
vn 0.051185 -0.083491 -0.995193
vn -0.268597 0.335237 -0.903035
vn 0.118467 -0.610565 -0.783056
vn -0.064927 -0.236404 -0.969483
vn -0.118242 -0.822975 -0.555636
vn 0.630236 -0.567942 -0.529381
vn 0.579953 -0.556208 -0.595220
vn 0.044398 -0.054950 -0.997501
vn 0.126714 -0.092943 -0.987575
vn 0.269925 -0.366405 -0.890442
vn 0.171810 -0.640948 -0.748109
vn 0.445343 -0.634288 -0.631940
vn -0.170935 0.425401 -0.888715
vn 0.163013 -0.144872 -0.975930
vn 0.438741 -0.627868 -0.642874
vn 0.235323 -0.826937 -0.510684
vn -0.110082 -0.620444 -0.776486
vn 0.203293 -0.909883 -0.361643
vn 0.782648 -0.579510 -0.227222
vn 0.512035 -0.800592 -0.311243
vn 0.172802 -0.046284 -0.983868
vn -0.199537 0.294500 -0.934588
vn 0.129627 -0.860421 -0.492821
vn 0.017726 -0.258550 -0.965835
vn -0.128285 0.216960 -0.967715
vn -0.288038 0.346232 -0.892837
vn 0.013874 0.720179 -0.693650
vn 0.141487 -0.850825 -0.506042
vn 0.108014 -0.173076 -0.978968
vn 0.112745 -0.145933 -0.982849
vn -0.193972 0.254029 -0.947546
vn -0.229143 0.182834 -0.956068
vn -0.184920 0.300617 -0.935646
vn -0.287436 0.368627 -0.884022
vn 0.674102 -0.578273 -0.459550
vn -0.396501 0.426116 -0.813150
vn -0.541208 0.441442 -0.715697
vn -0.366195 0.372847 -0.852576
vn 0.464679 -0.370682 -0.804157
vn 0.266903 -0.269007 -0.925418
vn 0.583272 -0.557718 -0.590546
vn -0.212852 0.146492 -0.966040
vn 0.324076 -0.349131 -0.879251
vn -0.261750 0.268468 -0.927045
vn 0.040218 0.064294 -0.997120
vn 0.074328 0.041628 -0.996365
vn 0.614483 -0.556550 -0.559162
vn 0.080368 -0.110361 -0.990637
vn -0.088589 0.014456 -0.995963
vn 0.478454 -0.410167 -0.776431
vn -0.086978 -0.263992 -0.960595
vn 0.232471 -0.710828 -0.663838
vn -0.027906 -0.226011 -0.973725
vn -0.054477 -0.184589 -0.981305
vn 0.093762 0.040855 -0.994756
vn 0.147615 -0.305081 -0.940816
vn -0.043467 -0.256159 -0.965657
vn -0.032808 -0.281092 -0.959120
vn 0.032056 -0.437526 -0.898634
vn -0.423676 0.245695 -0.871856
vn -0.480078 0.778941 -0.403455
vn -0.448780 0.816102 -0.364107
vn -0.367652 0.226557 -0.901945
vn -0.026644 0.494441 -0.868803
vn 0.023845 -0.870602 -0.491411
vn -0.170666 0.145048 -0.974594
vn -0.343677 -0.746219 -0.570127
vn 0.051842 0.295656 -0.953887
vn 0.019935 0.323137 -0.946142
vn 0.012747 0.315406 -0.948871
vn -0.070536 0.348225 -0.934753
vn -0.106867 0.310035 -0.944700
vn -0.322027 0.357387 -0.876683
vn -0.659105 -0.325310 -0.678051
vn -0.693196 -0.711145 -0.117268
vn 0.087143 -0.991501 -0.096602
vn -0.305147 0.281877 -0.909632
vn 0.300827 -0.538588 -0.787037
vn 0.361768 -0.463975 -0.808611
vn -0.567918 0.456566 -0.684848
vn -0.412480 0.371888 -0.831601
vn -0.497463 0.419300 -0.759420
vn -0.083343 -0.156369 -0.984176
vn 0.301544 -0.328344 -0.895132
vn -0.326450 0.112357 -0.938513
vn -0.299877 0.152704 -0.941677
vn 0.031061 -0.299136 -0.953705
vn -0.066136 -0.201665 -0.977219
vn 0.070981 -0.275268 -0.958743
vn 0.126798 -0.364311 -0.922605
vn 0.085867 -0.332811 -0.939076
vn 0.098620 -0.348883 -0.931963
vn -0.105917 -0.042400 -0.993471
vn -0.042086 -0.223922 -0.973698
vn 0.082760 -0.024864 -0.996259
vn -0.328618 0.303679 -0.894309
vn -0.199893 0.000413 -0.979818
vn -0.383984 0.271531 -0.882512
vn -0.067070 -0.060779 -0.995895
vn -0.026891 0.089767 -0.995600
vn 0.502718 -0.309164 -0.807274
vn -0.327356 0.150485 -0.932841
vn -0.278923 0.115384 -0.953357
vn 0.194574 -0.119227 -0.973615
vn 0.721840 -0.529851 -0.445202
vn 0.330920 -0.207589 -0.920543
vn 0.354795 -0.265816 -0.896360
vn -0.098577 0.070334 -0.992641
vn -0.165231 0.059916 -0.984433
vn 0.654592 -0.521462 -0.547346
vn 0.280892 -0.240421 -0.929138
vn 0.547632 -0.533884 -0.644257
vn 0.003189 -0.231423 -0.972848
vn -0.547438 0.600644 -0.582700
vn -0.501521 0.465017 -0.729545
vn -0.294666 0.313826 -0.902599
vt 0.000000 -425.000000
vt 20.833313 -417.500000
vt 41.666687 -410.000000
vt 62.500000 -402.500000
vt 83.333313 -395.000000
vt 104.166687 -387.500000
vt 125.000000 -380.000000
vt 139.000000 -363.500000
vt 153.000000 -346.999969
vt 167.000000 -330.500031
vt 181.000000 -314.000000
vt 195.000000 -297.500000
vt 209.000000 -281.000000
vt 223.000000 -264.500000
vt 237.000000 -248.000000
vt 251.000000 -231.500000
vt 265.000000 -215.000000
vt 265.769287 -190.384598
vt 266.538452 -165.769226
vt 267.307617 -141.153870
vt 268.076904 -116.538452
vt 268.846191 -91.923065
vt 269.615356 -67.307678
vt 270.384644 -42.692322
vt 271.153809 -18.076904
vt 271.923096 6.538452
vt 272.692383 31.153870
vt 273.461548 55.769257
vt 274.230713 80.384583
vt 275.000000 105.000000
vt 275.769287 129.615356
vt 276.538452 154.230835
vt 277.307739 178.846191
vt 278.076904 203.461487
vt 278.846191 228.076904
vt 279.615356 252.692261
vt 280.384644 277.307739
vt 281.153809 301.923096
vt 281.923096 326.538513
vt 282.692261 351.153809
vt 283.461548 375.769165
vt 284.230713 400.384644
vt 285.000000 425.000000
vt 260.217407 425.000000
vt 235.434814 425.000000
vt 210.652100 425.000000
vt 185.869629 425.000000
vt 161.086914 425.000000
vt 136.304321 425.000000
vt 111.521729 425.000000
vt 86.739136 425.000000
vt 61.956482 425.000000
vt 37.173950 425.000000
vt 12.391235 425.000000
vt -12.391235 425.000000
vt -37.173889 425.000000
vt -61.956543 425.000000
vt -86.739136 425.000000
vt -111.521729 425.000000
vt -136.304321 425.000000
vt -161.086914 425.000000
vt -185.869568 425.000000
vt -210.652161 425.000000
vt -235.434753 425.000000
vt -260.217407 425.000000
vt -285.000000 425.000000
vt -284.230774 400.384705
vt -283.461548 375.769287
vt -282.692322 351.153931
vt -281.923096 326.538452
vt -281.153870 301.923157
vt -280.384644 277.307678
vt -279.615356 252.692322
vt -278.846130 228.076843
vt -278.076904 203.461548
vt -277.307678 178.846069
vt -276.538452 154.230835
vt -275.769226 129.615356
vt -275.000000 105.000000
vt -274.230774 80.384521
vt -273.461548 55.769226
vt -272.692322 31.153900
vt -271.923096 6.538422
vt -271.153870 -18.076843
vt -270.384644 -42.692322
vt -269.615356 -67.307678
vt -268.846130 -91.923157
vt -268.076904 -116.538422
vt -267.307678 -141.153900
vt -266.538452 -165.769226
vt -265.769226 -190.384521
vt -265.000000 -215.000000
vt -250.999939 -231.500061
vt -237.000000 -248.000000
vt -223.000000 -264.500061
vt -209.000000 -281.000000
vt -195.000061 -297.499939
vt -181.000000 -314.000000
vt -167.000061 -330.499939
vt -153.000000 -347.000000
vt -139.000061 -363.499939
vt -125.000000 -380.000000
vt -104.166687 -387.500000
vt -83.333313 -395.000000
vt -62.500000 -402.500000
vt -41.666687 -410.000000
vt -20.833313 -417.500000
vt -113.120728 -157.080139
vt 0.000000 -326.944275
vt 113.121582 -157.080414
vt -184.686890 -189.423828
vt -97.217163 -257.100891
vt -70.250061 -325.972168
vt -15.849976 -370.972137
vt 35.783325 -360.972168
vt 171.851929 -206.912262
vt -214.917175 -215.073746
vt -156.960388 -251.034515
vt -120.278992 -305.047241
vt -82.299194 -359.442200
vt -24.006592 -393.629333
vt 21.805908 -387.516388
vt 63.472534 -372.516388
vt 84.988953 -275.104004
vt 201.511230 -232.077713
vt -230.628723 -228.404739
vt -180.235779 -270.783325
vt -151.569214 -303.217773
vt -123.569214 -336.217773
vt -88.638672 -377.051788
vt -62.618103 -376.473267
vt -108.319763 -360.020721
vt 27.272461 -402.701294
vt 3.461060 -401.928894
vt 45.127747 -386.928925
vt 68.939087 -387.701294
vt 86.794434 -371.928894
vt 107.133301 -322.272247
vt 143.689209 -268.152985
vt 216.950195 -245.177414
vt -205.607239 -241.970291
vt -239.818970 -201.649323
vt -192.681519 -281.343353
vt -198.783020 -261.538208
vt -172.427063 -292.536499
vt -164.301758 -314.021149
vt -143.935486 -325.119476
vt -136.301758 -347.021149
vt -69.593323 -389.518555
vt -46.021484 -389.411591
vt -111.260010 -374.518555
vt -123.358521 -364.417786
vt 110.619812 -353.609253
vt 137.939880 -320.032257
vt 166.612610 -287.603149
vt 226.103271 -218.741974
vt 192.358032 -258.513123
vt -215.484192 -230.329559
vt -220.661804 -248.326721
vt -248.686096 -215.347366
vt -229.992737 -213.230194
vt -180.121704 -247.327515
vt -40.269531 -364.919495
vt 110.012573 -371.053375
vt 130.534729 -342.127991
vt 150.512573 -330.700043
vt 158.495789 -309.126648
vt 178.897522 -298.026672
vt 186.318848 -278.505310
vt 228.685547 -234.438416
vt 245.113403 -212.315948
vt 206.977905 -265.094910
vt -32.732361 -379.611084
vt 167.757690 -261.990143
vt 221.280029 -173.141449
vt 228.804443 -195.400940
vt -100.368103 245.973999
vt -223.507751 365.323120
vt -272.608704 413.067566
vt 99.130432 244.922302
vt 198.260864 341.005249
vt 247.826172 389.046753
vt 272.608643 413.067566
vt 254.641724 406.809753
vt 266.899902 391.917236
vt -89.670044 24.553528
vt -170.917175 -76.543152
vt 170.917419 -76.543335
vt -218.197754 -151.938904
vt -95.844604 -335.662018
vt 2.079529 -381.289124
vt 17.094482 -368.083344
vt -8.639160 -392.372711
vt 18.406189 -343.417114
vt 47.712708 -371.337952
vt 74.266479 -337.803955
vt 55.553833 -350.266693
vt 43.441284 -311.800171
vt 55.080078 -329.275574
vt 76.918823 -305.990723
vt 34.450745 -330.401428
vt 70.053589 -321.435516
vt 88.513184 -325.410797
vt 92.846863 -344.777985
vt 18.954834 -311.438446
vt 40.170898 -345.466492
vt 78.130493 -355.747498
vt -244.715637 -177.406921
vt -151.209961 -276.810547
vt -127.937439 -319.997742
vt -108.357666 -320.590759
vt -86.733826 -291.662720
vt -101.620911 -303.080566
vt -83.539062 -311.242340
vt -108.066406 -279.262512
vt -170.129272 -259.104309
vt -163.370422 -216.875015
vt -22.089600 -343.858948
vt -60.189514 -353.779510
vt 122.984253 -327.308777
vt 143.776550 -291.283569
vt 158.109741 -274.390930
vt 176.966797 -238.381638
vt 245.207031 -177.422394
vt 223.669067 -127.470337
vt 198.714111 -193.170929
vt -24.782593 319.959534
vt -123.913025 334.367554
vt -189.298279 267.834656
vt -160.045105 145.551453
vt -198.260864 391.107544
vt -254.563782 364.352661
vt -260.148804 389.983398
vt -232.682007 315.757568
vt 189.614990 243.184814
vt 99.130432 335.387451
vt 125.323914 97.357971
vt 241.191528 340.130920
vt 198.260864 383.916626
vt 223.043457 400.617371
vt 258.866333 364.218140
vt -180.513977 46.354156
vt -220.844360 -78.103363
vt 218.532104 -53.391510
vt -238.666382 -127.939117
vt -95.498901 -351.212952
vt -0.671753 -354.770538
vt 16.180054 -327.384888
vt 32.005188 -256.983826
vt -250.718384 -191.235153
vt -214.814941 -183.983032
vt -166.632690 -278.178375
vt -135.111572 -290.235657
vt -119.633667 -289.568359
vt -28.502930 -272.762878
vt -53.071899 -296.220642
vt -70.598694 -299.080444
vt -90.741455 -274.007507
vt -60.038757 -252.554123
vt -78.061768 -259.457367
vt -65.117676 -277.533691
vt -46.352356 -278.663239
vt -42.603210 -260.056152
vt -6.310425 -233.959717
vt -21.621948 -250.950485
vt -127.296326 -256.112000
vt -133.996704 -272.534210
vt -188.311401 -222.989014
vt -166.287903 -235.103653
vt -25.841736 -358.997009
vt -42.156494 -344.913727
vt -33.540833 -317.412384
vt -57.247314 -336.991455
vt -32.733887 -332.765411
vt -74.656128 -343.289856
vt 115.309753 -279.825623
vt 179.001221 -252.775604
vt 191.325439 -243.353271
vt 185.542480 -220.837433
vt 203.432007 -212.385681
vt 187.787598 -204.937622
vt 213.353394 -199.763077
vt 246.279175 -194.872162
vt 237.570923 -151.095581
vt 247.401123 -128.212006
vt -24.782593 373.210693
vt -99.130432 377.142578
vt -148.695618 377.142578
vt -235.484192 266.391235
vt -209.853210 193.273743
vt -215.373291 119.183044
vt -198.260864 410.318970
vt -223.540344 400.713257
vt -172.981323 400.713257
vt -271.476685 363.824097
vt -260.082214 339.540710
vt -275.141968 388.348999
vt -239.542358 381.049744
vt -221.880676 383.019714
vt -243.352600 400.493408
vt 235.268066 241.758301
vt 202.535034 168.863342
vt 99.130432 381.050476
vt 190.821167 46.031830
vt 263.591675 339.430969
vt 252.717285 350.201904
vt 251.489136 310.898804
vt 265.024902 321.990173
vt 198.260864 406.326965
vt 169.355530 395.121826
vt 208.728271 395.121826
vt 185.979980 395.121826
vt 237.925293 408.394348
vt 223.043457 415.957336
vt 274.099976 363.742065
vt -227.613708 44.882294
vt -246.602844 -78.908295
vt -223.096375 -28.894806
vt 239.081909 -78.673309
vt 240.620605 -29.442535
vt -255.788757 -128.474182
vt -6.990173 -340.696777
vt 31.581360 -285.673340
vt -231.217041 -187.296097
vt -227.802429 -168.477844
vt -240.370544 -150.120880
vt -8.721436 -296.944427
vt 4.604065 -259.189941
vt -42.283691 -216.936295
vt -43.654480 -238.487244
vt -25.882629 -228.798584
vt -112.478943 -263.365906
vt -191.375854 -237.567322
vt -179.007263 -207.015427
vt -198.624634 -203.636444
vt 131.874268 -279.763062
vt 234.877808 -166.147552
vt 254.765137 -153.081635
vt 235.262939 -136.550934
vt -24.782593 400.587708
vt 24.782593 376.869507
vt -99.130432 402.675476
vt -259.443481 265.642456
vt -244.889221 192.178894
vt -242.361938 142.979065
vt -240.823425 93.748230
vt -223.043457 416.012634
vt -173.478271 416.012634
vt -148.695618 403.875366
vt -274.602783 339.086975
vt -260.202393 314.897583
vt -238.502075 347.760742
vt -247.826050 415.471130
vt 258.972168 241.017639
vt 240.747192 167.669067
vt 99.130432 404.772034
vt 232.869873 44.717926
vt 261.422485 290.219971
vt 173.478271 412.346008
vt 148.695618 405.487549
vt -252.011292 44.119873
vt -261.264038 -79.366455
vt -247.106018 -103.563416
vt -248.644409 -54.332581
vt -242.935791 -4.875366
vt 256.668579 -79.222839
vt 236.260986 -104.614929
vt 251.727783 -96.148712
vt 247.389160 -54.293365
vt 258.207153 -29.992096
vt 248.927368 -5.062592
vt 31.347046 -301.534973
vt -256.333496 -153.130646
vt 2.029419 -310.086639
vt 11.457092 -291.405975
vt -15.770264 -313.679016
vt 17.192078 -273.349121
vt -3.160095 -277.678467
vt -11.142212 -263.451904
vt -24.782593 415.938721
vt -49.565186 403.359375
vt 0.000000 403.359436
vt 49.565186 396.149475
vt -99.130432 417.276672
vt -123.913025 389.908997
vt -246.499573 235.163391
vt -263.599670 191.594177
vt -253.471924 167.164978
vt -254.914429 213.325745
vt -261.499268 142.381042
vt -251.161377 118.064636
vt -259.960815 93.150208
vt -251.522339 69.358765
vt -159.304016 390.508972
vt -259.441101 290.275879
vt -246.811768 327.154114
vt -207.880432 336.798767
vt -259.349426 405.319641
vt 246.166382 210.866028
vt 260.928833 167.038391
vt 256.789307 190.044067
vt 250.016113 141.056763
vt 261.315430 151.593445
vt 254.857178 44.030884
vt 244.750366 72.756104
vt 243.118896 20.543854
vt 244.240356 56.436066
vt 257.039307 28.263489
vt 218.274170 282.218323
vt 247.896362 266.231384
vt 123.937195 403.455566
vt -218.128235 -107.179291
vt -233.317139 -91.512146
vt -234.130066 -65.499512
vt -209.586487 -52.932343
vt -231.039124 -46.465942
vt -249.162842 -29.539032
vt -259.885132 -5.405029
vt -239.083618 21.176331
vt -254.639832 11.920105
vt 235.803345 -119.259155
vt 204.673218 -88.055817
vt 252.182495 -112.533630
vt 262.044312 -54.751373
vt 233.243286 -44.799072
vt 232.677979 -62.885956
vt 215.982910 -72.474884
vt 192.101685 -59.572876
vt 263.582642 -5.520599
vt -38.859741 386.899170
vt -68.554260 379.297729
vt -54.992065 388.118408
vt -74.475220 403.238098
vt -10.705383 386.899170
vt 1.057129 360.720032
vt 8.276733 386.265076
vt 26.877014 399.745239
vt 49.565186 413.235779
vt 75.661194 392.911255
vt 66.389771 407.922485
vt -108.233459 389.908997
vt -117.172791 407.262207
vt -139.901611 390.508972
vt -247.054382 252.915833
vt -263.271179 243.524109
vt -262.742004 227.415100
vt -268.429016 166.803894
vt -223.361755 166.351624
vt -228.008850 213.131226
vt -233.041931 111.412231
vt -230.389954 129.354492
vt -209.183411 144.492126
vt -266.399719 117.588440
vt -266.057495 68.320282
vt -240.187927 56.515015
vt -247.837036 277.958008
vt -224.474182 290.528992
vt -246.057312 303.012268
vt -221.109924 348.093811
vt -229.517517 332.863892
vt 264.221680 216.214233
vt 246.715210 228.428162
vt 232.294189 190.667908
vt 255.163940 117.939636
vt 261.589233 68.459930
vt 255.161377 93.300293
vt 211.090820 21.224701
vt 255.776367 9.953064
vt 238.764893 292.061340
vt 247.419922 250.982544
vt 266.302612 265.428101
vt 110.939270 392.911255
vt -233.507141 -112.503937
vt -236.365967 -19.652039
vt -239.547729 36.028656
vt -208.521851 3.346527
vt -224.582153 -5.563995
vt -223.888428 12.114471
vt -203.207825 30.509491
vt -256.484131 28.277832
vt 223.721558 -90.127167
vt 212.056152 -108.782379
vt 178.693054 -108.988342
vt 195.338623 -103.059052
vt 186.202637 -86.969452
vt 195.517334 -132.011993
vt 208.643677 -123.855164
vt -86.505066 389.908997
vt 24.782593 415.325684
vt 90.392883 392.911255
vt 58.255310 359.411316
vt 82.995850 408.797607
vt -133.307739 409.045715
vt -238.170044 175.894043
vt -227.283325 189.914490
vt -241.508606 206.731323
vt -191.461975 228.317383
vt -226.017334 149.101318
vt -184.181885 124.966003
vt -195.216248 169.079285
vt -212.496643 270.485779
vt -206.694153 310.262939
vt -216.568420 323.115967
vt -239.218689 289.936157
vt 244.329956 182.038696
vt 215.162598 217.296814
vt 231.913086 220.101013
vt 221.812866 173.762756
vt 208.130737 193.947632
vt 219.339966 143.117065
vt 227.158325 157.908813
vt 227.257812 28.078949
vt 211.757935 42.572693
vt 219.969116 66.720398
vt 218.603394 -8.335663
vt 227.780762 8.718933
vt 215.235840 -30.858307
vt 222.156860 316.995789
vt 233.952026 275.830811
vt 249.290161 281.253174
vt 141.250122 364.876526
vt 129.819519 382.921143
vt 115.732544 361.354797
vt 151.193298 383.817932
vt 114.790588 377.354004
vt 172.862854 360.362061
vt 180.874451 377.193665
vt 164.708252 374.566040
vt 193.367065 360.924866
vt 220.059326 356.921631
vt 223.263306 378.652588
vt 208.337158 369.751587
vt 238.574707 365.293396
vt 233.054565 389.734070
vt 60.735046 379.394714
vt 42.666260 379.449585
vt 80.511780 366.795105
vt -206.990906 214.119324
vt -217.767151 241.497070
vt -218.061523 225.571472
vt -201.079895 129.098755
vt -208.581055 160.410706
vt -221.271667 305.520325
vt -203.469421 289.480713
vt -160.770508 306.747498
vt -184.144531 303.120605
vt 221.612305 202.620972
vt 185.439819 213.514709
vt 233.547729 125.257812
vt 234.527710 -13.761414
vt 202.452759 -44.235901
vt 235.572998 307.933594
vt 132.761292 332.176636
vt 76.072510 342.941040
vt 97.994385 363.247803
vt -202.661499 253.724121
vt -221.995605 257.239319
vt -186.104248 285.387512
vt -176.881226 333.443176
vt -177.773132 364.957825
vt -200.683716 359.718018
vt 201.143555 208.785339
vt 199.463257 227.353821
vt 216.510132 236.682556
vt 218.126465 259.421997
vt 182.018066 186.606445
vt 189.339233 104.669067
vt 130.263245 350.276917
vt 114.081055 344.119751
vt 30.249512 311.242981
vt 90.824280 349.002075
vt -193.569031 324.144104
vt -174.297668 316.793152
vt -191.396667 344.212402
vt -192.088379 374.842834
vt -175.946045 382.911743
vt 192.661865 270.985596
vt 205.233032 248.911316
vt 197.048950 183.253418
vt 208.966064 120.283081
vt 49.625305 332.203308
vt 207.974609 270.886414
vt 190.315430 142.529907
vt 214.278442 93.462891
vt 60.328003 343.781189
vt 190.313477 123.586975
vt 148.701477 133.062866
vt 166.547485 115.326782
vt 204.968262 135.872864
vt 204.700806 105.502014
vt 229.211548 82.663879
vt 233.113770 103.784302
vt 169.812805 136.458679
vt 173.353577 162.156067
vt 144.090088 110.576538
vt 247.503540 105.620728
vt 189.456543 158.930298
vt 124.675476 193.166504
vt 157.738953 71.269196
vt 152.590332 183.274353
vt 169.450989 91.836914
vt 145.274658 88.964539
vt 168.115784 177.772583
vt 157.573303 102.293152
vt 183.224487 70.375244
vt 169.851074 52.844910
vt 137.968689 -11.876434
vt 168.118713 -32.225006
vt 183.706360 -42.745270
vt 190.955444 -15.196472
vt 164.284180 -54.714691
vt 123.410828 35.508423
vt 169.267517 15.370270
vt 144.653625 49.473480
vt 175.326050 34.017792
vt 125.356323 69.527344
vt 154.337769 30.528839
vt 190.093140 18.912048
vt 141.407532 73.003113
vt 147.458862 8.822235
vt 182.314880 1.650269
vt 202.222046 3.063354
vt 199.251953 32.235870
vt 201.001831 62.565887
vt 198.844482 81.793945
vt 206.329712 -18.013580
vt 177.221619 -62.705444
vt 141.437439 -39.247467
vt 127.559937 52.336243
vt 161.180847 -9.994110
vt 137.413940 23.948761
vt 185.057251 89.477356
vt 156.372498 -41.793976
vt 150.648376 -24.174835
vt 175.153198 -17.831604
vt 138.199158 -228.532333
vt 151.080322 -246.938141
vt 159.059998 -227.643372
vt -195.974792 -165.793457
vt -198.842773 -181.674683
vt -154.640015 -160.559631
vt -188.843628 -129.604645
vt -174.441101 -170.018341
vt -157.882690 -190.842285
vt -173.346252 -146.854950
vt -159.745117 -175.327911
vt -131.126831 -179.761414
vt -199.280212 -146.345093
vt -210.590942 -127.670135
vt -137.355835 -117.348755
vt -134.542297 -209.357224
vt -142.564880 -231.909851
vt -224.544189 -136.623138
vt -163.376953 -122.312195
vt -150.832092 -205.923325
vt -141.164795 -247.943924
vt -174.335327 -132.157043
vt -154.197693 -140.336975
vt -134.545532 -150.883026
vt -139.584717 -166.121124
vt -117.643250 -132.581635
vt -138.309509 -134.313568
vt -154.650879 -97.368988
vt -182.961426 -102.032990
vt -199.470398 -111.947937
vt -201.634338 -89.643066
vt -185.323242 -85.326538
vt -189.122864 -62.888794
vt -204.193298 -72.143799
vt -28.512756 -128.794678
vt -76.419189 -58.862854
vt -151.789856 -112.367828
vt -167.632385 -106.825531
vt -140.860107 -17.502960
vt -183.476929 -25.276764
vt -72.810974 -136.972198
vt -114.544861 -80.127625
vt -192.196228 -43.197693
vt -161.481934 -47.059906
vt -203.321594 -26.703094
vt -176.182556 -39.907440
vt -160.287231 -25.921051
vt -194.569092 -9.713654
vt -164.296814 9.958099
vt -174.644165 -7.247101
vt -187.225952 12.114563
vt -156.036621 -6.723785
vt -127.105164 17.936707
vt -144.698914 9.276245
vt -149.247925 40.718719
vt -153.998108 23.981171
vt -166.153931 36.473846
vt -181.970276 28.861969
vt -95.858765 -141.226868
vt -131.860291 -95.116302
vt -172.558044 -59.766693
vt -90.416443 -106.155396
vt -140.700439 -67.407806
vt -111.326355 -101.341736
vt -104.383362 -119.004242
vt -120.721741 -115.230865
vt -86.544006 -124.380432
vt -130.346619 -79.368927
vt -153.477417 -79.687012
vt -53.231262 -315.963623
vt 97.441284 -294.855225
vt 81.964905 -290.811523
vt 57.815857 -278.017426
vt 48.238037 -293.891602
vt 59.778137 -306.579224
vt 119.198608 -302.585510
vt 134.947083 -304.457825
vt -30.868896 -294.880127
vt 16.764160 -238.953690
vt 72.690552 -207.135345
vt 18.215149 -176.444641
vt -13.531921 -194.452835
vt -24.663391 -209.843491
vt -3.937988 -213.112610
vt 7.892151 -195.233902
vt 19.350220 -215.668823
vt 7.460938 -226.134430
vt -125.286804 362.138306
vt -81.013000 338.079163
vt -21.714355 346.585144
vt -14.808960 360.870422
vt -49.361450 356.888733
vt -40.862183 370.757202
vt 4.291992 330.098694
vt -41.629883 335.390564
vt -4.726440 344.627502
vt -61.061584 340.541565
vt -69.577820 358.997498
vt -83.253296 369.862976
vt -204.400513 56.391937
vt -212.250916 43.061462
vt -195.628113 43.827484
vt -177.962891 85.864685
vt -186.079041 66.551086
vt -161.468933 62.466949
vt -209.642883 87.815369
vt -194.143921 81.302246
vt -191.731140 103.720093
vt -218.534424 102.398254
vt -106.932007 78.805115
vt -132.366089 64.512909
vt -146.433716 56.607910
vt 154.297546 -144.474060
vt 191.982056 -162.859802
vt -186.445862 147.836365
vt -174.039673 137.517212
vt -148.719788 109.618774
vt -158.321472 126.343628
vt -170.423462 108.113037
vt -175.446167 197.564392
vt -189.011902 210.046387
vt 218.043091 336.797668
vt 166.910217 326.210876
vt 152.840027 344.720703
vt 149.561951 327.626282
vt 128.636902 283.657898
vt 135.105896 307.542664
vt 170.111877 343.247192
vt 184.672363 348.227783
vt 156.735352 360.370728
vt 114.439514 318.004211
vt 162.618896 287.272522
vt 156.662781 307.634583
vt 76.547363 300.066223
vt 117.983521 299.361694
vt 97.356995 305.098694
vt 82.457703 321.167358
vt 93.652710 274.875183
vt 110.288818 282.676147
vt 120.752808 259.057556
vt 62.263428 315.445374
vt 89.829956 290.682434
vt 45.877380 316.232239
vt 144.925903 292.064514
vt 103.876526 261.267578
vt 126.703613 226.349548
vt 147.920227 263.914368
vt 116.832581 241.448975
vt 138.190979 244.635437
vt 156.209900 220.564575
vt 142.569641 229.133545
vt 139.078613 208.435547
vt 162.826477 244.297363
vt 140.281616 192.873047
vt 133.050476 268.679871
vt 173.590759 228.507629
vt 176.839966 258.652283
vt 175.981384 276.068970
vt 193.311890 303.027954
vt 178.966553 293.199890
vt 177.145203 311.241821
vt 192.975708 322.382874
vt 206.319214 312.934326
vt -150.350708 331.244995
vt -134.439758 310.012695
vt -138.872864 347.546875
vt -141.095520 363.237061
vt -159.975647 352.559937
vt -162.136780 368.430908
vt -175.496704 349.252319
vt -136.238525 325.242493
vt -148.551880 316.015198
vt -142.200989 264.800110
vt -165.348450 272.543579
vt -100.163940 309.650330
vt -61.253296 300.590576
vt -55.964783 320.541138
vt -78.011841 315.709229
vt -40.643127 305.803406
vt -35.102600 240.547485
vt -2.974670 279.562866
vt -43.239807 272.719788
vt -18.686096 297.165894
vt -47.534668 289.700623
vt -163.121765 338.308716
vt -145.149658 288.578735
vt -172.786133 247.112671
vt -165.597290 221.881226
vt -168.654053 290.394348
vt -117.225769 317.024841
vt -101.087769 330.937561
vt -100.115295 354.040344
vt -23.293945 277.240173
vt -29.654541 259.040649
vt 6.013611 303.398315
vt -113.883179 280.383789
vt -114.997742 298.755127
vt -128.404846 288.722290
vt -175.665649 261.757935
vt -189.018921 244.566101
vt -157.832397 256.542297
vt -176.725220 232.350525
vt -115.866150 187.586060
vt -84.355042 353.490845
vt -110.143250 366.039917
vt -115.724304 348.691956
vt 14.877014 317.375488
vt 26.643982 337.929626
vt 12.306641 347.591492
vt -7.082458 315.959595
vt -144.546265 199.202148
vt 41.772644 349.666687
vt -160.379517 205.614990
vt 128.588806 159.876892
vt 10.257446 83.308777
vt 105.268494 -244.590942
vt 127.918274 -250.763611
vt 120.379517 -233.784454
vt 118.705017 -195.247498
vt 97.805359 -218.186630
vt 124.322998 -214.308243
vt 147.330261 -205.744125
vt 112.830688 -261.483948
vt 94.608765 -259.501892
vt 161.022949 -176.270020
vt 179.264832 -186.066864
vt 193.040649 -178.527863
vt 176.445862 -169.434113
vt 160.187927 -193.799728
vt -86.136658 -196.990021
vt -83.971802 -228.465759
vt -85.994873 -244.910889
vt -63.448120 -232.007919
vt -70.515564 -211.727936
vt -50.560852 -174.929810
vt -40.935730 -194.851944
vt -65.421326 -190.680862
vt -27.504333 -176.076538
vt -54.695557 -205.095413
vt -76.962952 -164.906158
vt -65.842407 -175.397949
vt -113.301941 -229.616241
vt -4.619751 -173.176361
vt -37.895752 -152.646484
vt -82.354126 -149.829285
vt -128.445557 -224.229248
vt 12.442932 -135.368347
vt -18.179138 -157.921356
vt 2.170959 -153.486816
vt -8.571655 -135.425476
vt -50.468872 -133.928864
vt -63.421570 -109.943481
vt -59.212769 -153.268921
vt -63.032959 -125.223694
vt -43.404724 -114.623962
vt -45.437256 -78.173340
vt -49.768494 -96.696838
vt -69.524048 -82.309326
vt -5.527283 -92.969940
vt -27.882690 -92.046204
vt -12.457031 -113.809967
vt 12.235779 -110.448669
vt 1.300293 -122.494049
vt -59.803528 -66.713593
vt 1.863037 -4.141541
vt -46.855469 -17.801147
vt -57.845886 -41.061798
vt -91.787354 -76.119446
vt -98.041138 -91.454163
vt -28.080322 -108.534851
vt 67.910095 -122.446564
vt 51.306641 -52.976776
vt -14.644470 -47.247223
vt -23.838623 -68.885803
vt -85.311584 -13.857788
vt 38.727905 -122.689148
vt 26.534058 -78.152374
vt -35.291260 -37.491882
vt -66.779236 -22.614136
vt -84.994446 -37.176178
vt 22.592041 -122.823273
vt 13.296692 -91.605133
vt 35.039917 -99.761200
vt 2.424194 -67.667572
vt -44.077820 -55.013123
vt -15.449829 -22.225159
vt -72.213379 -44.661072
vt -112.416016 -25.887787
vt -107.536682 -53.308197
vt -123.137146 -62.666412
vt 53.202881 -108.600281
vt 94.617798 -79.344299
vt 55.560181 -80.675842
vt 76.883545 -98.181213
vt -10.275818 -77.577087
vt 24.040649 -50.923126
vt -11.018738 -61.560333
vt -28.577698 -54.099640
vt -27.410156 6.554749
vt -31.430176 -21.983124
vt -96.291504 -25.668488
vt -104.891907 -68.324677
vt -91.284729 -52.202209
vt 40.551636 -85.113129
vt 104.095642 -122.036255
vt 75.043701 -78.682556
vt 63.823792 -65.230713
vt 91.062073 -24.887329
vt 73.753296 -42.567932
vt 85.465759 -60.229797
vt 116.261169 -57.233246
vt 101.409607 -64.344147
vt 100.550049 -43.484344
vt 120.494202 -36.545013
vt 132.438599 -26.482574
vt 112.334961 -10.521118
vt 116.464600 12.832520
vt 61.454895 -95.235168
vt 17.822754 -65.221283
vt 9.769958 -29.040771
vt 4.766418 -48.366058
vt -15.119080 -5.212524
vt 85.924377 -115.316437
vt 101.867432 -100.132874
vt 139.961914 -107.322632
vt 119.706055 -82.253601
vt 119.850037 -109.368561
vt 127.286621 -134.747650
vt 128.626099 -95.764069
vt 149.837830 -86.299072
vt 49.489136 -1.501343
vt 107.518494 -26.322235
vt 125.699402 -0.842407
vt -0.979675 -18.749329
vt -5.214600 -34.419708
vt 109.728760 -139.269836
vt 79.398682 -154.276001
vt 96.650024 -150.989716
vt 84.691345 -135.136200
vt 93.292358 -180.287201
vt 135.116455 -155.372528
vt 125.557617 -174.753082
vt 141.567993 -186.648712
vt 151.396606 -161.696930
vt 108.716858 -173.391815
vt 159.520020 -103.678741
vt 153.111267 -123.590271
vt 137.448364 -122.802582
vt 173.297913 -132.919159
vt 177.773254 -150.926514
vt 137.076050 -67.114716
vt 26.082642 -10.155518
vt 52.966309 -27.148376
vt 76.145569 37.585175
vt 100.374268 50.113739
vt 154.522583 -69.345825
vt 131.513123 -51.969177
vt 30.933350 -30.833435
vt 38.229919 -44.564148
vt 59.164246 -40.514160
vt 71.858826 -23.400635
vt 83.825256 6.401794
vt 82.526062 -10.380157
vt 67.397888 -0.767670
vt 68.479065 19.159760
vt 32.452393 44.957397
vt 53.447021 36.221954
vt 41.419006 -15.654694
vt 103.304626 29.265625
vt 91.185303 38.192169
vt 99.526855 12.754364
vt 84.618958 22.965210
vt 20.325378 18.434418
vt 49.474731 17.569458
vt 34.603943 8.022827
vt 97.463196 -3.543060
vt 16.437439 2.776825
vt 41.672119 -271.474518
vt 65.974792 -291.805206
vt -228.170959 75.342163
vt -211.972229 71.277771
vt -125.436340 41.710449
vt -136.898804 30.569611
vt -109.698242 28.660278
vt -105.709229 2.695618
vt -94.280762 52.958496
vt -109.141113 45.347137
vt -125.849792 -2.939667
vt -86.554993 5.454041
vt -62.104736 1.680023
vt -44.179321 0.002594
vt 212.964111 -149.954407
vt 207.711060 -164.923157
vt 197.198242 -147.831116
vt -153.484924 85.607727
vt -165.636230 94.089111
vt -165.816528 76.914673
vt -128.609375 93.149414
vt -138.154358 79.836914
vt -85.096008 135.355835
vt -122.738647 139.217957
vt -142.226379 137.469177
vt -134.930420 165.622559
vt -145.741760 153.402283
vt -159.340942 176.326111
vt -143.059814 96.017151
vt -102.220520 109.476990
vt -126.462280 116.284119
vt -142.462341 181.632324
vt -178.460388 178.553162
vt -192.029907 190.449158
vt -170.793152 161.192749
vt -111.649597 95.227600
vt -110.795166 125.509521
vt -140.409607 122.363403
vt 165.503662 200.841675
vt 44.034241 250.323730
vt 47.813293 283.198059
vt 5.298584 238.694336
vt 58.604187 297.723877
vt 41.786743 298.946167
vt 22.340759 282.477356
vt -14.674622 244.578491
vt 0.421021 258.978577
vt 21.986450 253.435669
vt -14.606445 263.992737
vt 35.256958 267.796753
vt 14.248474 268.053101
vt 21.050720 298.302063
vt 8.794617 288.737122
vt -119.509644 219.803955
vt -138.323059 238.536072
vt -156.744385 238.043396
vt -139.480591 218.559937
vt -118.776978 239.353394
vt -115.734558 259.797607
vt -127.282959 271.212524
vt -130.710571 253.078369
vt 26.314880 358.919373
vt 150.976013 160.920959
vt 140.371643 147.764893
vt 109.509216 129.528564
vt 129.073120 131.652649
vt 157.388855 146.375488
vt 117.664490 145.573120
vt 45.097290 172.363464
vt 79.811890 154.718323
vt 97.652100 145.650330
vt 120.963562 115.186951
vt 101.342529 174.993958
vt 111.661926 161.481018
vt 121.570312 175.926697
vt 138.464905 173.755127
vt 94.222168 160.985596
vt 74.466675 -237.162186
vt 55.449097 -251.813934
vt 74.584412 -257.922150
vt 48.872925 -223.610184
vt 58.583679 -236.214508
vt 31.642090 -228.820007
vt 41.165222 -242.781479
vt -105.917114 -181.286835
vt -117.988281 -171.703857
vt -119.464600 -196.102264
vt -88.049438 -179.089661
vt -99.238525 -213.703461
vt -116.111023 -212.670364
vt -75.526428 -98.125732
vt 37.076416 -152.850464
vt 19.591309 -151.391998
vt -132.066833 -40.111450
vt -148.282166 -37.202728
vt -116.610840 -40.778564
vt -127.733643 -25.411835
vt 36.804993 -63.483063
vt 64.060669 -179.184845
vt 90.911987 -199.789062
vt 105.971680 -204.636551
vt 78.351318 -188.359726
vt 94.536316 83.406860
vt 104.766296 101.777954
vt 72.948120 119.131409
vt 83.899170 101.364014
vt 90.246765 127.782776
vt 47.378357 91.112671
vt 74.699890 137.248901
vt 56.602356 152.027405
vt 94.108337 112.882996
vt 64.172058 101.463623
vt 41.223083 123.876526
vt 58.309998 129.690247
vt 68.941956 74.926025
vt 48.394043 108.263611
vt 22.698059 105.914795
vt 79.304688 86.513306
vt 28.097839 149.323486
vt 50.899292 59.695587
vt 28.672852 87.900513
vt 24.382080 65.885010
vt 40.611450 74.448486
vt -15.240173 48.202057
vt -49.834595 36.185364
vt -51.594666 17.376923
vt -69.209900 28.511902
vt 8.690063 47.813843
vt -68.303284 54.520569
vt -82.114441 40.356659
vt -31.148132 120.821411
vt 18.832031 128.435913
vt 41.745911 157.044861
vt 69.713562 55.709595
vt -72.844055 13.192902
vt -2.981323 66.111298
vt -19.259216 92.336548
vt -6.196045 82.280396
vt 0.135986 104.018555
vt -26.973694 69.383820
vt -3.633057 25.939728
vt 19.200500 34.982635
vt -82.553528 74.718201
vt -91.875427 92.387085
vt -57.948120 98.993286
vt -78.321411 112.267761
vt -73.914673 90.569458
vt -55.482971 74.977356
vt -10.633728 154.005920
vt -16.747681 110.108337
vt -11.800110 131.793823
vt 4.825073 142.057495
vt -35.528320 50.804260
vt -28.162292 29.286194
vt -42.576599 65.308716
vt -96.205566 68.035889
vt -81.680969 60.207916
vt -91.448242 120.954041
vt -56.103882 124.095215
vt -68.963989 69.180267
vt -38.510254 86.034058
vt -33.452026 103.136292
vt -36.973816 17.616455
vt -17.172119 18.271698
vt -52.224609 52.247070
vt -40.105835 149.292175
vt -27.827515 137.510742
vt -71.763428 126.729980
vt -65.362732 151.239868
vt -47.352295 110.833496
vt -53.515991 140.129272
vt -49.241638 195.557922
vt -14.639709 207.856079
vt -9.229004 226.222412
vt -28.511780 221.922974
vt -56.412354 222.528015
vt -32.720032 203.899658
vt -28.880981 175.763794
vt -93.274780 165.716370
vt -51.241089 169.629578
vt -82.504395 152.335876
vt -102.980774 146.878723
vt -114.100037 164.527100
vt -42.614807 182.005615
vt -73.816284 184.411682
vt -72.963074 166.966064
vt -58.464233 183.227844
vt 35.187012 27.673157
vt -114.504089 62.503143
vt 72.354858 255.502930
vt 70.992004 278.109985
vt -126.434753 202.705872
vt 93.031799 209.730225
vt 106.852661 224.148560
vt 111.275696 206.075562
vt 99.133911 192.827881
vt 68.773743 191.419922
vt 79.692566 174.693115
vt 62.278809 175.252991
vt 91.469543 -234.234299
vt -95.621948 -162.431274
vt 53.452454 -138.621277
vt 57.085266 -159.340149
vt 69.559937 -141.253662
vt 40.876526 -175.224274
vt 30.806458 -195.815430
vt 36.133789 -212.121613
vt 52.551758 -197.734390
vt 58.273987 -211.747330
vt 78.998169 -171.206116
vt 106.271118 68.306152
vt 112.317200 85.114502
vt 86.849792 65.323700
vt 12.032898 178.967957
vt 6.963745 160.798828
vt -8.225342 174.828247
vt 17.466858 209.823486
vt -1.444214 193.282043
vt 6.750244 222.306458
vt 30.001831 230.564758
vt -19.046326 190.605530
vt 45.436340 207.078491
vt 32.107483 215.133789
vt 53.168518 228.974548
vt 65.796021 212.202148
vt 78.731873 203.451172
vt 75.756226 232.840576
vt 90.582397 225.911377
vt 59.748108 244.418274
vt 84.300049 189.242126
vt 83.941895 245.655579
vt 2.573608 121.518433
vt -62.079163 250.839661
vt -69.712036 275.848694
vt -45.546448 253.673340
vt -82.396057 294.001953
vt -99.557983 290.472351
vt -94.345886 268.120911
vt -84.284424 279.174561
vt -57.464844 265.917297
vt -81.783508 252.812683
vt -82.599731 226.359131
vt -67.970825 234.937439
vt -101.730164 226.884888
vt -103.436157 205.306702
vt -95.212219 186.318298
vt -72.107300 206.662842
vt -87.982300 210.848938
vt -26.572571 159.169250
vt 55.871277 265.617432
vt 29.811829 191.743103
vt 50.676453 189.668152
vt -51.431580 238.247925
g Pattern_9283
s 1
usemtl FABRIC_1_FRONT_7892
f 1407/1407/1407 1497/1497/1497 1339/1339/1339
f 1449/1449/1449 1957/1957/1957 1446/1446/1446
f 1377/1377/1377 1493/1493/1493 1379/1379/1379
f 1340/1340/1340 1341/1341/1341 1373/1373/1373
f 1392/1392/1392 1374/1374/1374 1390/1390/1390
f 1412/1412/1412 1400/1400/1400 1255/1255/1255
f 1390/1390/1390 1391/1391/1391 1343/1343/1343
f 1373/1373/1373 1408/1408/1408 1407/1407/1407
f 1399/1399/1399 1348/1348/1348 1349/1349/1349
f 1455/1455/1455 1337/1337/1337 1338/1338/1338
f 1331/1331/1331 1665/1665/1665 1330/1330/1330
f 1517/1517/1517 1410/1410/1410 1420/1420/1420
f 1396/1396/1396 1351/1351/1351 1352/1352/1352
f 1609/1609/1609 1611/1611/1611 1333/1333/1333
f 1573/1573/1573 1620/1620/1620 1455/1455/1455
f 1381/1381/1381 1249/1249/1249 1380/1380/1380
f 1334/1334/1334 1609/1609/1609 1333/1333/1333
f 1671/1671/1671 1617/1617/1617 1616/1616/1616
f 1568/1568/1568 1335/1335/1335 1336/1336/1336
f 1397/1397/1397 1368/1368/1368 1420/1420/1420
f 1384/1384/1384 1253/1253/1253 1411/1411/1411
f 1611/1611/1611 1664/1664/1664 1332/1332/1332
f 1405/1405/1405 1364/1364/1364 1373/1373/1373
f 1405/1405/1405 1406/1406/1406 1388/1388/1388
f 1398/1398/1398 1377/1377/1377 1379/1379/1379
f 1402/1402/1402 1415/1415/1415 1416/1416/1416
f 1392/1392/1392 1344/1344/1344 1345/1345/1345
f 1377/1377/1377 1378/1378/1378 1367/1367/1367
f 1378/1378/1378 1410/1410/1410 1466/1466/1466
f 1382/1382/1382 1383/1383/1383 1370/1370/1370
f 1384/1384/1384 1383/1383/1383 1252/1252/1252
f 1397/1397/1397 1378/1378/1378 1396/1396/1396
f 1421/1421/1421 1416/1416/1416 1524/1524/1524
f 1353/1353/1353 1354/1354/1354 1368/1368/1368
f 1381/1381/1381 1354/1354/1354 1248/1248/1248
f 1580/1580/1580 1515/1515/1515 1405/1405/1405
f 1499/1499/1499 1374/1374/1374 1392/1392/1392
f 1457/1457/1457 1394/1394/1394 1376/1376/1376
f 1351/1351/1351 1377/1377/1377 1350/1350/1350
f 1365/1365/1365 1463/1463/1463 1456/1456/1456
f 1349/1349/1349 1350/1350/1350 1398/1398/1398
f 1458/1458/1458 1457/1457/1457 1376/1376/1376
f 1457/1457/1457 1375/1375/1375 1394/1394/1394
f 1411/1411/1411 1253/1253/1253 1254/1254/1254
f 1405/1405/1405 1388/1388/1388 1580/1580/1580
f 1343/1343/1343 1344/1344/1344 1390/1390/1390
f 1393/1393/1393 1345/1345/1345 1346/1346/1346
f 1406/1406/1406 1373/1373/1373 1341/1341/1341
f 1391/1391/1391 1406/1406/1406 1342/1342/1342
f 1332/1332/1332 1333/1333/1333 1611/1611/1611
f 1536/1536/1536 1590/1590/1590 1691/1691/1691
f 1387/1387/1387 1404/1404/1404 1419/1419/1419
f 1507/1507/1507 1359/1359/1359 1505/1505/1505
f 1325/1325/1325 1637/1637/1637 1324/1324/1324
f 1886/1886/1886 1890/1890/1890 1892/1892/1892
f 1442/1442/1442 1369/1369/1369 1382/1382/1382
f 1741/1741/1741 1591/1591/1591 1635/1635/1635
f 1638/1638/1638 1593/1593/1593 1697/1697/1697
f 1251/1251/1251 1382/1382/1382 1250/1250/1250
f 1322/1322/1322 1323/1323/1323 1634/1634/1634
f 1378/1378/1378 1397/1397/1397 1410/1410/1410
f 1421/1421/1421 1884/1884/1884 1386/1386/1386
f 1315/1315/1315 1316/1316/1316 1542/1542/1542
f 1312/1312/1312 1313/1313/1313 1426/1426/1426
f 1590/1590/1590 1319/1319/1319 1320/1320/1320
f 1419/1419/1419 1260/1260/1260 1261/1261/1261
f 1598/1598/1598 1318/1318/1318 1642/1642/1642
f 1352/1352/1352 1353/1353/1353 1397/1397/1397
f 1479/1479/1479 1542/1542/1542 1543/1543/1543
f 1407/1407/1407 1389/1389/1389 1497/1497/1497
f 1571/1571/1571 1364/1364/1364 1498/1498/1498
f 1544/1544/1544 1314/1314/1314 1315/1315/1315
f 1636/1636/1636 1322/1322/1322 1634/1634/1634
f 1368/1368/1368 1354/1354/1354 1440/1440/1440
f 1594/1594/1594 1539/1539/1539 1310/1310/1310
f 1252/1252/1252 1383/1383/1383 1251/1251/1251
f 1367/1367/1367 1493/1493/1493 1377/1377/1377
f 1701/1701/1701 1639/1639/1639 1327/1327/1327
f 1372/1372/1372 1525/1525/1525 1387/1387/1387
f 1426/1426/1426 1314/1314/1314 1544/1544/1544
f 1391/1391/1391 1374/1374/1374 1409/1409/1409
f 1540/1540/1540 1478/1478/1478 1539/1539/1539
f 1645/1645/1645 1547/1547/1547 1600/1600/1600
f 1391/1391/1391 1342/1342/1342 1343/1343/1343
f 1328/1328/1328 1329/1329/1329 1608/1608/1608
f 1735/1735/1735 1589/1589/1589 1688/1688/1688
f 1338/1338/1338 1497/1497/1497 1455/1455/1455
f 1310/1310/1310 1539/1539/1539 1309/1309/1309
f 2087/2087/2087 1688/1688/1688 1632/1632/1632
f 1392/1392/1392 1390/1390/1390 1344/1344/1344
f 1409/1409/1409 1374/1374/1374 1463/1463/1463
f 1533/1533/1533 1975/1975/1975 1972/1972/1972
f 1393/1393/1393 1392/1392/1392 1345/1345/1345
f 1305/1305/1305 1306/1306/1306 1631/1631/1631
f 1596/1596/1596 1740/1740/1740 1307/1307/1307
f 1388/1388/1388 1406/1406/1406 1391/1391/1391
f 1690/1690/1690 2049/2049/2049 1632/1632/1632
f 1391/1391/1391 1390/1390/1390 1374/1374/1374
f 1663/1663/1663 1664/1664/1664 1611/1611/1611
f 1364/1364/1364 1582/1582/1582 1498/1498/1498
f 1369/1369/1369 1439/1439/1439 1438/1438/1438
f 1263/1263/1263 1418/1418/1418 1417/1417/1417
f 1383/1383/1383 1382/1382/1382 1251/1251/1251
f 1373/1373/1373 1407/1407/1407 1340/1340/1340
f 1380/1380/1380 1382/1382/1382 1369/1369/1369
f 1418/1418/1418 1263/1263/1263 1264/1264/1264
f 1515/1515/1515 1581/1581/1581 1582/1582/1582
f 1380/1380/1380 1249/1249/1249 1250/1250/1250
f 1364/1364/1364 1408/1408/1408 1373/1373/1373
f 1442/1442/1442 1382/1382/1382 1370/1370/1370
f 1384/1384/1384 1400/1400/1400 1451/1451/1451
f 1256/1256/1256 1257/1257/1257 1413/1413/1413
f 1402/1402/1402 1468/1468/1468 1414/1414/1414
f 1451/1451/1451 1454/1454/1454 1384/1384/1384
f 1413/1413/1413 1257/1257/1257 1414/1414/1414
f 1381/1381/1381 1440/1440/1440 1354/1354/1354
f 1406/1406/1406 1341/1341/1341 1342/1342/1342
f 1255/1255/1255 1400/1400/1400 1411/1411/1411
f 1953/1953/1953 1958/1958/1958 1523/1523/1523
f 1270/1270/1270 1613/1613/1613 1269/1269/1269
f 1356/1356/1356 1623/1623/1623 1569/1569/1569
f 1494/1494/1494 1438/1438/1438 1439/1439/1439
f 1456/1456/1456 1500/1500/1500 1514/1514/1514
f 1421/1421/1421 1402/1402/1402 1416/1416/1416
f 1958/1958/1958 1959/1959/1959 1583/1583/1583
f 1258/1258/1258 1259/1259/1259 1415/1415/1415
f 1260/1260/1260 1419/1419/1419 1416/1416/1416
f 1572/1572/1572 1573/1573/1573 1455/1455/1455
f 1422/1422/1422 1529/1529/1529 1423/1423/1423
f 1396/1396/1396 1377/1377/1377 1351/1351/1351
f 1421/1421/1421 1386/1386/1386 1469/1469/1469
f 1418/1418/1418 1423/1423/1423 1403/1403/1403
f 1528/1528/1528 1527/1527/1527 1473/1473/1473
f 1385/1385/1385 1450/1450/1450 1451/1451/1451
f 2109/2109/2109 1422/1422/1422 2275/2275/2275
f 1495/1495/1495 1621/1621/1621 1356/1356/1356
f 1262/1262/1262 1417/1417/1417 1387/1387/1387
f 1403/1403/1403 1417/1417/1417 1418/1418/1418
f 1438/1438/1438 1381/1381/1381 1369/1369/1369
f 1584/1584/1584 1422/1422/1422 1471/1471/1471
f 1728/1728/1728 1729/1729/1729 1614/1614/1614
f 1366/1366/1366 1458/1458/1458 1460/1460/1460
f 1395/1395/1395 1347/1347/1347 1348/1348/1348
f 1271/1271/1271 1671/1671/1671 1270/1270/1270
f 1713/1713/1713 1276/1276/1276 1277/1277/1277
f 1621/1621/1621 1495/1495/1495 1452/1452/1452
f 1760/1760/1760 1604/1604/1604 1761/1761/1761
f 1516/1516/1516 1515/1515/1515 1580/1580/1580
f 2105/2105/2105 1583/1583/1583 2099/2099/2099
f 1874/1874/1874 1732/1732/1732 1675/1675/1675
f 1381/1381/1381 1380/1380/1380 1369/1369/1369
f 1274/1274/1274 1651/1651/1651 1655/1655/1655
f 1412/1412/1412 1255/1255/1255 1256/1256/1256
f 1262/1262/1262 1387/1387/1387 1261/1261/1261
f 1258/1258/1258 1415/1415/1415 1414/1414/1414
f 1654/1654/1654 1604/1604/1604 1651/1651/1651
f 1394/1394/1394 1346/1346/1346 1347/1347/1347
f 1629/1629/1629 1302/1302/1302 1627/1627/1627
f 1629/1629/1629 1301/1301/1301 1302/1302/1302
f 1392/1392/1392 1393/1393/1393 1375/1375/1375
f 1782/1782/1782 1784/1784/1784 1686/1686/1686
f 1650/1650/1650 1278/1278/1278 1279/1279/1279
f 1507/1507/1507 2114/2114/2114 1359/1359/1359
f 1298/1298/1298 1603/1603/1603 1297/1297/1297
f 1731/1731/1731 1733/1733/1733 1734/1734/1734
f 1346/1346/1346 1394/1394/1394 1393/1393/1393
f 1395/1395/1395 1348/1348/1348 1399/1399/1399
f 1774/1774/1774 1557/1557/1557 1775/1775/1775
f 1603/1603/1603 1658/1658/1658 1297/1297/1297
f 1394/1394/1394 1395/1395/1395 1376/1376/1376
f 1377/1377/1377 1396/1396/1396 1378/1378/1378
f 1293/1293/1293 1294/1294/1294 1556/1556/1556
f 1361/1361/1361 1517/1517/1517 1420/1420/1420
f 1560/1560/1560 1431/1431/1431 1292/1292/1292
f 1429/1429/1429 1431/1431/1431 1560/1560/1560
f 1353/1353/1353 1368/1368/1368 1397/1397/1397
f 1556/1556/1556 1559/1559/1559 1486/1486/1486
f 1397/1397/1397 1396/1396/1396 1352/1352/1352
f 1647/1647/1647 1650/1650/1650 1279/1279/1279
f 1395/1395/1395 1394/1394/1394 1347/1347/1347
f 1281/1281/1281 1282/1282/1282 1708/1708/1708
f 1412/1412/1412 1467/1467/1467 1400/1400/1400
f 1459/1459/1459 1461/1461/1461 1504/1504/1504
f 1627/1627/1627 1302/1302/1302 1303/1303/1303
f 1708/1708/1708 1601/1601/1601 1709/1709/1709
f 1417/1417/1417 1372/1372/1372 1387/1387/1387
f 1810/1810/1810 1825/1825/1825 1482/1482/1482
f 1436/1436/1436 1900/1900/1900 1573/1573/1573
f 1253/1253/1253 1384/1384/1384 1252/1252/1252
f 1283/1283/1283 1601/1601/1601 1282/1282/1282
f 1376/1376/1376 1395/1395/1395 1399/1399/1399
f 1555/1555/1555 1285/1285/1285 1286/1286/1286
f 1375/1375/1375 1393/1393/1393 1394/1394/1394
f 1373/1373/1373 1406/1406/1406 1405/1405/1405
f 1488/1488/1488 1562/1562/1562 1432/1432/1432
f 1286/1286/1286 1552/1552/1552 1555/1555/1555
f 1432/1432/1432 1430/1430/1430 1431/1431/1431
f 1340/1340/1340 1407/1407/1407 1339/1339/1339
f 1289/1289/1289 1290/1290/1290 1430/1430/1430
f 1522/1522/1522 1437/1437/1437 1493/1493/1493
f 1399/1399/1399 1398/1398/1398 1379/1379/1379
f 1432/1432/1432 1289/1289/1289 1430/1430/1430
f 1383/1383/1383 1384/1384/1384 1370/1370/1370
f 1552/1552/1552 1286/1286/1286 1287/1287/1287
f 1398/1398/1398 1399/1399/1399 1349/1349/1349
f 1752/1752/1752 1710/1710/1710 1755/1755/1755
f 1382/1382/1382 1380/1380/1380 1250/1250/1250
f 1377/1377/1377 1398/1398/1398 1350/1350/1350
f 1399/1399/1399 1379/1379/1379 1376/1376/1376
f 1381/1381/1381 1248/1248/1248 1249/1249/1249
f 1423/1423/1423 1418/1418/1418 1530/1530/1530
f 1375/1375/1375 1456/1456/1456 1499/1499/1499
f 1407/1407/1407 1408/1408/1408 1389/1389/1389
f 1409/1409/1409 1365/1365/1365 1516/1516/1516
f 1391/1391/1391 1409/1409/1409 1580/1580/1580
f 1494/1494/1494 1361/1361/1361 1438/1438/1438
f 1378/1378/1378 1466/1466/1466 1367/1367/1367
f 1255/1255/1255 1411/1411/1411 1254/1254/1254
f 1384/1384/1384 1411/1411/1411 1400/1400/1400
f 1413/1413/1413 1412/1412/1412 1256/1256/1256
f 1467/1467/1467 1412/1412/1412 1401/1401/1401
f 1257/1257/1257 1258/1258/1258 1414/1414/1414
f 1412/1412/1412 1413/1413/1413 1401/1401/1401
f 1402/1402/1402 1469/1469/1469 1468/1468/1468
f 1401/1401/1401 1413/1413/1413 1414/1414/1414
f 1416/1416/1416 1415/1415/1415 1259/1259/1259
f 1414/1414/1414 1415/1415/1415 1402/1402/1402
f 1260/1260/1260 1416/1416/1416 1259/1259/1259
f 1524/1524/1524 1416/1416/1416 1404/1404/1404
f 1263/1263/1263 1417/1417/1417 1262/1262/1262
f 1372/1372/1372 1417/1417/1417 1403/1403/1403
f 1265/1265/1265 1530/1530/1530 1264/1264/1264
f 1471/1471/1471 1265/1265/1265 1266/1266/1266
f 1387/1387/1387 1419/1419/1419 1261/1261/1261
f 1416/1416/1416 1419/1419/1419 1404/1404/1404
f 1361/1361/1361 1420/1420/1420 1368/1368/1368
f 1410/1410/1410 1397/1397/1397 1420/1420/1420
f 1524/1524/1524 1525/1525/1525 1470/1470/1470
f 1885/1885/1885 1884/1884/1884 1470/1470/1470
f 1733/1733/1733 2276/2276/2276 2274/2274/2274
f 1267/1267/1267 1268/1268/1268 1532/1532/1532
f 1423/1423/1423 1530/1530/1530 1471/1471/1471
f 1529/1529/1529 1422/1422/1422 1473/1473/1473
f 1697/1697/1697 1698/1698/1698 1638/1638/1638
f 1280/1280/1280 1647/1647/1647 1279/1279/1279
f 1598/1598/1598 1543/1543/1543 1597/1597/1597
f 2059/2059/2059 1977/1977/1977 1979/1979/1979
f 1313/1313/1313 1314/1314/1314 1426/1426/1426
f 1480/1480/1480 1544/1544/1544 1542/1542/1542
f 1629/1629/1629 1683/1683/1683 1684/1684/1684
f 1748/1748/1748 1804/1804/1804 1803/1803/1803
f 1557/1557/1557 1606/1606/1606 1607/1607/1607
f 2012/2012/2012 2006/2006/2006 2010/2010/2010
f 1561/1561/1561 1292/1292/1292 1293/1293/1293
f 1558/1558/1558 1778/1778/1778 1487/1487/1487
f 1290/1290/1290 1291/1291/1291 1430/1430/1430
f 1431/1431/1431 1430/1430/1430 1291/1291/1291
f 1292/1292/1292 1431/1431/1431 1291/1291/1291
f 1431/1431/1431 1429/1429/1429 1432/1432/1432
f 1488/1488/1488 1432/1432/1432 1429/1429/1429
f 1288/1288/1288 1289/1289/1289 1432/1432/1432
f 1355/1355/1355 1941/1941/1941 1908/1908/1908
f 2330/2330/2330 2336/2336/2336 2329/2329/2329
f 1889/1889/1889 1892/1892/1892 1904/1904/1904
f 1723/1723/1723 1927/1927/1927 1930/1930/1930
f 1274/1274/1274 1275/1275/1275 1651/1651/1651
f 2208/2208/2208 2233/2233/2233 2193/2193/2193
f 1572/1572/1572 1886/1886/1886 1436/1436/1436
f 1660/1660/1660 1490/1490/1490 1564/1564/1564
f 1459/1459/1459 1462/1462/1462 1460/1460/1460
f 1379/1379/1379 1493/1493/1493 1376/1376/1376
f 1439/1439/1439 1369/1369/1369 1362/1362/1362
f 1440/1440/1440 1361/1361/1361 1368/1368/1368
f 1441/1441/1441 1439/1439/1439 1362/1362/1362
f 1441/1441/1441 1494/1494/1494 1439/1439/1439
f 1381/1381/1381 1438/1438/1438 1440/1440/1440
f 1361/1361/1361 1440/1440/1440 1438/1438/1438
f 1362/1362/1362 1442/1442/1442 1444/1444/1444
f 1448/1448/1448 1453/1453/1453 1446/1446/1446
f 1370/1370/1370 1454/1454/1454 1444/1444/1444
f 1369/1369/1369 1442/1442/1442 1362/1362/1362
f 1523/1523/1523 1371/1371/1371 1953/1953/1953
f 1444/1444/1444 1453/1453/1453 1362/1362/1362
f 1370/1370/1370 1444/1444/1444 1442/1442/1442
f 1444/1444/1444 1443/1443/1443 1446/1446/1446
f 1619/1619/1619 1452/1452/1452 1445/1445/1445
f 1452/1452/1452 1495/1495/1495 1448/1448/1448
f 1449/1449/1449 1446/1446/1446 1443/1443/1443
f 1448/1448/1448 1446/1446/1446 1445/1445/1445
f 1449/1449/1449 1450/1450/1450 1447/1447/1447
f 2261/2261/2261 1957/1957/1957 1447/1447/1447
f 1448/1448/1448 1445/1445/1445 1452/1452/1452
f 1441/1441/1441 1362/1362/1362 1453/1453/1453
f 1450/1450/1450 1449/1449/1449 1443/1443/1443
f 1449/1449/1449 1447/1447/1447 1957/1957/1957
f 1451/1451/1451 1450/1450/1450 1443/1443/1443
f 1450/1450/1450 1385/1385/1385 1953/1953/1953
f 1451/1451/1451 1443/1443/1443 1454/1454/1454
f 1385/1385/1385 1451/1451/1451 1400/1400/1400
f 1619/1619/1619 1956/1956/1956 1570/1570/1570
f 1575/1575/1575 1624/1624/1624 1496/1496/1496
f 1446/1446/1446 1453/1453/1453 1444/1444/1444
f 1441/1441/1441 1453/1453/1453 1448/1448/1448
f 1444/1444/1444 1454/1454/1454 1443/1443/1443
f 1370/1370/1370 1384/1384/1384 1454/1454/1454
f 1455/1455/1455 1497/1497/1497 1571/1571/1571
f 1573/1573/1573 1572/1572/1572 1436/1436/1436
f 1366/1366/1366 1500/1500/1500 1375/1375/1375
f 1501/1501/1501 1460/1460/1460 1462/1462/1462
f 1458/1458/1458 1376/1376/1376 1437/1437/1437
f 1375/1375/1375 1457/1457/1457 1366/1366/1366
f 1437/1437/1437 1360/1360/1360 1461/1461/1461
f 1366/1366/1366 1457/1457/1457 1458/1458/1458
f 1504/1504/1504 1503/1503/1503 1508/1508/1508
f 1952/1952/1952 1519/1519/1519 1503/1503/1503
f 1458/1458/1458 1437/1437/1437 1461/1461/1461
f 1459/1459/1459 1505/1505/1505 1462/1462/1462
f 1459/1459/1459 1460/1460/1460 1461/1461/1461
f 1461/1461/1461 1460/1460/1460 1458/1458/1458
f 1462/1462/1462 1505/1505/1505 1579/1579/1579
f 1375/1375/1375 1500/1500/1500 1456/1456/1456
f 1463/1463/1463 1374/1374/1374 1499/1499/1499
f 1365/1365/1365 1409/1409/1409 1463/1463/1463
f 1902/1902/1902 1899/1899/1899 1898/1898/1898
f 1890/1890/1890 1893/1893/1893 1888/1888/1888
f 1519/1519/1519 1623/1623/1623 1960/1960/1960
f 1410/1410/1410 1518/1518/1518 1466/1466/1466
f 1410/1410/1410 1517/1517/1517 1518/1518/1518
f 1522/1522/1522 1466/1466/1466 1520/1520/1520
f 1467/1467/1467 1401/1401/1401 1959/1959/1959
f 1400/1400/1400 1467/1467/1467 1385/1385/1385
f 1468/1468/1468 1386/1386/1386 1583/1583/1583
f 1414/1414/1414 1468/1468/1468 1959/1959/1959
f 1468/1468/1468 1469/1469/1469 1386/1386/1386
f 1402/1402/1402 1421/1421/1421 1469/1469/1469
f 1526/1526/1526 1470/1470/1470 1525/1525/1525
f 1885/1885/1885 1883/1883/1883 1884/1884/1884
f 1585/1585/1585 1266/1266/1266 1267/1267/1267
f 1423/1423/1423 1471/1471/1471 1422/1422/1422
f 1613/1613/1613 1615/1615/1615 1269/1269/1269
f 2274/2274/2274 1422/1422/1422 1584/1584/1584
f 1472/1472/1472 1729/1729/1729 1734/1734/1734
f 2108/2108/2108 1528/1528/1528 1473/1473/1473
f 2089/2089/2089 2092/2092/2092 2077/2077/2077
f 1483/1483/1483 1818/1818/1818 1801/1801/1801
f 1595/1595/1595 1596/1596/1596 1308/1308/1308
f 1479/1479/1479 1543/1543/1543 1599/1599/1599
f 2047/2047/2047 2072/2072/2072 2053/2053/2053
f 1644/1644/1644 1750/1750/1750 1819/1819/1819
f 1592/1592/1592 1637/1637/1637 1638/1638/1638
f 2000/2000/2000 1477/1477/1477 1998/1998/1998
f 1599/1599/1599 1706/1706/1706 1425/1425/1425
f 1541/1541/1541 1595/1595/1595 1539/1539/1539
f 1597/1597/1597 1316/1316/1316 1317/1317/1317
f 1480/1480/1480 1479/1479/1479 1545/1545/1545
f 1545/1545/1545 1479/1479/1479 1425/1425/1425
f 1645/1645/1645 1600/1600/1600 1312/1312/1312
f 1590/1590/1590 1642/1642/1642 1319/1319/1319
f 1820/1820/1820 1819/1819/1819 1793/1793/1793
f 1605/1605/1605 1285/1285/1285 1554/1554/1554
f 1826/1826/1826 1549/1549/1549 1755/1755/1755
f 1684/1684/1684 1736/1736/1736 1629/1629/1629
f 2040/2040/2040 2029/2029/2029 2039/2039/2039
f 2418/2418/2418 2430/2430/2430 2427/2427/2427
f 1856/1856/1856 1858/1858/1858 1874/1874/1874
f 1562/1562/1562 1287/1287/1287 1288/1288/1288
f 1709/1709/1709 1717/1717/1717 1548/1548/1548
f 1556/1556/1556 1606/1606/1606 1559/1559/1559
f 1428/1428/1428 1777/1777/1777 1776/1776/1776
f 1561/1561/1561 1556/1556/1556 1558/1558/1558
f 1486/1486/1486 1778/1778/1778 1558/1558/1558
f 1780/1780/1780 1553/1553/1553 1488/1488/1488
f 1552/1552/1552 1488/1488/1488 1553/1553/1553
f 1939/1939/1939 1931/1931/1931 1938/1938/1938
f 1695/1695/1695 1745/1745/1745 1789/1789/1789
f 1564/1564/1564 1609/1609/1609 1610/1610/1610
f 1916/1916/1916 1662/1662/1662 1490/1490/1490
f 1272/1272/1272 1617/1617/1617 1271/1271/1271
f 1672/1672/1672 1673/1673/1673 1616/1616/1616
f 1900/1900/1900 1896/1896/1896 1720/1720/1720
f 1564/1564/1564 1610/1610/1610 1660/1660/1660
f 1522/1522/1522 1493/1493/1493 1367/1367/1367
f 1376/1376/1376 1493/1493/1493 1437/1437/1437
f 1569/1569/1569 1441/1441/1441 1356/1356/1356
f 1517/1517/1517 1494/1494/1494 1465/1465/1465
f 1356/1356/1356 1441/1441/1441 1495/1495/1495
f 1448/1448/1448 1495/1495/1495 1441/1441/1441
f 2105/2105/2105 2106/2106/2106 1523/1523/1523
f 1578/1578/1578 1966/1966/1966 1965/1965/1965
f 1497/1497/1497 1338/1338/1338 1339/1339/1339
f 1571/1571/1571 1497/1497/1497 1389/1389/1389
f 1408/1408/1408 1364/1364/1364 1571/1571/1571
f 1498/1498/1498 1887/1887/1887 1886/1886/1886
f 1375/1375/1375 1499/1499/1499 1392/1392/1392
f 1463/1463/1463 1499/1499/1499 1456/1456/1456
f 1366/1366/1366 1501/1501/1501 1500/1500/1500
f 1462/1462/1462 1514/1514/1514 1501/1501/1501
f 1460/1460/1460 1501/1501/1501 1366/1366/1366
f 1462/1462/1462 1579/1579/1579 1514/1514/1514
f 1578/1578/1578 1512/1512/1512 1511/1511/1511
f 1359/1359/1359 1579/1579/1579 1505/1505/1505
f 1952/1952/1952 1504/1504/1504 1360/1360/1360
f 1952/1952/1952 1520/1520/1520 1521/1521/1521
f 1360/1360/1360 1504/1504/1504 1461/1461/1461
f 1507/1507/1507 1505/1505/1505 1508/1508/1508
f 1508/1508/1508 1459/1459/1459 1504/1504/1504
f 1510/1510/1510 1508/1508/1508 1509/1509/1509
f 1508/1508/1508 1510/1510/1510 1506/1506/1506
f 2113/2113/2113 2115/2115/2115 2116/2116/2116
f 1505/1505/1505 1459/1459/1459 1508/1508/1508
f 2115/2115/2115 1506/1506/1506 1577/1577/1577
f 1509/1509/1509 1508/1508/1508 1503/1503/1503
f 1506/1506/1506 1507/1507/1507 1508/1508/1508
f 1960/1960/1960 1509/1509/1509 1503/1503/1503
f 1509/1509/1509 1502/1502/1502 1510/1510/1510
f 1626/1626/1626 1511/1511/1511 1512/1512/1512
f 1510/1510/1510 1502/1502/1502 1512/1512/1512
f 1511/1511/1511 1575/1575/1575 1961/1961/1961
f 1577/1577/1577 1506/1506/1506 1510/1510/1510
f 1574/1574/1574 1622/1622/1622 1625/1625/1625
f 1578/1578/1578 1577/1577/1577 1512/1512/1512
f 1906/1906/1906 1907/1907/1907 2345/2345/2345
f 1903/1903/1903 1456/1456/1456 1514/1514/1514
f 1501/1501/1501 1514/1514/1514 1500/1500/1500
f 1514/1514/1514 1513/1513/1513 1903/1903/1903
f 1581/1581/1581 1515/1515/1515 1464/1464/1464
f 1405/1405/1405 1515/1515/1515 1364/1364/1364
f 1516/1516/1516 1365/1365/1365 1899/1899/1899
f 1515/1515/1515 1516/1516/1516 1464/1464/1464
f 1494/1494/1494 1517/1517/1517 1361/1361/1361
f 1518/1518/1518 1517/1517/1517 1465/1465/1465
f 1518/1518/1518 1465/1465/1465 1521/1521/1521
f 1522/1522/1522 1520/1520/1520 1360/1360/1360
f 1465/1465/1465 1623/1623/1623 1521/1521/1521
f 1621/1621/1621 1623/1623/1623 1356/1356/1356
f 1466/1466/1466 1518/1518/1518 1520/1520/1520
f 1520/1520/1520 1518/1518/1518 1521/1521/1521
f 1465/1465/1465 1569/1569/1569 1623/1623/1623
f 1521/1521/1521 1519/1519/1519 1952/1952/1952
f 1437/1437/1437 1522/1522/1522 1360/1360/1360
f 1367/1367/1367 1466/1466/1466 1522/1522/1522
f 1386/1386/1386 1884/1884/1884 2099/2099/2099
f 1371/1371/1371 1954/1954/1954 1953/1953/1953
f 1525/1525/1525 1524/1524/1524 1404/1404/1404
f 1884/1884/1884 1524/1524/1524 1470/1470/1470
f 1387/1387/1387 1525/1525/1525 1404/1404/1404
f 1526/1526/1526 1525/1525/1525 1372/1372/1372
f 1526/1526/1526 1372/1372/1372 1527/1527/1527
f 1885/1885/1885 1526/1526/1526 1363/1363/1363
f 1372/1372/1372 1403/1403/1403 1527/1527/1527
f 1529/1529/1529 1403/1403/1403 1423/1423/1423
f 1363/1363/1363 1526/1526/1526 1528/1528/1528
f 1527/1527/1527 1528/1528/1528 1526/1526/1526
f 1473/1473/1473 1527/1527/1527 1529/1529/1529
f 1403/1403/1403 1529/1529/1529 1527/1527/1527
f 1264/1264/1264 1530/1530/1530 1418/1418/1418
f 1265/1265/1265 1471/1471/1471 1530/1530/1530
f 1471/1471/1471 1585/1585/1585 1584/1584/1584
f 1585/1585/1585 1532/1532/1532 1586/1586/1586
f 1269/1269/1269 1615/1615/1615 1670/1670/1670
f 1532/1532/1532 1668/1668/1668 1586/1586/1586
f 1628/1628/1628 1587/1587/1587 1627/1627/1627
f 1973/1973/1973 1978/1978/1978 1682/1682/1682
f 2074/2074/2074 2086/2086/2086 1981/1981/1981
f 1677/1677/1677 1587/1587/1587 1628/1628/1628
f 1595/1595/1595 1308/1308/1308 1309/1309/1309
f 1425/1425/1425 1706/1706/1706 1808/1808/1808
f 1590/1590/1590 1692/1692/1692 1691/1691/1691
f 1643/1643/1643 1705/1705/1705 1481/1481/1481
f 1744/1744/1744 1785/1785/1785 2003/2003/2003
f 1696/1696/1696 1785/1785/1785 1787/1787/1787
f 1639/1639/1639 1326/1326/1326 1327/1327/1327
f 1997/1997/1997 1747/1747/1747 1789/1789/1789
f 1594/1594/1594 1310/1310/1310 1311/1311/1311
f 1539/1539/1539 1478/1478/1478 1541/1541/1541
f 1545/1545/1545 1547/1547/1547 1480/1480/1480
f 1546/1546/1546 1540/1540/1540 1545/1545/1545
f 2050/2050/2050 2052/2052/2052 2067/2067/2067
f 1308/1308/1308 1596/1596/1596 1307/1307/1307
f 1542/1542/1542 1316/1316/1316 1597/1597/1597
f 1480/1480/1480 1542/1542/1542 1479/1479/1479
f 1598/1598/1598 1317/1317/1317 1318/1318/1318
f 1479/1479/1479 1599/1599/1599 1425/1425/1425
f 1542/1542/1542 1544/1544/1544 1315/1315/1315
f 1544/1544/1544 1480/1480/1480 1645/1645/1645
f 1546/1546/1546 1545/1545/1545 1425/1425/1425
f 1547/1547/1547 1545/1545/1545 1540/1540/1540
f 1808/1808/1808 1546/1546/1546 1425/1425/1425
f 1478/1478/1478 1540/1540/1540 1546/1546/1546
f 1594/1594/1594 1547/1547/1547 1540/1540/1540
f 1312/1312/1312 1600/1600/1600 1311/1311/1311
f 1767/1767/1767 1718/1718/1718 1605/1605/1605
f 1710/1710/1710 1756/1756/1756 1755/1755/1755
f 1826/1826/1826 1809/1809/1809 1813/1813/1813
f 1814/1814/1814 1848/1848/1848 1879/1879/1879
f 1685/1685/1685 1687/1687/1687 1299/1299/1299
f 1771/1771/1771 1607/1607/1607 1769/1769/1769
f 1848/1848/1848 1846/1846/1846 1852/1852/1852
f 1491/1491/1491 1672/1672/1672 1764/1764/1764
f 1552/1552/1552 1287/1287/1287 1562/1562/1562
f 1485/1485/1485 1554/1554/1554 1555/1555/1555
f 1781/1781/1781 1780/1780/1780 1429/1429/1429
f 1485/1485/1485 1552/1552/1552 1553/1553/1553
f 1554/1554/1554 1799/1799/1799 1716/1716/1716
f 1285/1285/1285 1605/1605/1605 1284/1284/1284
f 1485/1485/1485 1555/1555/1555 1552/1552/1552
f 1285/1285/1285 1555/1555/1555 1554/1554/1554
f 1606/1606/1606 1294/1294/1294 1295/1295/1295
f 1558/1558/1558 1556/1556/1556 1486/1486/1486
f 1607/1607/1607 1295/1295/1295 1296/1296/1296
f 1772/1772/1772 1769/1769/1769 1719/1719/1719
f 1779/1779/1779 1486/1486/1486 1776/1776/1776
f 1561/1561/1561 1558/1558/1558 1487/1487/1487
f 1606/1606/1606 1556/1556/1556 1294/1294/1294
f 1771/1771/1771 1775/1775/1775 1557/1557/1557
f 1561/1561/1561 1560/1560/1560 1292/1292/1292
f 1560/1560/1560 1487/1487/1487 1781/1781/1781
f 1556/1556/1556 1561/1561/1561 1293/1293/1293
f 1560/1560/1560 1561/1561/1561 1487/1487/1487
f 1432/1432/1432 1562/1562/1562 1288/1288/1288
f 1552/1552/1552 1562/1562/1562 1488/1488/1488
f 1665/1665/1665 1667/1667/1667 1330/1330/1330
f 2263/2263/2263 1986/1986/1986 1989/1989/1989
f 1334/1334/1334 1335/1335/1335 1610/1610/1610
f 1661/1661/1661 1611/1611/1611 1564/1564/1564
f 1663/1663/1663 1662/1662/1662 1565/1565/1565
f 1563/1563/1563 1666/1666/1666 1725/1725/1725
f 1675/1675/1675 1669/1669/1669 1674/1674/1674
f 1668/1668/1668 1472/1472/1472 1586/1586/1586
f 1273/1273/1273 1676/1676/1676 1272/1272/1272
f 1618/1618/1618 1567/1567/1567 1617/1617/1617
f 1568/1568/1568 1336/1336/1336 1620/1620/1620
f 1610/1610/1610 1568/1568/1568 1492/1492/1492
f 1465/1465/1465 1494/1494/1494 1569/1569/1569
f 1441/1441/1441 1569/1569/1569 1494/1494/1494
f 1956/1956/1956 1957/1957/1957 2261/2261/2261
f 1575/1575/1575 1496/1496/1496 1961/1961/1961
f 1408/1408/1408 1571/1571/1571 1389/1389/1389
f 1498/1498/1498 1886/1886/1886 1572/1572/1572
f 1455/1455/1455 1571/1571/1571 1572/1572/1572
f 1498/1498/1498 1572/1572/1572 1571/1571/1571
f 1568/1568/1568 1573/1573/1573 1492/1492/1492
f 1337/1337/1337 1620/1620/1620 1336/1336/1336
f 1621/1621/1621 1452/1452/1452 1622/1622/1622
f 1574/1574/1574 1502/1502/1502 1960/1960/1960
f 1626/1626/1626 1502/1502/1502 1625/1625/1625
f 1622/1622/1622 1624/1624/1624 1625/1625/1625
f 2465/2465/2465 1967/1967/1967 1968/1968/1968
f 2115/2115/2115 2121/2121/2121 2116/2116/2116
f 1512/1512/1512 1577/1577/1577 1510/1510/1510
f 2115/2115/2115 2113/2113/2113 2114/2114/2114
f 1966/1966/1966 1964/1964/1964 1965/1965/1965
f 1576/1576/1576 1577/1577/1577 1578/1578/1578
f 2124/2124/2124 1579/1579/1579 1359/1359/1359
f 1514/1514/1514 1579/1579/1579 1513/1513/1513
f 1391/1391/1391 1580/1580/1580 1388/1388/1388
f 1516/1516/1516 1580/1580/1580 1409/1409/1409
f 1581/1581/1581 1464/1464/1464 1891/1891/1891
f 1582/1582/1582 1581/1581/1581 1358/1358/1358
f 1582/1582/1582 1358/1358/1358 1887/1887/1887
f 1515/1515/1515 1582/1582/1582 1364/1364/1364
f 2099/2099/2099 1583/1583/1583 1386/1386/1386
f 1958/1958/1958 1583/1583/1583 1523/1523/1523
f 1585/1585/1585 1471/1471/1471 1266/1266/1266
f 2274/2274/2274 1584/1584/1584 1531/1531/1531
f 1532/1532/1532 1585/1585/1585 1267/1267/1267
f 1584/1584/1584 1585/1585/1585 1531/1531/1531
f 2274/2274/2274 1586/1586/1586 1472/1472/1472
f 1585/1585/1585 1586/1586/1586 1531/1531/1531
f 1628/1628/1628 1303/1303/1303 1304/1304/1304
f 1681/1681/1681 1629/1629/1629 1587/1587/1587
f 1682/1682/1682 1588/1588/1588 1683/1683/1683
f 1300/1300/1300 1685/1685/1685 1299/1299/1299
f 1632/1632/1632 1740/1740/1740 1690/1690/1690
f 1680/1680/1680 1589/1589/1589 1735/1735/1735
f 1691/1691/1691 1692/1692/1692 1633/1633/1633
f 1598/1598/1598 1642/1642/1642 1705/1705/1705
f 1694/1694/1694 1634/1634/1634 1323/1323/1323
f 1633/1633/1633 1696/1696/1696 1787/1787/1787
f 1742/1742/1742 1741/1741/1741 1695/1695/1695
f 1634/1634/1634 1635/1635/1635 1591/1591/1591
f 1701/1701/1701 1608/1608/1608 1640/1640/1640
f 1982/1982/1982 1563/1563/1563 1983/1983/1983
f 1594/1594/1594 1311/1311/1311 1600/1600/1600
f 1539/1539/1539 1594/1594/1594 1540/1540/1540
f 1539/1539/1539 1595/1595/1595 1309/1309/1309
f 1596/1596/1596 1595/1595/1595 1541/1541/1541
f 1541/1541/1541 1641/1641/1641 1596/1596/1596
f 1641/1641/1641 1690/1690/1690 1596/1596/1596
f 1598/1598/1598 1597/1597/1597 1317/1317/1317
f 1542/1542/1542 1597/1597/1597 1543/1543/1543
f 1318/1318/1318 1319/1319/1319 1642/1642/1642
f 1643/1643/1643 1598/1598/1598 1705/1705/1705
f 1643/1643/1643 1599/1599/1599 1543/1543/1543
f 1707/1707/1707 1644/1644/1644 1706/1706/1706
f 1645/1645/1645 1312/1312/1312 1426/1426/1426
f 1594/1594/1594 1600/1600/1600 1547/1547/1547
f 1718/1718/1718 1283/1283/1283 1284/1284/1284
f 1717/1717/1717 1709/1709/1709 1601/1601/1601
f 1281/1281/1281 1708/1708/1708 1648/1648/1648
f 1711/1711/1711 1278/1278/1278 1649/1649/1649
f 1299/1299/1299 1687/1687/1687 1739/1739/1739
f 1658/1658/1658 1607/1607/1607 1296/1296/1296
f 1651/1651/1651 1712/1712/1712 1654/1654/1654
f 1759/1759/1759 1763/1763/1763 1653/1653/1653
f 1716/1716/1716 1605/1605/1605 1554/1554/1554
f 1717/1717/1717 1601/1601/1601 1718/1718/1718
f 1607/1607/1607 1606/1606/1606 1295/1295/1295
f 1559/1559/1559 1606/1606/1606 1557/1557/1557
f 1296/1296/1296 1297/1297/1297 1658/1658/1658
f 1658/1658/1658 1719/1719/1719 1769/1769/1769
f 1330/1330/1330 1667/1667/1667 1727/1727/1727
f 2262/2262/2262 1640/1640/1640 1702/1702/1702
f 1610/1610/1610 1609/1609/1609 1334/1334/1334
f 1611/1611/1611 1609/1609/1609 1564/1564/1564
f 1568/1568/1568 1610/1610/1610 1335/1335/1335
f 1610/1610/1610 1492/1492/1492 1720/1720/1720
f 1661/1661/1661 1564/1564/1564 1490/1490/1490
f 1332/1332/1332 1664/1664/1664 1331/1331/1331
f 1725/1725/1725 1612/1612/1612 1724/1724/1724
f 1722/1722/1722 1563/1563/1563 1702/1702/1702
f 1613/1613/1613 1270/1270/1270 1671/1671/1671
f 1615/1615/1615 1566/1566/1566 1614/1614/1614
f 1532/1532/1532 1268/1268/1268 1670/1670/1670
f 1728/1728/1728 1614/1614/1614 1566/1566/1566
f 1566/1566/1566 1615/1615/1615 1613/1613/1613
f 1668/1668/1668 1670/1670/1670 1614/1614/1614
f 1672/1672/1672 1616/1616/1616 1567/1567/1567
f 1613/1613/1613 1616/1616/1616 1566/1566/1566
f 1617/1617/1617 1272/1272/1272 1676/1676/1676
f 1616/1616/1616 1617/1617/1617 1567/1567/1567
f 1273/1273/1273 1274/1274/1274 1655/1655/1655
f 1604/1604/1604 1759/1759/1759 1653/1653/1653
f 1956/1956/1956 1619/1619/1619 1445/1445/1445
f 1622/1622/1622 1619/1619/1619 1570/1570/1570
f 1455/1455/1455 1620/1620/1620 1337/1337/1337
f 1568/1568/1568 1620/1620/1620 1573/1573/1573
f 1452/1452/1452 1619/1619/1619 1622/1622/1622
f 1623/1623/1623 1621/1621/1621 1574/1574/1574
f 1624/1624/1624 1622/1622/1622 1570/1570/1570
f 1574/1574/1574 1621/1621/1621 1622/1622/1622
f 1960/1960/1960 1623/1623/1623 1574/1574/1574
f 1623/1623/1623 1519/1519/1519 1521/1521/1521
f 1624/1624/1624 1570/1570/1570 2260/2260/2260
f 1625/1625/1625 1624/1624/1624 1575/1575/1575
f 1626/1626/1626 1625/1625/1625 1575/1575/1575
f 1502/1502/1502 1574/1574/1574 1625/1625/1625
f 1511/1511/1511 1626/1626/1626 1575/1575/1575
f 1502/1502/1502 1626/1626/1626 1512/1512/1512
f 1628/1628/1628 1627/1627/1627 1303/1303/1303
f 1629/1629/1629 1627/1627/1627 1587/1587/1587
f 1305/1305/1305 1680/1680/1680 1304/1304/1304
f 1533/1533/1533 1587/1587/1587 1677/1677/1677
f 1681/1681/1681 1587/1587/1587 1533/1533/1533
f 1684/1684/1684 1683/1683/1683 1588/1588/1588
f 1630/1630/1630 1782/1782/1782 1686/1686/1686
f 1737/1737/1737 1550/1550/1550 1719/1719/1719
f 1689/1689/1689 1631/1631/1631 1306/1306/1306
f 1680/1680/1680 1631/1631/1631 1589/1589/1589
f 1735/1735/1735 1688/1688/1688 1534/1534/1534
f 1589/1589/1589 1631/1631/1631 1689/1689/1689
f 1693/1693/1693 1322/1322/1322 1636/1636/1636
f 1636/1636/1636 1591/1591/1591 1743/1743/1743
f 1694/1694/1694 1323/1323/1323 1324/1324/1324
f 1636/1636/1636 1634/1634/1634 1591/1591/1591
f 1635/1635/1635 1694/1694/1694 1637/1637/1637
f 1741/1741/1741 1635/1635/1635 1745/1745/1745
f 1742/1742/1742 1696/1696/1696 1743/1743/1743
f 1692/1692/1692 1693/1693/1693 1633/1633/1633
f 1700/1700/1700 1325/1325/1325 1326/1326/1326
f 1635/1635/1635 1637/1637/1637 1592/1592/1592
f 1700/1700/1700 1637/1637/1637 1325/1325/1325
f 1638/1638/1638 1700/1700/1700 1639/1639/1639
f 1327/1327/1327 1328/1328/1328 1701/1701/1701
f 1638/1638/1638 1639/1639/1639 1593/1593/1593
f 1702/1702/1702 1608/1608/1608 1722/1722/1722
f 1593/1593/1593 1639/1639/1639 1640/1640/1640
f 1478/1478/1478 1822/1822/1822 1823/1823/1823
f 1690/1690/1690 1641/1641/1641 1535/1535/1535
f 1590/1590/1590 1536/1536/1536 1703/1703/1703
f 1705/1705/1705 1642/1642/1642 1751/1751/1751
f 1643/1643/1643 1481/1481/1481 1707/1707/1707
f 1543/1543/1543 1598/1598/1598 1643/1643/1643
f 1790/1790/1790 1481/1481/1481 1705/1705/1705
f 1808/1808/1808 1821/1821/1821 1807/1807/1807
f 1544/1544/1544 1645/1645/1645 1426/1426/1426
f 1547/1547/1547 1645/1645/1645 1480/1480/1480
f 1646/1646/1646 1754/1754/1754 1794/1794/1794
f 1647/1647/1647 1648/1648/1648 1752/1752/1752
f 1648/1648/1648 1647/1647/1647 1280/1280/1280
f 1602/1602/1602 1649/1649/1649 1650/1650/1650
f 1281/1281/1281 1648/1648/1648 1280/1280/1280
f 1648/1648/1648 1646/1646/1646 1710/1710/1710
f 1758/1758/1758 1602/1602/1602 1755/1755/1755
f 1760/1760/1760 1761/1761/1761 1871/1871/1871
f 1602/1602/1602 1650/1650/1650 1647/1647/1647
f 1278/1278/1278 1650/1650/1650 1649/1649/1649
f 1712/1712/1712 1275/1275/1275 1276/1276/1276
f 1653/1653/1653 1651/1651/1651 1604/1604/1604
f 1278/1278/1278 1711/1711/1711 1277/1277/1277
f 1757/1757/1757 1796/1796/1796 1649/1649/1649
f 1760/1760/1760 1714/1714/1714 1759/1759/1759
f 1618/1618/1618 1676/1676/1676 1715/1715/1715
f 1712/1712/1712 1651/1651/1651 1275/1275/1275
f 1761/1761/1761 1654/1654/1654 1652/1652/1652
f 1651/1651/1651 1653/1653/1653 1655/1655/1655
f 1655/1655/1655 1653/1653/1653 1715/1715/1715
f 1716/1716/1716 1799/1799/1799 1656/1656/1656
f 2012/2012/2012 2010/2010/2010 1773/1773/1773
f 1766/1766/1766 1767/1767/1767 1716/1716/1716
f 1812/1812/1812 1717/1717/1717 1657/1657/1657
f 1737/1737/1737 1719/1719/1719 1603/1603/1603
f 1658/1658/1658 1769/1769/1769 1607/1607/1607
f 1895/1895/1895 1436/1436/1436 1886/1886/1886
f 1912/1912/1912 1913/1913/1913 1659/1659/1659
f 1720/1720/1720 1660/1660/1660 1610/1610/1610
f 1659/1659/1659 1490/1490/1490 1660/1660/1660
f 1662/1662/1662 1661/1661/1661 1490/1490/1490
f 1664/1664/1664 1565/1565/1565 1721/1721/1721
f 1916/1916/1916 1490/1490/1490 1913/1913/1913
f 1925/1925/1925 1928/1928/1928 1922/1922/1922
f 1611/1611/1611 1661/1661/1661 1663/1663/1663
f 1662/1662/1662 1663/1663/1663 1661/1661/1661
f 1565/1565/1565 1664/1664/1664 1663/1663/1663
f 1665/1665/1665 1664/1664/1664 1612/1612/1612
f 1664/1664/1664 1665/1665/1665 1331/1331/1331
f 1667/1667/1667 1612/1612/1612 1666/1666/1666
f 1608/1608/1608 1329/1329/1329 1727/1727/1727
f 1721/1721/1721 1724/1724/1724 1612/1612/1612
f 1612/1612/1612 1667/1667/1667 1665/1665/1665
f 1722/1722/1722 1727/1727/1727 1666/1666/1666
f 1670/1670/1670 1668/1668/1668 1532/1532/1532
f 1729/1729/1729 1668/1668/1668 1614/1614/1614
f 1566/1566/1566 1673/1673/1673 1674/1674/1674
f 1472/1472/1472 1668/1668/1668 1729/1729/1729
f 1269/1269/1269 1670/1670/1670 1268/1268/1268
f 1614/1614/1614 1670/1670/1670 1615/1615/1615
f 1617/1617/1617 1671/1671/1671 1271/1271/1271
f 1613/1613/1613 1671/1671/1671 1616/1616/1616
f 1567/1567/1567 1797/1797/1797 1764/1764/1764
f 1673/1673/1673 1672/1672/1672 1491/1491/1491
f 1674/1674/1674 1673/1673/1673 1491/1491/1491
f 1566/1566/1566 1616/1616/1616 1673/1673/1673
f 1674/1674/1674 1491/1491/1491 1675/1675/1675
f 1674/1674/1674 1669/1669/1669 1728/1728/1728
f 1797/1797/1797 1567/1567/1567 1618/1618/1618
f 1882/1882/1882 1856/1856/1856 1857/1857/1857
f 1715/1715/1715 1676/1676/1676 1273/1273/1273
f 1617/1617/1617 1676/1676/1676 1618/1618/1618
f 1680/1680/1680 1678/1678/1678 1679/1679/1679
f 1679/1679/1679 1677/1677/1677 1628/1628/1628
f 2074/2074/2074 2073/2073/2073 1971/1971/1971
f 1975/1975/1975 1679/1679/1679 1678/1678/1678
f 1304/1304/1304 1680/1680/1680 1628/1628/1628
f 1975/1975/1975 1678/1678/1678 1974/1974/1974
f 1680/1680/1680 1679/1679/1679 1628/1628/1628
f 1631/1631/1631 1680/1680/1680 1305/1305/1305
f 1681/1681/1681 1533/1533/1533 1973/1973/1973
f 1588/1588/1588 1783/1783/1783 1684/1684/1684
f 1972/1972/1972 1978/1978/1978 1973/1973/1973
f 1801/1801/1801 1738/1738/1738 1832/1832/1832
f 1629/1629/1629 1681/1681/1681 1683/1683/1683
f 1682/1682/1682 1683/1683/1683 1681/1681/1681
f 1685/1685/1685 1684/1684/1684 1630/1630/1630
f 1301/1301/1301 1736/1736/1736 1300/1300/1300
f 1685/1685/1685 1300/1300/1300 1736/1736/1736
f 1687/1687/1687 1630/1630/1630 1686/1686/1686
f 1603/1603/1603 1298/1298/1298 1739/1739/1739
f 1738/1738/1738 1782/1782/1782 1783/1783/1783
f 1630/1630/1630 1687/1687/1687 1685/1685/1685
f 1737/1737/1737 1739/1739/1739 1686/1686/1686
f 1689/1689/1689 1688/1688/1688 1589/1589/1589
f 2087/2087/2087 1632/1632/1632 1970/1970/1970
f 1307/1307/1307 1689/1689/1689 1306/1306/1306
f 1688/1688/1688 1689/1689/1689 1632/1632/1632
f 1690/1690/1690 1535/1535/1535 2049/2049/2049
f 1740/1740/1740 1632/1632/1632 1689/1689/1689
f 1692/1692/1692 1590/1590/1590 1320/1320/1320
f 1786/1786/1786 1691/1691/1691 1633/1633/1633
f 1320/1320/1320 1321/1321/1321 1692/1692/1692
f 1693/1693/1693 1692/1692/1692 1321/1321/1321
f 1322/1322/1322 1693/1693/1693 1321/1321/1321
f 1633/1633/1633 1693/1693/1693 1636/1636/1636
f 1637/1637/1637 1694/1694/1694 1324/1324/1324
f 1634/1634/1634 1694/1694/1694 1635/1635/1635
f 1745/1745/1745 1698/1698/1698 1699/1699/1699
f 1699/1699/1699 1789/1789/1789 1745/1745/1745
f 1696/1696/1696 1537/1537/1537 1785/1785/1785
f 1636/1636/1636 1743/1743/1743 1633/1633/1633
f 1593/1593/1593 2262/2262/2262 1991/1991/1991
f 1698/1698/1698 1697/1697/1697 1538/1538/1538
f 1698/1698/1698 1538/1538/1538 1699/1699/1699
f 1638/1638/1638 1698/1698/1698 1592/1592/1592
f 1788/1788/1788 1699/1699/1699 1538/1538/1538
f 1789/1789/1789 1537/1537/1537 1695/1695/1695
f 1639/1639/1639 1700/1700/1700 1326/1326/1326
f 1637/1637/1637 1700/1700/1700 1638/1638/1638
f 1608/1608/1608 1701/1701/1701 1328/1328/1328
f 1639/1639/1639 1701/1701/1701 1640/1640/1640
f 1982/1982/1982 2263/2263/2263 1563/1563/1563
f 1640/1640/1640 1608/1608/1608 1702/1702/1702
f 1536/1536/1536 1704/1704/1704 1751/1751/1751
f 1642/1642/1642 1590/1590/1590 1703/1703/1703
f 1536/1536/1536 1748/1748/1748 1704/1704/1704
f 1750/1750/1750 1644/1644/1644 1707/1707/1707
f 1751/1751/1751 1642/1642/1642 1703/1703/1703
f 1705/1705/1705 1751/1751/1751 1790/1790/1790
f 1707/1707/1707 1706/1706/1706 1599/1599/1599
f 1644/1644/1644 1821/1821/1821 1808/1808/1808
f 1643/1643/1643 1707/1707/1707 1599/1599/1599
f 1790/1790/1790 1750/1750/1750 1481/1481/1481
f 1601/1601/1601 1708/1708/1708 1282/1282/1282
f 1648/1648/1648 1708/1708/1708 1646/1646/1646
f 1548/1548/1548 1811/1811/1811 1754/1754/1754
f 1708/1708/1708 1709/1709/1709 1646/1646/1646
f 1709/1709/1709 1754/1754/1754 1646/1646/1646
f 1710/1710/1710 1794/1794/1794 1756/1756/1756
f 1758/1758/1758 1649/1649/1649 1602/1602/1602
f 1713/1713/1713 1652/1652/1652 1712/1712/1712
f 1713/1713/1713 1712/1712/1712 1276/1276/1276
f 1654/1654/1654 1712/1712/1712 1652/1652/1652
f 1277/1277/1277 1711/1711/1711 1713/1713/1713
f 1796/1796/1796 1711/1711/1711 1649/1649/1649
f 1551/1551/1551 1853/1853/1853 1862/1862/1862
f 1618/1618/1618 1653/1653/1653 1763/1763/1763
f 1655/1655/1655 1715/1715/1715 1273/1273/1273
f 1653/1653/1653 1618/1618/1618 1715/1715/1715
f 1485/1485/1485 1765/1765/1765 1799/1799/1799
f 1766/1766/1766 1716/1716/1716 1656/1656/1656
f 1718/1718/1718 1601/1601/1601 1283/1283/1283
f 1812/1812/1812 1657/1657/1657 1766/1766/1766
f 1605/1605/1605 1718/1718/1718 1284/1284/1284
f 1717/1717/1717 1718/1718/1718 1657/1657/1657
f 1770/1770/1770 1768/1768/1768 1769/1769/1769
f 1658/1658/1658 1603/1603/1603 1719/1719/1719
f 1720/1720/1720 1492/1492/1492 1900/1900/1900
f 1660/1660/1660 1720/1720/1720 1659/1659/1659
f 1565/1565/1565 1927/1927/1927 1724/1724/1724
f 1612/1612/1612 1664/1664/1664 1721/1721/1721
f 1727/1727/1727 1722/1722/1722 1608/1608/1608
f 1666/1666/1666 1563/1563/1563 1722/1722/1722
f 1662/1662/1662 1925/1925/1925 1927/1927/1927
f 1723/1723/1723 1726/1726/1726 1725/1725/1725
f 1565/1565/1565 1724/1724/1724 1721/1721/1721
f 1725/1725/1725 1724/1724/1724 1723/1723/1723
f 1930/1930/1930 1932/1932/1932 1933/1933/1933
f 1612/1612/1612 1725/1725/1725 1666/1666/1666
f 1983/1983/1983 1984/1984/1984 1982/1982/1982
f 1725/1725/1725 1726/1726/1726 1983/1983/1983
f 1330/1330/1330 1727/1727/1727 1329/1329/1329
f 1666/1666/1666 1727/1727/1727 1667/1667/1667
f 1674/1674/1674 1728/1728/1728 1566/1566/1566
f 1728/1728/1728 1669/1669/1669 1729/1729/1729
f 1731/1731/1731 1732/1732/1732 1730/1730/1730
f 1729/1729/1729 1669/1669/1669 1731/1731/1731
f 2238/2238/2238 1880/1880/1880 2233/2233/2233
f 2110/2110/2110 2108/2108/2108 2109/2109/2109
f 1732/1732/1732 1731/1731/1731 1669/1669/1669
f 1733/1733/1733 1731/1731/1731 1730/1730/1730
f 1675/1675/1675 1732/1732/1732 1669/1669/1669
f 1732/1732/1732 1435/1435/1435 2228/2228/2228
f 2229/2229/2229 2231/2231/2231 1730/1730/1730
f 2274/2274/2274 2276/2276/2276 2275/2275/2275
f 1731/1731/1731 1734/1734/1734 1729/1729/1729
f 2274/2274/2274 1734/1734/1734 1733/1733/1733
f 1981/1981/1981 1735/1735/1735 1534/1534/1534
f 1678/1678/1678 1680/1680/1680 1735/1735/1735
f 1629/1629/1629 1736/1736/1736 1301/1301/1301
f 1685/1685/1685 1736/1736/1736 1684/1684/1684
f 1739/1739/1739 1737/1737/1737 1603/1603/1603
f 1784/1784/1784 1737/1737/1737 1686/1686/1686
f 2091/2091/2091 2321/2321/2321 1682/1682/1682
f 1550/1550/1550 1737/1737/1737 1784/1784/1784
f 1299/1299/1299 1739/1739/1739 1298/1298/1298
f 1686/1686/1686 1739/1739/1739 1687/1687/1687
f 1690/1690/1690 1740/1740/1740 1596/1596/1596
f 1689/1689/1689 1307/1307/1307 1740/1740/1740
f 1745/1745/1745 1635/1635/1635 1592/1592/1592
f 1742/1742/1742 1695/1695/1695 1537/1537/1537
f 1696/1696/1696 1742/1742/1742 1537/1537/1537
f 1591/1591/1591 1741/1741/1741 1742/1742/1742
f 1742/1742/1742 1743/1743/1743 1591/1591/1591
f 1633/1633/1633 1743/1743/1743 1696/1696/1696
f 2292/2292/2292 2293/2293/2293 1747/1747/1747
f 2070/2070/2070 2315/2315/2315 2084/2084/2084
f 1741/1741/1741 1745/1745/1745 1695/1695/1695
f 1698/1698/1698 1745/1745/1745 1592/1592/1592
f 1991/1991/1991 1538/1538/1538 1697/1697/1697
f 1538/1538/1538 1991/1991/1991 1990/1990/1990
f 1699/1699/1699 1788/1788/1788 1997/1997/1997
f 2286/2286/2286 2294/2294/2294 1477/1477/1477
f 1786/1786/1786 1804/1804/1804 1691/1691/1691
f 1791/1791/1791 1749/1749/1749 1790/1790/1790
f 1791/1791/1791 1704/1704/1704 1748/1748/1748
f 1791/1791/1791 1793/1793/1793 1749/1749/1749
f 1481/1481/1481 1750/1750/1750 1707/1707/1707
f 1819/1819/1819 1750/1750/1750 1749/1749/1749
f 1536/1536/1536 1751/1751/1751 1703/1703/1703
f 1790/1790/1790 1751/1751/1751 1704/1704/1704
f 1647/1647/1647 1752/1752/1752 1602/1602/1602
f 1648/1648/1648 1710/1710/1710 1752/1752/1752
f 1810/1810/1810 1753/1753/1753 1811/1811/1811
f 1756/1756/1756 1826/1826/1826 1755/1755/1755
f 1548/1548/1548 1754/1754/1754 1709/1709/1709
f 1754/1754/1754 1753/1753/1753 1794/1794/1794
f 1549/1549/1549 1757/1757/1757 1758/1758/1758
f 1752/1752/1752 1755/1755/1755 1602/1602/1602
f 1809/1809/1809 1810/1810/1810 1795/1795/1795
f 1794/1794/1794 1809/1809/1809 1756/1756/1756
f 1837/1837/1837 1833/1833/1833 1814/1814/1814
f 1837/1837/1837 1839/1839/1839 1827/1827/1827
f 1549/1549/1549 1758/1758/1758 1755/1755/1755
f 1649/1649/1649 1758/1758/1758 1757/1757/1757
f 1760/1760/1760 1759/1759/1759 1604/1604/1604
f 1714/1714/1714 1869/1869/1869 1763/1763/1763
f 1604/1604/1604 1654/1654/1654 1761/1761/1761
f 1760/1760/1760 1551/1551/1551 1870/1870/1870
f 1827/1827/1827 1839/1839/1839 1796/1796/1796
f 1831/1831/1831 1838/1838/1838 1839/1839/1839
f 1869/1869/1869 1868/1868/1868 1857/1857/1857
f 1764/1764/1764 1672/1672/1672 1567/1567/1567
f 1714/1714/1714 1763/1763/1763 1759/1759/1759
f 1763/1763/1763 1762/1762/1762 1797/1797/1797
f 1675/1675/1675 1491/1491/1491 1798/1798/1798
f 1491/1491/1491 1764/1764/1764 1798/1798/1798
f 2004/2004/2004 1485/1485/1485 1777/1777/1777
f 2044/2044/2044 2005/2005/2005 2043/2043/2043
f 1766/1766/1766 1656/1656/1656 1812/1812/1812
f 1767/1767/1767 1766/1766/1766 1657/1657/1657
f 1718/1718/1718 1767/1767/1767 1657/1657/1657
f 1605/1605/1605 1716/1716/1716 1767/1767/1767
f 2006/2006/2006 1768/1768/1768 1815/1815/1815
f 1559/1559/1559 1774/1774/1774 1486/1486/1486
f 1550/1550/1550 1802/1802/1802 1772/1772/1772
f 1769/1769/1769 1768/1768/1768 1771/1771/1771
f 1802/1802/1802 1550/1550/1550 1784/1784/1784
f 1816/1816/1816 1800/1800/1800 1815/1815/1815
f 1775/1775/1775 1771/1771/1771 2012/2012/2012
f 1607/1607/1607 1771/1771/1771 1557/1557/1557
f 1550/1550/1550 1772/1772/1772 1719/1719/1719
f 1770/1770/1770 1769/1769/1769 1772/1772/1772
f 1768/1768/1768 1770/1770/1770 1815/1815/1815
f 1773/1773/1773 1776/1776/1776 1774/1774/1774
f 1557/1557/1557 1774/1774/1774 1559/1559/1559
f 2010/2010/2010 2011/2011/2011 1773/1773/1773
f 2012/2012/2012 1771/1771/1771 1768/1768/1768
f 1773/1773/1773 1774/1774/1774 1775/1775/1775
f 1428/1428/1428 2004/2004/2004 1777/1777/1777
f 1486/1486/1486 1774/1774/1774 1776/1776/1776
f 1485/1485/1485 1553/1553/1553 1780/1780/1780
f 1776/1776/1776 1777/1777/1777 1779/1779/1779
f 1780/1780/1780 1778/1778/1778 1777/1777/1777
f 1781/1781/1781 1778/1778/1778 1780/1780/1780
f 1777/1777/1777 1778/1778/1778 1779/1779/1779
f 1486/1486/1486 1779/1779/1779 1778/1778/1778
f 1780/1780/1780 1777/1777/1777 1485/1485/1485
f 1429/1429/1429 1780/1780/1780 1488/1488/1488
f 1560/1560/1560 1781/1781/1781 1429/1429/1429
f 1487/1487/1487 1778/1778/1778 1781/1781/1781
f 1783/1783/1783 1782/1782/1782 1630/1630/1630
f 1782/1782/1782 1738/1738/1738 1784/1784/1784
f 1684/1684/1684 1783/1783/1783 1630/1630/1630
f 1588/1588/1588 2321/2321/2321 1783/1783/1783
f 1801/1801/1801 1784/1784/1784 1738/1738/1738
f 1802/1802/1802 1770/1770/1770 1772/1772/1772
f 1537/1537/1537 2293/2293/2293 2003/2003/2003
f 1744/1744/1744 1786/1786/1786 1787/1787/1787
f 1748/1748/1748 1803/1803/1803 1476/1476/1476
f 1536/1536/1536 1804/1804/1804 1748/1748/1748
f 1744/1744/1744 1787/1787/1787 1785/1785/1785
f 1633/1633/1633 1787/1787/1787 1786/1786/1786
f 1990/1990/1990 1788/1788/1788 1538/1538/1538
f 1997/1997/1997 1788/1788/1788 1746/1746/1746
f 1997/1997/1997 1789/1789/1789 1699/1699/1699
f 1537/1537/1537 1789/1789/1789 1747/1747/1747
f 1791/1791/1791 1790/1790/1790 1704/1704/1704
f 1750/1750/1750 1790/1790/1790 1749/1749/1749
f 1748/1748/1748 1476/1476/1476 1791/1791/1791
f 2046/2046/2046 2053/2053/2053 2048/2048/2048
f 1805/1805/1805 1793/1793/1793 1791/1791/1791
f 2072/2072/2072 2079/2079/2079 2057/2057/2057
f 1805/1805/1805 1791/1791/1791 1476/1476/1476
f 1793/1793/1793 1792/1792/1792 1820/1820/1820
f 1794/1794/1794 1710/1710/1710 1646/1646/1646
f 1809/1809/1809 1794/1794/1794 1753/1753/1753
f 2027/2027/2027 2030/2030/2030 2022/2022/2022
f 1841/1841/1841 1850/1850/1850 2322/2322/2322
f 1796/1796/1796 1757/1757/1757 1827/1827/1827
f 1796/1796/1796 1839/1839/1839 1843/1843/1843
f 1763/1763/1763 1797/1797/1797 1618/1618/1618
f 1764/1764/1764 1797/1797/1797 1762/1762/1762
f 1857/1857/1857 1856/1856/1856 1798/1798/1798
f 1868/1868/1868 1877/1877/1877 1882/1882/1882
f 1485/1485/1485 1799/1799/1799 1554/1554/1554
f 1656/1656/1656 1799/1799/1799 1765/1765/1765
f 2008/2008/2008 2009/2009/2009 2017/2017/2017
f 1482/1482/1482 1825/1825/1825 1824/1824/1824
f 2089/2089/2089 2090/2090/2090 1976/1976/1976
f 2023/2023/2023 2019/2019/2019 1801/1801/1801
f 1818/1818/1818 1784/1784/1784 1801/1801/1801
f 1802/1802/1802 1818/1818/1818 1816/1816/1816
f 1744/1744/1744 2082/2082/2082 1786/1786/1786
f 1803/1803/1803 1786/1786/1786 2082/2082/2082
f 1691/1691/1691 1804/1804/1804 1536/1536/1536
f 1803/1803/1803 1804/1804/1804 1786/1786/1786
f 2056/2056/2056 1805/1805/1805 1476/1476/1476
f 1793/1793/1793 1805/1805/1805 2071/2071/2071
f 1820/1820/1820 2046/2046/2046 2067/2067/2067
f 1823/1823/1823 2051/2051/2051 1641/1641/1641
f 1823/1823/1823 1641/1641/1641 1541/1541/1541
f 1808/1808/1808 1822/1822/1822 1546/1546/1546
f 1644/1644/1644 1808/1808/1808 1706/1706/1706
f 1822/1822/1822 1808/1808/1808 1807/1807/1807
f 1810/1810/1810 1809/1809/1809 1753/1753/1753
f 1813/1813/1813 1809/1809/1809 1795/1795/1795
f 1753/1753/1753 1754/1754/1754 1811/1811/1811
f 1810/1810/1810 1482/1482/1482 2038/2038/2038
f 1717/1717/1717 1812/1812/1812 1548/1548/1548
f 1810/1810/1810 1811/1811/1811 1825/1825/1825
f 1812/1812/1812 1656/1656/1656 1829/1829/1829
f 1548/1548/1548 1812/1812/1812 1811/1811/1811
f 2037/2037/2037 2031/2031/2031 2029/2029/2029
f 1840/1840/1840 1833/1833/1833 1830/1830/1830
f 1757/1757/1757 1836/1836/1836 1827/1827/1827
f 1851/1851/1851 1849/1849/1849 1848/1848/1848
f 1816/1816/1816 1815/1815/1815 1770/1770/1770
f 1800/1800/1800 2007/2007/2007 2006/2006/2006
f 1802/1802/1802 1816/1816/1816 1770/1770/1770
f 1816/1816/1816 1483/1483/1483 2013/2013/2013
f 1977/1977/1977 2061/2061/2061 1474/1474/1474
f 2023/2023/2023 2016/2016/2016 2019/2019/2019
f 1816/1816/1816 1818/1818/1818 1483/1483/1483
f 1784/1784/1784 1818/1818/1818 1802/1802/1802
f 1793/1793/1793 1819/1819/1819 1749/1749/1749
f 1821/1821/1821 1819/1819/1819 1806/1806/1806
f 1820/1820/1820 1792/1792/1792 2054/2054/2054
f 1819/1819/1819 1820/1820/1820 1806/1806/1806
f 1819/1819/1819 1821/1821/1821 1644/1644/1644
f 1821/1821/1821 1806/1806/1806 2052/2052/2052
f 1823/1823/1823 1822/1822/1822 1807/1807/1807
f 1546/1546/1546 1822/1822/1822 1478/1478/1478
f 1807/1807/1807 2051/2051/2051 1823/1823/1823
f 1478/1478/1478 1823/1823/1823 1541/1541/1541
f 1765/1765/1765 2045/2045/2045 1656/1656/1656
f 2007/2007/2007 1800/1800/1800 2009/2009/2009
f 1811/1811/1811 1812/1812/1812 1825/1825/1825
f 1825/1825/1825 1812/1812/1812 1829/1829/1829
f 1809/1809/1809 1826/1826/1826 1756/1756/1756
f 1844/1844/1844 1813/1813/1813 1841/1841/1841
f 1549/1549/1549 1844/1844/1844 1836/1836/1836
f 1827/1827/1827 1833/1833/1833 1837/1837/1837
f 2094/2094/2094 2090/2090/2090 1828/1828/1828
f 2019/2019/2019 2018/2018/2018 1483/1483/1483
f 2041/2041/2041 1829/1829/1829 1656/1656/1656
f 1825/1825/1825 1829/1829/1829 1824/1824/1824
f 1826/1826/1826 1813/1813/1813 1844/1844/1844
f 1835/1835/1835 1814/1814/1814 1833/1833/1833
f 1852/1852/1852 1872/1872/1872 1879/1879/1879
f 1838/1838/1838 1761/1761/1761 1652/1652/1652
f 2094/2094/2094 1832/1832/1832 1738/1738/1738
f 1832/1832/1832 1828/1828/1828 2023/2023/2023
f 1836/1836/1836 1833/1833/1833 1827/1827/1827
f 1840/1840/1840 1835/1835/1835 1833/1833/1833
f 1841/1841/1841 1840/1840/1840 1830/1830/1830
f 1841/1841/1841 1813/1813/1813 1850/1850/1850
f 1834/1834/1834 1842/1842/1842 1835/1835/1835
f 1814/1814/1814 1835/1835/1835 1848/1848/1848
f 1549/1549/1549 1836/1836/1836 1757/1757/1757
f 1833/1833/1833 1836/1836/1836 1830/1830/1830
f 1872/1872/1872 1837/1837/1837 1814/1814/1814
f 1839/1839/1839 1837/1837/1837 1831/1831/1831
f 1713/1713/1713 1838/1838/1838 1652/1652/1652
f 1831/1831/1831 1761/1761/1761 1838/1838/1838
f 1838/1838/1838 1713/1713/1713 1839/1839/1839
f 1843/1843/1843 1839/1839/1839 1713/1713/1713
f 1830/1830/1830 1844/1844/1844 1841/1841/1841
f 1834/1834/1834 1835/1835/1835 1840/1840/1840
f 2298/2298/2298 1847/1847/1847 1850/1850/1850
f 1841/1841/1841 2322/2322/2322 2326/2326/2326
f 2325/2325/2325 1834/1834/1834 2323/2323/2323
f 1842/1842/1842 1484/1484/1484 1849/1849/1849
f 1713/1713/1713 1711/1711/1711 1843/1843/1843
f 1796/1796/1796 1843/1843/1843 1711/1711/1711
f 1836/1836/1836 1844/1844/1844 1830/1830/1830
f 1826/1826/1826 1844/1844/1844 1549/1549/1549
f 2449/2449/2449 2020/2020/2020 2450/2450/2450
f 2322/2322/2322 1847/1847/1847 2335/2335/2335
f 1861/1861/1861 1853/1853/1853 1846/1846/1846
f 1551/1551/1551 1852/1852/1852 1853/1853/1853
f 1795/1795/1795 2038/2038/2038 2298/2298/2298
f 2036/2036/2036 1845/1845/1845 2335/2335/2335
f 1842/1842/1842 1851/1851/1851 1835/1835/1835
f 1846/1846/1846 1853/1853/1853 1852/1852/1852
f 1861/1861/1861 1846/1846/1846 1866/1866/1866
f 1848/1848/1848 1849/1849/1849 1846/1846/1846
f 2298/2298/2298 1850/1850/1850 1813/1813/1813
f 2322/2322/2322 1850/1850/1850 1847/1847/1847
f 1849/1849/1849 1851/1851/1851 1842/1842/1842
f 1848/1848/1848 1835/1835/1835 1851/1851/1851
f 1551/1551/1551 1871/1871/1871 1852/1852/1852
f 1871/1871/1871 1761/1761/1761 1872/1872/1872
f 1484/1484/1484 1863/1863/1863 1866/1866/1866
f 1675/1675/1675 1798/1798/1798 1856/1856/1856
f 1877/1877/1877 1854/1854/1854 1881/1881/1881
f 2140/2140/2140 2139/2139/2139 2138/2138/2138
f 1762/1762/1762 1873/1873/1873 1764/1764/1764
f 1858/1858/1858 1435/1435/1435 1874/1874/1874
f 1798/1798/1798 1764/1764/1764 1873/1873/1873
f 1856/1856/1856 1855/1855/1855 1858/1858/1858
f 1865/1865/1865 1869/1869/1869 1714/1714/1714
f 1865/1865/1865 1870/1870/1870 1862/1862/1862
f 1881/1881/1881 1880/1880/1880 1855/1855/1855
f 1858/1858/1858 1855/1855/1855 1880/1880/1880
f 2245/2245/2245 2246/2246/2246 2243/2243/2243
f 2169/2169/2169 2146/2146/2146 2149/2149/2149
f 1864/1864/1864 1862/1862/1862 1853/1853/1853
f 1854/1854/1854 1877/1877/1877 1867/1867/1867
f 1866/1866/1866 1846/1846/1846 1849/1849/1849
f 1862/1862/1862 1864/1864/1864 1860/1860/1860
f 1864/1864/1864 1853/1853/1853 1861/1861/1861
f 1865/1865/1865 1862/1862/1862 1860/1860/1860
f 2374/2374/2374 2393/2393/2393 2472/2472/2472
f 1859/1859/1859 1861/1861/1861 1876/1876/1876
f 1859/1859/1859 1878/1878/1878 1861/1861/1861
f 2215/2215/2215 1878/1878/1878 2199/2199/2199
f 1868/1868/1868 1865/1865/1865 1860/1860/1860
f 1870/1870/1870 1865/1865/1865 1714/1714/1714
f 1484/1484/1484 1866/1866/1866 1849/1849/1849
f 1866/1866/1866 1863/1863/1863 1876/1876/1876
f 1860/1860/1860 1864/1864/1864 1867/1867/1867
f 1878/1878/1878 1867/1867/1867 1864/1864/1864
f 1860/1860/1860 1867/1867/1867 1877/1877/1877
f 1857/1857/1857 1873/1873/1873 1869/1869/1869
f 1869/1869/1869 1762/1762/1762 1763/1763/1763
f 1865/1865/1865 1868/1868/1868 1869/1869/1869
f 1760/1760/1760 1870/1870/1870 1714/1714/1714
f 1862/1862/1862 1870/1870/1870 1551/1551/1551
f 1760/1760/1760 1871/1871/1871 1551/1551/1551
f 1872/1872/1872 1761/1761/1761 1831/1831/1831
f 1872/1872/1872 1831/1831/1831 1837/1837/1837
f 1852/1852/1852 1871/1871/1871 1872/1872/1872
f 1869/1869/1869 1873/1873/1873 1762/1762/1762
f 1798/1798/1798 1873/1873/1873 1857/1857/1857
f 1732/1732/1732 1874/1874/1874 1435/1435/1435
f 1856/1856/1856 1874/1874/1874 1675/1675/1675
f 2271/2271/2271 2272/2272/2272 2394/2394/2394
f 2233/2233/2233 2208/2208/2208 2211/2211/2211
f 1866/1866/1866 1876/1876/1876 1861/1861/1861
f 2251/2251/2251 2199/2199/2199 1859/1859/1859
f 1882/1882/1882 1877/1877/1877 1855/1855/1855
f 1860/1860/1860 1877/1877/1877 1868/1868/1868
f 1861/1861/1861 1878/1878/1878 1864/1864/1864
f 1859/1859/1859 2199/2199/2199 1878/1878/1878
f 1852/1852/1852 1879/1879/1879 1848/1848/1848
f 1872/1872/1872 1814/1814/1814 1879/1879/1879
f 1881/1881/1881 1855/1855/1855 1877/1877/1877
f 1880/1880/1880 1875/1875/1875 2239/2239/2239
f 2197/2197/2197 1881/1881/1881 1854/1854/1854
f 1880/1880/1880 1881/1881/1881 1875/1875/1875
f 1856/1856/1856 1882/1882/1882 1855/1855/1855
f 1868/1868/1868 1882/1882/1882 1857/1857/1857
f 2104/2104/2104 2111/2111/2111 2225/2225/2225
f 2359/2359/2359 2361/2361/2361 1962/1962/1962
f 1884/1884/1884 1421/1421/1421 1524/1524/1524
f 1883/1883/1883 2100/2100/2100 2099/2099/2099
f 1526/1526/1526 1885/1885/1885 1470/1470/1470
f 2104/2104/2104 1885/1885/1885 1363/1363/1363
f 1358/1358/1358 1891/1891/1891 1893/1893/1893
f 1887/1887/1887 1890/1890/1890 1886/1886/1886
f 1582/1582/1582 1887/1887/1887 1498/1498/1498
f 1890/1890/1890 1887/1887/1887 1358/1358/1358
f 1904/1904/1904 1905/1905/1905 1901/1901/1901
f 1896/1896/1896 1895/1895/1895 1889/1889/1889
f 1905/1905/1905 1892/1892/1892 1888/1888/1888
f 1904/1904/1904 1920/1920/1920 1889/1889/1889
f 1358/1358/1358 1581/1581/1581 1891/1891/1891
f 1892/1892/1892 1890/1890/1890 1888/1888/1888
f 1902/1902/1902 1894/1894/1894 1891/1891/1891
f 1894/1894/1894 1907/1907/1907 1893/1893/1893
f 1909/1909/1909 1897/1897/1897 1919/1919/1919
f 1892/1892/1892 1889/1889/1889 1895/1895/1895
f 1358/1358/1358 1893/1893/1893 1890/1890/1890
f 1893/1893/1893 1891/1891/1891 1894/1894/1894
f 1891/1891/1891 1464/1464/1464 1902/1902/1902
f 1899/1899/1899 2128/2128/2128 1898/1898/1898
f 1892/1892/1892 1895/1895/1895 1886/1886/1886
f 1911/1911/1911 1912/1912/1912 1889/1889/1889
f 1896/1896/1896 1659/1659/1659 1720/1720/1720
f 1436/1436/1436 1895/1895/1895 1896/1896/1896
f 1897/1897/1897 1909/1909/1909 1908/1908/1908
f 1945/1945/1945 2172/2172/2172 2353/2353/2353
f 1464/1464/1464 1516/1516/1516 1899/1899/1899
f 1359/1359/1359 2114/2114/2114 2124/2124/2124
f 1365/1365/1365 1903/1903/1903 1899/1899/1899
f 1579/1579/1579 2124/2124/2124 1513/1513/1513
f 1573/1573/1573 1900/1900/1900 1492/1492/1492
f 1436/1436/1436 1896/1896/1896 1900/1900/1900
f 1910/1910/1910 1920/1920/1920 1919/1919/1919
f 1919/1919/1919 1920/1920/1920 1901/1901/1901
f 1899/1899/1899 1902/1902/1902 1464/1464/1464
f 1894/1894/1894 1902/1902/1902 1898/1898/1898
f 1903/1903/1903 1365/1365/1365 1456/1456/1456
f 2128/2128/2128 1513/1513/1513 2124/2124/2124
f 1905/1905/1905 1904/1904/1904 1892/1892/1892
f 1904/1904/1904 1901/1901/1901 1920/1920/1920
f 1906/1906/1906 1905/1905/1905 1888/1888/1888
f 1901/1901/1901 1905/1905/1905 1909/1909/1909
f 1907/1907/1907 1906/1906/1906 1888/1888/1888
f 1906/1906/1906 1355/1355/1355 1908/1908/1908
f 1893/1893/1893 1907/1907/1907 1888/1888/1888
f 1907/1907/1907 1894/1894/1894 2345/2345/2345
f 2112/2112/2112 2116/2116/2116 2119/2119/2119
f 1949/1949/1949 1941/1941/1941 1923/1923/1923
f 1905/1905/1905 1906/1906/1906 1909/1909/1909
f 1908/1908/1908 1909/1909/1909 1906/1906/1906
f 1919/1919/1919 1942/1942/1942 1910/1910/1910
f 1920/1920/1920 1434/1434/1434 1911/1911/1911
f 1913/1913/1913 1490/1490/1490 1659/1659/1659
f 1896/1896/1896 1912/1912/1912 1659/1659/1659
f 1889/1889/1889 1912/1912/1912 1896/1896/1896
f 1912/1912/1912 1911/1911/1911 1913/1913/1913
f 1911/1911/1911 1914/1914/1914 1913/1913/1913
f 1915/1915/1915 1916/1916/1916 1914/1914/1914
f 1911/1911/1911 1434/1434/1434 1914/1914/1914
f 1914/1914/1914 1434/1434/1434 1915/1915/1915
f 1950/1950/1950 1951/1951/1951 1942/1942/1942
f 1662/1662/1662 1915/1915/1915 1925/1925/1925
f 1914/1914/1914 1916/1916/1916 1913/1913/1913
f 1662/1662/1662 1916/1916/1916 1915/1915/1915
f 2130/2130/2130 2131/2131/2131 2132/2132/2132
f 2169/2169/2169 2161/2161/2161 2162/2162/2162
f 1924/1924/1924 1942/1942/1942 1946/1946/1946
f 2141/2141/2141 2152/2152/2152 2143/2143/2143
f 1909/1909/1909 1919/1919/1919 1901/1901/1901
f 1942/1942/1942 1919/1919/1919 1897/1897/1897
f 1434/1434/1434 1920/1920/1920 1910/1910/1910
f 1920/1920/1920 1911/1911/1911 1889/1889/1889
f 1934/1934/1934 1936/1936/1936 1931/1931/1931
f 1565/1565/1565 1662/1662/1662 1927/1927/1927
f 1925/1925/1925 1943/1943/1943 1928/1928/1928
f 1929/1929/1929 1934/1934/1934 1932/1932/1932
f 2119/2119/2119 2123/2123/2123 2347/2347/2347
f 2134/2134/2134 1944/1944/1944 1949/1949/1949
f 1944/1944/1944 2151/2151/2151 1946/1946/1946
f 2162/2162/2162 2185/2185/2185 2169/2169/2169
f 1943/1943/1943 1915/1915/1915 1434/1434/1434
f 1925/1925/1925 1922/1922/1922 1927/1927/1927
f 1910/1910/1910 1951/1951/1951 1434/1434/1434
f 1928/1928/1928 1926/1926/1926 1929/1929/1929
f 1930/1930/1930 1927/1927/1927 1922/1922/1922
f 1724/1724/1724 1927/1927/1927 1723/1723/1723
f 1943/1943/1943 1925/1925/1925 1915/1915/1915
f 1926/1926/1926 2354/2354/2354 1929/1929/1929
f 1932/1932/1932 1930/1930/1930 1922/1922/1922
f 1922/1922/1922 1928/1928/1928 1929/1929/1929
f 1921/1921/1921 1934/1934/1934 1929/1929/1929
f 1933/1933/1933 1723/1723/1723 1930/1930/1930
f 1936/1936/1936 1921/1921/1921 2270/2270/2270
f 1940/1940/1940 1726/1726/1726 1933/1933/1933
f 1929/1929/1929 1932/1932/1932 1922/1922/1922
f 1933/1933/1933 1932/1932/1932 1931/1931/1931
f 1931/1931/1931 1939/1939/1939 1940/1940/1940
f 1726/1726/1726 1723/1723/1723 1933/1933/1933
f 2270/2270/2270 2170/2170/2170 2267/2267/2267
f 1931/1931/1931 1932/1932/1932 1934/1934/1934
f 1987/1987/1987 1937/1937/1937 1994/1994/1994
f 1936/1936/1936 1938/1938/1938 1931/1931/1931
f 1921/1921/1921 1936/1936/1936 1934/1934/1934
f 1938/1938/1938 1936/1936/1936 2265/2265/2265
f 2264/2264/2264 2269/2269/2269 2448/2448/2448
f 2000/2000/2000 1746/1746/1746 2001/2001/2001
f 2265/2265/2265 1936/1936/1936 1935/1935/1935
f 1939/1939/1939 1938/1938/1938 1937/1937/1937
f 1987/1987/1987 1939/1939/1939 1937/1937/1937
f 1939/1939/1939 1489/1489/1489 1940/1940/1940
f 1940/1940/1940 1489/1489/1489 1984/1984/1984
f 1931/1931/1931 1940/1940/1940 1933/1933/1933
f 2347/2347/2347 2460/2460/2460 2344/2344/2344
f 2136/2136/2136 1923/1923/1923 2133/2133/2133
f 1908/1908/1908 1947/1947/1947 1948/1948/1948
f 1942/1942/1942 1924/1924/1924 1950/1950/1950
f 1943/1943/1943 1434/1434/1434 1951/1951/1951
f 1928/1928/1928 1943/1943/1943 1926/1926/1926
f 1949/1949/1949 1923/1923/1923 2136/2136/2136
f 2150/2150/2150 2151/2151/2151 2350/2350/2350
f 2150/2150/2150 2184/2184/2184 1924/1924/1924
f 1945/1945/1945 1926/1926/1926 1943/1943/1943
f 1948/1948/1948 1942/1942/1942 1897/1897/1897
f 1947/1947/1947 1946/1946/1946 1948/1948/1948
f 1941/1941/1941 1947/1947/1947 1908/1908/1908
f 1944/1944/1944 1946/1946/1946 1947/1947/1947
f 1942/1942/1942 1948/1948/1948 1946/1946/1946
f 1908/1908/1908 1948/1948/1948 1897/1897/1897
f 1944/1944/1944 1947/1947/1947 1949/1949/1949
f 1941/1941/1941 1949/1949/1949 1947/1947/1947
f 1924/1924/1924 2184/2184/2184 2172/2172/2172
f 1950/1950/1950 1945/1945/1945 1951/1951/1951
f 1951/1951/1951 1910/1910/1910 1942/1942/1942
f 1943/1943/1943 1951/1951/1951 1945/1945/1945
f 1504/1504/1504 1952/1952/1952 1503/1503/1503
f 1520/1520/1520 1952/1952/1952 1360/1360/1360
f 1450/1450/1450 1953/1953/1953 1447/1447/1447
f 1958/1958/1958 1953/1953/1953 1385/1385/1385
f 1371/1371/1371 1955/1955/1955 2261/2261/2261
f 1447/1447/1447 1953/1953/1953 1954/1954/1954
f 2337/2337/2337 2338/2338/2338 2339/2339/2339
f 1624/1624/1624 2260/2260/2260 1496/1496/1496
f 1957/1957/1957 1956/1956/1956 1445/1445/1445
f 1956/1956/1956 1955/1955/1955 2260/2260/2260
f 1957/1957/1957 1445/1445/1445 1446/1446/1446
f 2261/2261/2261 1447/1447/1447 1954/1954/1954
f 1467/1467/1467 1958/1958/1958 1385/1385/1385
f 1958/1958/1958 1467/1467/1467 1959/1959/1959
f 1414/1414/1414 1959/1959/1959 1401/1401/1401
f 1583/1583/1583 1959/1959/1959 1468/1468/1468
f 1509/1509/1509 1960/1960/1960 1502/1502/1502
f 1519/1519/1519 1960/1960/1960 1503/1503/1503
f 1496/1496/1496 2338/2338/2338 2343/2343/2343
f 1967/1967/1967 1964/1964/1964 1966/1966/1966
f 2339/2339/2339 1371/1371/1371 2106/2106/2106
f 2337/2337/2337 2459/2459/2459 1962/1962/1962
f 2220/2220/2220 1357/1357/1357 2218/2218/2218
f 1578/1578/1578 1965/1965/1965 1576/1576/1576
f 2120/2120/2120 1964/1964/1964 2125/2125/2125
f 2135/2135/2135 2133/2133/2133 1923/1923/1923
f 1966/1966/1966 1578/1578/1578 1511/1511/1511
f 1964/1964/1964 2120/2120/2120 2118/2118/2118
f 1961/1961/1961 1969/1969/1969 1511/1511/1511
f 1967/1967/1967 1963/1963/1963 2125/2125/2125
f 1966/1966/1966 1511/1511/1511 1969/1969/1969
f 1967/1967/1967 1966/1966/1966 1968/1968/1968
f 2340/2340/2340 2343/2343/2343 2341/2341/2341
f 2465/2465/2465 2467/2467/2467 2464/2464/2464
f 1961/1961/1961 1968/1968/1968 1969/1969/1969
f 1966/1966/1966 1969/1969/1969 1968/1968/1968
f 2050/2050/2050 2048/2048/2048 2049/2049/2049
f 2074/2074/2074 2088/2088/2088 2073/2073/2073
f 2053/2053/2053 2072/2072/2072 1475/1475/1475
f 1972/1972/1972 1974/1974/1974 1977/1977/1977
f 1677/1677/1677 1975/1975/1975 1533/1533/1533
f 1474/1474/1474 2092/2092/2092 1978/1978/1978
f 1681/1681/1681 1973/1973/1973 1682/1682/1682
f 1533/1533/1533 1972/1972/1972 1973/1973/1973
f 1979/1979/1979 1974/1974/1974 1980/1980/1980
f 1972/1972/1972 1977/1977/1977 1474/1474/1474
f 1679/1679/1679 1975/1975/1975 1677/1677/1677
f 1972/1972/1972 1975/1975/1975 1974/1974/1974
f 2065/2065/2065 2077/2077/2077 2092/2092/2092
f 1817/1817/1817 2090/2090/2090 2089/2089/2089
f 1974/1974/1974 1979/1979/1979 1977/1977/1977
f 1979/1979/1979 2060/2060/2060 2059/2059/2059
f 1474/1474/1474 1978/1978/1978 1972/1972/1972
f 2091/2091/2091 1976/1976/1976 2090/2090/2090
f 1980/1980/1980 1974/1974/1974 1678/1678/1678
f 2060/2060/2060 2058/2058/2058 2059/2059/2059
f 1981/1981/1981 1980/1980/1980 1678/1678/1678
f 1971/1971/1971 1979/1979/1979 1980/1980/1980
f 1735/1735/1735 1981/1981/1981 1678/1678/1678
f 1534/1534/1534 2074/2074/2074 1981/1981/1981
f 1986/1986/1986 1982/1982/1982 1984/1984/1984
f 2262/2262/2262 1563/1563/1563 2263/2263/2263
f 1725/1725/1725 1983/1983/1983 1563/1563/1563
f 1984/1984/1984 1983/1983/1983 1726/1726/1726
f 1940/1940/1940 1984/1984/1984 1726/1726/1726
f 1986/1986/1986 1984/1984/1984 1489/1489/1489
f 1986/1986/1986 1489/1489/1489 1987/1987/1987
f 1986/1986/1986 1987/1987/1987 2279/2279/2279
f 1489/1489/1489 1939/1939/1939 1987/1987/1987
f 1989/1989/1989 1986/1986/1986 1985/1985/1985
f 1994/1994/1994 2264/2264/2264 1993/1993/1993
f 2278/2278/2278 1999/1999/1999 2001/2001/2001
f 1985/1985/1985 1990/1990/1990 1989/1989/1989
f 1991/1991/1991 2262/2262/2262 1988/1988/1988
f 2001/2001/2001 1985/1985/1985 2278/2278/2278
f 1989/1989/1989 1988/1988/1988 2263/2263/2263
f 1990/1990/1990 1746/1746/1746 1788/1788/1788
f 1988/1988/1988 1989/1989/1989 1990/1990/1990
f 1593/1593/1593 1991/1991/1991 1697/1697/1697
f 1990/1990/1990 1991/1991/1991 1988/1988/1988
f 2146/2146/2146 1918/1918/1918 2140/2140/2140
f 2283/2283/2283 2285/2285/2285 2286/2286/2286
f 2264/2264/2264 1937/1937/1937 2265/2265/2265
f 2289/2289/2289 2296/2296/2296 2290/2290/2290
f 2264/2264/2264 1994/1994/1994 1937/1937/1937
f 1994/1994/1994 1993/1993/1993 2281/2281/2281
f 2193/2193/2193 2194/2194/2194 2208/2208/2208
f 2224/2224/2224 2225/2225/2225 2226/2226/2226
f 2232/2232/2232 1733/1733/1733 2231/2231/2231
f 2110/2110/2110 2107/2107/2107 2108/2108/2108
f 1746/1746/1746 1998/1998/1998 1997/1997/1997
f 2294/2294/2294 2287/2287/2287 2292/2292/2292
f 1746/1746/1746 1990/1990/1990 2001/2001/2001
f 2294/2294/2294 1998/1998/1998 1477/1477/1477
f 2278/2278/2278 2279/2279/2279 2277/2277/2277
f 2281/2281/2281 2280/2280/2280 2288/2288/2288
f 1746/1746/1746 2000/2000/2000 1998/1998/1998
f 2288/2288/2288 2290/2290/2290 1999/1999/1999
f 1985/1985/1985 2001/2001/2001 1990/1990/1990
f 2000/2000/2000 2001/2001/2001 1999/1999/1999
f 2095/2095/2095 2287/2287/2287 2093/2093/2093
f 2070/2070/2070 2095/2095/2095 2316/2316/2316
f 1537/1537/1537 2003/2003/2003 1785/1785/1785
f 2003/2003/2003 2002/2002/2002 2070/2070/2070
f 2044/2044/2044 2004/2004/2004 1428/1428/1428
f 1485/1485/1485 2004/2004/2004 1765/1765/1765
f 2007/2007/2007 2005/2005/2005 2006/2006/2006
f 1824/1824/1824 2041/2041/2041 2042/2042/2042
f 1800/1800/1800 2006/2006/2006 1815/1815/1815
f 2006/2006/2006 2005/2005/2005 2010/2010/2010
f 2013/2013/2013 2009/2009/2009 1800/1800/1800
f 2015/2015/2015 2009/2009/2009 2026/2026/2026
f 2021/2021/2021 2022/2022/2022 2037/2037/2037
f 2005/2005/2005 2007/2007/2007 2015/2015/2015
f 1800/1800/1800 1816/1816/1816 2013/2013/2013
f 2009/2009/2009 2008/2008/2008 2026/2026/2026
f 2010/2010/2010 2044/2044/2044 2011/2011/2011
f 1776/1776/1776 2011/2011/2011 1428/1428/1428
f 1773/1773/1773 2011/2011/2011 1776/1776/1776
f 2044/2044/2044 2010/2010/2010 2005/2005/2005
f 1775/1775/1775 2012/2012/2012 1773/1773/1773
f 1768/1768/1768 2006/2006/2006 2012/2012/2012
f 2016/2016/2016 2018/2018/2018 2019/2019/2019
f 2009/2009/2009 2013/2013/2013 2017/2017/2017
f 2021/2021/2021 2037/2037/2037 2008/2008/2008
f 2040/2040/2040 2042/2042/2042 2014/2014/2014
f 2009/2009/2009 2015/2015/2015 2007/2007/2007
f 2015/2015/2015 2014/2014/2014 2042/2042/2042
f 2303/2303/2303 2302/2302/2302 2025/2025/2025
f 2018/2018/2018 2024/2024/2024 2021/2021/2021
f 2013/2013/2013 2018/2018/2018 2017/2017/2017
f 2008/2008/2008 2017/2017/2017 2021/2021/2021
f 1483/1483/1483 2018/2018/2018 2013/2013/2013
f 2024/2024/2024 2018/2018/2018 2016/2016/2016
f 1483/1483/1483 1801/1801/1801 2019/2019/2019
f 1801/1801/1801 1832/1832/1832 2023/2023/2023
f 2309/2309/2309 2304/2304/2304 2310/2310/2310
f 2021/2021/2021 2020/2020/2020 2027/2027/2027
f 2018/2018/2018 2021/2021/2021 2017/2017/2017
f 2449/2449/2449 2490/2490/2490 2020/2020/2020
f 2453/2453/2453 2028/2028/2028 2030/2030/2030
f 2029/2029/2029 2014/2014/2014 2026/2026/2026
f 1828/1828/1828 2025/2025/2025 2023/2023/2023
f 2303/2303/2303 2025/2025/2025 1817/1817/1817
f 2024/2024/2024 2016/2016/2016 2450/2450/2450
f 2021/2021/2021 2024/2024/2024 2020/2020/2020
f 2090/2090/2090 2025/2025/2025 1828/1828/1828
f 2063/2063/2063 2312/2312/2312 2077/2077/2077
f 2026/2026/2026 2008/2008/2008 2037/2037/2037
f 2015/2015/2015 2026/2026/2026 2014/2014/2014
f 2030/2030/2030 2027/2027/2027 1427/1427/1427
f 2021/2021/2021 2027/2027/2027 2022/2022/2022
f 2298/2298/2298 2034/2034/2034 2036/2036/2036
f 2029/2029/2029 2031/2031/2031 2035/2035/2035
f 2022/2022/2022 2030/2030/2030 2031/2031/2031
f 2035/2035/2035 1482/1482/1482 2039/2039/2039
f 2487/2487/2487 1427/1427/1427 2490/2490/2490
f 2030/2030/2030 2028/2028/2028 2031/2031/2031
f 2033/2033/2033 2031/2031/2031 2028/2028/2028
f 2033/2033/2033 2035/2035/2035 2031/2031/2031
f 2028/2028/2028 2034/2034/2034 2033/2033/2033
f 2038/2038/2038 1482/1482/1482 2035/2035/2035
f 2028/2028/2028 2454/2454/2454 2034/2034/2034
f 2035/2035/2035 2033/2033/2033 2032/2032/2032
f 2036/2036/2036 2034/2034/2034 1845/1845/1845
f 2032/2032/2032 2033/2033/2033 2034/2034/2034
f 2038/2038/2038 2035/2035/2035 2032/2032/2032
f 2039/2039/2039 1482/1482/1482 1824/1824/1824
f 1845/1845/1845 2334/2334/2334 2335/2335/2335
f 2036/2036/2036 1847/1847/1847 2298/2298/2298
f 2031/2031/2031 2037/2037/2037 2022/2022/2022
f 2026/2026/2026 2037/2037/2037 2029/2029/2029
f 2298/2298/2298 2038/2038/2038 2032/2032/2032
f 2038/2038/2038 1795/1795/1795 1810/1810/1810
f 2040/2040/2040 2039/2039/2039 1824/1824/1824
f 2029/2029/2029 2035/2035/2035 2039/2039/2039
f 2041/2041/2041 1824/1824/1824 1829/1829/1829
f 2029/2029/2029 2040/2040/2040 2014/2014/2014
f 2004/2004/2004 2044/2044/2044 2045/2045/2045
f 2015/2015/2015 2042/2042/2042 2043/2043/2043
f 1824/1824/1824 2042/2042/2042 2040/2040/2040
f 2042/2042/2042 2041/2041/2041 2043/2043/2043
f 2044/2044/2044 2043/2043/2043 2041/2041/2041
f 2015/2015/2015 2043/2043/2043 2005/2005/2005
f 2045/2045/2045 2044/2044/2044 2041/2041/2041
f 2044/2044/2044 1428/1428/1428 2011/2011/2011
f 1656/1656/1656 2045/2045/2045 2041/2041/2041
f 2004/2004/2004 2045/2045/2045 1765/1765/1765
f 2053/2053/2053 2054/2054/2054 2047/2047/2047
f 1475/1475/1475 2088/2088/2088 2048/2048/2048
f 2047/2047/2047 2054/2054/2054 2068/2068/2068
f 2057/2057/2057 2073/2073/2073 2072/2072/2072
f 1970/1970/1970 2049/2049/2049 2048/2048/2048
f 2051/2051/2051 2049/2049/2049 1535/1535/1535
f 2049/2049/2049 1970/1970/1970 1632/1632/1632
f 2049/2049/2049 2051/2051/2051 2050/2050/2050
f 2052/2052/2052 2050/2050/2050 1807/1807/1807
f 2046/2046/2046 2048/2048/2048 2050/2050/2050
f 2051/2051/2051 1535/1535/1535 1641/1641/1641
f 1807/1807/1807 2050/2050/2050 2051/2051/2051
f 1821/1821/1821 2052/2052/2052 1807/1807/1807
f 2067/2067/2067 2052/2052/2052 1806/1806/1806
f 2048/2048/2048 2053/2053/2053 1475/1475/1475
f 2054/2054/2054 2053/2053/2053 2046/2046/2046
f 1820/1820/1820 2054/2054/2054 2046/2046/2046
f 2068/2068/2068 2054/2054/2054 1792/1792/1792
f 1792/1792/1792 1793/1793/1793 2071/2071/2071
f 2056/2056/2056 1476/1476/1476 2081/2081/2081
f 2081/2081/2081 1476/1476/1476 2082/2082/2082
f 2056/2056/2056 2055/2055/2055 2068/2068/2068
f 2080/2080/2080 2079/2079/2079 2047/2047/2047
f 2061/2061/2061 1977/1977/1977 2059/2059/2059
f 2498/2498/2498 2496/2496/2496 2497/2497/2497
f 2061/2061/2061 2058/2058/2058 2066/2066/2066
f 2060/2060/2060 1979/1979/1979 1971/1971/1971
f 2059/2059/2059 2058/2058/2058 2061/2061/2061
f 2073/2073/2073 2060/2060/2060 1971/1971/1971
f 2058/2058/2058 2495/2495/2495 2493/2493/2493
f 2434/2434/2434 2512/2512/2512 2435/2435/2435
f 1474/1474/1474 2061/2061/2061 2065/2065/2065
f 2314/2314/2314 2055/2055/2055 2083/2083/2083
f 2479/2479/2479 2483/2483/2483 2299/2299/2299
f 2065/2065/2065 2066/2066/2066 2075/2075/2075
f 2027/2027/2027 2020/2020/2020 2490/2490/2490
f 2499/2499/2499 2493/2493/2493 2500/2500/2500
f 2308/2308/2308 2305/2305/2305 2306/2306/2306
f 2065/2065/2065 2061/2061/2061 2066/2066/2066
f 2065/2065/2065 2063/2063/2063 2077/2077/2077
f 2066/2066/2066 2058/2058/2058 2493/2493/2493
f 2066/2066/2066 2064/2064/2064 2075/2075/2075
f 1820/1820/1820 2067/2067/2067 1806/1806/1806
f 2046/2046/2046 2050/2050/2050 2067/2067/2067
f 2068/2068/2068 1792/1792/1792 2071/2071/2071
f 2080/2080/2080 2068/2068/2068 2319/2319/2319
f 2003/2003/2003 2070/2070/2070 2084/2084/2084
f 2055/2055/2055 2056/2056/2056 2083/2083/2083
f 2095/2095/2095 2070/2070/2070 2002/2002/2002
f 2316/2316/2316 2093/2093/2093 2451/2451/2451
f 1805/1805/1805 2056/2056/2056 2071/2071/2071
f 2068/2068/2068 2071/2071/2071 2056/2056/2056
f 2068/2068/2068 2080/2080/2080 2047/2047/2047
f 2057/2057/2057 2060/2060/2060 2073/2073/2073
f 2086/2086/2086 1971/1971/1971 1980/1980/1980
f 1475/1475/1475 2072/2072/2072 2073/2073/2073
f 1534/1534/1534 2087/2087/2087 2074/2074/2074
f 2074/2074/2074 2087/2087/2087 2088/2088/2088
f 2076/2076/2076 2075/2075/2075 2064/2064/2064
f 2063/2063/2063 2065/2065/2065 2075/2075/2075
f 2064/2064/2064 2499/2499/2499 2494/2494/2494
f 2062/2062/2062 2305/2305/2305 2076/2076/2076
f 2303/2303/2303 1817/1817/1817 2311/2311/2311
f 2077/2077/2077 2311/2311/2311 2089/2089/2089
f 2055/2055/2055 2314/2314/2314 2320/2320/2320
f 2498/2498/2498 2500/2500/2500 2493/2493/2493
f 2047/2047/2047 2079/2079/2079 2072/2072/2072
f 2496/2496/2496 2079/2079/2079 2078/2078/2078
f 2319/2319/2319 2068/2068/2068 2055/2055/2055
f 2078/2078/2078 2079/2079/2079 2080/2080/2080
f 2082/2082/2082 1476/1476/1476 1803/1803/1803
f 2083/2083/2083 2081/2081/2081 2069/2069/2069
f 2084/2084/2084 2082/2082/2082 1744/1744/1744
f 2081/2081/2081 2082/2082/2082 2069/2069/2069
f 2081/2081/2081 2083/2083/2083 2056/2056/2056
f 2069/2069/2069 2084/2084/2084 2315/2315/2315
f 2082/2082/2082 2084/2084/2084 2069/2069/2069
f 2003/2003/2003 2084/2084/2084 1744/1744/1744
f 2000/2000/2000 2284/2284/2284 1477/1477/1477
f 2503/2503/2503 2504/2504/2504 2507/2507/2507
f 1981/1981/1981 2086/2086/2086 1980/1980/1980
f 2074/2074/2074 1971/1971/1971 2086/2086/2086
f 1688/1688/1688 2087/2087/2087 1534/1534/1534
f 2088/2088/2088 2087/2087/2087 1970/1970/1970
f 2048/2048/2048 2088/2088/2088 1970/1970/1970
f 2073/2073/2073 2088/2088/2088 1475/1475/1475
f 1817/1817/1817 2025/2025/2025 2090/2090/2090
f 2092/2092/2092 2089/2089/2089 1976/1976/1976
f 1832/1832/1832 2094/2094/2094 1828/1828/1828
f 1978/1978/1978 2091/2091/2091 1682/1682/1682
f 1976/1976/1976 2091/2091/2091 1978/1978/1978
f 2090/2090/2090 2094/2094/2094 2321/2321/2321
f 1978/1978/1978 2092/2092/2092 1976/1976/1976
f 2065/2065/2065 2092/2092/2092 1474/1474/1474
f 2286/2286/2286 2287/2287/2287 2294/2294/2294
f 2093/2093/2093 2291/2291/2291 2451/2451/2451
f 1783/1783/1783 2094/2094/2094 1738/1738/1738
f 2321/2321/2321 1588/1588/1588 1682/1682/1682
f 2287/2287/2287 2095/2095/2095 2002/2002/2002
f 2316/2316/2316 2095/2095/2095 2093/2093/2093
f 2479/2479/2479 2482/2482/2482 2483/2483/2483
f 1834/1834/1834 2325/2325/2325 1842/1842/1842
f 2331/2331/2331 1842/1842/1842 2325/2325/2325
f 1993/1993/1993 2448/2448/2448 1992/1992/1992
f 2100/2100/2100 2098/2098/2098 2099/2099/2099
f 1523/1523/1523 2106/2106/2106 1371/1371/1371
f 1883/1883/1883 2099/2099/2099 1884/1884/1884
f 2105/2105/2105 2099/2099/2099 2098/2098/2098
f 2103/2103/2103 2100/2100/2100 1883/1883/1883
f 2098/2098/2098 2100/2100/2100 2102/2102/2102
f 2103/2103/2103 1883/1883/1883 2104/2104/2104
f 2222/2222/2222 2227/2227/2227 2220/2220/2220
f 2103/2103/2103 2102/2102/2102 2100/2100/2100
f 2360/2360/2360 2222/2222/2222 2359/2359/2359
f 1883/1883/1883 1885/1885/1885 2104/2104/2104
f 2103/2103/2103 2101/2101/2101 2360/2360/2360
f 2111/2111/2111 2104/2104/2104 1363/1363/1363
f 2101/2101/2101 2103/2103/2103 2104/2104/2104
f 2105/2105/2105 2098/2098/2098 2106/2106/2106
f 1583/1583/1583 2105/2105/2105 1523/1523/1523
f 2459/2459/2459 2098/2098/2098 2102/2102/2102
f 2106/2106/2106 2098/2098/2098 2459/2459/2459
f 1528/1528/1528 2108/2108/2108 1363/1363/1363
f 1995/1995/1995 2210/2210/2210 2223/2223/2223
f 2109/2109/2109 2108/2108/2108 1473/1473/1473
f 2108/2108/2108 2107/2107/2107 2111/2111/2111
f 1422/1422/1422 2109/2109/2109 1473/1473/1473
f 2110/2110/2110 2109/2109/2109 1996/1996/1996
f 2232/2232/2232 2110/2110/2110 1996/1996/1996
f 2110/2110/2110 2232/2232/2232 2226/2226/2226
f 2108/2108/2108 2111/2111/2111 1363/1363/1363
f 2226/2226/2226 2225/2225/2225 2107/2107/2107
f 2345/2345/2345 2344/2344/2344 2460/2460/2460
f 2346/2346/2346 2344/2344/2344 2345/2345/2345
f 2114/2114/2114 1506/1506/1506 2115/2115/2115
f 2346/2346/2346 2348/2348/2348 2344/2344/2344
f 1506/1506/1506 2114/2114/2114 1507/1507/1507
f 2124/2124/2124 2114/2114/2114 2113/2113/2113
f 1577/1577/1577 1576/1576/1576 2115/2115/2115
f 2116/2116/2116 2112/2112/2112 2348/2348/2348
f 1576/1576/1576 2121/2121/2121 2115/2115/2115
f 1576/1576/1576 1965/1965/1965 2118/2118/2118
f 2117/2117/2117 2118/2118/2118 2120/2120/2120
f 2117/2117/2117 2123/2123/2123 2119/2119/2119
f 1964/1964/1964 2118/2118/2118 1965/1965/1965
f 2118/2118/2118 2117/2117/2117 2119/2119/2119
f 2119/2119/2119 2116/2116/2116 2121/2121/2121
f 2135/2135/2135 2117/2117/2117 2126/2126/2126
f 1964/1964/1964 1967/1967/1967 2125/2125/2125
f 2120/2120/2120 2125/2125/2125 2130/2130/2130
f 1576/1576/1576 2118/2118/2118 2121/2121/2121
f 2119/2119/2119 2121/2121/2121 2118/2118/2118
f 1923/1923/1923 1941/1941/1941 2127/2127/2127
f 2347/2347/2347 2122/2122/2122 2460/2460/2460
f 2135/2135/2135 2123/2123/2123 2117/2117/2117
f 2123/2123/2123 2122/2122/2122 2347/2347/2347
f 1903/1903/1903 1513/1513/1513 2128/2128/2128
f 2348/2348/2348 2124/2124/2124 2113/2113/2113
f 2351/2351/2351 2352/2352/2352 1963/1963/1963
f 2120/2120/2120 2130/2130/2130 2126/2126/2126
f 2133/2133/2133 2126/2126/2126 1917/1917/1917
f 2117/2117/2117 2120/2120/2120 2126/2126/2126
f 2460/2460/2460 1941/1941/1941 1355/1355/1355
f 2135/2135/2135 2127/2127/2127 2122/2122/2122
f 1903/1903/1903 2128/2128/2128 1899/1899/1899
f 2124/2124/2124 2348/2348/2348 2349/2349/2349
f 2145/2145/2145 2163/2163/2163 2144/2144/2144
f 2240/2240/2240 2241/2241/2241 2235/2235/2235
f 2131/2131/2131 2130/2130/2130 2125/2125/2125
f 1917/1917/1917 2126/2126/2126 2130/2130/2130
f 1963/1963/1963 2131/2131/2131 2125/2125/2125
f 2132/2132/2132 2131/2131/2131 2129/2129/2129
f 2132/2132/2132 2145/2145/2145 2143/2143/2143
f 2130/2130/2130 2132/2132/2132 1917/1917/1917
f 2134/2134/2134 2136/2136/2136 2137/2137/2137
f 1923/1923/1923 2127/2127/2127 2135/2135/2135
f 2137/2137/2137 2133/2133/2133 1917/1917/1917
f 2139/2139/2139 2140/2140/2140 2350/2350/2350
f 2135/2135/2135 2122/2122/2122 2123/2123/2123
f 2126/2126/2126 2133/2133/2133 2135/2135/2135
f 2137/2137/2137 2136/2136/2136 2133/2133/2133
f 1949/1949/1949 2136/2136/2136 2134/2134/2134
f 2132/2132/2132 2143/2143/2143 1917/1917/1917
f 2134/2134/2134 2137/2137/2137 2139/2139/2139
f 2138/2138/2138 2139/2139/2139 2142/2142/2142
f 2147/2147/2147 2234/2234/2234 2259/2259/2259
f 2143/2143/2143 2152/2152/2152 1917/1917/1917
f 2138/2138/2138 2146/2146/2146 2140/2140/2140
f 2150/2150/2150 2140/2140/2140 1918/1918/1918
f 2134/2134/2134 2350/2350/2350 1944/1944/1944
f 2144/2144/2144 2141/2141/2141 2143/2143/2143
f 2242/2242/2242 2189/2189/2189 2191/2191/2191
f 2152/2152/2152 2139/2139/2139 2137/2137/2137
f 2177/2177/2177 2164/2164/2164 2166/2166/2166
f 2129/2129/2129 2163/2163/2163 2145/2145/2145
f 2152/2152/2152 2141/2141/2141 2142/2142/2142
f 2163/2163/2163 2351/2351/2351 2158/2158/2158
f 2165/2165/2165 2159/2159/2159 2164/2164/2164
f 2129/2129/2129 2145/2145/2145 2132/2132/2132
f 2144/2144/2144 2143/2143/2143 2145/2145/2145
f 2148/2148/2148 2149/2149/2149 2160/2160/2160
f 2149/2149/2149 2167/2167/2167 2160/2160/2160
f 2148/2148/2148 2160/2160/2160 2182/2182/2182
f 2164/2164/2164 2141/2141/2141 2144/2144/2144
f 2181/2181/2181 2273/2273/2273 2182/2182/2182
f 2148/2148/2148 2161/2161/2161 2149/2149/2149
f 2167/2167/2167 2138/2138/2138 2156/2156/2156
f 2271/2271/2271 1433/1433/1433 2267/2267/2267
f 1918/1918/1918 2169/2169/2169 2185/2185/2185
f 1924/1924/1924 1946/1946/1946 2151/2151/2151
f 2151/2151/2151 1944/1944/1944 2350/2350/2350
f 1924/1924/1924 2151/2151/2151 2150/2150/2150
f 2139/2139/2139 2152/2152/2152 2142/2142/2142
f 1917/1917/1917 2152/2152/2152 2137/2137/2137
f 1730/1730/1730 2228/2228/2228 2229/2229/2229
f 2147/2147/2147 2204/2204/2204 2216/2216/2216
f 2357/2357/2357 2186/2186/2186 2175/2175/2175
f 2192/2192/2192 2191/2191/2191 2189/2189/2189
f 2142/2142/2142 2156/2156/2156 2138/2138/2138
f 2179/2179/2179 2177/2177/2177 2166/2166/2166
f 2177/2177/2177 2142/2142/2142 2141/2141/2141
f 2160/2160/2160 2167/2167/2167 2180/2180/2180
f 1433/1433/1433 2266/2266/2266 2267/2267/2267
f 1950/1950/1950 2172/2172/2172 1945/1945/1945
f 2129/2129/2129 2131/2131/2131 2352/2352/2352
f 2186/2186/2186 2159/2159/2159 2165/2165/2165
f 2144/2144/2144 2165/2165/2165 2164/2164/2164
f 2201/2201/2201 2166/2166/2166 2164/2164/2164
f 2149/2149/2149 2146/2146/2146 2167/2167/2167
f 2168/2168/2168 2160/2160/2160 2155/2155/2155
f 2161/2161/2161 2148/2148/2148 2272/2272/2272
f 2161/2161/2161 2157/2157/2157 2162/2162/2162
f 2183/2183/2183 2162/2162/2162 2157/2157/2157
f 2185/2185/2185 2184/2184/2184 2150/2150/2150
f 2163/2163/2163 2129/2129/2129 2352/2352/2352
f 2165/2165/2165 2163/2163/2163 2158/2158/2158
f 2144/2144/2144 2163/2163/2163 2165/2165/2165
f 2159/2159/2159 2201/2201/2201 2164/2164/2164
f 2153/2153/2153 2173/2173/2173 2158/2158/2158
f 2165/2165/2165 2158/2158/2158 2173/2173/2173
f 2201/2201/2201 2357/2357/2357 2178/2178/2178
f 2180/2180/2180 2179/2179/2179 2155/2155/2155
f 2138/2138/2138 2167/2167/2167 2146/2146/2146
f 2180/2180/2180 2156/2156/2156 2179/2179/2179
f 2179/2179/2179 2203/2203/2203 2155/2155/2155
f 2216/2216/2216 2204/2204/2204 2168/2168/2168
f 2146/2146/2146 2169/2169/2169 1918/1918/1918
f 2161/2161/2161 2169/2169/2169 2149/2149/2149
f 2183/2183/2183 2267/2267/2267 2170/2170/2170
f 2171/2171/2171 2355/2355/2355 2172/2172/2172
f 2171/2171/2171 2185/2185/2185 2183/2183/2183
f 2353/2353/2353 2355/2355/2355 2356/2356/2356
f 1924/1924/1924 2172/2172/2172 1950/1950/1950
f 2171/2171/2171 2183/2183/2183 2355/2355/2355
f 2176/2176/2176 2173/2173/2173 2153/2153/2153
f 2200/2200/2200 2186/2186/2186 2173/2173/2173
f 2205/2205/2205 2176/2176/2176 2153/2153/2153
f 2195/2195/2195 2196/2196/2196 2214/2214/2214
f 2188/2188/2188 2200/2200/2200 2176/2176/2176
f 2175/2175/2175 2200/2200/2200 2188/2188/2188
f 2187/2187/2187 2205/2205/2205 2221/2221/2221
f 2176/2176/2176 2174/2174/2174 2188/2188/2188
f 2142/2142/2142 2177/2177/2177 2156/2156/2156
f 2164/2164/2164 2177/2177/2177 2141/2141/2141
f 2242/2242/2242 2154/2154/2154 2189/2189/2189
f 2201/2201/2201 2203/2203/2203 2166/2166/2166
f 2177/2177/2177 2179/2179/2179 2156/2156/2156
f 2203/2203/2203 2179/2179/2179 2166/2166/2166
f 2160/2160/2160 2180/2180/2180 2155/2155/2155
f 2167/2167/2167 2156/2156/2156 2180/2180/2180
f 2259/2259/2259 2400/2400/2400 2147/2147/2147
f 2400/2400/2400 2255/2255/2255 2401/2401/2401
f 2160/2160/2160 2168/2168/2168 2182/2182/2182
f 2182/2182/2182 2168/2168/2168 2204/2204/2204
f 2267/2267/2267 2183/2183/2183 2157/2157/2157
f 2183/2183/2183 2170/2170/2170 2355/2355/2355
f 2185/2185/2185 2150/2150/2150 1918/1918/1918
f 2172/2172/2172 2184/2184/2184 2171/2171/2171
f 2183/2183/2183 2185/2185/2185 2162/2162/2162
f 2184/2184/2184 2185/2185/2185 2171/2171/2171
f 2173/2173/2173 2186/2186/2186 2165/2165/2165
f 2175/2175/2175 2189/2189/2189 2357/2357/2357
f 2187/2187/2187 2210/2210/2210 2209/2209/2209
f 2205/2205/2205 2206/2206/2206 2176/2176/2176
f 2357/2357/2357 2189/2189/2189 2154/2154/2154
f 2175/2175/2175 2188/2188/2188 2189/2189/2189
f 2192/2192/2192 2188/2188/2188 2174/2174/2174
f 2192/2192/2192 2194/2194/2194 2195/2195/2195
f 2214/2214/2214 2198/2198/2198 2258/2258/2258
f 2216/2216/2216 2234/2234/2234 2147/2147/2147
f 2189/2189/2189 2188/2188/2188 2192/2192/2192
f 2235/2235/2235 2242/2242/2242 2243/2243/2243
f 2194/2194/2194 2192/2192/2192 2174/2174/2174
f 2191/2191/2191 2192/2192/2192 2195/2195/2195
f 2176/2176/2176 2206/2206/2206 2174/2174/2174
f 2196/2196/2196 2195/2195/2195 2193/2193/2193
f 2208/2208/2208 2194/2194/2194 2174/2174/2174
f 2195/2195/2195 2194/2194/2194 2193/2193/2193
f 2193/2193/2193 2239/2239/2239 2196/2196/2196
f 2195/2195/2195 2190/2190/2190 2191/2191/2191
f 1875/1875/1875 2197/2197/2197 2196/2196/2196
f 2198/2198/2198 2214/2214/2214 2197/2197/2197
f 1881/1881/1881 2197/2197/2197 1875/1875/1875
f 2197/2197/2197 1854/1854/1854 2198/2198/2198
f 1878/1878/1878 2215/2215/2215 1867/1867/1867
f 2198/2198/2198 2215/2215/2215 2199/2199/2199
f 1876/1876/1876 2237/2237/2237 1859/1859/1859
f 2253/2253/2253 2258/2258/2258 2199/2199/2199
f 2186/2186/2186 2200/2200/2200 2175/2175/2175
f 2173/2173/2173 2176/2176/2176 2200/2200/2200
f 2357/2357/2357 2201/2201/2201 2159/2159/2159
f 2203/2203/2203 2201/2201/2201 2178/2178/2178
f 2155/2155/2155 2217/2217/2217 2168/2168/2168
f 2234/2234/2234 2202/2202/2202 2240/2240/2240
f 2178/2178/2178 2202/2202/2202 2203/2203/2203
f 2217/2217/2217 2203/2203/2203 2202/2202/2202
f 2423/2423/2423 2147/2147/2147 2400/2400/2400
f 2182/2182/2182 2204/2204/2204 2181/2181/2181
f 2463/2463/2463 2153/2153/2153 2461/2461/2461
f 2205/2205/2205 2187/2187/2187 2206/2206/2206
f 2206/2206/2206 2187/2187/2187 2209/2209/2209
f 2174/2174/2174 2206/2206/2206 2208/2208/2208
f 2210/2210/2210 2230/2230/2230 2209/2209/2209
f 2228/2228/2228 1435/1435/1435 2212/2212/2212
f 2211/2211/2211 2206/2206/2206 2209/2209/2209
f 2212/2212/2212 2233/2233/2233 2211/2211/2211
f 2187/2187/2187 2218/2218/2218 2210/2210/2210
f 2211/2211/2211 2209/2209/2209 2207/2207/2207
f 2223/2223/2223 2210/2210/2210 1357/1357/1357
f 1995/1995/1995 2229/2229/2229 2230/2230/2230
f 2212/2212/2212 2211/2211/2211 2207/2207/2207
f 2206/2206/2206 2211/2211/2211 2208/2208/2208
f 2228/2228/2228 2212/2212/2212 2207/2207/2207
f 1435/1435/1435 1858/1858/1858 2238/2238/2238
f 2244/2244/2244 2247/2247/2247 2246/2246/2246
f 2237/2237/2237 2251/2251/2251 1859/1859/1859
f 2195/2195/2195 2214/2214/2214 2190/2190/2190
f 2197/2197/2197 2214/2214/2214 2196/2196/2196
f 2198/2198/2198 1854/1854/1854 2215/2215/2215
f 1867/1867/1867 2215/2215/2215 1854/1854/1854
f 2217/2217/2217 2216/2216/2216 2168/2168/2168
f 2234/2234/2234 2216/2216/2216 2202/2202/2202
f 2203/2203/2203 2217/2217/2217 2155/2155/2155
f 2216/2216/2216 2217/2217/2217 2202/2202/2202
f 2220/2220/2220 2218/2218/2218 2221/2221/2221
f 1357/1357/1357 2210/2210/2210 2218/2218/2218
f 2158/2158/2158 2351/2351/2351 2461/2461/2461
f 2224/2224/2224 2227/2227/2227 2101/2101/2101
f 2221/2221/2221 2218/2218/2218 2187/2187/2187
f 2219/2219/2219 2469/2469/2469 2220/2220/2220
f 2153/2153/2153 2221/2221/2221 2205/2205/2205
f 2219/2219/2219 2220/2220/2220 2221/2221/2221
f 2361/2361/2361 2469/2469/2469 2358/2358/2358
f 2102/2102/2102 2359/2359/2359 1962/1962/1962
f 2224/2224/2224 2223/2223/2223 1357/1357/1357
f 2110/2110/2110 2226/2226/2226 2107/2107/2107
f 2227/2227/2227 2224/2224/2224 1357/1357/1357
f 2101/2101/2101 2104/2104/2104 2225/2225/2225
f 2107/2107/2107 2225/2225/2225 2111/2111/2111
f 2101/2101/2101 2225/2225/2225 2224/2224/2224
f 1995/1995/1995 2223/2223/2223 2226/2226/2226
f 2226/2226/2226 2223/2223/2223 2224/2224/2224
f 2220/2220/2220 2227/2227/2227 1357/1357/1357
f 2101/2101/2101 2227/2227/2227 2222/2222/2222
f 2229/2229/2229 2228/2228/2228 2207/2207/2207
f 2228/2228/2228 1730/1730/1730 1732/1732/1732
f 2230/2230/2230 2229/2229/2229 2207/2207/2207
f 2229/2229/2229 1995/1995/1995 2231/2231/2231
f 2209/2209/2209 2230/2230/2230 2207/2207/2207
f 1995/1995/1995 2230/2230/2230 2210/2210/2210
f 2226/2226/2226 2232/2232/2232 1995/1995/1995
f 1730/1730/1730 2231/2231/2231 1733/1733/1733
f 2232/2232/2232 1996/1996/1996 2276/2276/2276
f 1995/1995/1995 2232/2232/2232 2231/2231/2231
f 2238/2238/2238 2233/2233/2233 2212/2212/2212
f 2239/2239/2239 2233/2233/2233 1880/1880/1880
f 2240/2240/2240 2202/2202/2202 2178/2178/2178
f 2256/2256/2256 2213/2213/2213 2246/2246/2246
f 2243/2243/2243 2191/2191/2191 2190/2190/2190
f 2250/2250/2250 2213/2213/2213 2257/2257/2257
f 1484/1484/1484 2331/2331/2331 2363/2363/2363
f 2247/2247/2247 2236/2236/2236 2249/2249/2249
f 1863/1863/1863 2470/2470/2470 1876/1876/1876
f 1484/1484/1484 2363/2363/2363 2471/2471/2471
f 1435/1435/1435 2238/2238/2238 2212/2212/2212
f 1880/1880/1880 2238/2238/2238 1858/1858/1858
f 2196/2196/2196 2239/2239/2239 1875/1875/1875
f 2193/2193/2193 2233/2233/2233 2239/2239/2239
f 2241/2241/2241 2240/2240/2240 2178/2178/2178
f 2250/2250/2250 2240/2240/2240 2235/2235/2235
f 2357/2357/2357 2241/2241/2241 2178/2178/2178
f 2241/2241/2241 2154/2154/2154 2242/2242/2242
f 2243/2243/2243 2242/2242/2242 2191/2191/2191
f 2241/2241/2241 2242/2242/2242 2235/2235/2235
f 2243/2243/2243 2190/2190/2190 2245/2245/2245
f 2235/2235/2235 2243/2243/2243 2246/2246/2246
f 2258/2258/2258 2253/2253/2253 2244/2244/2244
f 2254/2254/2254 2251/2251/2251 2252/2252/2252
f 2190/2190/2190 2214/2214/2214 2258/2258/2258
f 2246/2246/2246 2245/2245/2245 2244/2244/2244
f 2244/2244/2244 2254/2254/2254 2247/2247/2247
f 2246/2246/2246 2213/2213/2213 2235/2235/2235
f 2371/2371/2371 2374/2374/2374 2377/2377/2377
f 2246/2246/2246 2247/2247/2247 2256/2256/2256
f 2255/2255/2255 2447/2447/2447 2401/2401/2401
f 2249/2249/2249 2256/2256/2256 2247/2247/2247
f 2362/2362/2362 2365/2365/2365 2377/2377/2377
f 2401/2401/2401 2447/2447/2447 2248/2248/2248
f 2240/2240/2240 2250/2250/2250 2234/2234/2234
f 2235/2235/2235 2213/2213/2213 2250/2250/2250
f 2237/2237/2237 2252/2252/2252 2251/2251/2251
f 2253/2253/2253 2251/2251/2251 2254/2254/2254
f 2252/2252/2252 2237/2237/2237 2472/2472/2472
f 2236/2236/2236 2247/2247/2247 2254/2254/2254
f 2244/2244/2244 2245/2245/2245 2258/2258/2258
f 2199/2199/2199 2251/2251/2251 2253/2253/2253
f 2253/2253/2253 2254/2254/2254 2244/2244/2244
f 2236/2236/2236 2254/2254/2254 2252/2252/2252
f 2256/2256/2256 2257/2257/2257 2213/2213/2213
f 2381/2381/2381 2387/2387/2387 2248/2248/2248
f 2447/2447/2447 2249/2249/2249 2248/2248/2248
f 2256/2256/2256 2447/2447/2447 2257/2257/2257
f 2259/2259/2259 2257/2257/2257 2255/2255/2255
f 2250/2250/2250 2257/2257/2257 2234/2234/2234
f 2190/2190/2190 2258/2258/2258 2245/2245/2245
f 2199/2199/2199 2258/2258/2258 2198/2198/2198
f 2257/2257/2257 2259/2259/2259 2234/2234/2234
f 2400/2400/2400 2259/2259/2259 2255/2255/2255
f 1956/1956/1956 2260/2260/2260 1570/1570/1570
f 1371/1371/1371 2339/2339/2339 1955/1955/1955
f 1371/1371/1371 2261/2261/2261 1954/1954/1954
f 1956/1956/1956 2261/2261/2261 1955/1955/1955
f 1640/1640/1640 2262/2262/2262 1593/1593/1593
f 2262/2262/2262 1702/1702/1702 1563/1563/1563
f 2263/2263/2263 1982/1982/1982 1986/1986/1986
f 1988/1988/1988 2262/2262/2262 2263/2263/2263
f 1935/1935/1935 2266/2266/2266 2264/2264/2264
f 2266/2266/2266 2269/2269/2269 2264/2264/2264
f 1938/1938/1938 2265/2265/2265 1937/1937/1937
f 1935/1935/1935 2264/2264/2264 2265/2265/2265
f 2267/2267/2267 2266/2266/2266 1935/1935/1935
f 2389/2389/2389 2269/2269/2269 1433/1433/1433
f 2267/2267/2267 1935/1935/1935 2270/2270/2270
f 2267/2267/2267 2157/2157/2157 2271/2271/2271
f 2272/2272/2272 2273/2273/2273 2385/2385/2385
f 2427/2427/2427 2417/2417/2417 2405/2405/2405
f 1433/1433/1433 2269/2269/2269 2266/2266/2266
f 2415/2415/2415 2448/2448/2448 2268/2268/2268
f 1936/1936/1936 2270/2270/2270 1935/1935/1935
f 2270/2270/2270 1921/1921/1921 2356/2356/2356
f 2272/2272/2272 2157/2157/2157 2161/2161/2161
f 2157/2157/2157 2272/2272/2272 2271/2271/2271
f 2148/2148/2148 2273/2273/2273 2272/2272/2272
f 2413/2413/2413 2384/2384/2384 2422/2422/2422
f 2182/2182/2182 2273/2273/2273 2148/2148/2148
f 2413/2413/2413 2412/2412/2412 2384/2384/2384
f 1586/1586/1586 2274/2274/2274 1531/1531/1531
f 2274/2274/2274 1472/1472/1472 1734/1734/1734
f 2109/2109/2109 2275/2275/2275 1996/1996/1996
f 1422/1422/1422 2274/2274/2274 2275/2275/2275
f 2232/2232/2232 2276/2276/2276 1733/1733/1733
f 2275/2275/2275 2276/2276/2276 1996/1996/1996
f 2281/2281/2281 1987/1987/1987 1994/1994/1994
f 2281/2281/2281 1992/1992/1992 2280/2280/2280
f 2279/2279/2279 2278/2278/2278 1985/1985/1985
f 2278/2278/2278 2277/2277/2277 2288/2288/2288
f 1986/1986/1986 2279/2279/2279 1985/1985/1985
f 1987/1987/1987 2277/2277/2277 2279/2279/2279
f 2280/2280/2280 1992/1992/1992 2295/2295/2295
f 2278/2278/2278 2288/2288/2288 1999/1999/1999
f 2281/2281/2281 2277/2277/2277 1987/1987/1987
f 1992/1992/1992 2281/2281/2281 1993/1993/1993
f 2389/2389/2389 2388/2388/2388 2416/2416/2416
f 2097/2097/2097 2380/2380/2380 2376/2376/2376
f 2297/2297/2297 2290/2290/2290 2283/2283/2283
f 2440/2440/2440 2441/2441/2441 2282/2282/2282
f 2297/2297/2297 2000/2000/2000 1999/1999/1999
f 2442/2442/2442 2283/2283/2283 2441/2441/2441
f 2085/2085/2085 2451/2451/2451 2291/2291/2291
f 1477/1477/1477 2284/2284/2284 2286/2286/2286
f 2283/2283/2283 2286/2286/2286 2284/2284/2284
f 2287/2287/2287 2286/2286/2286 2285/2285/2285
f 2291/2291/2291 2287/2287/2287 2285/2285/2285
f 2287/2287/2287 2002/2002/2002 2292/2292/2292
f 2281/2281/2281 2288/2288/2288 2277/2277/2277
f 2290/2290/2290 2288/2288/2288 2280/2280/2280
f 2415/2415/2415 2416/2416/2416 2402/2402/2402
f 2290/2290/2290 2296/2296/2296 2283/2283/2283
f 2290/2290/2290 2280/2280/2280 2295/2295/2295
f 2297/2297/2297 2283/2283/2283 2284/2284/2284
f 2085/2085/2085 2291/2291/2291 2285/2285/2285
f 2093/2093/2093 2287/2287/2287 2291/2291/2291
f 2293/2293/2293 2292/2292/2292 2002/2002/2002
f 2294/2294/2294 1747/1747/1747 1997/1997/1997
f 2003/2003/2003 2293/2293/2293 2002/2002/2002
f 1747/1747/1747 2293/2293/2293 1537/1537/1537
f 1747/1747/1747 2294/2294/2294 2292/2292/2292
f 1998/1998/1998 2294/2294/2294 1997/1997/1997
f 1992/1992/1992 2415/2415/2415 2403/2403/2403
f 2290/2290/2290 2295/2295/2295 2289/2289/2289
f 2417/2417/2417 2296/2296/2296 2289/2289/2289
f 2441/2441/2441 2296/2296/2296 2282/2282/2282
f 2000/2000/2000 2297/2297/2297 2284/2284/2284
f 1999/1999/1999 2290/2290/2290 2297/2297/2297
f 1795/1795/1795 2298/2298/2298 1813/1813/1813
f 2298/2298/2298 2032/2032/2032 2034/2034/2034
f 2308/2308/2308 2075/2075/2075 2076/2076/2076
f 2307/2307/2307 2309/2309/2309 2310/2310/2310
f 2309/2309/2309 2509/2509/2509 2300/2300/2300
f 2023/2023/2023 2302/2302/2302 2016/2016/2016
f 2426/2426/2426 2430/2430/2430 2390/2390/2390
f 2330/2330/2330 2324/2324/2324 2327/2327/2327
f 2025/2025/2025 2302/2302/2302 2023/2023/2023
f 2300/2300/2300 2509/2509/2509 2450/2450/2450
f 1817/1817/1817 2089/2089/2089 2311/2311/2311
f 2300/2300/2300 2302/2302/2302 2303/2303/2303
f 2306/2306/2306 2310/2310/2310 2063/2063/2063
f 2300/2300/2300 2303/2303/2303 2304/2304/2304
f 2433/2433/2433 2434/2434/2434 2432/2432/2432
f 2306/2306/2306 2305/2305/2305 2301/2301/2301
f 2306/2306/2306 2301/2301/2301 2307/2307/2307
f 2308/2308/2308 2063/2063/2063 2075/2075/2075
f 2301/2301/2301 2478/2478/2478 2479/2479/2479
f 2307/2307/2307 2299/2299/2299 2309/2309/2309
f 2305/2305/2305 2308/2308/2308 2076/2076/2076
f 2063/2063/2063 2308/2308/2308 2306/2306/2306
f 2509/2509/2509 2309/2309/2309 2299/2299/2299
f 2300/2300/2300 2304/2304/2304 2309/2309/2309
f 2310/2310/2310 2304/2304/2304 2312/2312/2312
f 2306/2306/2306 2307/2307/2307 2310/2310/2310
f 2312/2312/2312 2311/2311/2311 2077/2077/2077
f 2303/2303/2303 2311/2311/2311 2304/2304/2304
f 2310/2310/2310 2312/2312/2312 2063/2063/2063
f 2311/2311/2311 2312/2312/2312 2304/2304/2304
f 2444/2444/2444 2446/2446/2446 2506/2506/2506
f 2320/2320/2320 2317/2317/2317 2318/2318/2318
f 2083/2083/2083 2069/2069/2069 2315/2315/2315
f 2317/2317/2317 2314/2314/2314 2313/2313/2313
f 2316/2316/2316 2315/2315/2315 2070/2070/2070
f 2083/2083/2083 2315/2315/2315 2314/2314/2314
f 2313/2313/2313 2314/2314/2314 2316/2316/2316
f 2316/2316/2316 2314/2314/2314 2315/2315/2315
f 2503/2503/2503 2317/2317/2317 2313/2313/2313
f 2317/2317/2317 1424/1424/1424 2318/2318/2318
f 2318/2318/2318 1424/1424/1424 2497/2497/2497
f 2319/2319/2319 2318/2318/2318 2078/2078/2078
f 2080/2080/2080 2319/2319/2319 2078/2078/2078
f 2320/2320/2320 2319/2319/2319 2055/2055/2055
f 2317/2317/2317 2320/2320/2320 2314/2314/2314
f 2319/2319/2319 2320/2320/2320 2318/2318/2318
f 2090/2090/2090 2321/2321/2321 2091/2091/2091
f 1783/1783/1783 2321/2321/2321 2094/2094/2094
f 2096/2096/2096 2323/2323/2323 2322/2322/2322
f 1840/1840/1840 2326/2326/2326 1834/1834/1834
f 2325/2325/2325 2323/2323/2323 2327/2327/2327
f 2326/2326/2326 2323/2323/2323 1834/1834/1834
f 2325/2325/2325 2327/2327/2327 2324/2324/2324
f 2237/2237/2237 1876/1876/1876 2470/2470/2470
f 2327/2327/2327 2323/2323/2323 2096/2096/2096
f 2325/2325/2325 2324/2324/2324 2331/2331/2331
f 1841/1841/1841 2326/2326/2326 1840/1840/1840
f 2323/2323/2323 2326/2326/2326 2322/2322/2322
f 2330/2330/2330 2327/2327/2327 2333/2333/2333
f 1845/1845/1845 2454/2454/2454 2455/2455/2455
f 2305/2305/2305 2434/2434/2434 2433/2433/2433
f 2365/2365/2365 2362/2362/2362 2363/2363/2363
f 2333/2333/2333 2334/2334/2334 2332/2332/2332
f 2367/2367/2367 2371/2371/2371 2375/2375/2375
f 2333/2333/2333 2327/2327/2327 2096/2096/2096
f 2365/2365/2365 2363/2363/2363 2370/2370/2370
f 2363/2363/2363 2362/2362/2362 2471/2471/2471
f 1842/1842/1842 2331/2331/2331 1484/1484/1484
f 2453/2453/2453 2454/2454/2454 2028/2028/2028
f 2457/2457/2457 2332/2332/2332 2489/2489/2489
f 2334/2334/2334 2333/2333/2333 2096/2096/2096
f 2333/2333/2333 2332/2332/2332 2336/2336/2336
f 2334/2334/2334 2096/2096/2096 2335/2335/2335
f 2334/2334/2334 1845/1845/1845 2455/2455/2455
f 2322/2322/2322 2335/2335/2335 2096/2096/2096
f 2036/2036/2036 2335/2335/2335 1847/1847/1847
f 2333/2333/2333 2336/2336/2336 2330/2330/2330
f 2455/2455/2455 2489/2489/2489 2332/2332/2332
f 2337/2337/2337 2341/2341/2341 2338/2338/2338
f 2338/2338/2338 1496/1496/1496 2260/2260/2260
f 1955/1955/1955 2338/2338/2338 2260/2260/2260
f 2341/2341/2341 2337/2337/2337 2468/2468/2468
f 2339/2339/2339 2106/2106/2106 2459/2459/2459
f 1955/1955/1955 2339/2339/2339 2338/2338/2338
f 2465/2465/2465 2466/2466/2466 2467/2467/2467
f 1961/1961/1961 2342/2342/2342 1968/1968/1968
f 2468/2468/2468 2337/2337/2337 1962/1962/1962
f 2340/2340/2340 2342/2342/2342 2343/2343/2343
f 2343/2343/2343 1961/1961/1961 1496/1496/1496
f 2466/2466/2466 2342/2342/2342 2340/2340/2340
f 2341/2341/2341 2343/2343/2343 2338/2338/2338
f 1961/1961/1961 2343/2343/2343 2342/2342/2342
f 2346/2346/2346 1894/1894/1894 1898/1898/1898
f 2347/2347/2347 2344/2344/2344 2112/2112/2112
f 2345/2345/2345 1355/1355/1355 1906/1906/1906
f 2346/2346/2346 2345/2345/2345 1894/1894/1894
f 2349/2349/2349 1898/1898/1898 2128/2128/2128
f 2349/2349/2349 2348/2348/2348 2346/2346/2346
f 2347/2347/2347 2112/2112/2112 2119/2119/2119
f 2122/2122/2122 2127/2127/2127 2460/2460/2460
f 2116/2116/2116 2348/2348/2348 2113/2113/2113
f 2348/2348/2348 2112/2112/2112 2344/2344/2344
f 1898/1898/1898 2349/2349/2349 2346/2346/2346
f 2124/2124/2124 2349/2349/2349 2128/2128/2128
f 2139/2139/2139 2350/2350/2350 2134/2134/2134
f 2350/2350/2350 2140/2140/2140 2150/2150/2150
f 2465/2465/2465 2464/2464/2464 1963/1963/1963
f 2158/2158/2158 2461/2461/2461 2153/2153/2153
f 1963/1963/1963 2352/2352/2352 2131/2131/2131
f 2163/2163/2163 2352/2352/2352 2351/2351/2351
f 2354/2354/2354 1921/1921/1921 1929/1929/1929
f 2353/2353/2353 2354/2354/2354 1945/1945/1945
f 1945/1945/1945 2354/2354/2354 1926/1926/1926
f 2354/2354/2354 2353/2353/2353 2356/2356/2356
f 2356/2356/2356 2355/2355/2355 2170/2170/2170
f 2172/2172/2172 2355/2355/2355 2353/2353/2353
f 2270/2270/2270 2356/2356/2356 2170/2170/2170
f 2354/2354/2354 2356/2356/2356 1921/1921/1921
f 2186/2186/2186 2357/2357/2357 2159/2159/2159
f 2241/2241/2241 2357/2357/2357 2154/2154/2154
f 2219/2219/2219 2463/2463/2463 2462/2462/2462
f 2462/2462/2462 2351/2351/2351 2464/2464/2464
f 2360/2360/2360 2359/2359/2359 2102/2102/2102
f 2361/2361/2361 2359/2359/2359 2222/2222/2222
f 2103/2103/2103 2360/2360/2360 2102/2102/2102
f 2222/2222/2222 2360/2360/2360 2101/2101/2101
f 2469/2469/2469 2361/2361/2361 2222/2222/2222
f 2361/2361/2361 2358/2358/2358 2467/2467/2467
f 2330/2330/2330 2368/2368/2368 2366/2366/2366
f 2393/2393/2393 2379/2379/2379 2249/2249/2249
f 2324/2324/2324 2370/2370/2370 2331/2331/2331
f 2366/2366/2366 2324/2324/2324 2330/2330/2330
f 2364/2364/2364 2366/2366/2366 2368/2368/2368
f 2364/2364/2364 2371/2371/2371 2365/2365/2365
f 2370/2370/2370 2324/2324/2324 2366/2366/2366
f 2375/2375/2375 2364/2364/2364 2373/2373/2373
f 2368/2368/2368 2330/2330/2330 2329/2329/2329
f 2370/2370/2370 2364/2364/2364 2365/2365/2365
f 2381/2381/2381 2379/2379/2379 2382/2382/2382
f 2379/2379/2379 2248/2248/2248 2249/2249/2249
f 2457/2457/2457 2458/2458/2458 2329/2329/2329
f 2369/2369/2369 2368/2368/2368 2329/2329/2329
f 2378/2378/2378 2391/2391/2391 2372/2372/2372
f 2369/2369/2369 2372/2372/2372 2373/2373/2373
f 2370/2370/2370 2363/2363/2363 2331/2331/2331
f 2364/2364/2364 2370/2370/2370 2366/2366/2366
f 2364/2364/2364 2368/2368/2368 2373/2373/2373
f 2371/2371/2371 2367/2367/2367 2374/2374/2374
f 2392/2392/2392 2369/2369/2369 2328/2328/2328
f 2375/2375/2375 2376/2376/2376 2367/2367/2367
f 2369/2369/2369 2373/2373/2373 2368/2368/2368
f 2373/2373/2373 2372/2372/2372 2375/2375/2375
f 2374/2374/2374 2382/2382/2382 2379/2379/2379
f 2470/2470/2470 2472/2472/2472 2237/2237/2237
f 2375/2375/2375 2371/2371/2371 2364/2364/2364
f 2375/2375/2375 2372/2372/2372 2376/2376/2376
f 2369/2369/2369 2392/2392/2392 2372/2372/2372
f 2396/2396/2396 2397/2397/2397 2398/2398/2398
f 2371/2371/2371 2377/2377/2377 2365/2365/2365
f 2472/2472/2472 2377/2377/2377 2374/2374/2374
f 2477/2477/2477 2478/2478/2478 2432/2432/2432
f 2295/2295/2295 2403/2403/2403 2289/2289/2289
f 2393/2393/2393 2249/2249/2249 2236/2236/2236
f 2382/2382/2382 2374/2374/2374 2367/2367/2367
f 2380/2380/2380 2097/2097/2097 2381/2381/2381
f 2367/2367/2367 2376/2376/2376 2380/2380/2380
f 2381/2381/2381 2395/2395/2395 2387/2387/2387
f 2379/2379/2379 2381/2381/2381 2248/2248/2248
f 2367/2367/2367 2380/2380/2380 2382/2382/2382
f 2381/2381/2381 2382/2382/2382 2380/2380/2380
f 2399/2399/2399 2395/2395/2395 2397/2397/2397
f 2269/2269/2269 2389/2389/2389 2268/2268/2268
f 2387/2387/2387 2395/2395/2395 2383/2383/2383
f 2386/2386/2386 2394/2394/2394 2385/2385/2385
f 2422/2422/2422 2273/2273/2273 2181/2181/2181
f 2386/2386/2386 2385/2385/2385 2384/2384/2384
f 2386/2386/2386 2384/2384/2384 2388/2388/2388
f 1433/1433/1433 2271/2271/2271 2394/2394/2394
f 2395/2395/2395 2381/2381/2381 2097/2097/2097
f 2387/2387/2387 2383/2383/2383 2400/2400/2400
f 2384/2384/2384 2385/2385/2385 2422/2422/2422
f 2402/2402/2402 2403/2403/2403 2415/2415/2415
f 1433/1433/1433 2386/2386/2386 2389/2389/2389
f 2388/2388/2388 2389/2389/2389 2386/2386/2386
f 2372/2372/2372 2391/2391/2391 2376/2376/2376
f 2410/2410/2410 2390/2390/2390 2409/2409/2409
f 2410/2410/2410 2411/2411/2411 2408/2408/2408
f 2390/2390/2390 2421/2421/2421 2409/2409/2409
f 2473/2473/2473 2392/2392/2392 2328/2328/2328
f 2372/2372/2372 2392/2392/2392 2378/2378/2378
f 2393/2393/2393 2236/2236/2236 2252/2252/2252
f 2374/2374/2374 2379/2379/2379 2393/2393/2393
f 2385/2385/2385 2394/2394/2394 2272/2272/2272
f 1433/1433/1433 2394/2394/2394 2386/2386/2386
f 2398/2398/2398 2397/2397/2397 2097/2097/2097
f 2395/2395/2395 2097/2097/2097 2397/2397/2397
f 2420/2420/2420 2407/2407/2407 2414/2414/2414
f 2395/2395/2395 2399/2399/2399 2383/2383/2383
f 2398/2398/2398 2097/2097/2097 2376/2376/2376
f 2399/2399/2399 2397/2397/2397 2396/2396/2396
f 2391/2391/2391 2491/2491/2491 2376/2376/2376
f 2408/2408/2408 2508/2508/2508 2426/2426/2426
f 2404/2404/2404 2420/2420/2420 2421/2421/2421
f 2424/2424/2424 2388/2388/2388 2384/2384/2384
f 2413/2413/2413 2400/2400/2400 2383/2383/2383
f 2204/2204/2204 2147/2147/2147 2423/2423/2423
f 2248/2248/2248 2387/2387/2387 2401/2401/2401
f 2400/2400/2400 2401/2401/2401 2387/2387/2387
f 2407/2407/2407 2404/2404/2404 2406/2406/2406
f 2403/2403/2403 2295/2295/2295 1992/1992/1992
f 2406/2406/2406 2403/2403/2403 2402/2402/2402
f 2289/2289/2289 2403/2403/2403 2405/2405/2405
f 2402/2402/2402 2419/2419/2419 2406/2406/2406
f 2404/2404/2404 2418/2418/2418 2405/2405/2405
f 2406/2406/2406 2405/2405/2405 2403/2403/2403
f 2404/2404/2404 2429/2429/2429 2418/2418/2418
f 2402/2402/2402 2416/2416/2416 2419/2419/2419
f 2405/2405/2405 2406/2406/2406 2404/2404/2404
f 2424/2424/2424 2412/2412/2412 2414/2414/2414
f 2420/2420/2420 2399/2399/2399 2396/2396/2396
f 2392/2392/2392 2473/2473/2473 2378/2378/2378
f 2445/2445/2445 2438/2438/2438 2440/2440/2440
f 2396/2396/2396 2398/2398/2398 2409/2409/2409
f 2409/2409/2409 2491/2491/2491 2410/2410/2410
f 2491/2491/2491 2409/2409/2409 2398/2398/2398
f 2410/2410/2410 2491/2491/2491 2411/2411/2411
f 2391/2391/2391 2378/2378/2378 2411/2411/2411
f 2474/2474/2474 2378/2378/2378 2473/2473/2473
f 2383/2383/2383 2399/2399/2399 2412/2412/2412
f 2414/2414/2414 2412/2412/2412 2399/2399/2399
f 2413/2413/2413 2422/2422/2422 2423/2423/2423
f 2383/2383/2383 2412/2412/2412 2413/2413/2413
f 2420/2420/2420 2414/2414/2414 2399/2399/2399
f 2407/2407/2407 2419/2419/2419 2424/2424/2424
f 2415/2415/2415 1992/1992/1992 2448/2448/2448
f 2416/2416/2416 2415/2415/2415 2268/2268/2268
f 2389/2389/2389 2416/2416/2416 2268/2268/2268
f 2419/2419/2419 2416/2416/2416 2388/2388/2388
f 2296/2296/2296 2417/2417/2417 2282/2282/2282
f 2289/2289/2289 2405/2405/2405 2417/2417/2417
f 2390/2390/2390 2410/2410/2410 2426/2426/2426
f 2417/2417/2417 2427/2427/2427 2282/2282/2282
f 2424/2424/2424 2419/2419/2419 2388/2388/2388
f 2406/2406/2406 2419/2419/2419 2407/2407/2407
f 2421/2421/2421 2420/2420/2420 2396/2396/2396
f 2404/2404/2404 2407/2407/2407 2420/2420/2420
f 2409/2409/2409 2421/2421/2421 2396/2396/2396
f 2390/2390/2390 2418/2418/2418 2429/2429/2429
f 2273/2273/2273 2422/2422/2422 2385/2385/2385
f 2423/2423/2423 2422/2422/2422 2181/2181/2181
f 2204/2204/2204 2423/2423/2423 2181/2181/2181
f 2400/2400/2400 2413/2413/2413 2423/2423/2423
f 2412/2412/2412 2424/2424/2424 2384/2384/2384
f 2407/2407/2407 2424/2424/2424 2414/2414/2414
f 2301/2301/2301 2305/2305/2305 2433/2433/2433
f 2282/2282/2282 2427/2427/2427 2428/2428/2428
f 2408/2408/2408 2426/2426/2426 2410/2410/2410
f 2426/2426/2426 2425/2425/2425 2430/2430/2430
f 2405/2405/2405 2418/2418/2418 2427/2427/2427
f 2427/2427/2427 2430/2430/2430 2428/2428/2428
f 2508/2508/2508 2439/2439/2439 2425/2425/2425
f 2085/2085/2085 2285/2285/2285 2442/2442/2442
f 2404/2404/2404 2421/2421/2421 2429/2429/2429
f 2390/2390/2390 2429/2429/2429 2421/2421/2421
f 2430/2430/2430 2418/2418/2418 2390/2390/2390
f 2425/2425/2425 2428/2428/2428 2430/2430/2430
f 2439/2439/2439 2508/2508/2508 2437/2437/2437
f 2435/2435/2435 2431/2431/2431 2436/2436/2436
f 2443/2443/2443 2480/2480/2480 2436/2436/2436
f 2408/2408/2408 2411/2411/2411 2474/2474/2474
f 2434/2434/2434 2305/2305/2305 2062/2062/2062
f 2477/2477/2477 2476/2476/2476 2478/2478/2478
f 2434/2434/2434 2062/2062/2062 2512/2512/2512
f 2436/2436/2436 2434/2434/2434 2435/2435/2435
f 2062/2062/2062 2076/2076/2076 2494/2494/2494
f 2502/2502/2502 2501/2501/2501 2435/2435/2435
f 2436/2436/2436 2431/2431/2431 2443/2443/2443
f 2432/2432/2432 2434/2434/2434 2436/2436/2436
f 2439/2439/2439 2428/2428/2428 2425/2425/2425
f 2474/2474/2474 2475/2475/2475 2408/2408/2408
f 2282/2282/2282 2428/2428/2428 2440/2440/2440
f 2446/2446/2446 2445/2445/2445 2439/2439/2439
f 2437/2437/2437 2443/2443/2443 2439/2439/2439
f 2443/2443/2443 2446/2446/2446 2439/2439/2439
f 2445/2445/2445 2440/2440/2440 2428/2428/2428
f 2441/2441/2441 2440/2440/2440 2438/2438/2438
f 2442/2442/2442 2441/2441/2441 2438/2438/2438
f 2441/2441/2441 2283/2283/2283 2296/2296/2296
f 2442/2442/2442 2438/2438/2438 2505/2505/2505
f 2283/2283/2283 2442/2442/2442 2285/2285/2285
f 2443/2443/2443 2437/2437/2437 2480/2480/2480
f 2446/2446/2446 2443/2443/2443 2431/2431/2431
f 2506/2506/2506 2431/2431/2431 2435/2435/2435
f 2505/2505/2505 2504/2504/2504 2085/2085/2085
f 2439/2439/2439 2445/2445/2445 2428/2428/2428
f 2438/2438/2438 2445/2445/2445 2444/2444/2444
f 2506/2506/2506 2446/2446/2446 2431/2431/2431
f 2445/2445/2445 2446/2446/2446 2444/2444/2444
f 2257/2257/2257 2447/2447/2447 2255/2255/2255
f 2249/2249/2249 2447/2447/2447 2256/2256/2256
f 2264/2264/2264 2448/2448/2448 1993/1993/1993
f 2448/2448/2448 2269/2269/2269 2268/2268/2268
f 2024/2024/2024 2450/2450/2450 2020/2020/2020
f 2369/2369/2369 2329/2329/2329 2458/2458/2458
f 2016/2016/2016 2302/2302/2302 2450/2450/2450
f 2300/2300/2300 2450/2450/2450 2302/2302/2302
f 2504/2504/2504 2451/2451/2451 2085/2085/2085
f 2316/2316/2316 2451/2451/2451 2313/2313/2313
f 2486/2486/2486 2483/2483/2483 2484/2484/2484
f 2336/2336/2336 2457/2457/2457 2329/2329/2329
f 1427/1427/1427 2453/2453/2453 2030/2030/2030
f 2454/2454/2454 2453/2453/2453 2452/2452/2452
f 2455/2455/2455 2454/2454/2454 2452/2452/2452
f 2454/2454/2454 1845/1845/1845 2034/2034/2034
f 2485/2485/2485 2489/2489/2489 2452/2452/2452
f 2455/2455/2455 2332/2332/2332 2334/2334/2334
f 2449/2449/2449 2488/2488/2488 2486/2486/2486
f 2478/2478/2478 2301/2301/2301 2433/2433/2433
f 2332/2332/2332 2457/2457/2457 2336/2336/2336
f 2457/2457/2457 2456/2456/2456 2458/2458/2458
f 2511/2511/2511 2458/2458/2458 2456/2456/2456
f 2369/2369/2369 2458/2458/2458 2328/2328/2328
f 1962/1962/1962 2459/2459/2459 2102/2102/2102
f 2459/2459/2459 2337/2337/2337 2339/2339/2339
f 1941/1941/1941 2460/2460/2460 2127/2127/2127
f 2460/2460/2460 1355/1355/1355 2345/2345/2345
f 2462/2462/2462 2461/2461/2461 2351/2351/2351
f 2221/2221/2221 2463/2463/2463 2219/2219/2219
f 2464/2464/2464 2351/2351/2351 1963/1963/1963
f 2462/2462/2462 2358/2358/2358 2469/2469/2469
f 2153/2153/2153 2463/2463/2463 2221/2221/2221
f 2462/2462/2462 2463/2463/2463 2461/2461/2461
f 1963/1963/1963 1967/1967/1967 2465/2465/2465
f 2358/2358/2358 2462/2462/2462 2464/2464/2464
f 1968/1968/1968 2466/2466/2466 2465/2465/2465
f 2464/2464/2464 2467/2467/2467 2358/2358/2358
f 2342/2342/2342 2466/2466/2466 1968/1968/1968
f 2466/2466/2466 2468/2468/2468 2467/2467/2467
f 2468/2468/2468 2466/2466/2466 2340/2340/2340
f 2361/2361/2361 2467/2467/2467 1962/1962/1962
f 2341/2341/2341 2468/2468/2468 2340/2340/2340
f 1962/1962/1962 2467/2467/2467 2468/2468/2468
f 2220/2220/2220 2469/2469/2469 2222/2222/2222
f 2462/2462/2462 2469/2469/2469 2219/2219/2219
f 2471/2471/2471 1863/1863/1863 1484/1484/1484
f 2472/2472/2472 2470/2470/2470 2362/2362/2362
f 2362/2362/2362 2470/2470/2470 2471/2471/2471
f 1863/1863/1863 2471/2471/2471 2470/2470/2470
f 2472/2472/2472 2362/2362/2362 2377/2377/2377
f 2472/2472/2472 2393/2393/2393 2252/2252/2252
f 2511/2511/2511 2328/2328/2328 2458/2458/2458
f 2480/2480/2480 2475/2475/2475 2477/2477/2477
f 2378/2378/2378 2474/2474/2474 2411/2411/2411
f 2475/2475/2475 2474/2474/2474 2473/2473/2473
f 2477/2477/2477 2475/2475/2475 2473/2473/2473
f 2475/2475/2475 2437/2437/2437 2508/2508/2508
f 2481/2481/2481 2482/2482/2482 2510/2510/2510
f 2307/2307/2307 2479/2479/2479 2299/2299/2299
f 2476/2476/2476 2477/2477/2477 2473/2473/2473
f 2480/2480/2480 2477/2477/2477 2432/2432/2432
f 2432/2432/2432 2478/2478/2478 2433/2433/2433
f 2478/2478/2478 2476/2476/2476 2479/2479/2479
f 2479/2479/2479 2307/2307/2307 2301/2301/2301
f 2482/2482/2482 2479/2479/2479 2476/2476/2476
f 2436/2436/2436 2480/2480/2480 2432/2432/2432
f 2475/2475/2475 2480/2480/2480 2437/2437/2437
f 2476/2476/2476 2473/2473/2473 2510/2510/2510
f 2484/2484/2484 2483/2483/2483 2481/2481/2481
f 2510/2510/2510 2482/2482/2482 2476/2476/2476
f 2483/2483/2483 2482/2482/2482 2481/2481/2481
f 2511/2511/2511 2484/2484/2484 2481/2481/2481
f 2509/2509/2509 2488/2488/2488 2449/2449/2449
f 2456/2456/2456 2485/2485/2485 2484/2484/2484
f 2452/2452/2452 2453/2453/2453 2487/2487/2487
f 2456/2456/2456 2457/2457/2457 2489/2489/2489
f 2485/2485/2485 2452/2452/2452 2487/2487/2487
f 2484/2484/2484 2485/2485/2485 2487/2487/2487
f 2490/2490/2490 2486/2486/2486 2487/2487/2487
f 1427/1427/1427 2487/2487/2487 2453/2453/2453
f 2487/2487/2487 2486/2486/2486 2484/2484/2484
f 2299/2299/2299 2483/2483/2483 2488/2488/2488
f 2486/2486/2486 2488/2488/2488 2483/2483/2483
f 2452/2452/2452 2489/2489/2489 2455/2455/2455
f 2456/2456/2456 2489/2489/2489 2485/2485/2485
f 2027/2027/2027 2490/2490/2490 1427/1427/1427
f 2449/2449/2449 2486/2486/2486 2490/2490/2490
f 2376/2376/2376 2491/2491/2491 2398/2398/2398
f 2411/2411/2411 2491/2491/2491 2391/2391/2391
f 2066/2066/2066 2493/2493/2493 2499/2499/2499
f 2500/2500/2500 2501/2501/2501 2502/2502/2502
f 2058/2058/2058 2060/2060/2060 2495/2495/2495
f 2078/2078/2078 2497/2497/2497 2496/2496/2496
f 2064/2064/2064 2494/2494/2494 2076/2076/2076
f 2512/2512/2512 2494/2494/2494 2492/2492/2492
f 2060/2060/2060 2057/2057/2057 2495/2495/2495
f 2057/2057/2057 2079/2079/2079 2496/2496/2496
f 2318/2318/2318 2497/2497/2497 2078/2078/2078
f 2057/2057/2057 2496/2496/2496 2495/2495/2495
f 2500/2500/2500 2497/2497/2497 1424/1424/1424
f 2495/2495/2495 2498/2498/2498 2493/2493/2493
f 2496/2496/2496 2498/2498/2498 2495/2495/2495
f 2500/2500/2500 2498/2498/2498 2497/2497/2497
f 2494/2494/2494 2499/2499/2499 2492/2492/2492
f 2066/2066/2066 2499/2499/2499 2064/2064/2064
f 2500/2500/2500 1424/1424/1424 2501/2501/2501
f 2500/2500/2500 2492/2492/2492 2499/2499/2499
f 1424/1424/1424 2503/2503/2503 2501/2501/2501
f 2504/2504/2504 2503/2503/2503 2313/2313/2313
f 2512/2512/2512 2502/2502/2502 2435/2435/2435
f 2500/2500/2500 2502/2502/2502 2492/2492/2492
f 2317/2317/2317 2503/2503/2503 1424/1424/1424
f 2313/2313/2313 2451/2451/2451 2504/2504/2504
f 2085/2085/2085 2442/2442/2442 2505/2505/2505
f 2507/2507/2507 2505/2505/2505 2444/2444/2444
f 2438/2438/2438 2444/2444/2444 2505/2505/2505
f 2507/2507/2507 2444/2444/2444 2506/2506/2506
f 2435/2435/2435 2501/2501/2501 2506/2506/2506
f 2507/2507/2507 2506/2506/2506 2501/2501/2501
f 2503/2503/2503 2507/2507/2507 2501/2501/2501
f 2505/2505/2505 2507/2507/2507 2504/2504/2504
f 2426/2426/2426 2508/2508/2508 2425/2425/2425
f 2475/2475/2475 2508/2508/2508 2408/2408/2408
f 2488/2488/2488 2509/2509/2509 2299/2299/2299
f 2450/2450/2450 2509/2509/2509 2449/2449/2449
f 2473/2473/2473 2328/2328/2328 2510/2510/2510
f 2511/2511/2511 2510/2510/2510 2328/2328/2328
f 2484/2484/2484 2511/2511/2511 2456/2456/2456
f 2510/2510/2510 2511/2511/2511 2481/2481/2481
f 2494/2494/2494 2512/2512/2512 2062/2062/2062
f 2502/2502/2502 2512/2512/2512 2492/2492/2492
v 215.229401 981.101257 -11.049228
v 234.433060 996.583557 3.674277
v 246.550659 1013.927246 14.892482
v 253.117355 1033.486816 19.235697
v 260.379547 1050.378174 24.708933
v 262.047607 1068.327637 21.611303
v 268.133636 1084.308716 26.442810
v 268.237732 1099.980225 21.509155
v 266.782410 1113.633179 13.283119
v 265.550995 1125.893921 3.069618
v 264.460297 1135.772949 -9.236959
v 290.732574 1150.171509 -9.625402
v 317.252411 1161.999268 -10.177970
v 343.277771 1170.909912 -11.447697
v 368.132965 1178.124390 -14.276726
v 390.629395 1185.581177 -22.294737
v 375.500153 1203.591431 -27.010248
v 360.851807 1221.625488 -30.452921
v 346.115387 1238.536743 -35.994545
v 332.305725 1256.459717 -40.090202
v 318.251282 1274.577759 -41.508926
v 303.315918 1291.955444 -43.485958
v 288.441711 1309.016602 -46.838974
v 273.709351 1325.316284 -51.718460
v 259.175934 1340.811768 -57.262917
v 246.380798 1356.456909 -58.749146
v 301.853973 1392.569824 -89.940056
v 319.672638 1414.240112 -67.564865
v 336.509766 1412.870483 -53.031612
v 357.112122 1406.868774 -46.292263
v 357.835846 1428.461914 -56.333683
v 374.082092 1442.465942 -66.856689
v 380.604767 1419.220581 -67.539345
v 391.324921 1440.271851 -71.478615
v 389.429077 1425.186401 -52.799877
v 399.044708 1416.052368 -72.699112
v 393.975189 1433.572021 -57.008564
v 372.141724 1424.273560 -53.239185
v 385.058319 1431.614136 -34.377239
v 382.140259 1453.536865 -25.067154
v 374.120636 1456.855957 -47.496185
v 374.082092 1442.465942 -66.856689
v 357.835846 1428.461914 -56.333683
v 357.112122 1406.868774 -46.292263
v 336.509766 1412.870483 -53.031612
v 319.672638 1414.240112 -67.564865
v 301.853973 1392.569824 -89.940056
v 246.380798 1356.456909 -58.749146
v 259.175934 1340.811768 -57.262917
v 273.709351 1325.316284 -51.718460
v 288.441711 1309.016602 -46.838974
v 303.315918 1291.955444 -43.485958
v 318.251282 1274.577759 -41.508926
v 332.305725 1256.459717 -40.090202
v 346.115387 1238.536743 -35.994545
v 360.851807 1221.625488 -30.452921
v 375.500153 1203.591431 -27.010248
v 390.629395 1185.581177 -22.294737
v 368.132965 1178.124390 -14.276726
v 343.277771 1170.909912 -11.447697
v 317.252411 1161.999268 -10.177970
v 290.732574 1150.171509 -9.625402
v 264.460297 1135.772949 -9.236959
v 268.123077 1122.889404 -22.471985
v 270.019257 1110.834473 -33.967648
v 270.867889 1100.980591 -47.053188
v 269.999268 1085.110107 -54.021671
v 265.683960 1069.174561 -52.764534
v 254.992432 1055.095459 -45.585323
v 246.716690 1038.734497 -40.079258
v 242.148087 1017.544617 -40.289677
v 232.904083 997.349365 -30.250443
v 441.223969 1201.019775 28.847897
v 326.810760 1056.841553 -22.143820
v 355.504822 1372.691406 -24.051390
v 343.578552 1390.677368 -7.450692
v 343.292389 1439.815063 -25.405890
v 369.347717 1440.018066 -49.571308
v 358.599487 1429.180176 -35.366230
v 359.324585 1450.164917 -34.153492
v 236.912491 995.988342 -13.374997
v 366.795898 1146.195312 -25.752541
v 362.246887 1417.968384 -85.590118
v 375.368195 1429.860352 -54.219452
v 367.023773 1433.977417 -72.980965
v 369.365570 1413.947021 -66.346336
v 377.767609 1169.391602 10.196322
v 356.271606 1125.962280 -5.064514
v 444.906219 1264.163940 -45.907192
v 298.388977 1065.529663 -25.066904
v 289.217987 1036.369385 0.376342
v 267.835785 1015.590881 -7.085882
v 324.012970 1082.061157 -9.442374
v 329.635529 1347.078247 -85.372353
v 292.156189 1355.745605 14.880913
v 367.936157 1304.434692 17.570339
v 365.637177 1415.113403 -10.143732
v 314.703583 1409.010010 -7.415348
v 340.810028 1412.435791 -27.795145
v 343.895874 1426.524780 -32.343578
v 366.996582 1434.672241 -13.127911
v 357.009918 1443.654541 -20.325857
v 313.774933 1131.256104 -5.945076
v 358.101807 1154.459717 -33.790295
v 343.147186 1405.897705 -73.646469
v 355.418365 1413.855103 -72.985748
v 387.459686 1417.173218 -78.696068
v 372.964691 1420.063477 -74.800034
v 346.933685 1162.709473 12.304882
v 331.337006 1133.704224 -13.059945
v 408.213562 1233.602539 21.280317
v 313.032227 1103.644287 -31.978748
v 414.179993 1210.245850 -65.021950
v 383.931030 1272.782349 -78.585861
v 269.814514 1055.468750 -31.326895
v 279.618561 1039.569458 -34.479328
v 289.061829 1077.824707 -27.281206
v 266.484558 1028.729370 10.202528
v 283.387604 1052.720337 4.758699
v 263.026215 1015.549011 -27.532015
v 300.958771 1088.545288 4.156272
v 298.717865 1325.566772 -79.634308
v 321.391693 1388.677246 -87.542870
v 269.600250 1336.694336 -15.096099
v 322.251801 1291.700806 0.943356
v 365.303619 1417.958008 -30.727791
v 386.520752 1395.330078 -47.021404
v 307.772034 1407.573853 -4.164406
v 342.986725 1405.517944 -41.480835
v 321.183807 1418.996704 -35.675186
v 379.347473 1438.565430 -21.745502
v 287.526825 1124.603882 3.944326
v 299.218842 1139.672485 -7.525714
v 302.338531 1113.043823 4.848149
v 340.180481 1160.790283 -24.543678
v 374.830536 1173.524658 -33.472210
v 326.817230 1145.343140 -23.288877
v 359.604126 1164.523560 -32.758331
v 319.435944 1405.109131 -79.799210
v 343.726868 1405.434204 -57.787350
v 394.253052 1425.537476 -67.570053
v 383.730591 1402.474854 -59.633007
v 336.914673 1164.087036 -1.012204
v 320.223480 1147.134766 0.638516
v 365.255859 1174.883789 6.960408
v 297.808014 1122.666992 -21.852106
v 392.103546 1211.891968 3.662622
v 288.830353 1096.839111 -44.427555
v 296.191193 1087.007568 -36.758663
v 388.816162 1195.231445 -56.155388
v 372.702240 1237.712891 -64.386932
v 344.939240 1274.246704 -72.121185
v 258.252502 1032.868408 -38.524033
v 297.001099 1034.208984 -20.254105
v 306.617157 1055.796997 -32.876968
v 270.613770 1067.752563 -40.349480
v 354.666443 1109.373535 -16.569023
v 316.131927 1058.626099 -3.559059
v 278.330231 1081.424316 13.699701
v 286.466736 1318.989624 -64.230568
v 276.041656 1338.920532 -79.288918
v 307.524292 1303.857544 -67.426849
v 291.872589 1373.150146 -102.693260
v 265.314484 1332.128052 -36.906612
v 282.158539 1316.521118 -20.587616
v 253.628906 1353.902344 -24.092739
v 311.645050 1284.461792 -20.543682
v 354.062469 1261.658081 0.471130
v 356.592773 1424.245483 -18.951160
v 385.670990 1413.863403 -28.949152
v 305.374298 1401.542603 -48.461266
v 310.462280 1414.369751 -12.069324
v 324.233032 1415.063599 -24.113632
v 278.282410 1134.969727 -3.508338
v 281.559784 1109.791016 12.923300
v 293.992645 1097.980957 13.917957
v 358.616638 1175.772339 -24.528765
v 379.001923 1192.955811 -31.610386
v 391.728333 1189.815308 -39.654922
v 401.585785 1188.975830 -42.970257
v 388.794037 1182.738159 -32.371468
v 350.140564 1151.059326 -20.080633
v 323.465149 1142.575928 -12.247892
v 340.015533 1138.421875 -16.205997
v 348.894073 1128.628296 -13.006881
v 322.425446 1110.624634 -1.109225
v 330.068817 1126.115967 -11.101884
v 351.039154 1111.956909 -19.211460
v 307.171783 1100.641846 0.540379
v 354.908508 1135.330566 -21.256092
v 339.078094 1118.877563 -16.748293
v 307.317719 1146.975098 -13.315761
v 359.926483 1386.318726 -84.870544
v 384.957733 1386.745850 -73.294266
v 347.592682 1151.719849 1.917403
v 375.860382 1176.250366 22.478657
v 317.290192 1118.348999 -26.899395
v 294.499603 1108.703979 -37.906921
v 312.852936 1132.668335 -7.837946
v 384.861115 1201.368286 -11.062081
v 388.517609 1182.878662 1.844142
v 366.144196 1216.725586 -3.401547
v 328.810730 1104.823486 -15.049076
v 376.450287 1214.772705 -48.898540
v 359.273376 1231.053955 -49.412285
v 351.751251 1252.036255 -62.591515
v 332.047211 1267.644653 -56.700237
v 319.910278 1285.947388 -61.175472
v 306.542389 1045.321411 -12.144958
v 321.745544 1087.150635 -17.781593
v 332.779510 1081.621094 -31.485767
v 305.281525 1066.958740 -4.234969
v 268.699768 1333.969116 -64.669914
v 260.172028 1355.725952 -81.847610
v 302.871735 1351.949463 -89.056854
v 299.029175 1301.191528 -54.238396
v 325.790375 1318.642822 -83.850464
v 275.956268 1371.632324 -94.293839
v 296.701904 1393.102051 -91.867798
v 279.975739 1316.351196 -38.033825
v 295.551117 1300.521973 -24.001446
v 251.680740 1348.947021 -46.059288
v 252.705078 1363.827026 -12.950616
v 332.014679 1272.005127 -8.889088
v 341.027161 1250.447266 -16.166403
v 375.688629 1421.322388 -20.169504
v 385.596802 1428.379150 -40.864353
v 402.818665 1412.617432 -48.043865
v 338.767456 1397.583252 -76.969482
v 392.999817 1401.724365 -73.945229
v 399.415314 1393.119629 -59.202824
v 375.185547 1400.686035 -85.947853
v 366.332001 1395.014404 -67.966385
v 355.766052 1398.570679 -88.682953
v 360.843292 1163.141968 10.186682
v 366.506561 1152.278809 -1.395267
v 424.150116 1202.260864 24.147476
v 337.391235 1117.091553 -19.152246
v 366.184570 1137.993530 -6.126059
v 291.336548 1114.637451 -30.613026
v 333.939911 1140.064087 -5.302301
v 301.269104 1139.606201 -9.613810
v 287.638977 1130.105713 -13.831690
v 388.364258 1181.677856 15.686209
v 402.841858 1192.581421 27.405127
v 399.616455 1184.646851 19.906923
v 411.507019 1214.675415 28.399582
v 420.255157 1193.716187 20.077997
v 394.821167 1215.796143 19.457857
v 397.809509 1178.502930 12.045545
v 399.932770 1167.059814 9.766240
v 386.600037 1199.318726 11.844387
v 366.003052 1212.739258 -18.765503
v 350.637909 1230.340210 -12.926054
v 313.548553 1098.156494 -27.722990
v 308.119415 1091.887573 -21.063538
v 361.635681 1121.421021 -4.960884
v 437.718292 1156.032471 -34.664673
v 419.372620 1154.650635 -39.721176
v 379.867981 1133.449097 -28.779510
v 391.025543 1148.601318 -30.423767
v 408.448944 1157.100952 7.006247
v 397.659760 1134.466064 -17.971739
v 380.567413 1137.799561 0.936799
v 397.301392 1142.701660 -5.060736
v 387.424500 1150.067017 4.766315
v 428.251312 1157.821045 -12.092384
v 375.321045 1124.243530 -12.989107
v 492.895355 1213.595947 -23.185457
v 438.245239 1180.489014 21.533501
v 473.725708 1183.927612 -48.603542
v 418.960999 1176.371094 17.133503
v 478.108368 1220.747314 20.234316
v 445.999878 1163.283569 -44.324013
v 471.204956 1250.729126 7.614450
v 473.031860 1245.366699 0.145814
v 441.401947 1239.985962 27.540014
v 482.840454 1231.678833 2.872813
v 424.185730 1231.447754 29.875767
v 380.142029 1200.775146 -43.002125
v 395.722931 1219.250000 -62.284798
v 363.420502 1264.415771 -76.698021
v 379.664307 1253.563110 -75.359764
v 416.052948 1258.040405 -66.460342
v 392.467773 1238.301147 -70.087311
v 398.086914 1260.803711 -74.027954
v 342.864044 1248.129883 -48.973827
v 333.667755 1101.579224 -11.785046
v 363.500519 1087.352905 -14.589891
v 287.042847 1067.454468 12.470034
v 292.378906 1339.039062 -84.611298
v 281.240997 1358.060303 -90.846970
v 277.462402 1369.018433 -93.702019
v 297.760956 1386.341431 -93.398781
v 310.121338 1381.745972 -87.855553
v 297.384430 1365.889038 -91.854073
v 304.634949 1392.057129 -88.780098
v 310.287109 1315.463013 -78.297874
v 327.048615 1299.215088 -76.081329
v 368.486206 1312.661987 -74.440750
v 333.611694 1285.735474 -71.566345
v 350.513123 1298.927734 -81.558319
v 366.901611 1285.368286 -81.168732
v 306.788177 1296.245972 -9.344258
v 315.566620 1326.845459 12.768503
v 313.839417 1308.295288 5.280860
v 342.596649 1307.884399 11.335874
v 294.918304 1320.086914 1.026341
v 327.948151 1316.147949 10.437486
v 356.562073 1343.438965 1.721681
v 337.326752 1336.437866 12.164351
v 297.900177 1337.857422 11.604169
v 281.320679 1327.163818 -7.644318
v 353.083618 1324.403442 6.780457
v 336.031738 1367.212158 5.189245
v 279.887939 1342.678589 3.117088
v 269.545074 1372.982300 11.119131
v 266.252045 1353.487427 -3.065196
v 359.120697 1311.522339 6.846535
v 342.789703 1352.195557 7.677271
v 355.289490 1360.217041 -8.491517
v 319.590668 1351.463745 15.972996
v 394.942383 1332.402588 -33.210922
v 376.069977 1353.262329 -30.095699
v 385.895660 1331.377808 -0.755391
v 376.494843 1320.365601 11.882143
v 423.563965 1289.007690 12.405535
v 394.912720 1298.470337 8.927104
v 392.507446 1314.933838 2.396655
v 365.245880 1361.971924 -21.685678
v 367.790527 1330.681030 -0.693505
v 376.809235 1343.731812 -12.939662
v 404.549957 1324.496826 -14.841511
v 390.700989 1335.573608 -16.623278
v 321.658325 1281.973511 -9.172454
v 320.544434 1270.201904 -23.657560
v 351.721283 1288.882812 1.558595
v 341.937225 1261.488281 -7.755658
v 393.934143 1405.303711 -38.213463
v 334.419281 1409.255371 -83.883942
v 329.010345 1381.844849 -95.745476
v 313.993683 1375.533447 -90.171974
v 364.151764 1157.871460 2.405238
v 351.774506 1138.032104 -8.387025
v 339.280273 1125.931519 -17.497215
v 379.455383 1153.126343 0.962318
v 371.597321 1243.171875 2.465267
v 350.817078 1243.686157 -1.495075
v 392.463409 1126.140625 -34.704567
v 423.503571 1179.249756 -47.472961
v 394.562775 1144.500000 -32.119987
v 467.594116 1188.712036 -51.304729
v 482.679260 1224.761963 -29.794065
v 400.653900 1203.770508 -63.875187
v 380.737000 1224.216431 -61.376583
v 348.541779 1075.901855 -23.845127
v 366.850006 1103.585083 -29.726015
v 396.017761 1114.337891 -22.204262
v 306.979218 1080.277466 2.458861
v 326.953918 1096.601562 -7.817111
v 348.611633 1320.595703 -81.711884
v 279.448639 1383.621704 15.850724
v 417.645294 1297.936768 -47.947468
v 408.295502 1280.124390 -62.664825
v 330.622345 1259.089722 -24.413954
v 344.071075 1392.100830 -91.036911
v 307.827332 1384.907227 -100.719261
v 323.255035 1393.870972 -90.848999
v 364.988525 1231.338379 -5.466870
v 375.839844 1123.959961 -27.829805
v 408.781250 1142.671753 -36.558723
v 418.517090 1143.527466 -37.364616
v 401.400696 1161.802002 -37.457005
v 449.911469 1168.874756 -48.594818
v 477.128357 1192.194092 -46.736752
v 465.304169 1215.392578 -51.108498
v 482.155518 1244.432495 -12.329408
v 367.556732 1104.018921 -29.487041
v 346.232880 1087.248169 -20.194851
v 346.305603 1097.356323 -17.038893
v 416.969513 1136.839355 -27.005789
v 386.338196 1120.957275 -27.909082
v 337.449310 1332.521362 -84.121712
v 357.951477 1356.419800 -61.359261
v 362.529968 1361.117065 -41.833160
v 346.999146 1348.641357 -76.241127
v 337.164337 1376.607666 -72.046211
v 346.987762 1364.849121 -68.675201
v 345.634918 1384.697754 -44.862633
v 353.688660 1370.369507 -50.272087
v 275.130737 1384.464844 15.325499
v 257.964020 1368.963867 -0.984832
v 318.912445 1378.757812 13.564356
v 409.474030 1315.367310 -35.948509
v 428.927063 1278.671631 -51.623188
v 392.208984 1303.804443 -62.107384
v 384.587219 1291.407104 -75.189301
v 380.754242 1162.582886 -31.003839
v 436.736755 1175.720581 -49.881477
v 433.403137 1167.774536 -43.759731
v 473.589661 1210.189209 -46.747574
v 456.641357 1194.062500 -55.387691
v 475.224548 1232.305176 -33.731747
v 459.064636 1242.661011 -45.993084
v 482.746613 1237.919556 4.100914
v 466.343048 1229.186890 27.123745
v 363.067688 1334.017212 -68.220680
v 372.330750 1342.516724 -49.658470
v 384.064087 1341.801514 -39.008789
v 389.167236 1324.675415 -54.300301
v 375.262390 1329.579956 -58.719589
v 294.958099 1377.033813 18.907272
v 314.529358 1397.312622 15.324735
v 425.870758 1304.295288 -13.283140
v 411.468048 1308.121460 0.558603
v 432.076569 1260.935547 -58.242981
v 427.544861 1235.064209 -64.373749
v 410.137451 1230.143188 -70.701515
v 406.618835 1245.695557 -70.504967
v 419.385742 1271.033691 -60.335140
v 405.341461 1308.636353 -51.494480
v 386.096924 1165.782471 -45.021671
v 402.263885 1170.298706 -38.260960
v 411.652710 1160.957031 -38.104717
v 459.472046 1263.325073 -19.780712
v 468.748993 1248.735840 -24.819857
v 467.319397 1254.212036 -8.847029
v 351.681458 1334.633057 -77.738251
v 382.835571 1315.915283 -67.170815
v 335.093719 1389.642822 12.135270
v 334.568970 1409.029175 3.524511
v 295.170074 1398.678589 10.802808
v 416.182251 1314.624146 -20.807983
v 439.706696 1285.036621 -27.303001
v 443.793518 1244.386963 -56.533501
v 440.745117 1210.979614 -60.475624
v 438.837097 1227.714355 -60.511753
v 455.640137 1258.197021 -36.183231
v 343.056000 1411.305298 -19.748161
v 438.774078 1277.438965 -40.848225
v 454.422180 1224.028564 -54.803570
v 363.284760 1392.529297 -38.512650
v 331.618988 1428.868530 -3.042434
v 348.846893 1420.000244 -1.398173
v 360.506927 1406.768188 -26.077509
v 349.585327 1393.522461 -24.704872
v 377.119263 1396.885376 -26.985825
v 321.543762 1417.656006 -0.236592
v 312.600372 1337.717163 -87.049728
v 375.205444 1275.966431 20.185051
v 337.928955 1293.282959 9.184889
v 343.120850 1374.450317 -72.437576
v 379.215393 1226.092651 15.444003
v 394.689331 1231.820312 13.311506
v 394.134827 1251.542847 17.809273
v 418.954346 1254.092285 28.327946
v 380.601990 1242.372681 15.808619
v 379.814148 1261.005493 9.243755
v 364.039703 1263.441162 14.475659
v 403.708893 1246.064941 30.119905
v 444.514008 1260.399048 18.099964
v 454.232025 1267.039551 0.866708
v 448.747650 1277.231201 -13.919887
v 440.466583 1281.057007 3.743338
v 431.764191 1293.760986 -1.803289
v 408.487152 1271.596680 18.072029
v 391.534943 1273.020264 13.872042
v 401.463593 1287.395752 19.658993
v 391.045258 1237.994263 25.633961
v 434.961090 1251.504517 24.557774
v 456.203735 1248.151001 19.401726
v 426.536896 1267.222534 19.899038
v 406.815399 1258.015869 20.858351
v 321.677063 1365.392212 -85.044891
v 334.680511 1391.736450 -14.239376
v 326.500671 1411.959961 -55.881531
v 318.563629 1405.612793 -75.553612
v 329.272400 1393.588989 -71.579521
v 335.835388 1392.468994 -70.350899
v 336.396637 1399.277954 -50.536442
v 357.030640 1377.045044 -32.133705
v 366.617828 1385.824829 -17.750132
v 338.282257 1396.850220 -32.637501
v 349.099548 1379.610596 -53.071346
v 341.195740 1382.640991 -6.567642
v 362.685760 1393.048340 -61.094730
v 343.613312 1398.431274 -36.515694
v 320.636383 1412.715820 -23.082886
v 349.178375 1382.119873 4.260414
v 369.197998 1372.903442 -66.641762
v 343.248444 1395.394775 -54.203510
v 325.933167 1414.351929 -39.877777
v 383.886017 1379.607300 -56.995132
v 377.369629 1380.395142 -39.274178
v 360.917725 1375.780151 -49.355316
v 362.157532 1391.735596 -43.155434
v 354.839508 1376.700562 -16.401739
v 354.948944 1383.619629 -72.472084
v 362.589722 1376.675659 -32.710938
v 444.061310 1220.013672 30.975925
v 429.179474 1204.443970 30.264894
v 443.611969 1216.574341 30.934021
v 464.673584 1226.905762 25.450932
v 464.228333 1240.346924 18.533407
v 414.561798 1182.194702 -54.012627
v 403.296387 1170.718506 -45.747383
v 397.979767 1177.976929 -49.372723
v 415.139618 1196.162354 -54.987617
v 432.635284 1191.436646 -56.564728
v 449.369568 1198.605957 -57.423336
v 427.333649 1297.707886 -31.463690
v 377.870544 1290.767944 10.907062
v 361.319550 1285.915771 16.094938
v 343.581177 1377.500244 -9.722729
v 312.741882 1382.588257 10.430806
v 296.727539 1394.309326 11.993862
v 310.505188 1364.488525 16.396713
v 296.760620 1375.693604 16.243921
v 308.981689 1405.048096 -3.315732
v 320.419983 1395.007568 -4.047940
v 330.826172 1399.178467 -11.627592
v 345.223724 1389.661133 -21.891663
v 325.402130 1389.757324 2.258831
vn -0.562253 0.825795 0.043982
vn -0.552517 0.791529 -0.261163
vn -0.548131 0.602966 -0.579641
vn -0.540926 0.338316 -0.770027
vn -0.555526 0.307717 -0.772464
vn -0.444979 0.014491 -0.895424
vn -0.540361 0.206744 -0.815639
vn -0.260276 -0.373068 -0.890548
vn -0.092164 -0.556734 -0.825562
vn 0.052993 -0.658230 -0.750949
vn 0.260152 -0.645388 -0.718189
vn -0.043950 -0.226551 -0.973007
vn -0.358202 0.499234 -0.788959
vn -0.396045 0.846167 -0.356581
vn -0.288893 0.876447 0.385203
vn -0.539257 0.621266 0.568534
vn -0.751973 -0.615365 -0.236352
vn -0.675045 -0.668457 -0.312217
vn -0.694660 -0.657704 -0.291330
vn -0.729831 -0.587704 -0.349214
vn -0.699183 -0.594146 -0.397661
vn -0.658959 -0.656212 -0.367639
vn -0.676956 -0.669826 -0.305062
vn -0.647840 -0.711992 -0.270870
vn -0.699633 -0.619778 -0.355512
vn -0.805605 0.481611 -0.345039
vn -0.673161 0.739394 0.012293
vn 0.126668 0.851026 -0.509617
vn 0.453400 0.724440 -0.519245
vn -0.511276 0.835956 -0.199433
vn -0.366671 -0.155282 -0.917300
vn -0.533916 -0.625183 -0.569280
vn -0.250959 0.572317 0.780687
vn 0.764098 0.424277 -0.485946
vn 0.730783 0.550919 -0.403044
vn 0.670145 -0.110324 -0.733985
vn 0.652037 0.728564 0.209862
vn -0.056676 0.976825 0.206401
vn 0.691827 -0.662248 0.287753
vn 0.035786 0.765017 0.643016
vn -0.700962 0.684670 -0.199698
vn -0.835607 0.527240 -0.154203
vn -0.881212 0.472622 -0.009650
vn -0.674192 0.534900 -0.509262
vn 0.313044 0.944684 0.097856
vn -0.542519 0.833113 -0.107682
vn -0.614001 0.784925 -0.083042
vn -0.719242 0.694081 -0.030698
vn -0.746071 -0.662996 -0.061765
vn -0.720506 -0.686162 -0.100263
vn -0.724438 -0.687475 -0.050683
vn -0.741763 -0.670081 0.027915
vn -0.794893 -0.606725 0.005434
vn -0.766971 -0.639407 0.053975
vn -0.823340 -0.566829 0.028555
vn -0.750091 -0.649951 -0.122174
vn -0.718358 -0.669904 0.187593
vn -0.958902 0.241783 0.148483
vn -0.284838 0.953523 0.098295
vn -0.320128 0.914561 0.247178
vn -0.307147 0.624199 0.718357
vn -0.190840 0.157553 0.968895
vn 0.007165 -0.405706 0.913976
vn -0.026329 -0.716154 0.697446
vn 0.011403 -0.746831 0.664917
vn -0.124638 -0.573843 0.809426
vn -0.480659 0.052668 0.875325
vn -0.628340 0.526858 0.572372
vn -0.626132 0.555156 0.547504
vn -0.377601 0.151571 0.913479
vn -0.371833 0.395512 0.839828
vn -0.504901 0.760805 0.407738
vn 0.103344 -0.239535 0.965372
vn -0.605123 0.717275 0.345460
vn 0.780651 0.612020 0.126552
vn 0.741164 0.549677 0.385397
vn -0.550887 0.834413 -0.016703
vn -0.834156 0.434684 -0.339460
vn -0.750480 0.316519 -0.580168
vn -0.655115 0.703260 -0.276133
vn -0.543205 0.837230 0.063034
vn -0.268902 -0.123000 -0.955282
vn -0.288172 0.645350 -0.707446
vn -0.580330 0.205209 -0.788103
vn -0.585601 0.781256 0.216128
vn -0.852624 0.518567 -0.064191
vn 0.305801 -0.783141 0.541458
vn -0.494743 0.277024 0.823704
vn 0.636561 0.422902 -0.644937
vn 0.086241 -0.344931 0.934658
vn -0.536133 0.557835 -0.633547
vn -0.562960 0.793130 -0.232425
vn -0.502641 0.279101 -0.818202
vn 0.374115 0.183959 -0.908954
vn -0.291694 -0.220479 0.930754
vn -0.158250 0.043450 0.986443
vn 0.215348 -0.478327 0.851369
vn -0.205938 0.827823 0.521823
vn -0.387695 0.795816 -0.465156
vn -0.698004 0.288631 -0.655349
vn 0.534915 -0.202362 0.820314
vn -0.156545 0.700949 0.695820
vn -0.263832 -0.339615 -0.902804
vn -0.023882 -0.681857 -0.731095
vn -0.130648 0.987805 -0.084693
vn -0.441742 0.896857 -0.022610
vn 0.712576 0.282105 -0.642380
vn 0.257805 0.338399 -0.904999
vn -0.398541 0.204522 0.894056
vn 0.049668 -0.701538 0.710899
vn -0.404835 -0.173583 0.897762
vn -0.509076 0.095587 0.855397
vn 0.130335 -0.250252 -0.959368
vn 0.266997 0.014727 -0.963585
vn -0.371618 0.079175 0.925003
vn -0.244468 0.158619 0.956596
vn -0.489274 0.321117 0.810860
vn -0.514584 0.420659 -0.747160
vn -0.485860 0.256467 -0.835563
vn -0.496070 0.709358 0.500725
vn -0.377342 -0.101471 -0.920498
vn -0.353417 -0.482989 -0.801136
vn -0.476140 -0.311843 0.822219
vn -0.748362 -0.531205 0.397211
vn -0.422671 -0.439541 0.792561
vn 0.662013 -0.177701 0.728122
vn 0.690696 -0.543506 0.477012
vn -0.678147 0.728147 -0.099592
vn 0.025322 0.956725 -0.289889
vn -0.283149 0.956826 -0.065650
vn 0.562239 -0.183493 0.806361
vn -0.136668 -0.509770 -0.849386
vn -0.147860 -0.528826 -0.835751
vn -0.296565 -0.370135 -0.880369
vn -0.443397 0.504391 -0.740938
vn -0.410389 0.430922 -0.803671
vn -0.285224 -0.320514 -0.903282
vn -0.402478 0.399680 -0.823569
vn 0.071154 0.882144 -0.465574
vn -0.014706 0.991273 -0.131004
vn 0.937374 -0.093605 -0.335511
vn 0.913770 -0.009331 -0.406125
vn -0.442361 0.747197 0.495997
vn -0.266482 -0.045546 0.962763
vn -0.359466 0.912131 0.196980
vn 0.021125 -0.754341 0.656143
vn -0.747257 -0.367964 0.553362
vn -0.431944 -0.047347 0.900657
vn -0.626681 0.533047 0.568447
vn -0.511008 -0.511360 -0.690928
vn -0.378311 -0.477294 -0.793140
vn -0.405438 -0.363954 -0.838545
vn -0.270206 0.117738 0.955577
vn -0.563311 0.774924 0.286661
vn -0.198728 0.227391 0.953310
vn -0.636807 0.639150 0.431236
vn 0.422329 -0.675191 0.604777
vn -0.455544 0.275957 -0.846361
vn -0.528344 0.223225 -0.819160
vn -0.535211 -0.653910 -0.534745
vn -0.396934 -0.582154 -0.709605
vn -0.510970 -0.585450 -0.629411
vn -0.314216 -0.278330 -0.907635
vn -0.772706 -0.623626 0.118391
vn -0.717343 -0.624879 0.308132
vn -0.791822 -0.512385 0.332384
vn -0.745732 -0.640850 0.182194
vn -0.739994 -0.057002 0.670194
vn 0.754726 0.344772 0.558141
vn 0.740526 0.093904 0.665434
vn -0.644961 0.759216 -0.087268
vn -0.011666 0.928461 0.371246
vn -0.231319 0.966074 -0.114864
vn 0.067457 -0.563173 -0.823581
vn -0.236844 -0.427075 -0.872647
vn -0.485366 0.047622 -0.873013
vn -0.526730 0.713275 -0.462378
vn -0.436081 0.878716 -0.194143
vn -0.911978 -0.409018 -0.031615
vn -0.272722 -0.583094 -0.765261
vn -0.560495 -0.153387 -0.813829
vn 0.005113 -0.722478 -0.691375
vn -0.073999 -0.652984 -0.753748
vn -0.312187 -0.108794 -0.943771
vn -0.375876 0.042751 -0.925683
vn -0.514111 0.110670 -0.850554
vn -0.249982 -0.376271 -0.892149
vn -0.379369 0.008372 -0.925207
vn -0.555104 0.294194 -0.778017
vn -0.125247 -0.453255 -0.882538
vn -0.480043 0.252057 -0.840253
vn -0.331272 0.157050 -0.930373
vn 0.517003 0.291610 -0.804780
vn 0.283966 -0.638996 -0.714876
vn 0.128623 -0.669779 0.731336
vn -0.153282 -0.043258 0.987235
vn -0.155038 -0.524022 0.837475
vn -0.152447 -0.573470 0.804918
vn -0.013260 -0.659317 0.751748
vn -0.772140 -0.537341 0.339212
vn -0.806646 0.588024 0.059584
vn -0.565359 -0.597565 0.568581
vn -0.559205 0.454823 0.693127
vn -0.680317 -0.510229 -0.526151
vn -0.601444 -0.622454 -0.500815
vn -0.479662 -0.521151 -0.705922
vn -0.641040 -0.542856 -0.542563
vn -0.604358 -0.592411 -0.532729
vn -0.602212 0.714853 -0.355425
vn 0.161852 -0.479831 0.862303
vn 0.129435 -0.261798 0.956404
vn -0.449318 0.122181 -0.884977
vn -0.631486 -0.665339 -0.398183
vn -0.654394 -0.398271 -0.642767
vn 0.087436 -0.157348 -0.983665
vn -0.631745 -0.661291 -0.404466
vn -0.028413 -0.267634 -0.963102
vn -0.669077 0.657494 -0.346464
vn -0.248854 0.709364 -0.659450
vn -0.727146 -0.686466 -0.004937
vn -0.724840 -0.658558 0.202260
vn -0.857010 -0.504127 0.106721
vn -0.660059 0.748597 -0.062643
vn -0.384880 -0.545085 0.744815
vn -0.844996 -0.478595 0.238596
vn 0.497172 0.612473 0.614570
vn 0.270766 0.838951 0.472068
vn 0.993537 0.072782 0.087099
vn 0.305543 0.271901 -0.912531
vn 0.883343 0.096104 -0.458770
vn 0.932514 -0.360720 -0.017311
vn 0.245012 -0.253057 -0.935912
vn 0.167566 -0.527063 -0.833143
vn -0.255356 -0.359891 -0.897369
vn 0.213562 -0.752979 0.622426
vn 0.002975 -0.492706 0.870191
vn -0.036207 -0.121079 0.991982
vn -0.569081 0.298379 0.766235
vn -0.461136 0.072791 0.884339
vn 0.022580 -0.756659 0.653420
vn 0.145230 -0.654558 0.741931
vn -0.144218 -0.250160 0.957403
vn -0.046493 -0.629028 0.775991
vn -0.680491 0.695516 0.230626
vn -0.364897 -0.035458 0.930373
vn 0.299120 -0.731529 0.612693
vn -0.208777 0.063659 0.975889
vn -0.076786 -0.406350 0.910485
vn -0.701007 0.192260 0.686750
vn 0.016971 -0.503459 0.863853
vn -0.291523 -0.132701 0.947315
vn -0.927851 0.117340 0.354011
vn -0.684239 -0.724956 0.079088
vn -0.798613 -0.553649 0.235989
vn -0.611957 0.545687 0.572481
vn -0.549250 0.445267 0.707151
vn 0.241271 -0.591704 0.769204
vn 0.662838 -0.731798 0.158484
vn -0.224387 -0.110790 -0.968182
vn -0.363892 0.220884 -0.904872
vn -0.176752 -0.313363 -0.933039
vn 0.311183 -0.707906 0.634062
vn 0.423621 -0.722197 0.546787
vn 0.183485 -0.534870 0.824771
vn 0.449095 -0.740624 0.499790
vn -0.255651 -0.118419 0.959489
vn 0.574962 -0.723536 0.381986
vn 0.448658 -0.743720 0.495567
vn 0.960145 -0.265116 0.088520
vn 0.584146 -0.682264 0.439646
vn 0.668166 -0.690122 0.278005
vn -0.188594 -0.277488 0.942036
vn 0.696447 -0.548796 0.462368
vn 0.291504 -0.617719 -0.730375
vn 0.609413 0.627614 0.484475
vn 0.934408 0.128879 0.332072
vn 0.127274 0.289774 0.948595
vn 0.831198 0.508301 0.225257
vn -0.065005 -0.025621 0.997556
vn -0.799724 -0.564880 -0.203353
vn -0.347612 -0.267879 -0.898558
vn -0.238587 -0.326898 -0.914447
vn -0.133517 -0.365429 -0.921214
vn 0.395452 0.177984 -0.901077
vn -0.101190 -0.309964 -0.945348
vn 0.302911 0.020978 -0.952788
vn -0.675737 -0.595862 -0.433967
vn 0.037226 -0.382987 0.923003
vn -0.558535 0.164613 -0.812983
vn -0.496980 0.154997 -0.853807
vn -0.229119 -0.456132 -0.859912
vn -0.126062 -0.304250 -0.944214
vn 0.119850 -0.631294 -0.766227
vn 0.132118 -0.971127 0.198637
vn 0.466965 0.183963 -0.864929
vn 0.210385 -0.056729 -0.975971
vn 0.621887 -0.599281 -0.504102
vn -0.360456 -0.468395 -0.806646
vn -0.268347 -0.387575 -0.881916
vn 0.361348 0.286489 -0.887328
vn -0.427442 -0.439773 -0.789869
vn -0.068965 -0.115962 -0.990857
vn 0.021376 -0.012973 -0.999687
vn -0.630857 -0.569077 0.527420
vn -0.138407 -0.243449 0.959988
vn -0.380973 -0.418656 0.824371
vn 0.117287 0.019599 0.992905
vn -0.568550 -0.507513 0.647442
vn -0.071264 -0.161474 0.984300
vn 0.495708 0.303110 0.813878
vn 0.252385 -0.018960 0.967441
vn -0.339821 -0.318317 0.884984
vn -0.631139 -0.497601 0.595027
vn 0.175189 0.166485 0.970356
vn 0.495154 0.413030 0.764348
vn -0.576588 -0.410504 0.706422
vn -0.386156 -0.269794 0.882097
vn -0.636026 -0.440820 0.633363
vn -0.185621 0.252715 0.949568
vn 0.463053 0.285464 0.839102
vn 0.606390 0.508696 0.611162
vn 0.115482 0.007631 0.993280
vn 0.697924 0.683950 -0.212402
vn 0.697106 0.713001 -0.075317
vn 0.411657 0.651553 0.637194
vn 0.175293 0.350359 0.920066
vn 0.316394 0.498642 0.807001
vn 0.167783 0.449723 0.877268
vn 0.473823 0.472475 0.743141
vn 0.673541 0.698283 0.242371
vn 0.191601 0.589687 0.784575
vn 0.518594 0.622399 0.586242
vn 0.641033 0.713506 0.282817
vn 0.642234 0.746242 0.175093
vn -0.549681 -0.589256 0.592139
vn -0.753741 -0.614894 0.231905
vn -0.425584 -0.340254 0.838514
vn -0.613329 -0.238424 0.752982
vn 0.736070 -0.265960 0.622468
vn 0.096822 0.591883 -0.800187
vn 0.376444 -0.520865 -0.766153
vn -0.194211 -0.906924 0.373859
vn 0.191908 -0.655008 0.730846
vn -0.131900 -0.398419 0.907670
vn -0.211215 -0.399103 0.892247
vn -0.247373 -0.211848 0.945477
vn -0.460809 -0.272269 0.844704
vn -0.556059 -0.364878 0.746768
vn 0.195627 -0.410842 -0.890471
vn 0.002166 -0.489355 -0.872082
vn -0.378831 0.153962 -0.912570
vn 0.354323 -0.165757 -0.920315
vn 0.849006 0.346374 -0.399017
vn -0.059904 -0.546526 -0.835297
vn -0.381711 -0.515107 -0.767439
vn -0.597710 0.720619 0.351356
vn -0.172354 0.129948 0.976426
vn 0.548406 -0.829985 -0.101862
vn -0.530652 0.198605 -0.823993
vn -0.422550 -0.032169 -0.905769
vn 0.222026 0.002855 -0.975037
vn -0.230563 0.212207 0.949636
vn 0.625404 0.504138 -0.595580
vn 0.492908 0.317429 -0.810111
vn -0.703332 -0.610459 0.364230
vn 0.398723 0.239656 -0.885203
vn 0.126104 0.167544 -0.977766
vn 0.107759 0.614321 -0.781664
vn -0.609227 -0.182477 0.771715
vn -0.380634 0.193368 -0.904282
vn -0.235913 0.013281 -0.971683
vn 0.412016 -0.699089 -0.584395
vn -0.228857 -0.238840 -0.943705
vn 0.080137 -0.328666 -0.941040
vn 0.583571 0.043177 -0.810914
vn 0.529372 0.192065 -0.826363
vn 0.860721 0.475472 -0.181893
vn -0.025382 -0.323905 -0.945749
vn -0.124979 -0.330380 -0.935537
vn -0.480050 0.143719 -0.865388
vn 0.578950 -0.766313 0.278533
vn 0.273543 -0.480217 0.833406
vn 0.234758 0.033142 -0.971489
vn 0.748443 0.434453 -0.501083
vn 0.743587 0.619792 -0.250872
vn 0.543570 0.301003 -0.783536
vn 0.674429 0.335442 -0.657742
vn 0.655246 0.434432 -0.617998
vn 0.821879 0.515585 -0.242254
vn 0.786095 0.560267 -0.261067
vn -0.618566 0.784500 -0.044001
vn -0.763709 -0.258943 0.591352
vn -0.069394 -0.997543 0.009661
vn 0.685287 0.648117 -0.332153
vn 0.588111 0.466492 -0.660689
vn 0.588901 0.356463 -0.725348
vn 0.451968 0.258639 -0.853716
vn 0.056433 -0.758055 -0.649744
vn -0.031420 -0.407312 -0.912748
vn -0.122336 -0.242666 -0.962365
vn 0.666506 0.117519 -0.736179
vn 0.165866 -0.158816 -0.973276
vn 0.687372 0.420085 -0.592493
vn 0.656855 0.378120 -0.652355
vn 0.959503 0.277264 0.049781
vn 0.457099 0.268900 0.847793
vn 0.639337 0.346461 -0.686450
vn 0.693769 0.531561 -0.485929
vn 0.644807 0.672086 -0.364040
vn 0.613413 0.564583 -0.552241
vn 0.504166 0.564667 -0.653428
vn 0.198233 -0.703838 0.682141
vn 0.009436 0.479405 0.877543
vn 0.726124 0.680876 0.095661
vn 0.422560 0.667549 0.613043
vn 0.474967 0.269062 -0.837861
vn 0.353109 0.033473 -0.934983
vn 0.039695 -0.192158 -0.980561
vn 0.228382 0.001132 -0.973571
vn 0.427572 0.336561 -0.838993
vn 0.578459 0.456545 -0.675982
vn -0.205957 -0.333275 -0.920059
vn -0.018213 -0.678733 -0.734159
vn -0.160302 -0.335360 -0.928352
vn 0.763341 0.632660 -0.130584
vn 0.705704 0.588156 -0.395037
vn 0.686565 0.727068 -0.000895
vn 0.509304 0.192883 -0.838693
vn 0.508584 0.427251 -0.747528
vn 0.520438 0.223267 0.824194
vn 0.484929 0.579499 0.655000
vn -0.194418 0.799905 0.567762
vn 0.697349 0.716585 0.014500
vn 0.770318 0.614000 -0.172089
vn 0.485917 0.235037 -0.841809
vn 0.152830 -0.170422 -0.973447
vn 0.287992 0.020128 -0.957421
vn 0.745335 0.549241 -0.377903
vn 0.546811 -0.314829 0.775810
vn 0.697226 0.559830 -0.447733
vn 0.423873 0.121183 -0.897578
vn 0.424778 -0.131407 0.895710
vn -0.767847 0.624908 0.141070
vn 0.087719 0.198054 0.976258
vn -0.003532 -0.678580 0.734518
vn 0.646859 0.450276 0.615488
vn 0.346199 -0.553443 0.757527
vn -0.173530 0.738435 0.651615
vn -0.016314 -0.161364 -0.986760
vn 0.008147 -0.066871 0.997728
vn -0.182676 -0.378145 0.907544
vn -0.101639 -0.949849 0.295729
vn -0.506810 -0.366633 0.780208
vn -0.285608 -0.477021 0.831191
vn -0.432119 0.340308 0.835143
vn 0.050701 0.342045 0.938315
vn -0.654597 0.218233 0.723793
vn -0.195132 -0.182681 0.963614
vn -0.336509 -0.343940 0.876622
vn -0.282142 0.076444 0.956322
vn 0.426775 0.557648 0.711964
vn 0.683475 0.672909 0.282940
vn 0.761060 0.647799 -0.033820
vn 0.600372 0.569765 0.561179
vn 0.687672 0.675514 0.266061
vn -0.016155 0.131547 0.991178
vn -0.140502 -0.146368 0.979201
vn 0.014499 0.289629 0.957029
vn -0.321333 -0.283800 0.903439
vn 0.221308 0.308509 0.925119
vn 0.348517 0.470891 0.810430
vn 0.192793 0.432589 0.880737
vn -0.260295 0.400693 0.878460
vn 0.328984 0.089212 -0.940112
vn 0.634172 0.583273 0.507561
vn -0.302925 -0.953008 0.003478
vn -0.309279 -0.917198 0.251184
vn 0.698727 0.369229 -0.612741
vn -0.727084 -0.454449 0.514612
vn 0.840802 0.483776 -0.242926
vn -0.153968 -0.975069 -0.159796
vn 0.869365 0.350325 0.348537
vn 0.776357 0.602499 0.185108
vn -0.346434 -0.917022 0.197624
vn -0.560482 -0.778713 -0.281897
vn -0.261130 -0.965262 -0.009014
vn -0.755570 -0.651231 -0.070800
vn 0.808897 -0.077178 0.582863
vn 0.477227 -0.703199 0.527035
vn -0.239446 -0.782166 -0.575223
vn -0.759409 -0.563651 0.324954
vn 0.997222 0.055425 0.049758
vn 0.552231 -0.820859 0.145708
vn 0.485400 -0.672805 0.558319
vn -0.557174 -0.830247 0.015699
vn -0.101255 -0.957550 -0.269901
vn -0.094337 -0.995325 0.020689
vn 0.497173 -0.790522 -0.357624
vn -0.404907 -0.472180 0.783005
vn -0.073504 0.077357 0.994290
vn 0.038149 -0.393902 0.918361
vn 0.213999 -0.328190 0.920052
vn 0.468657 0.281497 0.837329
vn -0.042814 -0.899648 -0.434511
vn -0.002134 -0.412222 -0.911081
vn 0.233553 -0.852969 -0.466795
vn -0.511940 0.296762 -0.806132
vn -0.117710 -0.343709 -0.931670
vn 0.034565 -0.334364 -0.941810
vn 0.228130 -0.194000 -0.954107
vn 0.719608 0.603553 -0.343350
vn 0.114547 0.255764 0.959929
vn -0.545084 0.017465 0.838199
vn 0.679540 0.559299 0.474774
vn 0.404077 0.401000 0.822144
vn -0.121509 -0.762065 -0.635998
vn 0.203266 0.145964 0.968183
vn -0.041421 0.120199 0.991885
vn 0.125327 -0.945978 -0.299028
vn 0.537007 0.551338 0.638475
vn -0.567899 -0.678941 -0.465328
vn -0.718995 -0.616006 -0.321842
vn -0.367888 -0.687611 -0.625979
vt 0.000000 -332.500000
vt 17.000000 -316.000000
vt 34.000000 -299.500000
vt 51.000000 -283.000000
vt 68.000000 -266.500000
vt 85.000000 -250.000000
vt 102.000000 -233.500000
vt 119.000000 -217.000000
vt 136.000000 -200.500000
vt 153.000000 -184.000000
vt 170.000000 -167.500000
vt 167.619019 -143.690475
vt 165.238037 -119.880951
vt 162.857178 -96.071411
vt 160.476196 -72.261902
vt 158.095215 -48.452393
vt 155.714355 -24.642822
vt 153.333374 -0.833313
vt 150.952393 22.976196
vt 148.571411 46.785736
vt 146.190430 70.595215
vt 143.809570 94.404785
vt 141.428589 118.214325
vt 139.047607 142.023804
vt 136.666626 165.833374
vt 134.285645 189.642822
vt 131.904785 213.452393
vt 129.523804 237.261902
vt 127.142822 261.071472
vt 124.761963 284.880981
vt 122.380981 308.690552
vt 120.000000 332.500000
vt 96.000000 332.500000
vt 72.000000 332.500000
vt 48.000000 332.500000
vt 24.000000 332.500000
vt 0.000000 332.500000
vt -24.000000 332.500000
vt -48.000000 332.500000
vt -72.000000 332.500000
vt -96.000000 332.500000
vt -120.000000 332.500000
vt -122.380981 308.690430
vt -124.761963 284.880920
vt -127.142822 261.071472
vt -129.523804 237.261902
vt -131.904785 213.452393
vt -134.285645 189.642822
vt -136.666626 165.833313
vt -139.047607 142.023743
vt -141.428589 118.214325
vt -143.809570 94.404785
vt -146.190430 70.595215
vt -148.571411 46.785675
vt -150.952393 22.976135
vt -153.333374 -0.833313
vt -155.714355 -24.642822
vt -158.095215 -48.452393
vt -160.476196 -72.261932
vt -162.857178 -96.071472
vt -165.238037 -119.880920
vt -167.619019 -143.690445
vt -170.000000 -167.500000
vt -153.000000 -184.000015
vt -136.000000 -200.500015
vt -119.000000 -217.000031
vt -102.000000 -233.500031
vt -85.000000 -250.000031
vt -68.000000 -266.499969
vt -51.000000 -282.999969
vt -34.000000 -299.500000
vt -17.000000 -316.000000
vt -40.969482 -120.283569
vt 0.000000 -247.462189
vt 0.000000 116.095001
vt -36.286377 239.961914
vt -84.143188 292.842773
vt -108.000000 319.276123
vt -104.054443 298.854675
vt -88.088745 313.264221
vt 0.000000 -315.492432
vt 92.642944 -139.164352
vt 84.143311 292.842896
vt 108.000000 319.276184
vt 88.088745 313.264282
vt 104.054565 298.854797
vt -103.084229 -114.072311
vt -66.284790 -179.694916
vt 34.182007 -24.772400
vt -35.847778 -250.381042
vt 22.050781 -270.181091
vt 9.210449 -291.953491
vt 43.239014 -223.981049
vt 70.624390 123.157593
vt -66.222168 146.764954
vt -59.576660 49.909912
vt -36.000000 287.008545
vt -83.079712 244.641296
vt -100.846680 270.465698
vt -97.301392 285.242065
vt -60.000000 307.137817
vt -75.140747 305.173950
vt 119.315308 -166.302139
vt 124.273560 -111.953430
vt 100.846680 270.465759
vt 97.301514 285.242126
vt 60.000000 307.137756
vt 75.140869 305.174011
vt -134.728271 -110.908020
vt -112.987427 -159.782501
vt -85.740234 -43.663788
vt -89.161987 -203.265472
vt 94.967407 -42.741089
vt 80.758423 27.980530
vt -49.112671 -264.047913
vt -24.616577 -274.552765
vt -60.343994 -239.876190
vt 33.939575 -282.430145
vt 44.282837 -259.071716
vt -12.613770 -294.473236
vt 73.800049 -221.453033
vt 106.449097 126.740112
vt 62.660522 194.504456
vt -103.028809 150.445679
vt -98.676636 77.867859
vt -36.000000 311.336975
vt 12.000000 286.013550
vt -103.389771 222.624695
vt -116.222046 272.003174
vt -107.312744 247.064636
vt -60.000000 322.657776
vt 133.258911 -180.668289
vt 144.051147 -156.243713
vt 107.644531 -191.579468
vt 145.942261 -109.786652
vt 132.314087 -82.931244
vt 137.291016 -132.701508
vt 133.921143 -99.001343
vt 107.312744 247.064636
vt 116.222046 272.003235
vt 60.000000 322.657715
vt 36.000000 311.302307
vt -151.804810 -109.200424
vt -144.518188 -133.976746
vt -139.756470 -86.357758
vt -129.823608 -177.128906
vt -122.318237 -40.006134
vt -101.425903 -215.900940
vt -79.448242 -225.426804
vt 127.080200 -39.529938
vt 114.560303 7.313141
vt 109.798462 54.932159
vt -35.968994 -284.521088
vt -1.409302 -271.017975
vt -17.309937 -256.462646
vt -69.968994 -251.521057
vt -31.596802 -206.654556
vt 23.982056 -246.245972
vt 85.377441 -233.381348
vt 125.440796 128.639313
vt 113.459229 152.546661
vt 118.430664 102.832794
vt 98.883911 198.126648
vt -122.477539 152.390564
vt -115.288818 126.061981
vt -110.217529 176.774231
vt -123.368042 80.336884
vt -103.654175 30.270081
vt -46.239014 299.172791
vt -11.737549 299.172791
vt -119.645386 224.250244
vt -96.149414 236.321655
vt -94.178589 256.029297
vt 154.246948 -168.277206
vt 120.192261 -201.220871
vt 97.162476 -211.508362
vt 149.350830 -85.398254
vt 140.572876 -62.228455
vt 142.004639 -46.017883
vt 113.153442 -63.289032
vt 127.098877 -68.852112
vt 114.478271 -132.556625
vt 126.505615 -148.540192
vt 107.540161 -151.199020
vt 78.859863 -171.463531
vt 85.480225 -192.642731
vt 99.209229 -169.836090
vt 51.898682 -191.515656
vt 81.846802 -207.942520
vt 87.880615 -156.222580
vt 68.886597 -186.205399
vt 151.285034 -141.424789
vt 55.937744 245.462891
vt 43.032959 280.594910
vt -120.704346 -130.471115
vt -117.108276 -94.509186
vt -105.463623 -183.928757
vt -111.185913 -200.892471
vt -135.341309 -154.929810
vt -141.660400 -38.071991
vt -137.975220 -62.107086
vt -129.465576 -13.800446
vt -63.541504 -205.244965
vt 132.483887 -14.942108
vt 135.237061 9.380829
vt 122.517700 32.156494
vt 130.475098 56.999878
vt 124.400391 79.902496
vt 9.938232 -259.876801
vt -40.682373 -227.841156
vt -18.298340 -233.416016
vt 41.116089 -241.605042
vt 128.604980 153.003357
vt 115.582764 175.748718
vt 86.428223 146.033997
vt 133.366943 105.384338
vt 90.645264 103.863708
vt 118.060913 200.044250
vt 109.427368 222.809326
vt -130.461182 129.141327
vt -123.018188 104.349457
vt -125.699341 176.760376
vt -113.494141 199.587585
vt -113.397583 55.348145
vt -128.244873 32.729187
vt -26.918091 299.172791
vt -12.000000 317.995728
vt 11.463257 310.799805
vt 81.430664 252.506897
vt 45.952881 297.422729
vt 27.882690 294.973083
vt 63.909668 285.639587
vt 57.604736 266.011353
vt 79.854004 272.872131
vt -119.109253 -114.519501
vt -95.783936 -139.581787
vt -79.690918 -82.494415
vt -85.661987 -183.775055
vt -80.680908 -159.378372
vt -123.444580 -191.316391
vt -121.792236 -146.429062
vt -151.563110 -149.548370
vt -148.328735 -166.939056
vt -123.020264 -75.396332
vt -101.393677 -79.177521
vt -93.023560 -97.071411
vt -87.953125 -63.895050
vt -66.620728 -107.834717
vt -105.024780 -51.791077
vt -84.389893 -113.657898
vt -67.460327 -135.295181
vt -121.406250 -57.248627
vt -144.869263 -13.703552
vt -132.477661 9.104858
vt -76.880005 -211.091507
vt -62.287964 -222.592468
vt -46.888916 -190.534729
vt 2.184082 -159.294724
vt 44.424194 -140.791504
vt 53.068604 -165.430481
vt 68.589722 -141.643066
vt -40.764526 -156.803772
vt -19.313477 -179.688477
vt -49.604004 -172.620300
vt -33.334106 -171.334808
vt -60.860718 -155.950851
vt -19.107178 -154.894608
vt -30.907959 -190.687683
vt -0.585815 -118.985214
vt -31.466064 -138.490906
vt -4.830933 -139.526855
vt -49.408081 -136.271973
vt -20.724121 -121.300232
vt 19.751099 -141.932037
vt -17.665161 -59.160675
vt -14.064453 -90.483002
vt -53.082275 -57.472595
vt -12.163208 -107.022034
vt -71.479736 -55.460266
vt 140.048584 -29.492310
vt 109.181152 -22.708618
vt 101.129761 35.151611
vt 96.507202 15.762482
vt 66.632935 -6.485840
vt 97.717896 -5.161896
vt 78.481079 8.786133
vt 138.740845 33.778839
vt -47.846191 -212.227646
vt 10.371460 -215.009079
vt 63.282104 -244.631516
vt 101.729736 141.877502
vt 95.954712 165.846924
vt 100.253906 181.729553
vt 81.561401 188.423462
vt 63.558960 164.882507
vt 79.875366 161.381470
vt 68.375488 179.853149
vt 104.820679 110.967957
vt 103.924561 86.814056
vt 63.268555 68.844971
vt 110.152832 71.479492
vt 86.670654 70.874146
vt 84.704712 49.290863
vt -109.717896 92.146851
vt -74.017090 108.344330
vt -89.951660 96.022858
vt -70.740967 75.616516
vt -94.276489 118.080170
vt -73.971436 91.821014
vt -32.923828 91.580017
vt -53.398071 100.139557
vt -76.620605 128.873566
vt -100.322998 133.811218
vt -50.051147 79.378601
vt -31.424683 123.932648
vt -84.919556 145.664398
vt -77.418579 177.604980
vt -89.850586 163.673462
vt -58.261475 65.758667
vt -38.073120 108.029663
vt -17.625244 105.399811
vt -54.269775 124.142151
vt 10.208374 59.210052
vt 5.192017 87.668274
vt -23.129272 59.709625
vt -41.783936 56.412445
vt -30.677124 -1.572906
vt -40.942871 26.517151
vt -29.581787 41.796234
vt -2.831299 100.890350
vt -33.322144 74.017365
vt -12.963867 77.735962
vt -6.697021 43.671814
vt -6.419922 62.166229
vt -111.889160 70.433472
vt -129.612549 63.361908
vt -86.619385 51.320374
vt -115.072998 40.265411
vt 3.252197 298.223022
vt 95.777466 256.471130
vt 76.085693 222.198242
vt 76.441650 204.924683
vt -105.925659 -128.684799
vt -96.877930 -156.075912
vt -95.657104 -171.701920
vt -80.672607 -143.712585
vt -104.446777 1.140350
vt -117.242798 18.566589
vt 25.827881 -177.277527
vt 75.824951 -93.908295
vt 56.179688 -150.503036
vt 30.717773 -111.727432
vt 10.743774 -96.009949
vt 110.802002 -38.917480
vt 117.457397 -8.698730
vt -0.652222 -229.369934
vt -10.523071 -210.381485
vt 4.796875 -190.693939
vt 59.015991 -228.720016
vt 58.741455 -209.489578
vt 73.290771 89.220398
vt -87.371460 201.864380
vt 30.812378 19.827545
vt 54.791748 14.932648
vt -132.796021 47.872864
vt 71.546997 238.624268
vt 92.888916 215.280640
vt 91.243530 235.150757
vt -120.181641 -0.928864
vt 42.346680 -178.018402
vt 33.795532 -158.356415
vt 18.110474 -162.889572
vt 78.380981 -118.711426
vt 31.521362 -129.112396
vt 16.397705 -121.100433
vt 42.671631 -75.985931
vt 2.925659 -72.661743
vt 24.825928 -198.898666
vt 27.743896 -216.056305
vt 41.738525 -205.673141
vt -2.844360 -175.521484
vt -11.275269 -193.991669
vt 73.711914 106.326843
vt 36.455688 108.190918
vt 16.704834 105.118469
vt 55.303467 111.648468
vt 45.691284 140.396240
vt 43.363159 123.636963
vt 18.950317 135.569550
vt 24.527588 119.849945
vt -101.055176 207.866150
vt -99.494141 189.956360
vt -48.842896 203.500061
vt 15.245361 36.764282
vt 38.847412 -1.992645
vt 48.154053 43.598877
vt 67.197510 41.512299
vt 101.064697 -113.549362
vt 55.529053 -108.533081
vt 47.925659 -123.956253
vt 30.293823 -91.715881
vt 47.814209 -92.767609
vt 22.895996 -73.159546
vt 36.188721 -50.750183
vt -12.996094 -74.492065
vt -39.315430 -80.764740
vt 49.499023 88.270538
vt 27.378418 85.553680
vt 15.155029 74.753235
vt 32.937744 60.535156
vt 39.876709 75.203979
vt -67.811523 195.717834
vt -67.751831 222.580688
vt -4.180542 13.360870
vt -21.212402 23.709534
vt 50.788940 -16.306000
vt 71.438110 -31.930206
vt 89.298340 -23.180237
vt 82.307983 -8.937500
vt 53.460327 0.214142
vt 32.382690 36.893219
vt 111.292603 -92.732147
vt 87.250000 -105.264191
vt 63.977173 -126.117493
vt 6.917480 -39.944855
vt 13.299316 -57.325500
vt -2.478394 -53.256805
vt 61.032837 97.816406
vt 49.385620 60.009033
vt -47.732056 223.510559
vt -59.442261 244.709534
vt -85.574219 219.810974
vt 0.752319 29.030334
vt 12.299683 -8.423096
vt 51.442383 -36.899475
vt 68.087280 -61.161774
vt 64.299438 -45.919739
vt 24.035645 -38.622559
vt -43.518799 263.530151
vt 27.085938 -11.451416
vt 50.660400 -60.483063
vt -10.134155 260.881165
vt -69.932129 269.730957
vt -54.658813 281.694214
vt -26.136108 270.906555
vt -25.800171 253.659302
vt -9.235962 280.098145
vt -71.289185 254.452454
vt 88.243286 127.882904
vt -72.784668 20.271149
vt -85.423340 67.875366
vt 48.355835 218.539917
vt -107.642456 -21.925964
vt -100.190063 -36.320038
vt -78.276001 -14.240112
vt -59.641846 -32.338135
vt -94.555298 -11.984619
vt -83.994507 4.362335
vt -89.808960 20.363251
vt -75.951172 -30.488464
vt -34.462036 -39.189941
vt -13.695679 -35.367432
vt -0.031860 -22.537933
vt -18.463013 -16.599182
vt -13.882324 -0.398499
vt -54.378052 -8.276428
vt -66.630859 4.031128
vt -48.777832 9.551819
vt -89.879028 -25.887421
vt -49.017944 -42.988678
vt -35.308594 -56.951050
vt -43.641724 -23.231720
vt -64.476440 -18.673889
vt 66.060791 143.207397
vt -9.625488 144.418793
vt 25.890625 173.606995
vt 46.871094 178.511536
vt 40.218872 159.641541
vt 42.397217 198.719238
vt 21.489136 154.758240
vt 5.326904 220.669495
vt -9.164795 238.175720
vt 6.812622 146.937683
vt 26.577881 214.280884
vt -21.741211 212.031738
vt 33.384521 237.285156
vt 8.966064 194.235718
vt -5.315308 171.187866
vt -31.728027 224.583313
vt 36.357056 259.352539
vt 25.555176 197.419861
vt 10.689087 167.218567
vt 25.943481 274.295471
vt 8.059937 267.170532
vt 18.682617 250.499512
vt 16.683472 233.489685
vt -10.192871 222.573425
vt 47.594727 233.283325
vt 2.237183 250.035889
vt -59.697266 -77.096985
vt -66.475342 -91.718872
vt -47.085327 -100.233551
vt -30.082275 -105.983749
vt -28.848389 -91.232330
vt 93.010742 -76.796326
vt 95.706177 -92.158569
vt 108.257202 -77.759949
vt 96.280884 -59.900391
vt 75.743164 -76.640198
vt 59.132080 -80.120636
vt 14.470703 10.345215
vt -58.485474 31.661285
vt -75.098633 37.846893
vt -13.930420 127.158356
vt -37.642090 152.389771
vt -48.927856 176.698975
vt -50.197266 140.762604
vt -53.907227 159.612854
vt -27.375977 171.930298
vt -21.383179 156.314819
vt -15.700317 190.736328
vt -5.174683 205.226685
vt -32.089233 197.591797
g Pattern_9470
s 1
usemtl FABRIC_1_FRONT_7892
f 2597/2597/2597 2596/2596/2596 2545/2545/2545
f 2711/2711/2711 2755/2755/2755 2658/2658/2658
f 2656/2656/2656 2621/2621/2621 2655/2655/2655
f 2577/2577/2577 2658/2658/2658 2576/2576/2576
f 2744/2744/2744 2620/2620/2620 2619/2619/2619
f 2556/2556/2556 2641/2641/2641 2612/2612/2612
f 2596/2596/2596 2597/2597/2597 2598/2598/2598
f 2657/2657/2657 2572/2572/2572 2655/2655/2655
f 2657/2657/2657 2713/2713/2713 2571/2571/2571
f 2968/2968/2968 2985/2985/2985 2972/2972/2972
f 2545/2545/2545 2546/2546/2546 2597/2597/2597
f 2614/2614/2614 2592/2592/2592 2589/2589/2589
f 2571/2571/2571 2572/2572/2572 2657/2657/2657
f 2660/2660/2660 2767/2767/2767 2624/2624/2624
f 2658/2658/2658 2577/2577/2577 2752/2752/2752
f 2632/2632/2632 2584/2584/2584 2593/2593/2593
f 2712/2712/2712 2569/2569/2569 2570/2570/2570
f 2803/2803/2803 2634/2634/2634 2672/2672/2672
f 2604/2604/2604 2632/2632/2632 2593/2593/2593
f 2723/2723/2723 2667/2667/2667 2586/2586/2586
f 2580/2580/2580 2581/2581/2581 2668/2668/2668
f 2602/2602/2602 2627/2627/2627 2628/2628/2628
f 2579/2579/2579 2660/2660/2660 2578/2578/2578
f 2666/2666/2666 2628/2628/2628 2632/2632/2632
f 2581/2581/2581 2582/2582/2582 2627/2627/2627
f 2739/2739/2739 2740/2740/2740 2549/2549/2549
f 2555/2555/2555 2556/2556/2556 2591/2591/2591
f 2858/2858/2858 2762/2762/2762 2748/2748/2748
f 2654/2654/2654 2619/2619/2619 2653/2653/2653
f 2707/2707/2707 2621/2621/2621 2656/2656/2656
f 2627/2627/2627 2582/2582/2582 2665/2665/2665
f 2618/2618/2618 2617/2617/2617 2652/2652/2652
f 2546/2546/2546 2620/2620/2620 2597/2597/2597
f 2513/2513/2513 2593/2593/2593 2584/2584/2584
f 2560/2560/2560 2734/2734/2734 2735/2735/2735
f 2714/2714/2714 2765/2765/2765 2712/2712/2712
f 2631/2631/2631 2802/2802/2802 2724/2724/2724
f 2677/2677/2677 2636/2636/2636 2676/2676/2676
f 2569/2569/2569 2765/2765/2765 2568/2568/2568
f 2552/2552/2552 2553/2553/2553 2592/2592/2592
f 2641/2641/2641 2556/2556/2556 2557/2557/2557
f 2677/2677/2677 2732/2732/2732 2733/2733/2733
f 2687/2687/2687 2644/2644/2644 2646/2646/2646
f 2561/2561/2561 2562/2562/2562 2676/2676/2676
f 2550/2550/2550 2551/2551/2551 2638/2638/2638
f 2750/2750/2750 2715/2715/2715 2600/2600/2600
f 2734/2734/2734 2676/2676/2676 2678/2678/2678
f 2514/2514/2514 2604/2604/2604 2593/2593/2593
f 2565/2565/2565 2679/2679/2679 2564/2564/2564
f 2546/2546/2546 2653/2653/2653 2620/2620/2620
f 2807/2807/2807 2899/2899/2899 2986/2986/2986
f 2641/2641/2641 2642/2642/2642 2611/2611/2611
f 2823/2823/2823 2817/2817/2817 2821/2821/2821
f 2589/2589/2589 2592/2592/2592 2591/2591/2591
f 2612/2612/2612 2589/2589/2589 2591/2591/2591
f 2515/2515/2515 2630/2630/2630 2604/2604/2604
f 2725/2725/2725 2726/2726/2726 2673/2673/2673
f 2554/2554/2554 2555/2555/2555 2590/2590/2590
f 2987/2987/2987 2827/2827/2827 3026/3026/3026
f 2592/2592/2592 2553/2553/2553 2590/2590/2590
f 2614/2614/2614 2552/2552/2552 2592/2592/2592
f 2903/2903/2903 2640/2640/2640 2683/2683/2683
f 2553/2553/2553 2554/2554/2554 2590/2590/2590
f 2833/2833/2833 2842/2842/2842 2587/2587/2587
f 2640/2640/2640 2684/2684/2684 2642/2642/2642
f 2784/2784/2784 2774/2774/2774 2782/2782/2782
f 2737/2737/2737 2566/2566/2566 2567/2567/2567
f 2716/2716/2716 2793/2793/2793 2662/2662/2662
f 2514/2514/2514 2593/2593/2593 2513/2513/2513
f 2671/2671/2671 2518/2518/2518 2519/2519/2519
f 2515/2515/2515 2516/2516/2516 2630/2630/2630
f 2541/2541/2541 2651/2651/2651 2540/2540/2540
f 2603/2603/2603 2630/2630/2630 2631/2631/2631
f 2689/2689/2689 2690/2690/2690 2648/2648/2648
f 2742/2742/2742 2619/2619/2619 2654/2654/2654
f 2728/2728/2728 2534/2534/2534 2535/2535/2535
f 2670/2670/2670 2603/2603/2603 2631/2631/2631
f 2688/2688/2688 2646/2646/2646 2698/2698/2698
f 2655/2655/2655 2572/2572/2572 2573/2573/2573
f 2614/2614/2614 2613/2613/2613 2643/2643/2643
f 2522/2522/2522 2644/2644/2644 2521/2521/2521
f 2696/2696/2696 2699/2699/2699 2615/2615/2615
f 2645/2645/2645 2686/2686/2686 2524/2524/2524
f 2871/2871/2871 2724/2724/2724 2802/2802/2802
f 2650/2650/2650 2647/2647/2647 2689/2689/2689
f 2887/2887/2887 2783/2783/2783 2786/2786/2786
f 2645/2645/2645 2695/2695/2695 2615/2615/2615
f 2695/2695/2695 2645/2645/2645 2649/2649/2649
f 2631/2631/2631 2516/2516/2516 2517/2517/2517
f 2686/2686/2686 2644/2644/2644 2522/2522/2522
f 2638/2638/2638 2613/2613/2613 2681/2681/2681
f 2759/2759/2759 2791/2791/2791 2623/2623/2623
f 2618/2618/2618 2598/2598/2598 2595/2595/2595
f 2718/2718/2718 2664/2664/2664 2794/2794/2794
f 2755/2755/2755 2576/2576/2576 2658/2658/2658
f 2616/2616/2616 2934/2934/2934 2910/2910/2910
f 2717/2717/2717 2530/2530/2530 2531/2531/2531
f 2629/2629/2629 2668/2668/2668 2627/2627/2627
f 2718/2718/2718 2799/2799/2799 2719/2719/2719
f 2955/2955/2955 2612/2612/2612 2611/2611/2611
f 2614/2614/2614 2956/2956/2956 2613/2613/2613
f 2649/2649/2649 2525/2525/2525 2647/2647/2647
f 2956/2956/2956 2614/2614/2614 2589/2589/2589
f 2647/2647/2647 2525/2525/2525 2526/2526/2526
f 2543/2543/2543 2544/2544/2544 2596/2596/2596
f 2598/2598/2598 2543/2543/2543 2596/2596/2596
f 2590/2590/2590 2591/2591/2591 2592/2592/2592
f 2595/2595/2595 2597/2597/2597 2620/2620/2620
f 2738/2738/2738 2638/2638/2638 2681/2681/2681
f 2611/2611/2611 2685/2685/2685 2955/2955/2955
f 2643/2643/2643 2551/2551/2551 2552/2552/2552
f 2618/2618/2618 2542/2542/2542 2598/2598/2598
f 2683/2683/2683 2558/2558/2558 2559/2559/2559
f 2598/2598/2598 2597/2597/2597 2595/2595/2595
f 2545/2545/2545 2596/2596/2596 2544/2544/2544
f 2925/2925/2925 2943/2943/2943 2610/2610/2610
f 2546/2546/2546 2547/2547/2547 2653/2653/2653
f 2880/2880/2880 2741/2741/2741 2878/2878/2878
f 2642/2642/2642 2557/2557/2557 2558/2558/2558
f 2909/2909/2909 2876/2876/2876 2626/2626/2626
f 2600/2600/2600 2715/2715/2715 2769/2769/2769
f 2672/2672/2672 2673/2673/2673 2803/2803/2803
f 2850/2850/2850 2736/2736/2736 2877/2877/2877
f 2718/2718/2718 2794/2794/2794 2795/2795/2795
f 2730/2730/2730 2538/2538/2538 2539/2539/2539
f 2960/2960/2960 2685/2685/2685 2610/2610/2610
f 2547/2547/2547 2548/2548/2548 2654/2654/2654
f 2541/2541/2541 2542/2542/2542 2652/2652/2652
f 2652/2652/2652 2651/2651/2651 2541/2541/2541
f 2731/2731/2731 2540/2540/2540 2651/2651/2651
f 2672/2672/2672 2674/2674/2674 2728/2728/2728
f 2529/2529/2529 2792/2792/2792 2691/2691/2691
f 2738/2738/2738 2739/2739/2739 2638/2638/2638
f 2591/2591/2591 2590/2590/2590 2555/2555/2555
f 2542/2542/2542 2543/2543/2543 2598/2598/2598
f 2535/2535/2535 2536/2536/2536 2672/2672/2672
f 2793/2793/2793 2867/2867/2867 2797/2797/2797
f 2722/2722/2722 2602/2602/2602 2723/2723/2723
f 2556/2556/2556 2612/2612/2612 2591/2591/2591
f 2604/2604/2604 2514/2514/2514 2515/2515/2515
f 2746/2746/2746 2618/2618/2618 2595/2595/2595
f 2637/2637/2637 2816/2816/2816 2847/2847/2847
f 2656/2656/2656 2573/2573/2573 2574/2574/2574
f 2708/2708/2708 2657/2657/2657 2621/2621/2621
f 2660/2660/2660 2710/2710/2710 2578/2578/2578
f 2747/2747/2747 2855/2855/2855 2599/2599/2599
f 2764/2764/2764 2757/2757/2757 2761/2761/2761
f 2821/2821/2821 2963/2963/2963 2819/2819/2819
f 2580/2580/2580 2668/2668/2668 2661/2661/2661
f 2857/2857/2857 2751/2751/2751 2856/2856/2856
f 2917/2917/2917 2889/2889/2889 2939/2939/2939
f 2650/2650/2650 2616/2616/2616 2647/2647/2647
f 2719/2719/2719 2532/2532/2532 2533/2533/2533
f 2794/2794/2794 2815/2815/2815 2626/2626/2626
f 2665/2665/2665 2582/2582/2582 2583/2583/2583
f 2627/2627/2627 2602/2602/2602 2629/2629/2629
f 2584/2584/2584 2632/2632/2632 2583/2583/2583
f 2604/2604/2604 2603/2603/2603 2666/2666/2666
f 2629/2629/2629 2602/2602/2602 2722/2722/2722
f 2661/2661/2661 2660/2660/2660 2579/2579/2579
f 2631/2631/2631 2630/2630/2630 2516/2516/2516
f 2604/2604/2604 2630/2630/2630 2603/2603/2603
f 2517/2517/2517 2518/2518/2518 2802/2802/2802
f 2670/2670/2670 2586/2586/2586 2721/2721/2721
f 2666/2666/2666 2632/2632/2632 2604/2604/2604
f 2665/2665/2665 2632/2632/2632 2628/2628/2628
f 2688/2688/2688 2520/2520/2520 2687/2687/2687
f 2520/2520/2520 2521/2521/2521 2687/2687/2687
f 2725/2725/2725 2672/2672/2672 2536/2536/2536
f 2664/2664/2664 2813/2813/2813 2814/2814/2814
f 2619/2619/2619 2742/2742/2742 2744/2744/2744
f 2901/2901/2901 2995/2995/2995 2587/2587/2587
f 2732/2732/2732 2676/2676/2676 2562/2562/2562
f 2904/2904/2904 2735/2735/2735 2678/2678/2678
f 2824/2824/2824 2828/2828/2828 2825/2825/2825
f 2733/2733/2733 2820/2820/2820 2677/2677/2677
f 2638/2638/2638 2551/2551/2551 2643/2643/2643
f 2959/2959/2959 2738/2738/2738 2609/2609/2609
f 2957/2957/2957 2609/2609/2609 2951/2951/2951
f 2854/2854/2854 2964/2964/2964 2635/2635/2635
f 2734/2734/2734 2560/2560/2560 2561/2561/2561
f 2678/2678/2678 2636/2636/2636 2830/2830/2830
f 2642/2642/2642 2641/2641/2641 2557/2557/2557
f 2612/2612/2612 2641/2641/2641 2611/2611/2611
f 2642/2642/2642 2558/2558/2558 2683/2683/2683
f 2685/2685/2685 2642/2642/2642 2684/2684/2684
f 2614/2614/2614 2643/2643/2643 2552/2552/2552
f 2638/2638/2638 2643/2643/2643 2613/2613/2613
f 2686/2686/2686 2522/2522/2522 2523/2523/2523
f 2644/2644/2644 2615/2615/2615 2646/2646/2646
f 2525/2525/2525 2649/2649/2649 2704/2704/2704
f 2615/2615/2615 2644/2644/2644 2645/2645/2645
f 2702/2702/2702 2696/2696/2696 2594/2594/2594
f 2520/2520/2520 2688/2688/2688 2519/2519/2519
f 2689/2689/2689 2526/2526/2526 2527/2527/2527
f 2649/2649/2649 2647/2647/2647 2616/2616/2616
f 2690/2690/2690 2527/2527/2527 2528/2528/2528
f 2693/2693/2693 2648/2648/2648 2690/2690/2690
f 2649/2649/2649 2616/2616/2616 2694/2694/2694
f 2649/2649/2649 2645/2645/2645 2704/2704/2704
f 2689/2689/2689 2647/2647/2647 2526/2526/2526
f 2934/2934/2934 2650/2650/2650 2648/2648/2648
f 2852/2852/2852 2651/2651/2651 2617/2617/2617
f 2878/2878/2878 2741/2741/2741 2705/2705/2705
f 2618/2618/2618 2652/2652/2652 2542/2542/2542
f 2651/2651/2651 2652/2652/2652 2617/2617/2617
f 2654/2654/2654 2653/2653/2653 2547/2547/2547
f 2620/2620/2620 2653/2653/2653 2619/2619/2619
f 2740/2740/2740 2548/2548/2548 2549/2549/2549
f 2743/2743/2743 2706/2706/2706 2742/2742/2742
f 2656/2656/2656 2655/2655/2655 2573/2573/2573
f 2657/2657/2657 2655/2655/2655 2621/2621/2621
f 2754/2754/2754 2711/2711/2711 2656/2656/2656
f 2707/2707/2707 2855/2855/2855 2747/2747/2747
f 2621/2621/2621 2747/2747/2747 2708/2708/2708
f 2713/2713/2713 2657/2657/2657 2756/2756/2756
f 2578/2578/2578 2710/2710/2710 2577/2577/2577
f 2711/2711/2711 2658/2658/2658 2622/2622/2622
f 2712/2712/2712 2570/2570/2570 2713/2713/2713
f 2680/2680/2680 2850/2850/2850 2860/2860/2860
f 2579/2579/2579 2580/2580/2580 2661/2661/2661
f 2710/2710/2710 2624/2624/2624 2709/2709/2709
f 2768/2768/2768 2722/2722/2722 2800/2800/2800
f 2660/2660/2660 2661/2661/2661 2767/2767/2767
f 2716/2716/2716 2529/2529/2529 2530/2530/2530
f 2693/2693/2693 2662/2662/2662 2692/2692/2692
f 2795/2795/2795 2626/2626/2626 2798/2798/2798
f 2792/2792/2792 2716/2716/2716 2662/2662/2662
f 2534/2534/2534 2728/2728/2728 2720/2720/2720
f 2672/2672/2672 2810/2810/2810 2674/2674/2674
f 2632/2632/2632 2665/2665/2665 2583/2583/2583
f 2627/2627/2627 2665/2665/2665 2628/2628/2628
f 2603/2603/2603 2721/2721/2721 2666/2666/2666
f 2667/2667/2667 2666/2666/2666 2586/2586/2586
f 2602/2602/2602 2628/2628/2628 2667/2667/2667
f 2666/2666/2666 2667/2667/2667 2628/2628/2628
f 2627/2627/2627 2668/2668/2668 2581/2581/2581
f 2661/2661/2661 2668/2668/2668 2629/2629/2629
f 2723/2723/2723 2586/2586/2586 2868/2868/2868
f 2605/2605/2605 2871/2871/2871 2872/2872/2872
f 2631/2631/2631 2724/2724/2724 2670/2670/2670
f 2724/2724/2724 2891/2891/2891 2670/2670/2670
f 2688/2688/2688 2671/2671/2671 2519/2519/2519
f 2802/2802/2802 2671/2671/2671 2633/2633/2633
f 2725/2725/2725 2536/2536/2536 2537/2537/2537
f 2634/2634/2634 2810/2810/2810 2672/2672/2672
f 2726/2726/2726 2537/2537/2537 2538/2538/2538
f 2727/2727/2727 2986/2986/2986 2961/2961/2961
f 2961/2961/2961 2729/2729/2729 2810/2810/2810
f 2720/2720/2720 2719/2719/2719 2533/2533/2533
f 2730/2730/2730 2539/2539/2539 2731/2731/2731
f 2804/2804/2804 2727/2727/2727 2803/2803/2803
f 2732/2732/2732 2562/2562/2562 2563/2563/2563
f 2676/2676/2676 2636/2636/2636 2678/2678/2678
f 2733/2733/2733 2563/2563/2563 2564/2564/2564
f 2820/2820/2820 2816/2816/2816 2818/2818/2818
f 2636/2636/2636 2828/2828/2828 2830/2830/2830
f 2560/2560/2560 2735/2735/2735 2559/2559/2559
f 2566/2566/2566 2737/2737/2737 2877/2877/2877
f 2679/2679/2679 2816/2816/2816 2733/2733/2733
f 2765/2765/2765 2766/2766/2766 2568/2568/2568
f 2979/2979/2979 2980/2980/2980 2962/2962/2962
f 2956/2956/2956 2589/2589/2589 2955/2955/2955
f 2738/2738/2738 2681/2681/2681 2609/2609/2609
f 2654/2654/2654 2548/2548/2548 2740/2740/2740
f 2550/2550/2550 2739/2739/2739 2549/2549/2549
f 2735/2735/2735 2683/2683/2683 2559/2559/2559
f 2642/2642/2642 2683/2683/2683 2640/2640/2640
f 2640/2640/2640 2903/2903/2903 2944/2944/2944
f 2685/2685/2685 2684/2684/2684 2610/2610/2610
f 2610/2610/2610 2943/2943/2943 2960/2960/2960
f 2611/2611/2611 2642/2642/2642 2685/2685/2685
f 2524/2524/2524 2686/2686/2686 2523/2523/2523
f 2644/2644/2644 2686/2686/2686 2645/2645/2645
f 2644/2644/2644 2687/2687/2687 2521/2521/2521
f 2688/2688/2688 2687/2687/2687 2646/2646/2646
f 2646/2646/2646 2699/2699/2699 2698/2698/2698
f 2688/2688/2688 2701/2701/2701 2671/2671/2671
f 2690/2690/2690 2689/2689/2689 2527/2527/2527
f 2650/2650/2650 2689/2689/2689 2648/2648/2648
f 2528/2528/2528 2691/2691/2691 2690/2690/2690
f 2662/2662/2662 2866/2866/2866 2692/2692/2692
f 2529/2529/2529 2691/2691/2691 2528/2528/2528
f 2662/2662/2662 2690/2690/2690 2691/2691/2691
f 2773/2773/2773 2594/2594/2594 2885/2885/2885
f 3018/3018/3018 2935/2935/2935 2910/2910/2910
f 2662/2662/2662 2693/2693/2693 2690/2690/2690
f 2693/2693/2693 2692/2692/2692 3019/3019/3019
f 2910/2910/2910 2885/2885/2885 2594/2594/2594
f 2694/2694/2694 2696/2696/2696 2695/2695/2695
f 2649/2649/2649 2694/2694/2694 2695/2695/2695
f 2696/2696/2696 2694/2694/2694 2594/2594/2594
f 2702/2702/2702 2699/2699/2699 2696/2696/2696
f 2615/2615/2615 2695/2695/2695 2696/2696/2696
f 2772/2772/2772 2863/2863/2863 2883/2883/2883
f 2701/2701/2701 2703/2703/2703 2872/2872/2872
f 2698/2698/2698 2697/2697/2697 2703/2703/2703
f 2671/2671/2671 2701/2701/2701 2633/2633/2633
f 2698/2698/2698 2699/2699/2699 2697/2697/2697
f 2646/2646/2646 2615/2615/2615 2699/2699/2699
f 2863/2863/2863 2697/2697/2697 2773/2773/2773
f 2801/2801/2801 2870/2870/2870 2869/2869/2869
f 2688/2688/2688 2698/2698/2698 2701/2701/2701
f 2701/2701/2701 2698/2698/2698 2703/2703/2703
f 2594/2594/2594 2773/2773/2773 2702/2702/2702
f 2697/2697/2697 2699/2699/2699 2702/2702/2702
f 2702/2702/2702 2773/2773/2773 2697/2697/2697
f 2703/2703/2703 2700/2700/2700 2872/2872/2872
f 2645/2645/2645 2524/2524/2524 2704/2704/2704
f 2525/2525/2525 2704/2704/2704 2524/2524/2524
f 2744/2744/2744 2595/2595/2595 2620/2620/2620
f 2959/2959/2959 2682/2682/2682 2738/2738/2738
f 3002/3002/3002 3005/3005/3005 3007/3007/3007
f 2746/2746/2746 2745/2745/2745 2741/2741/2741
f 2753/2753/2753 2656/2656/2656 2711/2711/2711
f 2753/2753/2753 2748/2748/2748 2855/2855/2855
f 2708/2708/2708 2758/2758/2758 2757/2757/2757
f 2761/2761/2761 2757/2757/2757 2759/2759/2759
f 2750/2750/2750 2709/2709/2709 2624/2624/2624
f 2622/2622/2622 2658/2658/2658 2709/2709/2709
f 2624/2624/2624 2710/2710/2710 2660/2660/2660
f 2709/2709/2709 2658/2658/2658 2752/2752/2752
f 2753/2753/2753 2711/2711/2711 2622/2622/2622
f 2656/2656/2656 2574/2574/2574 2754/2754/2754
f 2570/2570/2570 2571/2571/2571 2713/2713/2713
f 2712/2712/2712 2659/2659/2659 2714/2714/2714
f 2756/2756/2756 2657/2657/2657 2708/2708/2708
f 2659/2659/2659 2712/2712/2712 2713/2713/2713
f 2965/2965/2965 2859/2859/2859 2881/2881/2881
f 2737/2737/2737 2766/2766/2766 2860/2860/2860
f 2629/2629/2629 2768/2768/2768 2661/2661/2661
f 2715/2715/2715 2800/2800/2800 2769/2769/2769
f 2717/2717/2717 2716/2716/2716 2530/2530/2530
f 2866/2866/2866 2793/2793/2793 2625/2625/2625
f 2531/2531/2531 2532/2532/2532 2799/2799/2799
f 2717/2717/2717 2663/2663/2663 2867/2867/2867
f 2663/2663/2663 2717/2717/2717 2718/2718/2718
f 2717/2717/2717 2531/2531/2531 2799/2799/2799
f 2533/2533/2533 2534/2534/2534 2720/2720/2720
f 2718/2718/2718 2719/2719/2719 2664/2664/2664
f 2674/2674/2674 2810/2810/2810 2811/2811/2811
f 2719/2719/2719 2720/2720/2720 2813/2813/2813
f 2670/2670/2670 2721/2721/2721 2603/2603/2603
f 2586/2586/2586 2666/2666/2666 2721/2721/2721
f 2602/2602/2602 2667/2667/2667 2723/2723/2723
f 2800/2800/2800 2722/2722/2722 2669/2669/2669
f 2670/2670/2670 2801/2801/2801 2868/2868/2868
f 2669/2669/2669 2722/2722/2722 2723/2723/2723
f 2517/2517/2517 2802/2802/2802 2631/2631/2631
f 2891/2891/2891 2724/2724/2724 2605/2605/2605
f 2726/2726/2726 2725/2725/2725 2537/2537/2537
f 2672/2672/2672 2725/2725/2725 2673/2673/2673
f 2730/2730/2730 2726/2726/2726 2538/2538/2538
f 2806/2806/2806 2809/2809/2809 2808/2808/2808
f 2804/2804/2804 2673/2673/2673 2726/2726/2726
f 2804/2804/2804 2808/2808/2808 2727/2727/2727
f 2672/2672/2672 2728/2728/2728 2535/2535/2535
f 2720/2720/2720 2728/2728/2728 2674/2674/2674
f 2873/2873/2873 2812/2812/2812 2814/2814/2814
f 2674/2674/2674 2811/2811/2811 2720/2720/2720
f 2539/2539/2539 2540/2540/2540 2731/2731/2731
f 2730/2730/2730 2675/2675/2675 2805/2805/2805
f 2853/2853/2853 2879/2879/2879 2880/2880/2880
f 2675/2675/2675 2730/2730/2730 2731/2731/2731
f 2733/2733/2733 2732/2732/2732 2563/2563/2563
f 2676/2676/2676 2732/2732/2732 2677/2677/2677
f 2564/2564/2564 2679/2679/2679 2733/2733/2733
f 2679/2679/2679 2847/2847/2847 2816/2816/2816
f 2676/2676/2676 2734/2734/2734 2561/2561/2561
f 2735/2735/2735 2734/2734/2734 2678/2678/2678
f 2904/2904/2904 2829/2829/2829 2874/2874/2874
f 2735/2735/2735 2903/2903/2903 2683/2683/2683
f 2848/2848/2848 2679/2679/2679 2565/2565/2565
f 2736/2736/2736 2850/2850/2850 2849/2849/2849
f 2766/2766/2766 2567/2567/2567 2568/2568/2568
f 2737/2737/2737 2860/2860/2860 2850/2850/2850
f 2959/2959/2959 2609/2609/2609 2957/2957/2957
f 2739/2739/2739 2738/2738/2738 2682/2682/2682
f 2638/2638/2638 2739/2739/2739 2550/2550/2550
f 2739/2739/2739 2851/2851/2851 2740/2740/2740
f 2851/2851/2851 2739/2739/2739 2682/2682/2682
f 2740/2740/2740 2851/2851/2851 2743/2743/2743
f 2617/2617/2617 2618/2618/2618 2746/2746/2746
f 2878/2878/2878 3010/3010/3010 2853/2853/2853
f 2743/2743/2743 2742/2742/2742 2654/2654/2654
f 2742/2742/2742 2706/2706/2706 2744/2744/2744
f 2740/2740/2740 2743/2743/2743 2654/2654/2654
f 2743/2743/2743 2639/2639/2639 3005/3005/3005
f 2745/2745/2745 2744/2744/2744 2706/2706/2706
f 2746/2746/2746 2744/2744/2744 2745/2745/2745
f 2745/2745/2745 2706/2706/2706 3002/3002/3002
f 2741/2741/2741 2745/2745/2745 2705/2705/2705
f 2746/2746/2746 2741/2741/2741 2852/2852/2852
f 2595/2595/2595 2744/2744/2744 2746/2746/2746
f 2708/2708/2708 2747/2747/2747 2599/2599/2599
f 2621/2621/2621 2707/2707/2707 2747/2747/2747
f 2750/2750/2750 2857/2857/2857 2709/2709/2709
f 2751/2751/2751 2858/2858/2858 2856/2856/2856
f 3014/3014/3014 3015/3015/3015 3016/3016/3016
f 2785/2785/2785 2790/2790/2790 3015/3015/3015
f 2715/2715/2715 2750/2750/2750 2624/2624/2624
f 2600/2600/2600 2751/2751/2751 2750/2750/2750
f 2600/2600/2600 2769/2769/2769 2776/2776/2776
f 2762/2762/2762 2763/2763/2763 2760/2760/2760
f 2577/2577/2577 2710/2710/2710 2752/2752/2752
f 2709/2709/2709 2752/2752/2752 2710/2710/2710
f 2748/2748/2748 2753/2753/2753 2622/2622/2622
f 2656/2656/2656 2753/2753/2753 2707/2707/2707
f 2574/2574/2574 2575/2575/2575 2754/2754/2754
f 2755/2755/2755 2575/2575/2575 2576/2576/2576
f 2711/2711/2711 2754/2754/2754 2755/2755/2755
f 2575/2575/2575 2755/2755/2755 2754/2754/2754
f 2756/2756/2756 2708/2708/2708 2757/2757/2757
f 2764/2764/2764 2761/2761/2761 2659/2659/2659
f 2758/2758/2758 2708/2708/2708 2599/2599/2599
f 2759/2759/2759 2757/2757/2757 2749/2749/2749
f 2762/2762/2762 2760/2760/2760 2758/2758/2758
f 2749/2749/2749 2757/2757/2757 2758/2758/2758
f 3014/3014/3014 3012/3012/3012 3013/3013/3013
f 2761/2761/2761 2759/2759/2759 2623/2623/2623
f 2758/2758/2758 2760/2760/2760 3013/3013/3013
f 2758/2758/2758 2599/2599/2599 2762/2762/2762
f 2966/2966/2966 2761/2761/2761 2623/2623/2623
f 2659/2659/2659 2713/2713/2713 2764/2764/2764
f 2855/2855/2855 2762/2762/2762 2599/2599/2599
f 2748/2748/2748 2856/2856/2856 2858/2858/2858
f 2600/2600/2600 2776/2776/2776 2778/2778/2778
f 2760/2760/2760 2763/2763/2763 2784/2784/2784
f 2713/2713/2713 2756/2756/2756 2764/2764/2764
f 2757/2757/2757 2764/2764/2764 2756/2756/2756
f 2712/2712/2712 2765/2765/2765 2569/2569/2569
f 2766/2766/2766 2765/2765/2765 2714/2714/2714
f 2766/2766/2766 2714/2714/2714 2881/2881/2881
f 2737/2737/2737 2567/2567/2567 2766/2766/2766
f 2768/2768/2768 2767/2767/2767 2661/2661/2661
f 2715/2715/2715 2624/2624/2624 2767/2767/2767
f 2722/2722/2722 2768/2768/2768 2629/2629/2629
f 2767/2767/2767 2768/2768/2768 2715/2715/2715
f 2780/2780/2780 2769/2769/2769 2669/2669/2669
f 2600/2600/2600 2778/2778/2778 2751/2751/2751
f 2772/2772/2772 2882/2882/2882 2700/2700/2700
f 2772/2772/2772 2700/2700/2700 2703/2703/2703
f 2948/2948/2948 3021/3021/3021 3020/3020/3020
f 2782/2782/2782 2783/2783/2783 2785/2785/2785
f 2697/2697/2697 2772/2772/2772 2703/2703/2703
f 2861/2861/2861 2882/2882/2882 2883/2883/2883
f 2694/2694/2694 2616/2616/2616 2910/2910/2910
f 2863/2863/2863 2773/2773/2773 2771/2771/2771
f 2776/2776/2776 2769/2769/2769 2777/2777/2777
f 2779/2779/2779 2774/2774/2774 2777/2777/2777
f 2868/2868/2868 2869/2869/2869 2723/2723/2723
f 2779/2779/2779 2777/2777/2777 2775/2775/2775
f 2769/2769/2769 2780/2780/2780 2777/2777/2777
f 2776/2776/2776 2774/2774/2774 2778/2778/2778
f 2775/2775/2775 2893/2893/2893 2779/2779/2779
f 2774/2774/2774 2776/2776/2776 2777/2777/2777
f 2784/2784/2784 2778/2778/2778 2774/2774/2774
f 2858/2858/2858 2778/2778/2778 2763/2763/2763
f 2783/2783/2783 2779/2779/2779 2770/2770/2770
f 2784/2784/2784 2782/2782/2782 2585/2585/2585
f 2894/2894/2894 2669/2669/2669 2869/2869/2869
f 2777/2777/2777 2780/2780/2780 2775/2775/2775
f 2886/2886/2886 2887/2887/2887 2786/2786/2786
f 2781/2781/2781 2790/2790/2790 2785/2785/2785
f 2774/2774/2774 2779/2779/2779 2782/2782/2782
f 2782/2782/2782 2779/2779/2779 2783/2783/2783
f 2786/2786/2786 2783/2783/2783 2770/2770/2770
f 2783/2783/2783 2781/2781/2781 2785/2785/2785
f 2760/2760/2760 2784/2784/2784 2585/2585/2585
f 2784/2784/2784 2763/2763/2763 2778/2778/2778
f 2788/2788/2788 2790/2790/2790 2865/2865/2865
f 2585/2585/2585 2782/2782/2782 2785/2785/2785
f 2884/2884/2884 2770/2770/2770 2893/2893/2893
f 2786/2786/2786 2771/2771/2771 2886/2886/2886
f 2796/2796/2796 2876/2876/2876 2932/2932/2932
f 2917/2917/2917 2918/2918/2918 3016/3016/3016
f 2790/2790/2790 2781/2781/2781 2865/2865/2865
f 2787/2787/2787 2918/2918/2918 2917/2917/2917
f 2791/2791/2791 2749/2749/2749 3012/3012/3012
f 2968/2968/2968 2791/2791/2791 2982/2982/2982
f 2781/2781/2781 2887/2887/2887 2865/2865/2865
f 3016/3016/3016 3015/3015/3015 2788/2788/2788
f 2749/2749/2749 2791/2791/2791 2759/2759/2759
f 2789/2789/2789 2982/2982/2982 2791/2791/2791
f 2691/2691/2691 2792/2792/2792 2662/2662/2662
f 2529/2529/2529 2716/2716/2716 2792/2792/2792
f 2716/2716/2716 2867/2867/2867 2793/2793/2793
f 2663/2663/2663 2718/2718/2718 2795/2795/2795
f 2664/2664/2664 2814/2814/2814 2815/2815/2815
f 2794/2794/2794 2626/2626/2626 2795/2795/2795
f 2906/2906/2906 2933/2933/2933 2922/2922/2922
f 2663/2663/2663 2795/2795/2795 2797/2797/2797
f 2932/2932/2932 2928/2928/2928 2796/2796/2796
f 2930/2930/2930 2793/2793/2793 2797/2797/2797
f 2798/2798/2798 2797/2797/2797 2795/2795/2795
f 2929/2929/2929 2930/2930/2930 2931/2931/2931
f 2876/2876/2876 2875/2875/2875 2907/2907/2907
f 2798/2798/2798 2796/2796/2796 2931/2931/2931
f 2719/2719/2719 2799/2799/2799 2532/2532/2532
f 2717/2717/2717 2799/2799/2799 2718/2718/2718
f 2769/2769/2769 2800/2800/2800 2669/2669/2669
f 2768/2768/2768 2800/2800/2800 2715/2715/2715
f 2700/2700/2700 2892/2892/2892 2872/2872/2872
f 2869/2869/2869 2669/2669/2669 2723/2723/2723
f 2671/2671/2671 2802/2802/2802 2518/2518/2518
f 2871/2871/2871 2802/2802/2802 2633/2633/2633
f 2804/2804/2804 2803/2803/2803 2673/2673/2673
f 2961/2961/2961 2803/2803/2803 2727/2727/2727
f 2726/2726/2726 2805/2805/2805 2804/2804/2804
f 2805/2805/2805 2806/2806/2806 2804/2804/2804
f 2730/2730/2730 2805/2805/2805 2726/2726/2726
f 2806/2806/2806 2805/2805/2805 2675/2675/2675
f 2675/2675/2675 2879/2879/2879 2854/2854/2854
f 2635/2635/2635 2809/2809/2809 2806/2806/2806
f 3003/3003/3003 2988/2988/2988 2989/2989/2989
f 2898/2898/2898 2900/2900/2900 2896/2896/2896
f 2806/2806/2806 2808/2808/2808 2804/2804/2804
f 2986/2986/2986 2808/2808/2808 2807/2807/2807
f 2989/2989/2989 2988/2988/2988 2990/2990/2990
f 2808/2808/2808 2809/2809/2809 2807/2807/2807
f 2961/2961/2961 2810/2810/2810 2634/2634/2634
f 2811/2811/2811 2810/2810/2810 2729/2729/2729
f 2814/2814/2814 2811/2811/2811 2873/2873/2873
f 2719/2719/2719 2813/2813/2813 2664/2664/2664
f 2895/2895/2895 2606/2606/2606 2898/2898/2898
f 2844/2844/2844 2842/2842/2842 2833/2833/2833
f 2720/2720/2720 2811/2811/2811 2813/2813/2813
f 2814/2814/2814 2813/2813/2813 2811/2811/2811
f 2873/2873/2873 2811/2811/2811 2729/2729/2729
f 2941/2941/2941 2909/2909/2909 2812/2812/2812
f 2664/2664/2664 2815/2815/2815 2794/2794/2794
f 2812/2812/2812 2815/2815/2815 2814/2814/2814
f 2816/2816/2816 2637/2637/2637 2818/2818/2818
f 2733/2733/2733 2816/2816/2816 2820/2820/2820
f 2637/2637/2637 2963/2963/2963 2821/2821/2821
f 2819/2819/2819 2826/2826/2826 2821/2821/2821
f 2847/2847/2847 2736/2736/2736 2963/2963/2963
f 2818/2818/2818 2817/2817/2817 2820/2820/2820
f 2823/2823/2823 2822/2822/2822 2832/2832/2832
f 2817/2817/2817 2818/2818/2818 2821/2821/2821
f 2824/2824/2824 2820/2820/2820 2817/2817/2817
f 2636/2636/2636 2677/2677/2677 2825/2825/2825
f 2637/2637/2637 2821/2821/2821 2818/2818/2818
f 2823/2823/2823 2821/2821/2821 2826/2826/2826
f 2826/2826/2826 2822/2822/2822 2823/2823/2823
f 2843/2843/2843 2822/2822/2822 2826/2826/2826
f 2833/2833/2833 2827/2827/2827 2832/2832/2832
f 2834/2834/2834 2823/2823/2823 2832/2832/2832
f 2834/2834/2834 2817/2817/2817 2823/2823/2823
f 2828/2828/2828 2824/2824/2824 2607/2607/2607
f 2677/2677/2677 2820/2820/2820 2825/2825/2825
f 2824/2824/2824 2825/2825/2825 2820/2820/2820
f 2819/2819/2819 2831/2831/2831 2826/2826/2826
f 2836/2836/2836 2844/2844/2844 2846/2846/2846
f 2897/2897/2897 2902/2902/2902 2587/2587/2587
f 2834/2834/2834 2607/2607/2607 2824/2824/2824
f 2607/2607/2607 2829/2829/2829 2830/2830/2830
f 2825/2825/2825 2828/2828/2828 2636/2636/2636
f 2987/2987/2987 3032/3032/3032 2827/2827/2827
f 2874/2874/2874 2924/2924/2924 2925/2925/2925
f 2607/2607/2607 2830/2830/2830 2828/2828/2828
f 2830/2830/2830 2829/2829/2829 2904/2904/2904
f 2831/2831/2831 2819/2819/2819 2963/2963/2963
f 2838/2838/2838 2831/2831/2831 2608/2608/2608
f 2833/2833/2833 2832/2832/2832 2822/2822/2822
f 2834/2834/2834 2832/2832/2832 2827/2827/2827
f 2822/2822/2822 2843/2843/2843 2844/2844/2844
f 2833/2833/2833 2587/2587/2587 3026/3026/3026
f 2827/2827/2827 3027/3027/3027 3029/3029/3029
f 2834/2834/2834 2824/2824/2824 2817/2817/2817
f 2838/2838/2838 2841/2841/2841 2837/2837/2837
f 2798/2798/2798 2876/2876/2876 2796/2796/2796
f 2873/2873/2873 2919/2919/2919 2812/2812/2812
f 2940/2940/2940 2919/2919/2919 2873/2873/2873
f 2838/2838/2838 2826/2826/2826 2831/2831/2831
f 2838/2838/2838 2840/2840/2840 2841/2841/2841
f 2838/2838/2838 2608/2608/2608 3024/3024/3024
f 2838/2838/2838 2837/2837/2837 2843/2843/2843
f 2838/2838/2838 3024/3024/3024 2840/2840/2840
f 2939/2939/2939 2889/2889/2889 2938/2938/2938
f 3025/3025/3025 2849/2849/2849 2680/2680/2680
f 2846/2846/2846 2845/2845/2845 2835/2835/2835
f 2977/2977/2977 2927/2927/2927 2839/2839/2839
f 2837/2837/2837 2841/2841/2841 2845/2845/2845
f 2844/2844/2844 2833/2833/2833 2822/2822/2822
f 2920/2920/2920 2897/2897/2897 2836/2836/2836
f 2838/2838/2838 2843/2843/2843 2826/2826/2826
f 2844/2844/2844 2843/2843/2843 2837/2837/2837
f 2846/2846/2846 2844/2844/2844 2837/2837/2837
f 2844/2844/2844 2836/2836/2836 2842/2842/2842
f 2927/2927/2927 2841/2841/2841 2840/2840/2840
f 2907/2907/2907 3023/3023/3023 2952/2952/2952
f 2845/2845/2845 2846/2846/2846 2837/2837/2837
f 2846/2846/2846 2835/2835/2835 2921/2921/2921
f 2848/2848/2848 2847/2847/2847 2679/2679/2679
f 2963/2963/2963 2736/2736/2736 2849/2849/2849
f 2566/2566/2566 2848/2848/2848 2565/2565/2565
f 2847/2847/2847 2848/2848/2848 2736/2736/2736
f 2680/2680/2680 2971/2971/2971 3025/3025/3025
f 2608/2608/2608 2831/2831/2831 2963/2963/2963
f 2849/2849/2849 2850/2850/2850 2680/2680/2680
f 2877/2877/2877 2736/2736/2736 2848/2848/2848
f 2959/2959/2959 2851/2851/2851 2682/2682/2682
f 2743/2743/2743 2851/2851/2851 2639/2639/2639
f 2746/2746/2746 2852/2852/2852 2617/2617/2617
f 2880/2880/2880 2852/2852/2852 2741/2741/2741
f 2806/2806/2806 2854/2854/2854 2635/2635/2635
f 2731/2731/2731 2879/2879/2879 2675/2675/2675
f 2675/2675/2675 2854/2854/2854 2806/2806/2806
f 2964/2964/2964 2854/2854/2854 2853/2853/2853
f 2753/2753/2753 2855/2855/2855 2707/2707/2707
f 2762/2762/2762 2855/2855/2855 2748/2748/2748
f 2748/2748/2748 2622/2622/2622 2856/2856/2856
f 2857/2857/2857 2622/2622/2622 2709/2709/2709
f 2751/2751/2751 2857/2857/2857 2750/2750/2750
f 2622/2622/2622 2857/2857/2857 2856/2856/2856
f 2778/2778/2778 2858/2858/2858 2751/2751/2751
f 2762/2762/2762 2858/2858/2858 2763/2763/2763
f 2965/2965/2965 2714/2714/2714 2659/2659/2659
f 2967/2967/2967 2970/2970/2970 2969/2969/2969
f 2881/2881/2881 2860/2860/2860 2766/2766/2766
f 2971/2971/2971 2860/2860/2860 2859/2859/2859
f 2770/2770/2770 2779/2779/2779 2893/2893/2893
f 2890/2890/2890 2861/2861/2861 2870/2870/2870
f 2929/2929/2929 2796/2796/2796 2928/2928/2928
f 2936/2936/2936 2773/2773/2773 2885/2885/2885
f 2883/2883/2883 2863/2863/2863 2771/2771/2771
f 2697/2697/2697 2863/2863/2863 2772/2772/2772
f 2936/2936/2936 2911/2911/2911 2912/2912/2912
f 2913/2913/2913 2865/2865/2865 2864/2864/2864
f 2913/2913/2913 2864/2864/2864 2914/2914/2914
f 2788/2788/2788 2865/2865/2865 2889/2889/2889
f 2866/2866/2866 2625/2625/2625 3020/3020/3020
f 2662/2662/2662 2793/2793/2793 2866/2866/2866
f 2717/2717/2717 2867/2867/2867 2716/2716/2716
f 2797/2797/2797 2867/2867/2867 2663/2663/2663
f 2670/2670/2670 2868/2868/2868 2586/2586/2586
f 2868/2868/2868 2801/2801/2801 2869/2869/2869
f 2801/2801/2801 2890/2890/2890 2870/2870/2870
f 2894/2894/2894 2780/2780/2780 2669/2669/2669
f 2861/2861/2861 2884/2884/2884 2893/2893/2893
f 2894/2894/2894 2870/2870/2870 2893/2893/2893
f 2872/2872/2872 2871/2871/2871 2633/2633/2633
f 2724/2724/2724 2871/2871/2871 2605/2605/2605
f 2701/2701/2701 2872/2872/2872 2633/2633/2633
f 2890/2890/2890 2891/2891/2891 2892/2892/2892
f 2729/2729/2729 2895/2895/2895 2873/2873/2873
f 2940/2940/2940 2895/2895/2895 2898/2898/2898
f 2874/2874/2874 2829/2829/2829 2924/2924/2924
f 2684/2684/2684 2640/2640/2640 2944/2944/2944
f 2835/2835/2835 2845/2845/2845 2906/2906/2906
f 2845/2845/2845 2945/2945/2945 2906/2906/2906
f 2798/2798/2798 2626/2626/2626 2876/2876/2876
f 2626/2626/2626 2815/2815/2815 2909/2909/2909
f 2850/2850/2850 2877/2877/2877 2737/2737/2737
f 2848/2848/2848 2566/2566/2566 2877/2877/2877
f 2878/2878/2878 2705/2705/2705 3010/3010/3010
f 2880/2880/2880 2878/2878/2878 2853/2853/2853
f 2880/2880/2880 2731/2731/2731 2651/2651/2651
f 2854/2854/2854 2879/2879/2879 2853/2853/2853
f 2731/2731/2731 2880/2880/2880 2879/2879/2879
f 2852/2852/2852 2880/2880/2880 2651/2651/2651
f 2965/2965/2965 2881/2881/2881 2714/2714/2714
f 2860/2860/2860 2881/2881/2881 2859/2859/2859
f 2883/2883/2883 2882/2882/2882 2772/2772/2772
f 2890/2890/2890 2882/2882/2882 2861/2861/2861
f 2771/2771/2771 2786/2786/2786 2883/2883/2883
f 2884/2884/2884 2786/2786/2786 2770/2770/2770
f 2861/2861/2861 2883/2883/2883 2884/2884/2884
f 2786/2786/2786 2884/2884/2884 2883/2883/2883
f 2910/2910/2910 2594/2594/2594 2694/2694/2694
f 2911/2911/2911 2885/2885/2885 2862/2862/2862
f 2912/2912/2912 2886/2886/2886 2771/2771/2771
f 2887/2887/2887 2886/2886/2886 2864/2864/2864
f 2865/2865/2865 2887/2887/2887 2864/2864/2864
f 2887/2887/2887 2781/2781/2781 2783/2783/2783
f 2625/2625/2625 2929/2929/2929 2949/2949/2949
f 2889/2889/2889 2915/2915/2915 2938/2938/2938
f 2915/2915/2915 2865/2865/2865 2913/2913/2913
f 2865/2865/2865 2915/2915/2915 2889/2889/2889
f 2891/2891/2891 2890/2890/2890 2801/2801/2801
f 2882/2882/2882 2890/2890/2890 2700/2700/2700
f 2670/2670/2670 2891/2891/2891 2801/2801/2801
f 2892/2892/2892 2605/2605/2605 2872/2872/2872
f 2890/2890/2890 2892/2892/2892 2700/2700/2700
f 2605/2605/2605 2892/2892/2892 2891/2891/2891
f 2894/2894/2894 2893/2893/2893 2775/2775/2775
f 2893/2893/2893 2870/2870/2870 2861/2861/2861
f 2780/2780/2780 2894/2894/2894 2775/2775/2775
f 2869/2869/2869 2870/2870/2870 2894/2894/2894
f 2961/2961/2961 2895/2895/2895 2729/2729/2729
f 2899/2899/2899 2900/2900/2900 2606/2606/2606
f 2842/2842/2842 2897/2897/2897 2587/2587/2587
f 2896/2896/2896 2920/2920/2920 2919/2919/2919
f 2836/2836/2836 2897/2897/2897 2842/2842/2842
f 2900/2900/2900 2901/2901/2901 2902/2902/2902
f 2961/2961/2961 2986/2986/2986 2606/2606/2606
f 2898/2898/2898 2896/2896/2896 2919/2919/2919
f 2989/2989/2989 2807/2807/2807 2809/2809/2809
f 2897/2897/2897 2896/2896/2896 2902/2902/2902
f 2606/2606/2606 2900/2900/2900 2898/2898/2898
f 2899/2899/2899 2901/2901/2901 2900/2900/2900
f 2989/2989/2989 2990/2990/2990 2807/2807/2807
f 2942/2942/2942 2943/2943/2943 2925/2925/2925
f 2900/2900/2900 2902/2902/2902 2896/2896/2896
f 2587/2587/2587 2902/2902/2902 2901/2901/2901
f 2904/2904/2904 2903/2903/2903 2735/2735/2735
f 2944/2944/2944 2903/2903/2903 2874/2874/2874
f 2904/2904/2904 2678/2678/2678 2830/2830/2830
f 2903/2903/2903 2904/2904/2904 2874/2874/2874
f 3029/3029/3029 3030/3030/3030 2607/2607/2607
f 2992/2992/2992 2901/2901/2901 2899/2899/2899
f 2927/2927/2927 2845/2845/2845 2841/2841/2841
f 2906/2906/2906 2875/2875/2875 2933/2933/2933
f 3023/3023/3023 2946/2946/2946 2952/2952/2952
f 2907/2907/2907 2601/2601/2601 2928/2928/2928
f 2920/2920/2920 2923/2923/2923 2919/2919/2919
f 2876/2876/2876 2908/2908/2908 2933/2933/2933
f 2812/2812/2812 2909/2909/2909 2815/2815/2815
f 2876/2876/2876 2909/2909/2909 2908/2908/2908
f 2616/2616/2616 2650/2650/2650 2934/2934/2934
f 2862/2862/2862 2885/2885/2885 2935/2935/2935
f 3022/3022/3022 2862/2862/2862 3021/3021/3021
f 2864/2864/2864 2886/2886/2886 2912/2912/2912
f 2936/2936/2936 2771/2771/2771 2773/2773/2773
f 2864/2864/2864 2912/2912/2912 2911/2911/2911
f 2914/2914/2914 2864/2864/2864 2911/2911/2911
f 2913/2913/2913 2888/2888/2888 2915/2915/2915
f 2862/2862/2862 2914/2914/2914 2911/2911/2911
f 2888/2888/2888 2913/2913/2913 2914/2914/2914
f 2888/2888/2888 2916/2916/2916 2915/2915/2915
f 2950/2950/2950 2938/2938/2938 2916/2916/2916
f 2949/2949/2949 2929/2929/2929 2947/2947/2947
f 2601/2601/2601 2950/2950/2950 2916/2916/2916
f 2787/2787/2787 2983/2983/2983 2918/2918/2918
f 2788/2788/2788 2889/2889/2889 2917/2917/2917
f 3012/3012/3012 2918/2918/2918 2789/2789/2789
f 2585/2585/2585 3014/3014/3014 2760/2760/2760
f 2896/2896/2896 2897/2897/2897 2920/2920/2920
f 2919/2919/2919 2923/2923/2923 2812/2812/2812
f 2836/2836/2836 2921/2921/2921 2920/2920/2920
f 2921/2921/2921 2835/2835/2835 2922/2922/2922
f 2846/2846/2846 2921/2921/2921 2836/2836/2836
f 2835/2835/2835 2906/2906/2906 2922/2922/2922
f 2941/2941/2941 2922/2922/2922 2908/2908/2908
f 2921/2921/2921 2922/2922/2922 2923/2923/2923
f 2921/2921/2921 2923/2923/2923 2920/2920/2920
f 2923/2923/2923 2922/2922/2922 2941/2941/2941
f 2607/2607/2607 3030/3030/3030 2829/2829/2829
f 2925/2925/2925 2924/2924/2924 2905/2905/2905
f 2942/2942/2942 2925/2925/2925 2905/2905/2905
f 2610/2610/2610 2684/2684/2684 2944/2944/2944
f 2946/2946/2946 2977/2977/2977 2975/2975/2975
f 2945/2945/2945 3023/3023/3023 2906/2906/2906
f 2839/2839/2839 2927/2927/2927 2840/2840/2840
f 2927/2927/2927 2926/2926/2926 2945/2945/2945
f 2916/2916/2916 2947/2947/2947 2601/2601/2601
f 2793/2793/2793 2930/2930/2930 2625/2625/2625
f 2928/2928/2928 2947/2947/2947 2929/2929/2929
f 2947/2947/2947 2953/2953/2953 2949/2949/2949
f 2931/2931/2931 2930/2930/2930 2797/2797/2797
f 2625/2625/2625 2930/2930/2930 2929/2929/2929
f 2798/2798/2798 2931/2931/2931 2797/2797/2797
f 2929/2929/2929 2931/2931/2931 2796/2796/2796
f 2876/2876/2876 2907/2907/2907 2932/2932/2932
f 2928/2928/2928 2932/2932/2932 2907/2907/2907
f 2876/2876/2876 2933/2933/2933 2875/2875/2875
f 2922/2922/2922 2933/2933/2933 2908/2908/2908
f 3019/3019/3019 2648/2648/2648 2693/2693/2693
f 3019/3019/3019 3017/3017/3017 3018/3018/3018
f 2885/2885/2885 2910/2910/2910 2935/2935/2935
f 3018/3018/3018 2910/2910/2910 2934/2934/2934
f 2911/2911/2911 2936/2936/2936 2885/2885/2885
f 2771/2771/2771 2936/2936/2936 2912/2912/2912
f 2952/2952/2952 2601/2601/2601 2907/2907/2907
f 2974/2974/2974 2973/2973/2973 2787/2787/2787
f 2916/2916/2916 2938/2938/2938 2915/2915/2915
f 2939/2939/2939 2938/2938/2938 2937/2937/2937
f 2939/2939/2939 2937/2937/2937 2974/2974/2974
f 2939/2939/2939 2787/2787/2787 2917/2917/2917
f 2895/2895/2895 2940/2940/2940 2873/2873/2873
f 2898/2898/2898 2919/2919/2919 2940/2940/2940
f 2909/2909/2909 2941/2941/2941 2908/2908/2908
f 2923/2923/2923 2941/2941/2941 2812/2812/2812
f 3035/3035/3035 3001/3001/3001 2905/2905/2905
f 2943/2943/2943 2942/2942/2942 2588/2588/2588
f 2588/2588/2588 2951/2951/2951 2943/2943/2943
f 2956/2956/2956 2951/2951/2951 2609/2609/2609
f 2874/2874/2874 2925/2925/2925 2944/2944/2944
f 2944/2944/2944 2925/2925/2925 2610/2610/2610
f 2927/2927/2927 2945/2945/2945 2845/2845/2845
f 2945/2945/2945 2926/2926/2926 3023/3023/3023
f 2927/2927/2927 2977/2977/2977 2926/2926/2926
f 2946/2946/2946 2975/2975/2975 2950/2950/2950
f 2601/2601/2601 2947/2947/2947 2928/2928/2928
f 2953/2953/2953 2916/2916/2916 2888/2888/2888
f 3022/3022/3022 2888/2888/2888 2914/2914/2914
f 3018/3018/3018 2862/2862/2862 2935/2935/2935
f 2953/2953/2953 2947/2947/2947 2916/2916/2916
f 2625/2625/2625 2949/2949/2949 2948/2948/2948
f 2950/2950/2950 2601/2601/2601 2952/2952/2952
f 2938/2938/2938 2950/2950/2950 2937/2937/2937
f 2958/2958/2958 2957/2957/2957 2951/2951/2951
f 2609/2609/2609 2681/2681/2681 2956/2956/2956
f 3023/3023/3023 2907/2907/2907 2875/2875/2875
f 2950/2950/2950 2952/2952/2952 2946/2946/2946
f 3022/3022/3022 2953/2953/2953 2888/2888/2888
f 2949/2949/2949 2953/2953/2953 2948/2948/2948
f 3009/3009/3009 2993/2993/2993 2994/2994/2994
f 3002/3002/3002 2998/2998/2998 2705/2705/2705
f 2589/2589/2589 2612/2612/2612 2955/2955/2955
f 2951/2951/2951 2955/2955/2955 2960/2960/2960
f 2613/2613/2613 2956/2956/2956 2681/2681/2681
f 2951/2951/2951 2956/2956/2956 2955/2955/2955
f 2958/2958/2958 2951/2951/2951 2588/2588/2588
f 2957/2957/2957 2954/2954/2954 2959/2959/2959
f 2942/2942/2942 3001/3001/3001 2588/2588/2588
f 2954/2954/2954 2957/2957/2957 2958/2958/2958
f 3006/3006/3006 2959/2959/2959 2954/2954/2954
f 2851/2851/2851 2959/2959/2959 2639/2639/2639
f 2951/2951/2951 2960/2960/2960 2943/2943/2943
f 2685/2685/2685 2960/2960/2960 2955/2955/2955
f 2961/2961/2961 2606/2606/2606 2895/2895/2895
f 2803/2803/2803 2961/2961/2961 2634/2634/2634
f 2970/2970/2970 2971/2971/2971 2859/2859/2859
f 2965/2965/2965 2969/2969/2969 2859/2859/2859
f 2847/2847/2847 2963/2963/2963 2637/2637/2637
f 2963/2963/2963 2849/2849/2849 2608/2608/2608
f 3007/3007/3007 2998/2998/2998 3002/3002/3002
f 2964/2964/2964 2996/2996/2996 2991/2991/2991
f 2966/2966/2966 2659/2659/2659 2761/2761/2761
f 2969/2969/2969 2965/2965/2965 2981/2981/2981
f 2623/2623/2623 2972/2972/2972 2981/2981/2981
f 2659/2659/2659 2966/2966/2966 2965/2965/2965
f 2791/2791/2791 2968/2968/2968 2972/2972/2972
f 2970/2970/2970 2979/2979/2979 2962/2962/2962
f 2982/2982/2982 2983/2983/2983 2973/2973/2973
f 2982/2982/2982 2984/2984/2984 2968/2968/2968
f 2981/2981/2981 2965/2965/2965 2966/2966/2966
f 2979/2979/2979 2967/2967/2967 2985/2985/2985
f 2971/2971/2971 2970/2970/2970 2962/2962/2962
f 2859/2859/2859 2969/2969/2969 2970/2970/2970
f 2971/2971/2971 2962/2962/2962 3025/3025/3025
f 2971/2971/2971 2680/2680/2680 2860/2860/2860
f 2967/2967/2967 2969/2969/2969 2981/2981/2981
f 2791/2791/2791 2972/2972/2972 2623/2623/2623
f 2787/2787/2787 2939/2939/2939 2974/2974/2974
f 2984/2984/2984 2978/2978/2978 2985/2985/2985
f 2975/2975/2975 2974/2974/2974 2937/2937/2937
f 2973/2973/2973 2974/2974/2974 2976/2976/2976
f 2950/2950/2950 2975/2975/2975 2937/2937/2937
f 2926/2926/2926 2977/2977/2977 2946/2946/2946
f 2976/2976/2976 2839/2839/2839 2984/2984/2984
f 2974/2974/2974 2975/2975/2975 2976/2976/2976
f 2839/2839/2839 2976/2976/2976 2977/2977/2977
f 2977/2977/2977 2976/2976/2976 2975/2975/2975
f 2839/2839/2839 2840/2840/2840 2980/2980/2980
f 2985/2985/2985 2978/2978/2978 2979/2979/2979
f 2967/2967/2967 2979/2979/2979 2970/2970/2970
f 2980/2980/2980 2979/2979/2979 2978/2978/2978
f 2839/2839/2839 2980/2980/2980 2978/2978/2978
f 2980/2980/2980 2840/2840/2840 3024/3024/3024
f 2623/2623/2623 2981/2981/2981 2966/2966/2966
f 2967/2967/2967 2981/2981/2981 2972/2972/2972
f 2983/2983/2983 2982/2982/2982 2789/2789/2789
f 2984/2984/2984 2982/2982/2982 2973/2973/2973
f 2918/2918/2918 2983/2983/2983 2789/2789/2789
f 2787/2787/2787 2973/2973/2973 2983/2983/2983
f 2976/2976/2976 2984/2984/2984 2973/2973/2973
f 2839/2839/2839 2978/2978/2978 2984/2984/2984
f 2972/2972/2972 2985/2985/2985 2967/2967/2967
f 2984/2984/2984 2985/2985/2985 2968/2968/2968
f 2986/2986/2986 2727/2727/2727 2808/2808/2808
f 2899/2899/2899 2606/2606/2606 2986/2986/2986
f 2899/2899/2899 2990/2990/2990 2992/2992/2992
f 2607/2607/2607 2834/2834/2834 3029/3029/3029
f 2991/2991/2991 2989/2989/2989 2635/2635/2635
f 2991/2991/2991 2996/2996/2996 3003/3003/3003
f 2809/2809/2809 2635/2635/2635 2989/2989/2989
f 2991/2991/2991 2635/2635/2635 2964/2964/2964
f 2990/2990/2990 2988/2988/2988 2992/2992/2992
f 2807/2807/2807 2990/2990/2990 2899/2899/2899
f 2964/2964/2964 2998/2998/2998 2996/2996/2996
f 2989/2989/2989 2991/2991/2991 3003/3003/3003
f 2999/2999/2999 3000/3000/3000 3004/3004/3004
f 2995/2995/2995 2987/2987/2987 3026/3026/3026
f 2958/2958/2958 2994/2994/2994 2954/2954/2954
f 2588/2588/2588 3001/3001/3001 2994/2994/2994
f 2588/2588/2588 2994/2994/2994 2958/2958/2958
f 3008/3008/3008 2996/2996/2996 2998/2998/2998
f 2901/2901/2901 2992/2992/2992 2995/2995/2995
f 3004/3004/3004 2992/2992/2992 2988/2988/2988
f 2998/2998/2998 2964/2964/2964 3010/3010/3010
f 2996/2996/2996 2993/2993/2993 2999/2999/2999
f 3028/3028/3028 2905/2905/2905 2924/2924/2924
f 2995/2995/2995 2992/2992/2992 3004/3004/3004
f 2745/2745/2745 3002/3002/3002 2705/2705/2705
f 2996/2996/2996 3008/3008/3008 2993/2993/2993
f 3034/3034/3034 2993/2993/2993 3009/3009/3009
f 2995/2995/2995 3000/3000/3000 2987/2987/2987
f 3033/3033/3033 2999/2999/2999 3034/3034/3034
f 3035/3035/3035 3031/3031/3031 3033/3033/3033
f 2905/2905/2905 3001/3001/3001 2942/2942/2942
f 3001/3001/3001 2997/2997/2997 3009/3009/3009
f 2706/2706/2706 3005/3005/3005 3002/3002/3002
f 3005/3005/3005 2639/2639/2639 3006/3006/3006
f 2996/2996/2996 2999/2999/2999 3003/3003/3003
f 2988/2988/2988 3003/3003/3003 2999/2999/2999
f 2999/2999/2999 3004/3004/3004 2988/2988/2988
f 2995/2995/2995 3004/3004/3004 3000/3000/3000
f 2743/2743/2743 3005/3005/3005 2706/2706/2706
f 2639/2639/2639 2959/2959/2959 3006/3006/3006
f 2954/2954/2954 2994/2994/2994 3011/3011/3011
f 3005/3005/3005 3006/3006/3006 3007/3007/3007
f 3011/3011/3011 3006/3006/3006 2954/2954/2954
f 3008/3008/3008 2994/2994/2994 2993/2993/2993
f 2998/2998/2998 3007/3007/3007 3008/3008/3008
f 3008/3008/3008 3007/3007/3007 3011/3011/3011
f 3001/3001/3001 3009/3009/3009 2994/2994/2994
f 3034/3034/3034 2997/2997/2997 3033/3033/3033
f 3010/3010/3010 2964/2964/2964 2853/2853/2853
f 2705/2705/2705 2998/2998/2998 3010/3010/3010
f 3008/3008/3008 3011/3011/3011 2994/2994/2994
f 3006/3006/3006 3011/3011/3011 3007/3007/3007
f 2791/2791/2791 3012/3012/3012 2789/2789/2789
f 3013/3013/3013 3012/3012/3012 2749/2749/2749
f 2758/2758/2758 3013/3013/3013 2749/2749/2749
f 3013/3013/3013 2760/2760/2760 3014/3014/3014
f 2785/2785/2785 3015/3015/3015 2585/2585/2585
f 3014/3014/3014 2918/2918/2918 3012/3012/3012
f 2788/2788/2788 3015/3015/3015 2790/2790/2790
f 2585/2585/2585 3015/3015/3015 3014/3014/3014
f 2917/2917/2917 3016/3016/3016 2788/2788/2788
f 3014/3014/3014 3016/3016/3016 2918/2918/2918
f 3017/3017/3017 3019/3019/3019 3020/3020/3020
f 3021/3021/3021 3017/3017/3017 3020/3020/3020
f 3019/3019/3019 3018/3018/3018 2934/2934/2934
f 2862/2862/2862 3018/3018/3018 3017/3017/3017
f 3019/3019/3019 2934/2934/2934 2648/2648/2648
f 3020/3020/3020 3019/3019/3019 2692/2692/2692
f 2866/2866/2866 3020/3020/3020 2692/2692/2692
f 2948/2948/2948 3020/3020/3020 2625/2625/2625
f 2953/2953/2953 3022/3022/3022 2948/2948/2948
f 2862/2862/2862 3017/3017/3017 3021/3021/3021
f 2862/2862/2862 3022/3022/3022 2914/2914/2914
f 2948/2948/2948 3022/3022/3022 3021/3021/3021
f 3023/3023/3023 2875/2875/2875 2906/2906/2906
f 2926/2926/2926 2946/2946/2946 3023/3023/3023
f 3025/3025/3025 2608/2608/2608 2849/2849/2849
f 2980/2980/2980 3024/3024/3024 2962/2962/2962
f 2962/2962/2962 3024/3024/3024 3025/3025/3025
f 2608/2608/2608 3025/3025/3025 3024/3024/3024
f 2833/2833/2833 3026/3026/3026 2827/2827/2827
f 2995/2995/2995 3026/3026/3026 2587/2587/2587
f 3031/3031/3031 3032/3032/3032 3000/3000/3000
f 3028/3028/3028 3031/3031/3031 3035/3035/3035
f 2829/2829/2829 3028/3028/3028 2924/2924/2924
f 3031/3031/3031 3028/3028/3028 3027/3027/3027
f 2827/2827/2827 3029/3029/3029 2834/2834/2834
f 3030/3030/3030 3029/3029/3029 3027/3027/3027
f 3027/3027/3027 3028/3028/3028 3030/3030/3030
f 2829/2829/2829 3030/3030/3030 3028/3028/3028
f 3032/3032/3032 3031/3031/3031 3027/3027/3027
f 3033/3033/3033 3031/3031/3031 3000/3000/3000
f 2827/2827/2827 3032/3032/3032 3027/3027/3027
f 3000/3000/3000 3032/3032/3032 2987/2987/2987
f 2999/2999/2999 3033/3033/3033 3000/3000/3000
f 3035/3035/3035 3033/3033/3033 2997/2997/2997
f 2993/2993/2993 3034/3034/3034 2999/2999/2999
f 3009/3009/3009 2997/2997/2997 3034/3034/3034
f 3001/3001/3001 3035/3035/3035 2997/2997/2997
f 3028/3028/3028 3035/3035/3035 2905/2905/2905
v -185.336456 953.908386 0.287660
v -196.433014 972.409485 16.968925
v -207.885895 990.618652 31.031631
v -217.080704 1008.383179 41.524029
v -224.059387 1025.787842 50.509907
v -229.663498 1043.282593 58.100334
v -231.634308 1062.472412 59.092575
v -231.809326 1079.630981 49.844654
v -232.203995 1096.683228 37.861938
v -235.784073 1101.765015 16.300505
v -236.522690 1106.033081 -5.960151
v -261.707947 1122.210693 -8.079902
v -284.114410 1139.127441 -9.135005
v -305.630798 1156.115845 -10.951365
v -325.837128 1172.896851 -14.066041
v -346.533875 1186.798218 -19.292267
v -349.382660 1210.208740 -25.381651
v -351.002380 1232.553467 -33.543583
v -335.288940 1250.328735 -34.056255
v -321.318848 1269.574341 -35.281158
v -305.985565 1287.838867 -36.298588
v -290.081421 1305.598633 -37.559368
v -273.866608 1322.787231 -39.271820
v -258.496643 1340.730347 -40.903687
v -244.374725 1359.588867 -40.094440
v -230.852448 1377.571411 -44.710869
v -222.400681 1389.878784 -72.878059
v -283.569000 1429.931885 -91.854164
v -291.219116 1445.918213 -76.461548
v -313.369934 1449.825439 -79.251923
v -324.861481 1435.803589 -94.671631
v -347.219238 1433.782837 -102.727440
v -326.719208 1446.321167 -102.164284
v -343.039825 1459.539185 -90.598915
v -361.338959 1446.352051 -82.514862
v -362.534668 1470.187988 -85.170807
v -362.968140 1455.583130 -104.220520
v -372.877380 1445.237671 -123.528755
v -353.987518 1436.508545 -135.528793
v -341.139465 1455.753662 -141.666779
v -344.610809 1451.890015 -118.207863
v -347.219238 1433.782837 -102.727440
v -324.861481 1435.803589 -94.671631
v -313.369934 1449.825439 -79.251923
v -291.219116 1445.918213 -76.461548
v -283.569000 1429.931885 -91.854164
v -222.400681 1389.878784 -72.878059
v -230.852448 1377.571411 -44.710869
v -244.374725 1359.588867 -40.094440
v -258.496643 1340.730347 -40.903687
v -273.866608 1322.787231 -39.271820
v -290.081421 1305.598633 -37.559368
v -305.985565 1287.838867 -36.298588
v -321.318848 1269.574341 -35.281158
v -335.288940 1250.328735 -34.056255
v -351.002380 1232.553467 -33.543583
v -349.382660 1210.208740 -25.381651
v -346.533875 1186.798218 -19.292267
v -325.837128 1172.896851 -14.066041
v -305.630798 1156.115845 -10.951365
v -284.114410 1139.127441 -9.135005
v -261.707947 1122.210693 -8.079902
v -236.522690 1106.033081 -5.960151
v -232.370102 1099.513672 -32.421257
v -227.073181 1092.780762 -55.561085
v -224.967712 1080.183350 -74.748993
v -225.034149 1060.480225 -85.213844
v -224.535706 1039.312500 -82.167389
v -220.479675 1020.475647 -71.703880
v -213.677017 1003.909546 -57.884182
v -204.874847 987.743591 -41.675678
v -194.798111 971.266968 -22.580847
v -382.602753 1154.172974 -60.338810
v -269.760590 1036.854370 -13.617615
v -347.303986 1384.333130 -34.300240
v -309.007202 1397.523560 -91.376114
v -307.156647 1445.197754 -119.837029
v -332.726654 1441.847900 -109.424355
v -316.308411 1453.125000 -103.107903
v -324.737183 1456.055420 -122.435097
v -198.833817 971.931213 -2.888541
v -328.750977 1133.354126 30.575590
v -318.225098 1443.948975 -62.583225
v -339.782776 1444.434570 -90.330681
v -321.298035 1450.192505 -82.368553
v -331.346619 1433.171997 -74.979958
v -326.153534 1150.666748 -57.419601
v -303.637238 1095.504883 -71.599792
v -441.945923 1269.488403 13.458842
v -254.740204 1032.139526 -46.254883
v -242.696854 1016.620972 12.115427
v -221.907852 995.180908 3.149582
v -283.456573 1060.519653 22.052593
v -301.518433 1359.414551 16.935120
v -295.372070 1374.829468 -92.515213
v -371.101440 1308.488770 -76.814392
v -342.588104 1420.842285 -109.243553
v -280.404327 1411.943237 -112.714355
v -293.154999 1435.376465 -99.105873
v -303.498016 1444.620117 -104.787811
v -330.112457 1445.753052 -123.977211
v -316.930542 1447.112183 -131.751297
v -276.807281 1114.652100 31.868830
v -320.427826 1151.515015 18.513512
v -312.140839 1440.705811 -62.609688
v -322.457367 1429.530884 -63.138348
v -340.888947 1450.631348 -65.275871
v -326.720123 1455.057129 -68.946114
v -304.996490 1147.609009 -36.080212
v -277.834229 1116.947510 -56.989140
v -390.371704 1213.251099 -60.163544
v -261.891479 1080.489380 -79.328308
v -390.943390 1217.779175 18.526562
v -366.489838 1284.638672 13.408512
v -234.125046 1019.960815 -56.745193
v -234.511932 1010.388367 -34.000763
v -251.932068 1041.341431 -67.079987
v -225.797211 1006.199524 26.196440
v -246.115997 1028.419800 30.303152
v -217.492615 991.985352 -19.855167
v -266.230377 1064.645996 43.976509
v -275.989319 1338.474731 -4.363793
v -284.402405 1426.105225 4.914320
v -261.396667 1352.415527 -79.974770
v -320.238831 1306.251221 -77.231895
v -351.459290 1443.275391 -112.327576
v -352.327881 1431.493286 -73.963661
v -246.518036 1413.657471 -102.225952
v -297.802612 1442.958008 -85.127159
v -270.834656 1427.177856 -98.723549
v -339.266266 1441.639404 -135.808990
v -251.739716 1106.398926 29.298819
v -265.394043 1119.032715 12.767079
v -265.230408 1095.335571 44.765224
v -305.068054 1149.079956 4.433228
v -336.657593 1170.699829 9.227776
v -291.518280 1135.146240 13.870544
v -323.040833 1158.644409 10.643741
v -299.686310 1446.990845 -54.020325
v -305.282623 1438.508667 -77.553513
v -346.286743 1448.981445 -79.735344
v -363.135834 1460.469360 -62.782616
v -296.820831 1148.855713 -21.715063
v -279.485077 1131.478027 -29.092205
v -318.323792 1167.038818 -33.454155
v -250.681412 1105.306641 -49.136528
v -356.409912 1202.771240 -54.261513
v -240.234741 1074.543945 -81.448524
v -251.333481 1058.034912 -78.459671
v -365.854675 1206.866577 1.290028
v -358.067413 1251.807739 -1.870588
v -325.989471 1287.188232 -1.737278
v -219.385269 1001.449890 -44.009594
v -244.130798 1014.473267 -11.440085
v -256.282684 1027.332275 -29.029366
v -233.902969 1033.339722 -73.251427
v -302.554596 1072.578125 -47.467464
v -268.357666 1039.133057 9.566461
v -246.287582 1056.583618 54.654846
v -268.175873 1332.600342 -23.512131
v -258.556885 1354.594238 -14.146059
v -286.565552 1316.125977 -12.158091
v -250.804474 1396.649414 11.758960
v -252.802139 1348.792114 -58.826614
v -273.426666 1331.628052 -67.786758
v -239.523041 1369.190918 -73.310783
v -304.250580 1298.602051 -58.610531
v -349.814026 1269.281372 -73.210854
v -338.133698 1435.101685 -115.238914
v -365.738220 1427.255737 -97.183098
v -252.773773 1403.087158 -100.365120
v -264.571075 1415.612427 -106.731407
v -283.692902 1424.607788 -107.025864
v -247.577789 1109.820068 7.326414
v -245.134521 1090.952759 43.856415
v -257.092072 1077.688965 52.723892
v -322.009857 1166.056274 -1.977890
v -343.557404 1185.459351 -0.293469
v -355.028687 1194.626709 -7.151681
v -366.225159 1191.415527 15.180962
v -350.658844 1182.955566 9.591640
v -311.904938 1137.825317 26.044069
v -286.612244 1125.735352 22.865547
v -302.063080 1124.559204 31.982121
v -312.427826 1106.666260 35.882511
v -286.057892 1089.791748 44.738335
v -293.455048 1110.141235 38.513550
v -312.450439 1090.554199 22.314486
v -274.261932 1076.498901 46.711330
v -317.783081 1119.684448 33.618744
v -305.433472 1094.510132 32.733585
v -274.226227 1127.021606 4.515157
v -326.145020 1430.153076 -16.624279
v -348.891174 1445.505493 -45.954292
v -297.797089 1136.006226 -47.776089
v -331.272003 1161.171753 -47.063721
v -262.960327 1100.263428 -69.361641
v -244.042603 1089.304810 -72.903862
v -266.602448 1118.370605 -38.177917
v -355.281555 1197.469238 -35.899876
v -334.185333 1187.172974 -36.468102
v -359.438599 1226.032471 -46.139595
v -282.981628 1071.671021 -70.920288
v -362.713013 1226.661499 -11.925493
v -345.752625 1243.543457 -16.875069
v -336.269989 1265.760010 -9.333954
v -316.054382 1280.427246 -18.957989
v -300.986694 1297.947388 -15.436236
v -255.119476 1025.614746 -1.842465
v -275.384003 1052.352295 -52.319271
v -281.070160 1048.691406 -33.092457
v -266.208527 1044.060669 23.949545
v -253.369675 1350.736572 -30.362783
v -245.897522 1370.510498 -15.514725
v -274.141144 1364.926025 10.363314
v -282.210449 1314.288818 -28.126545
v -300.224121 1330.996216 9.801270
v -233.180511 1381.059082 -24.501812
v -295.435516 1441.313843 -20.133877
v -267.435242 1331.254517 -51.246216
v -286.970581 1315.391235 -59.100475
v -237.333435 1367.599365 -53.734650
v -229.467590 1386.916626 -80.916306
v -326.891907 1284.466919 -66.577568
v -334.971497 1262.750977 -55.080616
v -354.950195 1429.197144 -107.675652
v -375.205627 1441.458618 -105.133904
v -367.966919 1446.036987 -82.016922
v -306.377747 1444.684082 -28.861361
v -348.404724 1460.546021 -53.845154
v -350.794067 1447.885742 -66.749046
v -329.169678 1453.245117 -46.864883
v -334.441437 1443.296509 -30.092386
v -317.450653 1436.332031 -43.548244
v -312.831207 1147.177734 -47.708878
v -310.265778 1132.261719 -63.979759
v -375.079529 1179.744019 -62.221733
v -281.526123 1096.271362 -76.007095
v -307.461884 1115.787476 -71.809586
v -243.544189 1096.495972 -60.176067
v -283.013977 1125.154297 -48.453724
v -262.641693 1120.351562 -23.355404
v -248.662109 1109.589722 -28.201166
v -340.002411 1175.587524 -42.554531
v -356.534973 1176.339844 -54.197876
v -349.697876 1164.924072 -60.657276
v -379.473206 1193.255493 -57.730560
v -368.088593 1160.416626 -65.208809
v -370.291992 1198.938843 -50.074932
v -344.510529 1152.725342 -64.345757
v -342.478149 1135.768066 -67.893875
v -352.476349 1191.106079 -42.406723
v -347.428467 1219.522461 -38.682568
v -343.095184 1240.400146 -53.924847
v -266.127838 1069.836426 -76.356308
v -267.470428 1056.360352 -69.317429
v -308.959717 1085.820068 -60.060272
v -369.955536 1124.056763 -26.894646
v -371.817627 1138.828613 6.634928
v -338.775726 1114.228394 17.512831
v -350.886230 1133.223389 23.241037
v -347.047943 1118.400879 -58.589844
v -338.597168 1099.967407 -41.779865
v -324.210663 1102.360474 -62.541664
v -338.001465 1105.687866 -52.682240
v -330.345581 1117.014771 -68.543076
v -365.759369 1124.542847 -45.855320
v -319.710815 1087.716309 -48.924812
v -419.470917 1166.211304 -42.207184
v -373.382782 1138.199219 -55.381020
v -392.438141 1143.713867 -38.593105
v -359.451599 1136.752808 -63.250057
v -400.148102 1158.557861 -52.212036
v -387.520966 1142.601196 -13.058579
v -459.285614 1231.254883 -50.740795
v -440.543915 1194.026123 -57.285809
v -419.704132 1213.446777 -62.971642
v -423.350403 1176.219849 -51.759892
v -401.181946 1207.148193 -61.502502
v -358.246735 1210.703735 -11.763999
v -378.205627 1230.207886 5.937104
v -346.588379 1278.392212 4.044493
v -364.102295 1267.405029 7.369651
v -403.601074 1266.909912 18.309391
v -377.664429 1251.131714 8.880424
v -382.727936 1271.882812 15.235194
v -329.416046 1260.849121 -23.723707
v -286.643707 1066.098633 -59.090370
v -305.092682 1068.747559 -8.791608
v -249.795181 1043.528076 41.837475
v -268.708832 1351.666382 -1.373322
v -257.983032 1373.395020 2.610090
v -250.131561 1383.217651 2.772210
v -267.159607 1404.395630 16.411591
v -283.510864 1398.232544 14.757864
v -269.622253 1381.534424 13.571855
v -278.005981 1408.938477 14.095638
v -286.794495 1327.837524 -0.704759
v -304.256287 1311.039673 1.986109
v -348.443756 1324.266968 12.891027
v -312.664246 1297.601929 -2.427810
v -328.759674 1310.945068 9.243966
v -347.108307 1297.306274 10.980677
v -302.546814 1311.408447 -70.413567
v -317.231140 1343.213989 -87.658531
v -313.270447 1323.870972 -83.312088
v -343.918304 1321.009277 -83.003792
v -293.094421 1336.503784 -83.568672
v -329.381897 1331.091675 -85.683990
v -356.768402 1354.495239 -64.137894
v -339.674622 1350.450928 -80.236115
v -299.751526 1355.475464 -89.876907
v -276.080872 1342.484253 -81.730530
v -355.754578 1335.906616 -74.262177
v -337.381470 1382.068115 -68.934555
v -279.433655 1360.020020 -91.061234
v -262.987823 1389.077271 -97.775940
v -261.261444 1368.737427 -90.835320
v -360.445618 1321.256836 -77.758759
v -343.765289 1365.554810 -71.349228
v -352.445770 1371.677490 -51.638668
v -322.409698 1368.012451 -84.250351
v -387.396179 1339.795776 -20.044317
v -366.720947 1361.708130 -26.821442
v -382.819336 1332.832397 -51.616756
v -376.873566 1322.128052 -65.862907
v -425.133301 1281.730347 -53.029953
v -398.535583 1298.944702 -61.667450
v -393.880920 1316.554199 -55.606350
v -356.818390 1370.854248 -35.941559
v -368.456360 1339.941895 -61.776627
v -372.378754 1350.233154 -44.116928
v -400.120178 1326.362793 -35.639309
v -385.867279 1340.478516 -36.878532
v -317.091003 1295.826904 -67.749695
v -314.101440 1284.974609 -52.806263
v -348.644836 1293.691162 -81.091370
v -335.362732 1272.087036 -66.659126
v -358.471649 1435.805908 -87.169281
v -304.187256 1447.014526 -47.320881
v -299.062164 1431.314453 2.367528
v -284.170013 1421.099731 10.948254
v -311.165192 1139.241821 -57.073174
v -294.675323 1119.833984 -65.994888
v -282.356384 1107.879395 -70.269348
v -321.354034 1128.820435 -69.417450
v -366.916138 1246.694702 -67.996086
v -347.879395 1254.868164 -64.335770
v -344.255737 1106.049927 -0.526422
v -384.969330 1175.272827 24.850939
v -352.016418 1127.494141 16.674559
v -416.205750 1169.924927 -7.677542
v -459.960266 1193.585938 -54.537964
v -378.241638 1214.209717 10.369429
v -366.196320 1238.077271 -1.261791
v -289.622162 1054.061523 -17.119358
v -309.502350 1071.366211 -29.727135
v -332.722473 1092.286987 -18.307478
v -268.975098 1057.125854 35.233585
v -289.044952 1074.145752 30.954758
v -324.484100 1332.397095 14.142096
v -244.518661 1402.904785 -101.461487
v -411.139893 1306.540283 2.216645
v -397.901306 1290.177856 14.543257
v -323.534760 1272.852417 -50.575104
v -309.944122 1435.941162 -12.451264
v -280.171814 1426.596924 7.728028
v -293.037537 1443.006104 -17.574230
v -357.661255 1239.421997 -56.813770
v -332.793579 1103.806641 12.162565
v -359.985291 1123.819458 1.970750
v -362.937866 1120.800415 -10.589567
v -362.225342 1151.802246 23.973885
v -394.700317 1152.935059 -5.923180
v -415.071045 1164.842896 -22.383558
v -436.868683 1204.250122 28.026691
v -478.935455 1226.304688 -34.019379
v -320.577271 1084.582031 2.419976
v -300.423920 1067.793091 7.940852
v -303.554749 1077.569458 17.148962
v -350.654907 1107.008545 -28.462002
v -327.305176 1087.169556 -33.060844
v -311.323303 1344.595215 16.110992
v -338.704529 1369.216553 1.987053
v -350.864136 1373.579590 -15.535074
v -322.685455 1361.825317 14.008387
v -311.544830 1390.433105 6.514680
v -323.758392 1378.367310 6.564226
v -330.578796 1397.834106 -17.091206
v -337.957550 1383.456787 -8.741245
v -236.153412 1401.015991 -96.643150
v -239.441742 1384.825806 -88.992599
v -276.869507 1424.889282 -99.422363
v -404.651428 1323.637329 -13.105327
v -422.768097 1286.358887 11.386616
v -380.105804 1314.739258 8.719583
v -366.969604 1302.312378 13.846037
v -342.233856 1153.109863 26.484486
v -394.763184 1167.288452 15.254632
v -386.742432 1154.133057 7.349039
v -432.169678 1183.191406 18.563028
v -414.470490 1185.362427 19.424370
v -470.464874 1223.274536 24.011635
v -453.452423 1242.442261 23.639315
v -458.841400 1214.383057 -53.754700
v -420.524261 1195.052734 -58.923721
v -343.770386 1346.637329 8.828070
v -359.720154 1354.578125 -6.306893
v -373.615692 1350.359009 -16.244516
v -376.630951 1334.452759 -0.568649
v -360.732361 1342.000610 3.485602
v -262.158966 1412.372559 -102.472115
v -275.667053 1392.157104 -102.593849
v -423.189453 1303.333496 -30.324375
v -411.127075 1306.047119 -47.111469
v -423.253235 1267.616455 20.093245
v -411.958435 1240.593750 23.243891
v -393.265656 1239.826782 15.604557
v -391.747192 1256.035767 15.888143
v -409.948914 1279.601929 16.264891
v -396.276306 1317.897461 0.890241
v -348.138916 1168.167236 21.193188
v -363.627838 1162.246582 25.284763
v -370.118317 1148.389648 18.489307
v -462.015900 1260.981323 -14.972629
v -474.479950 1244.859619 -5.594725
v -468.871552 1245.130615 -29.253544
v -328.180725 1346.903320 14.373621
v -365.931274 1325.782104 8.319660
v -288.548767 1407.516479 -97.018181
v -299.029510 1396.602295 -111.601662
v -258.497253 1399.142212 -109.939163
v -412.270325 1317.038086 -26.975580
v -439.804626 1288.419556 -10.906865
v -433.287231 1247.336670 25.832335
v -413.544006 1210.920898 26.118374
v -420.350983 1229.462036 25.575043
v -456.331940 1260.703491 7.004244
v -324.811340 1403.699097 -106.902725
v -437.078400 1283.863647 4.734001
v -433.904999 1220.382812 28.920542
v -344.262543 1401.382080 -79.112709
v -307.156494 1418.556763 -121.223732
v -326.407898 1420.550537 -119.818893
v -340.639740 1407.800659 -96.194527
v -328.227783 1398.378418 -89.017677
v -356.578369 1414.058105 -86.598251
v -296.090332 1408.659424 -117.737076
v -284.742279 1349.975098 10.146980
v -381.701355 1277.906250 -79.036087
v -337.488007 1306.498901 -82.118889
v -312.946106 1428.572388 -16.547157
v -371.103546 1223.868164 -64.094070
v -377.883545 1214.665771 -57.877773
v -394.924713 1244.868896 -72.007027
v -416.880402 1236.668457 -67.457947
v -379.645844 1238.970947 -69.406479
v -381.684723 1258.573120 -76.988205
v -367.145020 1268.579956 -79.099884
v -401.226532 1230.257568 -67.896271
v -440.971802 1243.769165 -57.680378
v -454.170197 1258.442383 -38.419949
v -449.517059 1274.896362 -22.874748
v -441.110443 1274.100464 -41.534042
v -430.728302 1288.924194 -38.298420
v -411.713165 1262.827393 -66.149147
v -396.664795 1267.757324 -74.685394
v -405.249023 1281.418091 -64.728050
v -387.832397 1228.660889 -65.133789
v -427.651062 1231.226318 -64.557663
v -439.947815 1223.487549 -60.551819
v -428.101776 1254.909668 -60.734669
v -408.967163 1247.956909 -69.854065
v -292.848633 1378.763794 16.181858
v -330.888794 1407.444092 -51.391983
v -306.710480 1425.416748 -19.087383
v -293.902740 1420.861084 -0.373717
v -304.007385 1407.800537 -1.064934
v -296.506653 1437.816040 -15.190413
v -317.673615 1412.183105 -18.115725
v -319.696533 1427.214111 -59.793522
v -324.938141 1407.723755 -72.247337
v -327.887726 1409.980835 -32.457504
v -313.927338 1434.421875 -36.502430
v -305.153687 1425.029419 -83.660095
v -327.029907 1415.166870 -32.339508
v -301.845154 1444.868896 -48.068428
v -314.007477 1429.223755 -54.034016
v -303.381226 1411.214722 -90.183983
v -343.939514 1426.035645 -38.244083
v -300.335083 1443.281250 -31.946556
v -315.286774 1425.342773 -33.424309
v -350.674286 1430.439697 -55.547279
v -350.524872 1414.321289 -65.791405
v -340.770844 1409.654053 -47.989727
v -327.717529 1419.707275 -48.428093
v -315.940399 1419.780273 -74.163857
v -322.809692 1417.270996 -17.819994
v -336.685547 1404.045410 -63.475941
v -400.486847 1190.716309 -62.369877
v -381.698425 1174.918335 -63.674023
v -395.220612 1172.335449 -60.868492
v -407.090332 1171.908691 -57.347141
v -423.078217 1188.118652 -57.401226
v -378.280426 1185.910400 23.497181
v -364.726196 1171.670776 24.502356
v -361.885864 1180.810669 20.333130
v -384.113251 1200.378296 20.957380
v -396.961853 1192.072754 25.140030
v -413.576202 1194.137817 25.064117
v -425.921356 1303.896118 -10.968122
v -384.840546 1294.856567 -74.425888
v -367.732666 1290.440308 -80.885460
v -340.475800 1391.907471 -51.945332
v -315.172516 1399.587036 -81.192413
v -290.585815 1407.410645 -92.980049
v -313.665375 1382.470825 -86.171402
v -297.621613 1392.786133 -91.598831
v -307.697357 1419.963867 -77.735992
v -320.656311 1412.438843 -67.840309
v -297.996216 1440.584961 -73.016502
v -308.810974 1435.036743 -66.450165
v -289.149384 1434.070923 -88.793320
vn -0.798996 -0.601132 -0.015663
vn -0.733039 -0.658967 0.168568
vn -0.691732 -0.661959 0.288645
vn -0.621875 -0.597494 0.506233
vn -0.584897 -0.534783 0.609838
vn -0.494681 -0.398550 0.772301
vn -0.135698 0.169844 0.976084
vn 0.075852 0.512994 0.855034
vn 0.217491 0.808414 0.546960
vn 0.426771 0.887839 0.172071
vn 0.501967 0.846722 0.176326
vn 0.530164 0.817510 0.224954
vn 0.560855 0.769158 0.306328
vn 0.591156 0.749586 0.297752
vn 0.611062 0.782570 0.119109
vn 0.743333 0.652152 0.148838
vn 0.828806 0.250178 0.500491
vn 0.862249 -0.355858 0.360404
vn 0.761097 -0.622368 0.182728
vn 0.787294 -0.599074 0.145871
vn 0.745424 -0.649283 0.150914
vn 0.722340 -0.684526 0.098233
vn 0.757825 -0.645856 0.092583
vn 0.777549 -0.609641 0.154127
vn 0.800793 -0.537841 0.263549
vn 0.828752 -0.509718 0.230992
vn 0.646322 0.755836 0.104785
vn 0.618859 0.785426 -0.010958
vn 0.310302 0.777321 0.547252
vn -0.358974 0.705653 0.610895
vn -0.089366 0.970009 -0.226044
vn 0.897459 -0.139572 -0.418435
vn 0.921517 -0.383229 0.062789
vn 0.124525 0.984069 0.126893
vn 0.654908 0.753223 -0.061243
vn -0.895265 0.445459 -0.008177
vn -0.873506 0.486757 -0.007435
vn -0.493967 -0.863536 0.101501
vn 0.028630 -0.999363 0.021318
vn 0.237184 0.635455 -0.734807
vn -0.075706 0.845233 0.529008
vn -0.132338 0.763090 0.632598
vn -0.638860 0.657411 0.399587
vn 0.009457 0.999925 -0.007729
vn 0.491342 0.842567 -0.220600
vn 0.711567 0.702321 0.020412
vn 0.741954 0.539859 -0.397564
vn 0.779344 -0.620905 -0.084265
vn 0.791337 -0.611086 0.018949
vn 0.774904 -0.630928 -0.038127
vn 0.702037 -0.694209 -0.158801
vn 0.696124 -0.679752 -0.230973
vn 0.723418 -0.641684 -0.254772
vn 0.737963 -0.615820 -0.276002
vn 0.827234 -0.536232 -0.167750
vn 0.939794 -0.261662 0.219820
vn 0.981027 -0.081483 -0.175918
vn 0.686175 0.715671 0.130299
vn 0.638652 0.752971 0.158617
vn 0.635244 0.772301 0.004061
vn 0.631086 0.767123 -0.115120
vn 0.575597 0.804657 -0.145656
vn 0.533361 0.832839 -0.148005
vn 0.462969 0.870194 -0.168590
vn 0.369559 0.854801 -0.364336
vn 0.259699 0.638629 -0.724368
vn -0.130425 0.056474 -0.989848
vn -0.344335 -0.337781 -0.875978
vn -0.516894 -0.621320 -0.588882
vn -0.577168 -0.693875 -0.430598
vn -0.649404 -0.710319 -0.271517
vn -0.704567 -0.687947 -0.174111
vn -0.358804 -0.344325 -0.867583
vn -0.655837 -0.754898 0.002743
vn -0.796811 0.593098 0.115444
vn 0.209988 -0.912219 0.351798
vn 0.699264 0.315164 -0.641640
vn -0.324101 0.723577 0.609421
vn -0.181251 0.956180 0.229931
vn 0.104115 0.988536 0.109347
vn -0.731907 -0.681227 -0.015584
vn -0.086089 0.132365 0.987455
vn 0.982058 0.152366 -0.111116
vn 0.866145 -0.406478 -0.290808
vn 0.907936 0.089545 -0.409430
vn 0.586571 0.649910 -0.483271
vn 0.473486 0.623450 -0.622190
vn -0.340888 -0.296043 -0.892274
vn -0.378029 0.468488 0.798507
vn -0.605621 -0.725509 -0.326894
vn -0.665573 -0.716005 0.210591
vn -0.689655 -0.713943 0.121083
vn -0.627643 -0.602875 0.492550
vn -0.060892 0.109658 0.992102
vn -0.142821 -0.091843 -0.985478
vn -0.272668 0.195231 -0.942092
vn -0.513141 -0.537713 -0.668993
vn 0.187049 -0.120937 -0.974878
vn 0.459833 0.683008 -0.567498
vn 0.732697 0.634402 -0.246351
vn -0.305104 -0.736460 -0.603770
vn 0.426208 -0.140803 -0.893600
vn 0.289918 0.712009 0.639523
vn 0.440130 0.651839 0.617569
vn -0.572952 0.800322 -0.176664
vn 0.055757 0.959875 0.274829
vn 0.151627 0.956578 -0.248932
vn 0.159034 0.977404 0.139250
vn 0.588913 0.657150 -0.470463
vn 0.447099 0.753245 -0.482416
vn 0.275209 -0.164990 -0.947121
vn -0.057114 0.186449 -0.980803
vn 0.393302 0.170129 0.903532
vn 0.185217 -0.124224 0.974814
vn -0.579689 -0.699149 -0.418511
vn -0.629233 -0.741722 -0.232195
vn -0.542832 -0.651328 -0.530193
vn -0.656471 -0.681541 0.323338
vn -0.630358 -0.631988 0.450822
vn -0.667409 -0.731235 -0.140927
vn -0.569086 -0.518126 0.638503
vn 0.659555 -0.484465 0.574701
vn -0.254345 -0.967112 0.001624
vn 0.549772 -0.582827 -0.598384
vn 0.269196 -0.409501 -0.871689
vn -0.100246 -0.954530 -0.280755
vn -0.967534 -0.023714 0.251627
vn 0.633987 0.625387 -0.454920
vn 0.379550 0.874779 -0.301170
vn 0.535784 0.843248 -0.043215
vn 0.290570 -0.914767 -0.280660
vn 0.326126 0.822752 0.465533
vn 0.464632 0.822431 0.328215
vn 0.103558 0.528580 0.842543
vn 0.554903 0.745045 0.370123
vn 0.541203 0.619928 0.568145
vn 0.504234 0.752097 0.424379
vn 0.521274 0.693101 0.497879
vn 0.516546 0.856064 -0.018313
vn -0.294085 0.923113 0.247744
vn -0.140807 0.989753 0.023713
vn -0.142578 0.988000 0.059387
vn 0.657680 0.725777 -0.201755
vn 0.588329 0.762971 -0.267852
vn 0.682977 0.639523 -0.352920
vn 0.444731 0.836587 -0.319899
vn 0.677600 -0.047685 -0.733883
vn -0.036950 0.213837 -0.976170
vn -0.340535 -0.287994 -0.895039
vn 0.711776 0.435848 0.550827
vn 0.517794 -0.344519 0.783068
vn 0.449666 -0.444917 0.774500
vn -0.618258 -0.727036 -0.298623
vn -0.661869 -0.749217 -0.024587
vn -0.632282 -0.756395 -0.167587
vn -0.476556 -0.563410 -0.674881
vn -0.602447 -0.720208 -0.344032
vn -0.656614 -0.727980 0.197239
vn -0.440573 -0.303584 0.844827
vn 0.756875 -0.561923 0.333741
vn 0.737225 -0.505718 0.448051
vn 0.689205 -0.575254 0.440544
vn 0.743437 0.637649 0.201753
vn 0.733236 -0.649730 -0.200541
vn 0.557748 -0.681981 -0.473095
vn 0.666773 -0.603480 -0.437293
vn 0.654370 -0.656354 -0.375499
vn 0.296840 -0.304579 -0.905051
vn -0.449269 -0.252782 -0.856889
vn -0.836656 -0.546762 0.032535
vn 0.595573 0.776589 0.205432
vn 0.271509 0.453250 -0.849028
vn 0.294835 0.546113 -0.784113
vn 0.489210 0.848054 0.203662
vn 0.111018 0.600395 0.791960
vn -0.100291 0.260080 0.960364
vn 0.603603 0.710192 0.362341
vn 0.638669 0.730620 0.241448
vn 0.824812 0.474702 0.307154
vn 0.547772 0.500833 0.670159
vn 0.547159 0.570478 0.612512
vn 0.316986 0.566275 0.760824
vn 0.409185 0.722084 0.557820
vn 0.172275 0.512425 0.841274
vn -0.466109 -0.279947 0.839269
vn -0.272036 0.053708 0.960787
vn -0.010818 0.373640 0.927511
vn -0.620566 -0.592174 0.514031
vn -0.508573 -0.385729 0.769784
vn -0.165099 0.144961 0.975566
vn -0.579413 -0.502985 0.641316
vn 0.542377 0.796512 0.267198
vn -0.588161 0.213349 0.780096
vn -0.803100 0.302237 0.513501
vn 0.543645 0.735791 -0.403809
vn 0.528030 0.610979 -0.589821
vn 0.314024 0.669222 -0.673446
vn 0.230565 0.672859 -0.702922
vn 0.524204 0.797498 -0.298675
vn 0.918518 0.355995 -0.172025
vn 0.656399 0.742618 -0.132886
vn 0.730493 -0.216408 -0.647725
vn -0.415957 -0.398241 -0.817547
vn 0.820537 -0.071545 0.567098
vn 0.693367 -0.544358 0.472140
vn 0.559370 -0.469580 0.683081
vn 0.690820 -0.613051 0.383323
vn 0.693289 -0.648756 0.313793
vn -0.660335 -0.742808 0.110426
vn -0.595689 -0.709827 -0.375900
vn -0.623711 -0.750842 -0.217304
vn -0.630723 -0.635537 0.445288
vn 0.786554 -0.547227 0.286139
vn 0.750002 -0.541653 0.379618
vn 0.385569 -0.296003 0.873910
vn 0.733051 -0.659437 0.166672
vn 0.304745 -0.355484 0.883607
vn 0.793590 0.562325 0.232393
vn 0.662794 0.745905 0.065799
vn 0.702849 -0.690236 -0.171981
vn 0.613134 -0.675405 -0.409750
vn 0.820128 -0.567962 -0.069352
vn 0.866834 -0.423219 -0.263598
vn 0.507250 -0.449308 -0.735404
vn 0.778214 -0.494313 -0.387348
vn -0.409622 -0.505074 -0.759678
vn -0.918141 -0.359244 -0.167214
vn -0.950356 -0.124135 0.285333
vn -0.224967 0.946031 0.233271
vn -0.352011 0.857993 0.374081
vn -0.846113 -0.322986 0.423997
vn 0.348199 0.874969 0.336433
vn -0.297112 0.760908 0.576839
vn 0.156361 0.987652 0.009775
vn 0.535555 0.718283 -0.444129
vn 0.402675 0.627307 -0.666588
vn 0.252994 0.304730 -0.918223
vn -0.061335 0.094919 -0.993594
vn -0.007134 0.182706 -0.983142
vn 0.346175 0.820171 -0.455501
vn 0.516181 0.740795 -0.429860
vn 0.561468 0.806801 -0.183916
vn 0.517538 0.833256 -0.194522
vn 0.479114 0.407676 -0.777335
vn 0.484951 0.496701 -0.719799
vn 0.354747 0.490221 -0.796140
vn 0.403294 0.288103 -0.868533
vn -0.087732 0.015691 -0.996020
vn 0.341532 -0.011616 -0.939798
vn 0.232430 0.398638 -0.887166
vn -0.103799 0.019331 -0.994410
vn 0.397023 0.023019 -0.917520
vn 0.875597 -0.295586 -0.382046
vn 0.738782 -0.523612 -0.424302
vn -0.274146 -0.233350 -0.932948
vn -0.506954 -0.586902 -0.631304
vn -0.562521 -0.624764 -0.541516
vn -0.660021 -0.751183 0.009857
vn -0.620234 -0.624484 0.474689
vn -0.607431 -0.561569 0.561844
vn -0.465029 -0.328487 0.822097
vn -0.518056 -0.579448 -0.629173
vn -0.620734 -0.727266 -0.292871
vn -0.507826 -0.553871 -0.659803
vn -0.573426 -0.666143 -0.476902
vn -0.313072 -0.255828 -0.914624
vn -0.613173 -0.720486 -0.323911
vn -0.594642 -0.708924 -0.379246
vn -0.563742 -0.799458 -0.207515
vn -0.541812 -0.612294 -0.575792
vn -0.639950 -0.756674 -0.133824
vn -0.367415 -0.329549 -0.869715
vn -0.516451 -0.632470 -0.577287
vn -0.661723 -0.717506 0.217505
vn -0.550970 0.155811 -0.819851
vn -0.313588 -0.116596 -0.942374
vn -0.109630 -0.128513 -0.985630
vn -0.341124 -0.605116 -0.719354
vn 0.070475 -0.061245 -0.995632
vn 0.803232 0.271671 0.530106
vn 0.642191 0.058101 0.764340
vn 0.383099 -0.373266 0.844931
vn 0.405262 -0.308617 0.860534
vn 0.133897 0.117290 0.984030
vn 0.448533 -0.186205 0.874155
vn 0.215207 -0.062851 0.974544
vn 0.753434 -0.572822 0.322819
vn -0.582478 -0.676911 -0.450012
vn -0.662044 -0.742852 0.099345
vn -0.579906 -0.535987 0.613536
vn 0.661322 -0.466808 0.587149
vn 0.610234 -0.388350 0.690506
vn 0.581388 -0.442237 0.682945
vn 0.244356 -0.136933 0.959969
vn -0.281670 0.271164 0.920398
vn 0.233725 -0.131057 0.963430
vn -0.282170 0.178194 0.942670
vn 0.618471 -0.469462 0.630158
vn 0.417962 -0.455975 0.785745
vn -0.068334 0.073618 0.994943
vn 0.469814 -0.536478 0.701046
vn 0.231243 -0.281670 0.931230
vn 0.246761 -0.196156 0.949016
vn 0.484290 -0.544219 -0.685047
vn -0.103064 -0.056267 -0.993082
vn 0.197886 -0.361218 -0.911242
vn -0.272057 0.087046 -0.958336
vn 0.312479 -0.482867 -0.818044
vn -0.130134 -0.055570 -0.989938
vn -0.678227 0.437829 -0.590181
vn -0.447263 0.192059 -0.873538
vn -0.047071 -0.175875 -0.983286
vn 0.278781 -0.496434 -0.822092
vn -0.483282 0.294470 -0.824455
vn -0.706121 0.372839 -0.601983
vn 0.134036 -0.319965 -0.937900
vn -0.045133 -0.213390 -0.975924
vn 0.282135 -0.403388 -0.870447
vn -0.357890 0.185759 -0.915100
vn -0.642936 0.368865 -0.671246
vn -0.783228 0.519909 -0.340953
vn -0.380995 0.143409 -0.913387
vn -0.638223 0.741770 0.206032
vn -0.715442 0.688099 0.121089
vn -0.641635 0.562735 -0.521185
vn -0.562374 0.416528 -0.714310
vn -0.565784 0.383517 -0.729934
vn -0.550421 0.397213 -0.734343
vn -0.607978 0.515162 -0.604128
vn -0.758887 0.648075 -0.063945
vn -0.643542 0.476397 -0.599082
vn -0.714308 0.602236 -0.356476
vn -0.683716 0.668955 -0.291601
vn -0.702309 0.692777 -0.163773
vn 0.456020 -0.559549 -0.692062
vn 0.678298 -0.623250 -0.389195
vn 0.193463 -0.194683 -0.961598
vn 0.561906 -0.425239 -0.709530
vn -0.776087 -0.344260 0.528370
vn -0.338292 0.940601 0.028768
vn -0.338566 0.544798 0.767182
vn -0.034548 -0.136827 0.989992
vn 0.470525 0.651472 -0.595140
vn 0.333255 0.561458 -0.757434
vn 0.281939 0.579359 -0.764757
vn 0.098495 0.269444 -0.957966
vn 0.360196 -0.387081 -0.848780
vn 0.436118 -0.471359 -0.766565
vn -0.667551 -0.705283 0.238644
vn -0.196855 -0.263591 0.944335
vn -0.599640 -0.575735 0.555843
vn -0.532140 -0.803382 0.267216
vn -0.701104 -0.712996 0.009506
vn 0.593119 0.346735 0.726626
vn 0.594255 -0.315217 0.739932
vn -0.654985 -0.754950 0.032316
vn -0.647351 -0.756287 -0.094696
vn -0.664892 -0.742333 0.082832
vn -0.600582 -0.565404 0.565349
vn -0.597969 -0.556991 0.576363
vn 0.045369 -0.179630 0.982688
vn 0.220079 -0.800168 -0.557939
vn -0.419314 0.582987 0.695918
vn -0.098446 0.270666 0.957626
vn 0.695497 -0.588036 -0.412914
vn -0.437789 0.654749 0.616153
vn 0.549422 0.768668 0.327544
vn 0.047160 0.937731 0.344147
vn 0.495391 -0.500489 -0.709998
vn -0.631604 -0.622209 0.462528
vn -0.643768 -0.640014 0.419459
vn -0.662180 -0.724196 0.192506
vn -0.299423 -0.229961 0.925993
vn -0.625860 -0.698523 0.346936
vn -0.626705 -0.765233 0.147174
vn -0.140396 -0.193943 0.970915
vn -0.962362 -0.142204 -0.231597
vn -0.661849 -0.691449 0.289574
vn -0.655179 -0.693910 0.298713
vn -0.633404 -0.615292 0.469271
vn -0.662431 -0.749038 -0.011243
vn -0.637013 -0.749294 -0.181034
vn 0.083443 -0.139262 0.986734
vn -0.548391 0.433953 0.714809
vn -0.699017 0.611394 0.370908
vn -0.277090 0.249773 0.927812
vn -0.439326 0.413286 0.797614
vn -0.393575 0.457138 0.797574
vn -0.645174 0.584406 0.492158
vn -0.644273 0.594184 0.481516
vn 0.861928 0.338376 -0.377601
vn 0.414751 -0.494438 -0.763880
vn 0.197466 -0.315216 0.928249
vn -0.599908 0.736075 0.313535
vn -0.335228 0.534538 0.775816
vn -0.236797 0.373538 0.896881
vn -0.025822 0.107362 0.993885
vn 0.140933 0.306958 0.941231
vn -0.503298 -0.599106 0.622706
vn -0.591854 -0.649324 0.477585
vn -0.580837 -0.762126 0.285994
vn -0.253757 -0.666829 0.700676
vn -0.811134 -0.458444 0.363167
vn -0.408370 0.332658 0.850043
vn -0.462852 0.065350 -0.884024
vn -0.239762 -0.141033 -0.960533
vn -0.374326 0.280478 0.883862
vn -0.587599 0.540325 0.602309
vn -0.623775 0.677867 0.389104
vn -0.464658 0.600743 0.650539
vn -0.408406 0.466860 0.784376
vn -0.447539 -0.418471 -0.790310
vn 0.122102 -0.759914 0.638452
vn -0.743533 0.616593 -0.258791
vn -0.646873 0.550778 -0.527446
vn -0.041767 0.289245 0.956344
vn 0.237549 0.104546 0.965733
vn 0.461098 0.032391 0.886758
vn 0.324071 -0.038785 0.945237
vn -0.049806 0.290996 0.955427
vn -0.374782 0.529123 0.761293
vn 0.409598 0.545739 0.731026
vn -0.055534 -0.033532 0.997894
vn -0.540393 -0.534071 0.650188
vn -0.773469 0.627895 -0.086568
vn -0.877517 0.419696 0.231990
vn -0.764033 0.456997 -0.455420
vn -0.217908 0.017752 0.975808
vn -0.254931 0.317394 0.913384
vn 0.248760 -0.465218 0.849524
vn 0.011455 -0.934952 -0.354590
vn 0.250993 -0.213045 -0.944253
vn -0.705257 0.685574 -0.180555
vn -0.776694 0.629873 0.002452
vn -0.041094 0.237685 0.970473
vn 0.189349 0.096233 0.977183
vn 0.212867 0.089693 0.972956
vn -0.735906 0.577758 0.353041
vn -0.316893 -0.738430 -0.595231
vn -0.591887 0.639535 0.490576
vn 0.006784 0.034388 0.999385
vn -0.380282 -0.921712 0.076374
vn 0.341545 0.045376 -0.938770
vn -0.203411 -0.363939 -0.908940
vn -0.506589 -0.732238 -0.455187
vn -0.151902 -0.988250 0.016981
vn -0.838924 -0.536628 -0.090753
vn 0.069678 -0.211176 -0.974962
vn 0.396464 -0.289558 0.871190
vn -0.298779 0.076202 -0.951275
vn 0.088285 -0.222295 -0.970974
vn 0.515804 -0.794636 -0.320156
vn 0.464656 -0.260661 -0.846257
vn -0.006115 -0.449180 -0.893420
vn -0.084644 -0.246053 -0.965553
vn -0.212957 -0.113351 -0.970464
vn 0.112066 -0.325774 -0.938782
vn -0.001966 -0.256914 -0.966432
vn 0.199774 -0.285580 -0.937302
vn 0.014899 -0.256896 -0.966324
vn -0.505232 0.298985 -0.809536
vn -0.698397 0.477175 -0.533428
vn -0.772628 0.618217 -0.144409
vn -0.656081 0.443908 -0.610331
vn -0.717729 0.593437 -0.364277
vn -0.468913 0.222756 -0.854693
vn -0.364185 0.056742 -0.929596
vn -0.506677 0.266309 -0.819974
vn 0.062946 -0.375867 -0.924533
vn -0.220294 -0.032621 -0.974888
vn -0.383558 -0.148231 -0.911543
vn -0.468735 0.244235 -0.848903
vn -0.306587 -0.009307 -0.951797
vn -0.011015 0.009822 0.999891
vn -0.814919 0.541190 -0.207412
vn -0.673679 0.577096 0.461646
vn -0.624885 0.400879 0.669936
vn -0.532176 0.479064 0.698059
vn 0.248206 -0.895898 -0.368457
vn -0.624810 0.569270 0.534363
vn 0.737977 -0.638142 0.219463
vn 0.527462 -0.683453 0.504653
vn -0.781272 0.604958 0.153754
vn 0.683855 -0.714724 -0.146671
vn 0.607266 -0.496625 0.620154
vn 0.232801 -0.947642 0.218582
vn -0.868476 -0.055981 0.492560
vn -0.780344 0.600534 -0.174418
vn 0.524209 -0.289757 0.800778
vn -0.787559 -0.230908 0.571342
vn -0.901991 -0.006964 0.431698
vn -0.726478 0.640188 0.249777
vn -0.966278 -0.121633 0.226962
vn -0.870953 -0.403292 0.280707
vn -0.516201 -0.748421 0.416416
vn 0.721712 -0.678798 0.135515
vn 0.696909 -0.442805 0.564129
vn -0.322056 -0.522030 0.789788
vn 0.076842 -0.934689 0.347062
vn -0.074144 -0.045690 -0.996200
vn 0.010045 0.080630 -0.996693
vn -0.218237 -0.163124 -0.962166
vn -0.333456 -0.397559 -0.854842
vn -0.128780 -0.065913 -0.989480
vn 0.162903 0.192438 0.967693
vn 0.142686 0.232285 0.962125
vn 0.427242 0.477524 0.767747
vn 0.342211 0.298634 0.890904
vn 0.104976 0.074969 0.991645
vn -0.036111 -0.205289 0.978035
vn -0.660321 0.695154 0.284141
vn -0.487291 0.284237 -0.825685
vn -0.034674 -0.009708 -0.999352
vn -0.826023 0.533898 -0.180665
vn -0.567357 0.279622 -0.774543
vn -0.415204 0.056893 -0.907948
vn -0.468297 0.151317 -0.870518
vn -0.286804 0.063645 -0.955873
vn -0.668880 0.390386 -0.632612
vn -0.737493 0.479064 -0.476027
vn -0.918405 0.255658 -0.301944
vn 0.642634 -0.679833 0.353339
vn -0.813432 -0.263504 -0.518550
vt 0.000000 -332.500000
vt 17.000000 -316.000000
vt 34.000000 -299.500000
vt 51.000000 -283.000000
vt 68.000000 -266.500000
vt 85.000000 -250.000000
vt 102.000000 -233.500000
vt 119.000000 -217.000000
vt 136.000000 -200.500000
vt 153.000000 -184.000000
vt 170.000000 -167.500000
vt 167.619019 -143.690475
vt 165.238037 -119.880951
vt 162.857178 -96.071411
vt 160.476196 -72.261902
vt 158.095215 -48.452393
vt 155.714355 -24.642822
vt 153.333374 -0.833313
vt 150.952393 22.976196
vt 148.571411 46.785736
vt 146.190430 70.595215
vt 143.809570 94.404785
vt 141.428589 118.214325
vt 139.047607 142.023804
vt 136.666626 165.833374
vt 134.285645 189.642822
vt 131.904785 213.452393
vt 129.523804 237.261902
vt 127.142822 261.071472
vt 124.761963 284.880981
vt 122.380981 308.690552
vt 120.000000 332.500000
vt 96.000000 332.500000
vt 72.000000 332.500000
vt 48.000000 332.500000
vt 24.000000 332.500000
vt 0.000000 332.500000
vt -24.000000 332.500000
vt -48.000000 332.500000
vt -72.000000 332.500000
vt -96.000000 332.500000
vt -120.000000 332.500000
vt -122.380981 308.690430
vt -124.761963 284.880920
vt -127.142822 261.071472
vt -129.523804 237.261902
vt -131.904785 213.452393
vt -134.285645 189.642822
vt -136.666626 165.833313
vt -139.047607 142.023743
vt -141.428589 118.214325
vt -143.809570 94.404785
vt -146.190430 70.595215
vt -148.571411 46.785675
vt -150.952393 22.976135
vt -153.333374 -0.833313
vt -155.714355 -24.642822
vt -158.095215 -48.452393
vt -160.476196 -72.261932
vt -162.857178 -96.071472
vt -165.238037 -119.880920
vt -167.619019 -143.690445
vt -170.000000 -167.500000
vt -153.000000 -184.000015
vt -136.000000 -200.500015
vt -119.000000 -217.000031
vt -102.000000 -233.500031
vt -85.000000 -250.000031
vt -68.000000 -266.499969
vt -51.000000 -282.999969
vt -34.000000 -299.500000
vt -17.000000 -316.000000
vt -40.969482 -120.283569
vt 0.000000 -247.462189
vt 0.000000 116.095001
vt -36.286377 239.961914
vt -84.143188 292.842773
vt -108.000000 319.276123
vt -104.054443 298.854675
vt -88.088745 313.264221
vt 0.000000 -315.492432
vt 92.642944 -139.164352
vt 84.143311 292.842896
vt 108.000000 319.276184
vt 88.088745 313.264282
vt 104.054565 298.854797
vt -103.084229 -114.072311
vt -66.284790 -179.694916
vt 34.182007 -24.772400
vt -35.847778 -250.381042
vt 22.050781 -270.181091
vt 9.210449 -291.953491
vt 43.239014 -223.981049
vt 70.624390 123.157593
vt -66.222168 146.764954
vt -59.576660 49.909912
vt -36.000000 287.008545
vt -83.079712 244.641296
vt -100.846680 270.465698
vt -97.301392 285.242065
vt -60.000000 307.137817
vt -75.140747 305.173950
vt 119.315308 -166.302139
vt 124.273560 -111.953430
vt 100.846680 270.465759
vt 97.301514 285.242126
vt 60.000000 307.137756
vt 75.140869 305.174011
vt -134.728271 -110.908020
vt -112.987427 -159.782501
vt -85.740234 -43.663788
vt -89.161987 -203.265472
vt 94.967407 -42.741089
vt 80.758423 27.980530
vt -49.112671 -264.047913
vt -24.616577 -274.552765
vt -60.343994 -239.876190
vt 33.939575 -282.430145
vt 44.282837 -259.071716
vt -12.613770 -294.473236
vt 73.800049 -221.453033
vt 106.449097 126.740112
vt 62.660522 194.504456
vt -103.028809 150.445679
vt -98.676636 77.867859
vt -36.000000 311.336975
vt 12.000000 286.013550
vt -103.389771 222.624695
vt -116.222046 272.003174
vt -107.312744 247.064636
vt -60.000000 322.657776
vt 133.258911 -180.668289
vt 144.051147 -156.243713
vt 107.644531 -191.579468
vt 145.942261 -109.786652
vt 132.314087 -82.931244
vt 137.291016 -132.701508
vt 133.921143 -99.001343
vt 107.312744 247.064636
vt 116.222046 272.003235
vt 60.000000 322.657715
vt 36.000000 311.302307
vt -151.804810 -109.200424
vt -144.518188 -133.976746
vt -139.756470 -86.357758
vt -129.823608 -177.128906
vt -122.318237 -40.006134
vt -101.425903 -215.900940
vt -79.448242 -225.426804
vt 127.080200 -39.529938
vt 114.560303 7.313141
vt 109.798462 54.932159
vt -35.968994 -284.521088
vt -1.409302 -271.017975
vt -17.309937 -256.462646
vt -69.968994 -251.521057
vt -31.596802 -206.654556
vt 23.982056 -246.245972
vt 85.377441 -233.381348
vt 125.440796 128.639313
vt 113.459229 152.546661
vt 118.430664 102.832794
vt 98.883911 198.126648
vt -122.477539 152.390564
vt -115.288818 126.061981
vt -110.217529 176.774231
vt -123.368042 80.336884
vt -103.654175 30.270081
vt -46.239014 299.172791
vt -11.737549 299.172791
vt -119.645386 224.250244
vt -96.149414 236.321655
vt -94.178589 256.029297
vt 154.246948 -168.277206
vt 120.192261 -201.220871
vt 97.162476 -211.508362
vt 149.350830 -85.398254
vt 140.572876 -62.228455
vt 142.004639 -46.017883
vt 113.153442 -63.289032
vt 127.098877 -68.852112
vt 114.478271 -132.556625
vt 126.505615 -148.540192
vt 107.540161 -151.199020
vt 78.859863 -171.463531
vt 85.480225 -192.642731
vt 99.209229 -169.836090
vt 51.898682 -191.515656
vt 81.846802 -207.942520
vt 87.880615 -156.222580
vt 68.886597 -186.205399
vt 151.285034 -141.424789
vt 55.937744 245.462891
vt 43.032959 280.594910
vt -120.704346 -130.471115
vt -117.108276 -94.509186
vt -105.463623 -183.928757
vt -111.185913 -200.892471
vt -135.341309 -154.929810
vt -141.660400 -38.071991
vt -137.975220 -62.107086
vt -129.465576 -13.800446
vt -63.541504 -205.244965
vt 132.483887 -14.942108
vt 135.237061 9.380829
vt 122.517700 32.156494
vt 130.475098 56.999878
vt 124.400391 79.902496
vt 9.938232 -259.876801
vt -40.682373 -227.841156
vt -18.298340 -233.416016
vt 41.116089 -241.605042
vt 128.604980 153.003357
vt 115.582764 175.748718
vt 86.428223 146.033997
vt 133.366943 105.384338
vt 90.645264 103.863708
vt 118.060913 200.044250
vt 109.427368 222.809326
vt -130.461182 129.141327
vt -123.018188 104.349457
vt -125.699341 176.760376
vt -113.494141 199.587585
vt -113.397583 55.348145
vt -128.244873 32.729187
vt -26.918091 299.172791
vt -12.000000 317.995728
vt 11.463257 310.799805
vt 81.430664 252.506897
vt 45.952881 297.422729
vt 27.882690 294.973083
vt 63.909668 285.639587
vt 57.604736 266.011353
vt 79.854004 272.872131
vt -119.109253 -114.519501
vt -95.783936 -139.581787
vt -79.690918 -82.494415
vt -85.661987 -183.775055
vt -80.680908 -159.378372
vt -123.444580 -191.316391
vt -121.792236 -146.429062
vt -151.563110 -149.548370
vt -148.328735 -166.939056
vt -123.020264 -75.396332
vt -101.393677 -79.177521
vt -93.023560 -97.071411
vt -87.953125 -63.895050
vt -66.620728 -107.834717
vt -105.024780 -51.791077
vt -84.389893 -113.657898
vt -67.460327 -135.295181
vt -121.406250 -57.248627
vt -144.869263 -13.703552
vt -132.477661 9.104858
vt -76.880005 -211.091507
vt -62.287964 -222.592468
vt -46.888916 -190.534729
vt 2.184082 -159.294724
vt 44.424194 -140.791504
vt 53.068604 -165.430481
vt 68.589722 -141.643066
vt -40.764526 -156.803772
vt -19.313477 -179.688477
vt -49.604004 -172.620300
vt -33.334106 -171.334808
vt -60.860718 -155.950851
vt -19.107178 -154.894608
vt -30.907959 -190.687683
vt -0.585815 -118.985214
vt -31.466064 -138.490906
vt -4.830933 -139.526855
vt -49.408081 -136.271973
vt -20.724121 -121.300232
vt 19.751099 -141.932037
vt -17.665161 -59.160675
vt -14.064453 -90.483002
vt -53.082275 -57.472595
vt -12.163208 -107.022034
vt -71.479736 -55.460266
vt 140.048584 -29.492310
vt 109.181152 -22.708618
vt 101.129761 35.151611
vt 96.507202 15.762482
vt 66.632935 -6.485840
vt 97.717896 -5.161896
vt 78.481079 8.786133
vt 138.740845 33.778839
vt -47.846191 -212.227646
vt 10.371460 -215.009079
vt 63.282104 -244.631516
vt 101.729736 141.877502
vt 95.954712 165.846924
vt 100.253906 181.729553
vt 81.561401 188.423462
vt 63.558960 164.882507
vt 79.875366 161.381470
vt 68.375488 179.853149
vt 104.820679 110.967957
vt 103.924561 86.814056
vt 63.268555 68.844971
vt 110.152832 71.479492
vt 86.670654 70.874146
vt 84.704712 49.290863
vt -109.717896 92.146851
vt -74.017090 108.344330
vt -89.951660 96.022858
vt -70.740967 75.616516
vt -94.276489 118.080170
vt -73.971436 91.821014
vt -32.923828 91.580017
vt -53.398071 100.139557
vt -76.620605 128.873566
vt -100.322998 133.811218
vt -50.051147 79.378601
vt -31.424683 123.932648
vt -84.919556 145.664398
vt -77.418579 177.604980
vt -89.850586 163.673462
vt -58.261475 65.758667
vt -38.073120 108.029663
vt -17.625244 105.399811
vt -54.269775 124.142151
vt 10.208374 59.210052
vt 5.192017 87.668274
vt -23.129272 59.709625
vt -41.783936 56.412445
vt -30.677124 -1.572906
vt -40.942871 26.517151
vt -29.581787 41.796234
vt -2.831299 100.890350
vt -33.322144 74.017365
vt -12.963867 77.735962
vt -6.697021 43.671814
vt -6.419922 62.166229
vt -111.889160 70.433472
vt -129.612549 63.361908
vt -86.619385 51.320374
vt -115.072998 40.265411
vt 3.252197 298.223022
vt 95.777466 256.471130
vt 76.085693 222.198242
vt 76.441650 204.924683
vt -105.925659 -128.684799
vt -96.877930 -156.075912
vt -95.657104 -171.701920
vt -80.672607 -143.712585
vt -104.446777 1.140350
vt -117.242798 18.566589
vt 25.827881 -177.277527
vt 75.824951 -93.908295
vt 56.179688 -150.503036
vt 30.717773 -111.727432
vt 10.743774 -96.009949
vt 110.802002 -38.917480
vt 117.457397 -8.698730
vt -0.652222 -229.369934
vt -10.523071 -210.381485
vt 4.796875 -190.693939
vt 59.015991 -228.720016
vt 58.741455 -209.489578
vt 73.290771 89.220398
vt -87.371460 201.864380
vt 30.812378 19.827545
vt 54.791748 14.932648
vt -132.796021 47.872864
vt 71.546997 238.624268
vt 92.888916 215.280640
vt 91.243530 235.150757
vt -120.181641 -0.928864
vt 42.346680 -178.018402
vt 33.795532 -158.356415
vt 18.110474 -162.889572
vt 78.380981 -118.711426
vt 31.521362 -129.112396
vt 16.397705 -121.100433
vt 42.671631 -75.985931
vt 2.925659 -72.661743
vt 24.825928 -198.898666
vt 27.743896 -216.056305
vt 41.738525 -205.673141
vt -2.844360 -175.521484
vt -11.275269 -193.991669
vt 73.711914 106.326843
vt 36.455688 108.190918
vt 16.704834 105.118469
vt 55.303467 111.648468
vt 45.691284 140.396240
vt 43.363159 123.636963
vt 18.950317 135.569550
vt 24.527588 119.849945
vt -101.055176 207.866150
vt -99.494141 189.956360
vt -48.842896 203.500061
vt 15.245361 36.764282
vt 38.847412 -1.992645
vt 48.154053 43.598877
vt 67.197510 41.512299
vt 101.064697 -113.549362
vt 55.529053 -108.533081
vt 47.925659 -123.956253
vt 30.293823 -91.715881
vt 47.814209 -92.767609
vt 22.895996 -73.159546
vt 36.188721 -50.750183
vt -12.996094 -74.492065
vt -39.315430 -80.764740
vt 49.499023 88.270538
vt 27.378418 85.553680
vt 15.155029 74.753235
vt 32.937744 60.535156
vt 39.876709 75.203979
vt -67.811523 195.717834
vt -67.751831 222.580688
vt -4.180542 13.360870
vt -21.212402 23.709534
vt 50.788940 -16.306000
vt 71.438110 -31.930206
vt 89.298340 -23.180237
vt 82.307983 -8.937500
vt 53.460327 0.214142
vt 32.382690 36.893219
vt 111.292603 -92.732147
vt 87.250000 -105.264191
vt 63.977173 -126.117493
vt 6.917480 -39.944855
vt 13.299316 -57.325500
vt -2.478394 -53.256805
vt 61.032837 97.816406
vt 49.385620 60.009033
vt -47.732056 223.510559
vt -59.442261 244.709534
vt -85.574219 219.810974
vt 0.752319 29.030334
vt 12.299683 -8.423096
vt 51.442383 -36.899475
vt 68.087280 -61.161774
vt 64.299438 -45.919739
vt 24.035645 -38.622559
vt -43.518799 263.530151
vt 27.085938 -11.451416
vt 50.660400 -60.483063
vt -10.134155 260.881165
vt -69.932129 269.730957
vt -54.658813 281.694214
vt -26.136108 270.906555
vt -25.800171 253.659302
vt -9.235962 280.098145
vt -71.289185 254.452454
vt 88.243286 127.882904
vt -72.784668 20.271149
vt -85.423340 67.875366
vt 48.355835 218.539917
vt -107.642456 -21.925964
vt -100.190063 -36.320038
vt -78.276001 -14.240112
vt -59.641846 -32.338135
vt -94.555298 -11.984619
vt -83.994507 4.362335
vt -89.808960 20.363251
vt -75.951172 -30.488464
vt -34.462036 -39.189941
vt -13.695679 -35.367432
vt -0.031860 -22.537933
vt -18.463013 -16.599182
vt -13.882324 -0.398499
vt -54.378052 -8.276428
vt -66.630859 4.031128
vt -48.777832 9.551819
vt -89.879028 -25.887421
vt -49.017944 -42.988678
vt -35.308594 -56.951050
vt -43.641724 -23.231720
vt -64.476440 -18.673889
vt 66.060791 143.207397
vt -9.625488 144.418793
vt 25.890625 173.606995
vt 46.871094 178.511536
vt 40.218872 159.641541
vt 42.397217 198.719238
vt 21.489136 154.758240
vt 5.326904 220.669495
vt -9.164795 238.175720
vt 6.812622 146.937683
vt 26.577881 214.280884
vt -21.741211 212.031738
vt 33.384521 237.285156
vt 8.966064 194.235718
vt -5.315308 171.187866
vt -31.728027 224.583313
vt 36.357056 259.352539
vt 25.555176 197.419861
vt 10.689087 167.218567
vt 25.943481 274.295471
vt 8.059937 267.170532
vt 18.682617 250.499512
vt 16.683472 233.489685
vt -10.192871 222.573425
vt 47.594727 233.283325
vt 2.237183 250.035889
vt -59.697266 -77.096985
vt -66.475342 -91.718872
vt -47.085327 -100.233551
vt -30.082275 -105.983749
vt -28.848389 -91.232330
vt 93.010742 -76.796326
vt 95.706177 -92.158569
vt 108.257202 -77.759949
vt 96.280884 -59.900391
vt 75.743164 -76.640198
vt 59.132080 -80.120636
vt 14.470703 10.345215
vt -58.485474 31.661285
vt -75.098633 37.846893
vt -13.930420 127.158356
vt -37.642090 152.389771
vt -48.927856 176.698975
vt -50.197266 140.762604
vt -53.907227 159.612854
vt -27.375977 171.930298
vt -21.383179 156.314819
vt -15.700317 190.736328
vt -5.174683 205.226685
vt -32.089233 197.591797
g Pattern_9613
s 1
usemtl FABRIC_1_FRONT_7892
f 3120/3120/3120 3119/3119/3119 3068/3068/3068
f 3234/3234/3234 3278/3278/3278 3181/3181/3181
f 3179/3179/3179 3144/3144/3144 3178/3178/3178
f 3100/3100/3100 3181/3181/3181 3099/3099/3099
f 3267/3267/3267 3143/3143/3143 3142/3142/3142
f 3079/3079/3079 3164/3164/3164 3135/3135/3135
f 3119/3119/3119 3120/3120/3120 3121/3121/3121
f 3180/3180/3180 3095/3095/3095 3178/3178/3178
f 3180/3180/3180 3236/3236/3236 3094/3094/3094
f 3491/3491/3491 3508/3508/3508 3495/3495/3495
f 3068/3068/3068 3069/3069/3069 3120/3120/3120
f 3137/3137/3137 3115/3115/3115 3112/3112/3112
f 3094/3094/3094 3095/3095/3095 3180/3180/3180
f 3183/3183/3183 3290/3290/3290 3147/3147/3147
f 3181/3181/3181 3100/3100/3100 3275/3275/3275
f 3155/3155/3155 3107/3107/3107 3116/3116/3116
f 3235/3235/3235 3092/3092/3092 3093/3093/3093
f 3326/3326/3326 3157/3157/3157 3195/3195/3195
f 3127/3127/3127 3155/3155/3155 3116/3116/3116
f 3246/3246/3246 3190/3190/3190 3109/3109/3109
f 3103/3103/3103 3104/3104/3104 3191/3191/3191
f 3125/3125/3125 3150/3150/3150 3151/3151/3151
f 3102/3102/3102 3183/3183/3183 3101/3101/3101
f 3189/3189/3189 3151/3151/3151 3155/3155/3155
f 3104/3104/3104 3105/3105/3105 3150/3150/3150
f 3262/3262/3262 3263/3263/3263 3072/3072/3072
f 3078/3078/3078 3079/3079/3079 3114/3114/3114
f 3381/3381/3381 3285/3285/3285 3271/3271/3271
f 3177/3177/3177 3142/3142/3142 3176/3176/3176
f 3230/3230/3230 3144/3144/3144 3179/3179/3179
f 3150/3150/3150 3105/3105/3105 3188/3188/3188
f 3141/3141/3141 3140/3140/3140 3175/3175/3175
f 3069/3069/3069 3143/3143/3143 3120/3120/3120
f 3036/3036/3036 3116/3116/3116 3107/3107/3107
f 3083/3083/3083 3257/3257/3257 3258/3258/3258
f 3237/3237/3237 3288/3288/3288 3235/3235/3235
f 3154/3154/3154 3325/3325/3325 3247/3247/3247
f 3200/3200/3200 3159/3159/3159 3199/3199/3199
f 3092/3092/3092 3288/3288/3288 3091/3091/3091
f 3075/3075/3075 3076/3076/3076 3115/3115/3115
f 3164/3164/3164 3079/3079/3079 3080/3080/3080
f 3200/3200/3200 3255/3255/3255 3256/3256/3256
f 3210/3210/3210 3167/3167/3167 3169/3169/3169
f 3084/3084/3084 3085/3085/3085 3199/3199/3199
f 3073/3073/3073 3074/3074/3074 3161/3161/3161
f 3273/3273/3273 3238/3238/3238 3123/3123/3123
f 3257/3257/3257 3199/3199/3199 3201/3201/3201
f 3037/3037/3037 3127/3127/3127 3116/3116/3116
f 3088/3088/3088 3202/3202/3202 3087/3087/3087
f 3069/3069/3069 3176/3176/3176 3143/3143/3143
f 3330/3330/3330 3422/3422/3422 3509/3509/3509
f 3164/3164/3164 3165/3165/3165 3134/3134/3134
f 3346/3346/3346 3340/3340/3340 3344/3344/3344
f 3112/3112/3112 3115/3115/3115 3114/3114/3114
f 3135/3135/3135 3112/3112/3112 3114/3114/3114
f 3038/3038/3038 3153/3153/3153 3127/3127/3127
f 3248/3248/3248 3249/3249/3249 3196/3196/3196
f 3077/3077/3077 3078/3078/3078 3113/3113/3113
f 3510/3510/3510 3350/3350/3350 3549/3549/3549
f 3115/3115/3115 3076/3076/3076 3113/3113/3113
f 3137/3137/3137 3075/3075/3075 3115/3115/3115
f 3426/3426/3426 3163/3163/3163 3206/3206/3206
f 3076/3076/3076 3077/3077/3077 3113/3113/3113
f 3356/3356/3356 3365/3365/3365 3110/3110/3110
f 3163/3163/3163 3207/3207/3207 3165/3165/3165
f 3307/3307/3307 3297/3297/3297 3305/3305/3305
f 3260/3260/3260 3089/3089/3089 3090/3090/3090
f 3239/3239/3239 3316/3316/3316 3185/3185/3185
f 3037/3037/3037 3116/3116/3116 3036/3036/3036
f 3194/3194/3194 3041/3041/3041 3042/3042/3042
f 3038/3038/3038 3039/3039/3039 3153/3153/3153
f 3064/3064/3064 3174/3174/3174 3063/3063/3063
f 3126/3126/3126 3153/3153/3153 3154/3154/3154
f 3212/3212/3212 3213/3213/3213 3171/3171/3171
f 3265/3265/3265 3142/3142/3142 3177/3177/3177
f 3251/3251/3251 3057/3057/3057 3058/3058/3058
f 3193/3193/3193 3126/3126/3126 3154/3154/3154
f 3211/3211/3211 3169/3169/3169 3221/3221/3221
f 3178/3178/3178 3095/3095/3095 3096/3096/3096
f 3137/3137/3137 3136/3136/3136 3166/3166/3166
f 3045/3045/3045 3167/3167/3167 3044/3044/3044
f 3219/3219/3219 3222/3222/3222 3138/3138/3138
f 3168/3168/3168 3209/3209/3209 3047/3047/3047
f 3394/3394/3394 3247/3247/3247 3325/3325/3325
f 3173/3173/3173 3170/3170/3170 3212/3212/3212
f 3410/3410/3410 3306/3306/3306 3309/3309/3309
f 3168/3168/3168 3218/3218/3218 3138/3138/3138
f 3218/3218/3218 3168/3168/3168 3172/3172/3172
f 3154/3154/3154 3039/3039/3039 3040/3040/3040
f 3209/3209/3209 3167/3167/3167 3045/3045/3045
f 3161/3161/3161 3136/3136/3136 3204/3204/3204
f 3282/3282/3282 3314/3314/3314 3146/3146/3146
f 3141/3141/3141 3121/3121/3121 3118/3118/3118
f 3241/3241/3241 3187/3187/3187 3317/3317/3317
f 3278/3278/3278 3099/3099/3099 3181/3181/3181
f 3139/3139/3139 3457/3457/3457 3433/3433/3433
f 3240/3240/3240 3053/3053/3053 3054/3054/3054
f 3152/3152/3152 3191/3191/3191 3150/3150/3150
f 3241/3241/3241 3322/3322/3322 3242/3242/3242
f 3478/3478/3478 3135/3135/3135 3134/3134/3134
f 3137/3137/3137 3479/3479/3479 3136/3136/3136
f 3172/3172/3172 3048/3048/3048 3170/3170/3170
f 3479/3479/3479 3137/3137/3137 3112/3112/3112
f 3170/3170/3170 3048/3048/3048 3049/3049/3049
f 3066/3066/3066 3067/3067/3067 3119/3119/3119
f 3121/3121/3121 3066/3066/3066 3119/3119/3119
f 3113/3113/3113 3114/3114/3114 3115/3115/3115
f 3118/3118/3118 3120/3120/3120 3143/3143/3143
f 3261/3261/3261 3161/3161/3161 3204/3204/3204
f 3134/3134/3134 3208/3208/3208 3478/3478/3478
f 3166/3166/3166 3074/3074/3074 3075/3075/3075
f 3141/3141/3141 3065/3065/3065 3121/3121/3121
f 3206/3206/3206 3081/3081/3081 3082/3082/3082
f 3121/3121/3121 3120/3120/3120 3118/3118/3118
f 3068/3068/3068 3119/3119/3119 3067/3067/3067
f 3448/3448/3448 3466/3466/3466 3133/3133/3133
f 3069/3069/3069 3070/3070/3070 3176/3176/3176
f 3403/3403/3403 3264/3264/3264 3401/3401/3401
f 3165/3165/3165 3080/3080/3080 3081/3081/3081
f 3432/3432/3432 3399/3399/3399 3149/3149/3149
f 3123/3123/3123 3238/3238/3238 3292/3292/3292
f 3195/3195/3195 3196/3196/3196 3326/3326/3326
f 3373/3373/3373 3259/3259/3259 3400/3400/3400
f 3241/3241/3241 3317/3317/3317 3318/3318/3318
f 3253/3253/3253 3061/3061/3061 3062/3062/3062
f 3483/3483/3483 3208/3208/3208 3133/3133/3133
f 3070/3070/3070 3071/3071/3071 3177/3177/3177
f 3064/3064/3064 3065/3065/3065 3175/3175/3175
f 3175/3175/3175 3174/3174/3174 3064/3064/3064
f 3254/3254/3254 3063/3063/3063 3174/3174/3174
f 3195/3195/3195 3197/3197/3197 3251/3251/3251
f 3052/3052/3052 3315/3315/3315 3214/3214/3214
f 3261/3261/3261 3262/3262/3262 3161/3161/3161
f 3114/3114/3114 3113/3113/3113 3078/3078/3078
f 3065/3065/3065 3066/3066/3066 3121/3121/3121
f 3058/3058/3058 3059/3059/3059 3195/3195/3195
f 3316/3316/3316 3390/3390/3390 3320/3320/3320
f 3245/3245/3245 3125/3125/3125 3246/3246/3246
f 3079/3079/3079 3135/3135/3135 3114/3114/3114
f 3127/3127/3127 3037/3037/3037 3038/3038/3038
f 3269/3269/3269 3141/3141/3141 3118/3118/3118
f 3160/3160/3160 3339/3339/3339 3370/3370/3370
f 3179/3179/3179 3096/3096/3096 3097/3097/3097
f 3231/3231/3231 3180/3180/3180 3144/3144/3144
f 3183/3183/3183 3233/3233/3233 3101/3101/3101
f 3270/3270/3270 3378/3378/3378 3122/3122/3122
f 3287/3287/3287 3280/3280/3280 3284/3284/3284
f 3344/3344/3344 3486/3486/3486 3342/3342/3342
f 3103/3103/3103 3191/3191/3191 3184/3184/3184
f 3380/3380/3380 3274/3274/3274 3379/3379/3379
f 3440/3440/3440 3412/3412/3412 3462/3462/3462
f 3173/3173/3173 3139/3139/3139 3170/3170/3170
f 3242/3242/3242 3055/3055/3055 3056/3056/3056
f 3317/3317/3317 3338/3338/3338 3149/3149/3149
f 3188/3188/3188 3105/3105/3105 3106/3106/3106
f 3150/3150/3150 3125/3125/3125 3152/3152/3152
f 3107/3107/3107 3155/3155/3155 3106/3106/3106
f 3127/3127/3127 3126/3126/3126 3189/3189/3189
f 3152/3152/3152 3125/3125/3125 3245/3245/3245
f 3184/3184/3184 3183/3183/3183 3102/3102/3102
f 3154/3154/3154 3153/3153/3153 3039/3039/3039
f 3127/3127/3127 3153/3153/3153 3126/3126/3126
f 3040/3040/3040 3041/3041/3041 3325/3325/3325
f 3193/3193/3193 3109/3109/3109 3244/3244/3244
f 3189/3189/3189 3155/3155/3155 3127/3127/3127
f 3188/3188/3188 3155/3155/3155 3151/3151/3151
f 3211/3211/3211 3043/3043/3043 3210/3210/3210
f 3043/3043/3043 3044/3044/3044 3210/3210/3210
f 3248/3248/3248 3195/3195/3195 3059/3059/3059
f 3187/3187/3187 3336/3336/3336 3337/3337/3337
f 3142/3142/3142 3265/3265/3265 3267/3267/3267
f 3424/3424/3424 3518/3518/3518 3110/3110/3110
f 3255/3255/3255 3199/3199/3199 3085/3085/3085
f 3427/3427/3427 3258/3258/3258 3201/3201/3201
f 3347/3347/3347 3351/3351/3351 3348/3348/3348
f 3256/3256/3256 3343/3343/3343 3200/3200/3200
f 3161/3161/3161 3074/3074/3074 3166/3166/3166
f 3482/3482/3482 3261/3261/3261 3132/3132/3132
f 3480/3480/3480 3132/3132/3132 3474/3474/3474
f 3377/3377/3377 3487/3487/3487 3158/3158/3158
f 3257/3257/3257 3083/3083/3083 3084/3084/3084
f 3201/3201/3201 3159/3159/3159 3353/3353/3353
f 3165/3165/3165 3164/3164/3164 3080/3080/3080
f 3135/3135/3135 3164/3164/3164 3134/3134/3134
f 3165/3165/3165 3081/3081/3081 3206/3206/3206
f 3208/3208/3208 3165/3165/3165 3207/3207/3207
f 3137/3137/3137 3166/3166/3166 3075/3075/3075
f 3161/3161/3161 3166/3166/3166 3136/3136/3136
f 3209/3209/3209 3045/3045/3045 3046/3046/3046
f 3167/3167/3167 3138/3138/3138 3169/3169/3169
f 3048/3048/3048 3172/3172/3172 3227/3227/3227
f 3138/3138/3138 3167/3167/3167 3168/3168/3168
f 3225/3225/3225 3219/3219/3219 3117/3117/3117
f 3043/3043/3043 3211/3211/3211 3042/3042/3042
f 3212/3212/3212 3049/3049/3049 3050/3050/3050
f 3172/3172/3172 3170/3170/3170 3139/3139/3139
f 3213/3213/3213 3050/3050/3050 3051/3051/3051
f 3216/3216/3216 3171/3171/3171 3213/3213/3213
f 3172/3172/3172 3139/3139/3139 3217/3217/3217
f 3172/3172/3172 3168/3168/3168 3227/3227/3227
f 3212/3212/3212 3170/3170/3170 3049/3049/3049
f 3457/3457/3457 3173/3173/3173 3171/3171/3171
f 3375/3375/3375 3174/3174/3174 3140/3140/3140
f 3401/3401/3401 3264/3264/3264 3228/3228/3228
f 3141/3141/3141 3175/3175/3175 3065/3065/3065
f 3174/3174/3174 3175/3175/3175 3140/3140/3140
f 3177/3177/3177 3176/3176/3176 3070/3070/3070
f 3143/3143/3143 3176/3176/3176 3142/3142/3142
f 3263/3263/3263 3071/3071/3071 3072/3072/3072
f 3266/3266/3266 3229/3229/3229 3265/3265/3265
f 3179/3179/3179 3178/3178/3178 3096/3096/3096
f 3180/3180/3180 3178/3178/3178 3144/3144/3144
f 3277/3277/3277 3234/3234/3234 3179/3179/3179
f 3230/3230/3230 3378/3378/3378 3270/3270/3270
f 3144/3144/3144 3270/3270/3270 3231/3231/3231
f 3236/3236/3236 3180/3180/3180 3279/3279/3279
f 3101/3101/3101 3233/3233/3233 3100/3100/3100
f 3234/3234/3234 3181/3181/3181 3145/3145/3145
f 3235/3235/3235 3093/3093/3093 3236/3236/3236
f 3203/3203/3203 3373/3373/3373 3383/3383/3383
f 3102/3102/3102 3103/3103/3103 3184/3184/3184
f 3233/3233/3233 3147/3147/3147 3232/3232/3232
f 3291/3291/3291 3245/3245/3245 3323/3323/3323
f 3183/3183/3183 3184/3184/3184 3290/3290/3290
f 3239/3239/3239 3052/3052/3052 3053/3053/3053
f 3216/3216/3216 3185/3185/3185 3215/3215/3215
f 3318/3318/3318 3149/3149/3149 3321/3321/3321
f 3315/3315/3315 3239/3239/3239 3185/3185/3185
f 3057/3057/3057 3251/3251/3251 3243/3243/3243
f 3195/3195/3195 3333/3333/3333 3197/3197/3197
f 3155/3155/3155 3188/3188/3188 3106/3106/3106
f 3150/3150/3150 3188/3188/3188 3151/3151/3151
f 3126/3126/3126 3244/3244/3244 3189/3189/3189
f 3190/3190/3190 3189/3189/3189 3109/3109/3109
f 3125/3125/3125 3151/3151/3151 3190/3190/3190
f 3189/3189/3189 3190/3190/3190 3151/3151/3151
f 3150/3150/3150 3191/3191/3191 3104/3104/3104
f 3184/3184/3184 3191/3191/3191 3152/3152/3152
f 3246/3246/3246 3109/3109/3109 3391/3391/3391
f 3128/3128/3128 3394/3394/3394 3395/3395/3395
f 3154/3154/3154 3247/3247/3247 3193/3193/3193
f 3247/3247/3247 3414/3414/3414 3193/3193/3193
f 3211/3211/3211 3194/3194/3194 3042/3042/3042
f 3325/3325/3325 3194/3194/3194 3156/3156/3156
f 3248/3248/3248 3059/3059/3059 3060/3060/3060
f 3157/3157/3157 3333/3333/3333 3195/3195/3195
f 3249/3249/3249 3060/3060/3060 3061/3061/3061
f 3250/3250/3250 3509/3509/3509 3484/3484/3484
f 3484/3484/3484 3252/3252/3252 3333/3333/3333
f 3243/3243/3243 3242/3242/3242 3056/3056/3056
f 3253/3253/3253 3062/3062/3062 3254/3254/3254
f 3327/3327/3327 3250/3250/3250 3326/3326/3326
f 3255/3255/3255 3085/3085/3085 3086/3086/3086
f 3199/3199/3199 3159/3159/3159 3201/3201/3201
f 3256/3256/3256 3086/3086/3086 3087/3087/3087
f 3343/3343/3343 3339/3339/3339 3341/3341/3341
f 3159/3159/3159 3351/3351/3351 3353/3353/3353
f 3083/3083/3083 3258/3258/3258 3082/3082/3082
f 3089/3089/3089 3260/3260/3260 3400/3400/3400
f 3202/3202/3202 3339/3339/3339 3256/3256/3256
f 3288/3288/3288 3289/3289/3289 3091/3091/3091
f 3502/3502/3502 3503/3503/3503 3485/3485/3485
f 3479/3479/3479 3112/3112/3112 3478/3478/3478
f 3261/3261/3261 3204/3204/3204 3132/3132/3132
f 3177/3177/3177 3071/3071/3071 3263/3263/3263
f 3073/3073/3073 3262/3262/3262 3072/3072/3072
f 3258/3258/3258 3206/3206/3206 3082/3082/3082
f 3165/3165/3165 3206/3206/3206 3163/3163/3163
f 3163/3163/3163 3426/3426/3426 3467/3467/3467
f 3208/3208/3208 3207/3207/3207 3133/3133/3133
f 3133/3133/3133 3466/3466/3466 3483/3483/3483
f 3134/3134/3134 3165/3165/3165 3208/3208/3208
f 3047/3047/3047 3209/3209/3209 3046/3046/3046
f 3167/3167/3167 3209/3209/3209 3168/3168/3168
f 3167/3167/3167 3210/3210/3210 3044/3044/3044
f 3211/3211/3211 3210/3210/3210 3169/3169/3169
f 3169/3169/3169 3222/3222/3222 3221/3221/3221
f 3211/3211/3211 3224/3224/3224 3194/3194/3194
f 3213/3213/3213 3212/3212/3212 3050/3050/3050
f 3173/3173/3173 3212/3212/3212 3171/3171/3171
f 3051/3051/3051 3214/3214/3214 3213/3213/3213
f 3185/3185/3185 3389/3389/3389 3215/3215/3215
f 3052/3052/3052 3214/3214/3214 3051/3051/3051
f 3185/3185/3185 3213/3213/3213 3214/3214/3214
f 3296/3296/3296 3117/3117/3117 3408/3408/3408
f 3541/3541/3541 3458/3458/3458 3433/3433/3433
f 3185/3185/3185 3216/3216/3216 3213/3213/3213
f 3216/3216/3216 3215/3215/3215 3542/3542/3542
f 3433/3433/3433 3408/3408/3408 3117/3117/3117
f 3217/3217/3217 3219/3219/3219 3218/3218/3218
f 3172/3172/3172 3217/3217/3217 3218/3218/3218
f 3219/3219/3219 3217/3217/3217 3117/3117/3117
f 3225/3225/3225 3222/3222/3222 3219/3219/3219
f 3138/3138/3138 3218/3218/3218 3219/3219/3219
f 3295/3295/3295 3386/3386/3386 3406/3406/3406
f 3224/3224/3224 3226/3226/3226 3395/3395/3395
f 3221/3221/3221 3220/3220/3220 3226/3226/3226
f 3194/3194/3194 3224/3224/3224 3156/3156/3156
f 3221/3221/3221 3222/3222/3222 3220/3220/3220
f 3169/3169/3169 3138/3138/3138 3222/3222/3222
f 3386/3386/3386 3220/3220/3220 3296/3296/3296
f 3324/3324/3324 3393/3393/3393 3392/3392/3392
f 3211/3211/3211 3221/3221/3221 3224/3224/3224
f 3224/3224/3224 3221/3221/3221 3226/3226/3226
f 3117/3117/3117 3296/3296/3296 3225/3225/3225
f 3220/3220/3220 3222/3222/3222 3225/3225/3225
f 3225/3225/3225 3296/3296/3296 3220/3220/3220
f 3226/3226/3226 3223/3223/3223 3395/3395/3395
f 3168/3168/3168 3047/3047/3047 3227/3227/3227
f 3048/3048/3048 3227/3227/3227 3047/3047/3047
f 3267/3267/3267 3118/3118/3118 3143/3143/3143
f 3482/3482/3482 3205/3205/3205 3261/3261/3261
f 3525/3525/3525 3528/3528/3528 3530/3530/3530
f 3269/3269/3269 3268/3268/3268 3264/3264/3264
f 3276/3276/3276 3179/3179/3179 3234/3234/3234
f 3276/3276/3276 3271/3271/3271 3378/3378/3378
f 3231/3231/3231 3281/3281/3281 3280/3280/3280
f 3284/3284/3284 3280/3280/3280 3282/3282/3282
f 3273/3273/3273 3232/3232/3232 3147/3147/3147
f 3145/3145/3145 3181/3181/3181 3232/3232/3232
f 3147/3147/3147 3233/3233/3233 3183/3183/3183
f 3232/3232/3232 3181/3181/3181 3275/3275/3275
f 3276/3276/3276 3234/3234/3234 3145/3145/3145
f 3179/3179/3179 3097/3097/3097 3277/3277/3277
f 3093/3093/3093 3094/3094/3094 3236/3236/3236
f 3235/3235/3235 3182/3182/3182 3237/3237/3237
f 3279/3279/3279 3180/3180/3180 3231/3231/3231
f 3182/3182/3182 3235/3235/3235 3236/3236/3236
f 3488/3488/3488 3382/3382/3382 3404/3404/3404
f 3260/3260/3260 3289/3289/3289 3383/3383/3383
f 3152/3152/3152 3291/3291/3291 3184/3184/3184
f 3238/3238/3238 3323/3323/3323 3292/3292/3292
f 3240/3240/3240 3239/3239/3239 3053/3053/3053
f 3389/3389/3389 3316/3316/3316 3148/3148/3148
f 3054/3054/3054 3055/3055/3055 3322/3322/3322
f 3240/3240/3240 3186/3186/3186 3390/3390/3390
f 3186/3186/3186 3240/3240/3240 3241/3241/3241
f 3240/3240/3240 3054/3054/3054 3322/3322/3322
f 3056/3056/3056 3057/3057/3057 3243/3243/3243
f 3241/3241/3241 3242/3242/3242 3187/3187/3187
f 3197/3197/3197 3333/3333/3333 3334/3334/3334
f 3242/3242/3242 3243/3243/3243 3336/3336/3336
f 3193/3193/3193 3244/3244/3244 3126/3126/3126
f 3109/3109/3109 3189/3189/3189 3244/3244/3244
f 3125/3125/3125 3190/3190/3190 3246/3246/3246
f 3323/3323/3323 3245/3245/3245 3192/3192/3192
f 3193/3193/3193 3324/3324/3324 3391/3391/3391
f 3192/3192/3192 3245/3245/3245 3246/3246/3246
f 3040/3040/3040 3325/3325/3325 3154/3154/3154
f 3414/3414/3414 3247/3247/3247 3128/3128/3128
f 3249/3249/3249 3248/3248/3248 3060/3060/3060
f 3195/3195/3195 3248/3248/3248 3196/3196/3196
f 3253/3253/3253 3249/3249/3249 3061/3061/3061
f 3329/3329/3329 3332/3332/3332 3331/3331/3331
f 3327/3327/3327 3196/3196/3196 3249/3249/3249
f 3327/3327/3327 3331/3331/3331 3250/3250/3250
f 3195/3195/3195 3251/3251/3251 3058/3058/3058
f 3243/3243/3243 3251/3251/3251 3197/3197/3197
f 3396/3396/3396 3335/3335/3335 3337/3337/3337
f 3197/3197/3197 3334/3334/3334 3243/3243/3243
f 3062/3062/3062 3063/3063/3063 3254/3254/3254
f 3253/3253/3253 3198/3198/3198 3328/3328/3328
f 3376/3376/3376 3402/3402/3402 3403/3403/3403
f 3198/3198/3198 3253/3253/3253 3254/3254/3254
f 3256/3256/3256 3255/3255/3255 3086/3086/3086
f 3199/3199/3199 3255/3255/3255 3200/3200/3200
f 3087/3087/3087 3202/3202/3202 3256/3256/3256
f 3202/3202/3202 3370/3370/3370 3339/3339/3339
f 3199/3199/3199 3257/3257/3257 3084/3084/3084
f 3258/3258/3258 3257/3257/3257 3201/3201/3201
f 3427/3427/3427 3352/3352/3352 3397/3397/3397
f 3258/3258/3258 3426/3426/3426 3206/3206/3206
f 3371/3371/3371 3202/3202/3202 3088/3088/3088
f 3259/3259/3259 3373/3373/3373 3372/3372/3372
f 3289/3289/3289 3090/3090/3090 3091/3091/3091
f 3260/3260/3260 3383/3383/3383 3373/3373/3373
f 3482/3482/3482 3132/3132/3132 3480/3480/3480
f 3262/3262/3262 3261/3261/3261 3205/3205/3205
f 3161/3161/3161 3262/3262/3262 3073/3073/3073
f 3262/3262/3262 3374/3374/3374 3263/3263/3263
f 3374/3374/3374 3262/3262/3262 3205/3205/3205
f 3263/3263/3263 3374/3374/3374 3266/3266/3266
f 3140/3140/3140 3141/3141/3141 3269/3269/3269
f 3401/3401/3401 3533/3533/3533 3376/3376/3376
f 3266/3266/3266 3265/3265/3265 3177/3177/3177
f 3265/3265/3265 3229/3229/3229 3267/3267/3267
f 3263/3263/3263 3266/3266/3266 3177/3177/3177
f 3266/3266/3266 3162/3162/3162 3528/3528/3528
f 3268/3268/3268 3267/3267/3267 3229/3229/3229
f 3269/3269/3269 3267/3267/3267 3268/3268/3268
f 3268/3268/3268 3229/3229/3229 3525/3525/3525
f 3264/3264/3264 3268/3268/3268 3228/3228/3228
f 3269/3269/3269 3264/3264/3264 3375/3375/3375
f 3118/3118/3118 3267/3267/3267 3269/3269/3269
f 3231/3231/3231 3270/3270/3270 3122/3122/3122
f 3144/3144/3144 3230/3230/3230 3270/3270/3270
f 3273/3273/3273 3380/3380/3380 3232/3232/3232
f 3274/3274/3274 3381/3381/3381 3379/3379/3379
f 3537/3537/3537 3538/3538/3538 3539/3539/3539
f 3308/3308/3308 3313/3313/3313 3538/3538/3538
f 3238/3238/3238 3273/3273/3273 3147/3147/3147
f 3123/3123/3123 3274/3274/3274 3273/3273/3273
f 3123/3123/3123 3292/3292/3292 3299/3299/3299
f 3285/3285/3285 3286/3286/3286 3283/3283/3283
f 3100/3100/3100 3233/3233/3233 3275/3275/3275
f 3232/3232/3232 3275/3275/3275 3233/3233/3233
f 3271/3271/3271 3276/3276/3276 3145/3145/3145
f 3179/3179/3179 3276/3276/3276 3230/3230/3230
f 3097/3097/3097 3098/3098/3098 3277/3277/3277
f 3278/3278/3278 3098/3098/3098 3099/3099/3099
f 3234/3234/3234 3277/3277/3277 3278/3278/3278
f 3098/3098/3098 3278/3278/3278 3277/3277/3277
f 3279/3279/3279 3231/3231/3231 3280/3280/3280
f 3287/3287/3287 3284/3284/3284 3182/3182/3182
f 3281/3281/3281 3231/3231/3231 3122/3122/3122
f 3282/3282/3282 3280/3280/3280 3272/3272/3272
f 3285/3285/3285 3283/3283/3283 3281/3281/3281
f 3272/3272/3272 3280/3280/3280 3281/3281/3281
f 3537/3537/3537 3535/3535/3535 3536/3536/3536
f 3284/3284/3284 3282/3282/3282 3146/3146/3146
f 3281/3281/3281 3283/3283/3283 3536/3536/3536
f 3281/3281/3281 3122/3122/3122 3285/3285/3285
f 3489/3489/3489 3284/3284/3284 3146/3146/3146
f 3182/3182/3182 3236/3236/3236 3287/3287/3287
f 3378/3378/3378 3285/3285/3285 3122/3122/3122
f 3271/3271/3271 3379/3379/3379 3381/3381/3381
f 3123/3123/3123 3299/3299/3299 3301/3301/3301
f 3283/3283/3283 3286/3286/3286 3307/3307/3307
f 3236/3236/3236 3279/3279/3279 3287/3287/3287
f 3280/3280/3280 3287/3287/3287 3279/3279/3279
f 3235/3235/3235 3288/3288/3288 3092/3092/3092
f 3289/3289/3289 3288/3288/3288 3237/3237/3237
f 3289/3289/3289 3237/3237/3237 3404/3404/3404
f 3260/3260/3260 3090/3090/3090 3289/3289/3289
f 3291/3291/3291 3290/3290/3290 3184/3184/3184
f 3238/3238/3238 3147/3147/3147 3290/3290/3290
f 3245/3245/3245 3291/3291/3291 3152/3152/3152
f 3290/3290/3290 3291/3291/3291 3238/3238/3238
f 3303/3303/3303 3292/3292/3292 3192/3192/3192
f 3123/3123/3123 3301/3301/3301 3274/3274/3274
f 3295/3295/3295 3405/3405/3405 3223/3223/3223
f 3295/3295/3295 3223/3223/3223 3226/3226/3226
f 3471/3471/3471 3544/3544/3544 3543/3543/3543
f 3305/3305/3305 3306/3306/3306 3308/3308/3308
f 3220/3220/3220 3295/3295/3295 3226/3226/3226
f 3384/3384/3384 3405/3405/3405 3406/3406/3406
f 3217/3217/3217 3139/3139/3139 3433/3433/3433
f 3386/3386/3386 3296/3296/3296 3294/3294/3294
f 3299/3299/3299 3292/3292/3292 3300/3300/3300
f 3302/3302/3302 3297/3297/3297 3300/3300/3300
f 3391/3391/3391 3392/3392/3392 3246/3246/3246
f 3302/3302/3302 3300/3300/3300 3298/3298/3298
f 3292/3292/3292 3303/3303/3303 3300/3300/3300
f 3299/3299/3299 3297/3297/3297 3301/3301/3301
f 3298/3298/3298 3416/3416/3416 3302/3302/3302
f 3297/3297/3297 3299/3299/3299 3300/3300/3300
f 3307/3307/3307 3301/3301/3301 3297/3297/3297
f 3381/3381/3381 3301/3301/3301 3286/3286/3286
f 3306/3306/3306 3302/3302/3302 3293/3293/3293
f 3307/3307/3307 3305/3305/3305 3108/3108/3108
f 3417/3417/3417 3192/3192/3192 3392/3392/3392
f 3300/3300/3300 3303/3303/3303 3298/3298/3298
f 3409/3409/3409 3410/3410/3410 3309/3309/3309
f 3304/3304/3304 3313/3313/3313 3308/3308/3308
f 3297/3297/3297 3302/3302/3302 3305/3305/3305
f 3305/3305/3305 3302/3302/3302 3306/3306/3306
f 3309/3309/3309 3306/3306/3306 3293/3293/3293
f 3306/3306/3306 3304/3304/3304 3308/3308/3308
f 3283/3283/3283 3307/3307/3307 3108/3108/3108
f 3307/3307/3307 3286/3286/3286 3301/3301/3301
f 3311/3311/3311 3313/3313/3313 3388/3388/3388
f 3108/3108/3108 3305/3305/3305 3308/3308/3308
f 3407/3407/3407 3293/3293/3293 3416/3416/3416
f 3309/3309/3309 3294/3294/3294 3409/3409/3409
f 3319/3319/3319 3399/3399/3399 3455/3455/3455
f 3440/3440/3440 3441/3441/3441 3539/3539/3539
f 3313/3313/3313 3304/3304/3304 3388/3388/3388
f 3310/3310/3310 3441/3441/3441 3440/3440/3440
f 3314/3314/3314 3272/3272/3272 3535/3535/3535
f 3491/3491/3491 3314/3314/3314 3505/3505/3505
f 3304/3304/3304 3410/3410/3410 3388/3388/3388
f 3539/3539/3539 3538/3538/3538 3311/3311/3311
f 3272/3272/3272 3314/3314/3314 3282/3282/3282
f 3312/3312/3312 3505/3505/3505 3314/3314/3314
f 3214/3214/3214 3315/3315/3315 3185/3185/3185
f 3052/3052/3052 3239/3239/3239 3315/3315/3315
f 3239/3239/3239 3390/3390/3390 3316/3316/3316
f 3186/3186/3186 3241/3241/3241 3318/3318/3318
f 3187/3187/3187 3337/3337/3337 3338/3338/3338
f 3317/3317/3317 3149/3149/3149 3318/3318/3318
f 3429/3429/3429 3456/3456/3456 3445/3445/3445
f 3186/3186/3186 3318/3318/3318 3320/3320/3320
f 3455/3455/3455 3451/3451/3451 3319/3319/3319
f 3453/3453/3453 3316/3316/3316 3320/3320/3320
f 3321/3321/3321 3320/3320/3320 3318/3318/3318
f 3452/3452/3452 3453/3453/3453 3454/3454/3454
f 3399/3399/3399 3398/3398/3398 3430/3430/3430
f 3321/3321/3321 3319/3319/3319 3454/3454/3454
f 3242/3242/3242 3322/3322/3322 3055/3055/3055
f 3240/3240/3240 3322/3322/3322 3241/3241/3241
f 3292/3292/3292 3323/3323/3323 3192/3192/3192
f 3291/3291/3291 3323/3323/3323 3238/3238/3238
f 3223/3223/3223 3415/3415/3415 3395/3395/3395
f 3392/3392/3392 3192/3192/3192 3246/3246/3246
f 3194/3194/3194 3325/3325/3325 3041/3041/3041
f 3394/3394/3394 3325/3325/3325 3156/3156/3156
f 3327/3327/3327 3326/3326/3326 3196/3196/3196
f 3484/3484/3484 3326/3326/3326 3250/3250/3250
f 3249/3249/3249 3328/3328/3328 3327/3327/3327
f 3328/3328/3328 3329/3329/3329 3327/3327/3327
f 3253/3253/3253 3328/3328/3328 3249/3249/3249
f 3329/3329/3329 3328/3328/3328 3198/3198/3198
f 3198/3198/3198 3402/3402/3402 3377/3377/3377
f 3158/3158/3158 3332/3332/3332 3329/3329/3329
f 3526/3526/3526 3511/3511/3511 3512/3512/3512
f 3421/3421/3421 3423/3423/3423 3419/3419/3419
f 3329/3329/3329 3331/3331/3331 3327/3327/3327
f 3509/3509/3509 3331/3331/3331 3330/3330/3330
f 3512/3512/3512 3511/3511/3511 3513/3513/3513
f 3331/3331/3331 3332/3332/3332 3330/3330/3330
f 3484/3484/3484 3333/3333/3333 3157/3157/3157
f 3334/3334/3334 3333/3333/3333 3252/3252/3252
f 3337/3337/3337 3334/3334/3334 3396/3396/3396
f 3242/3242/3242 3336/3336/3336 3187/3187/3187
f 3418/3418/3418 3129/3129/3129 3421/3421/3421
f 3367/3367/3367 3365/3365/3365 3356/3356/3356
f 3243/3243/3243 3334/3334/3334 3336/3336/3336
f 3337/3337/3337 3336/3336/3336 3334/3334/3334
f 3396/3396/3396 3334/3334/3334 3252/3252/3252
f 3464/3464/3464 3432/3432/3432 3335/3335/3335
f 3187/3187/3187 3338/3338/3338 3317/3317/3317
f 3335/3335/3335 3338/3338/3338 3337/3337/3337
f 3339/3339/3339 3160/3160/3160 3341/3341/3341
f 3256/3256/3256 3339/3339/3339 3343/3343/3343
f 3160/3160/3160 3486/3486/3486 3344/3344/3344
f 3342/3342/3342 3349/3349/3349 3344/3344/3344
f 3370/3370/3370 3259/3259/3259 3486/3486/3486
f 3341/3341/3341 3340/3340/3340 3343/3343/3343
f 3346/3346/3346 3345/3345/3345 3355/3355/3355
f 3340/3340/3340 3341/3341/3341 3344/3344/3344
f 3347/3347/3347 3343/3343/3343 3340/3340/3340
f 3159/3159/3159 3200/3200/3200 3348/3348/3348
f 3160/3160/3160 3344/3344/3344 3341/3341/3341
f 3346/3346/3346 3344/3344/3344 3349/3349/3349
f 3349/3349/3349 3345/3345/3345 3346/3346/3346
f 3366/3366/3366 3345/3345/3345 3349/3349/3349
f 3356/3356/3356 3350/3350/3350 3355/3355/3355
f 3357/3357/3357 3346/3346/3346 3355/3355/3355
f 3357/3357/3357 3340/3340/3340 3346/3346/3346
f 3351/3351/3351 3347/3347/3347 3130/3130/3130
f 3200/3200/3200 3343/3343/3343 3348/3348/3348
f 3347/3347/3347 3348/3348/3348 3343/3343/3343
f 3342/3342/3342 3354/3354/3354 3349/3349/3349
f 3359/3359/3359 3367/3367/3367 3369/3369/3369
f 3420/3420/3420 3425/3425/3425 3110/3110/3110
f 3357/3357/3357 3130/3130/3130 3347/3347/3347
f 3130/3130/3130 3352/3352/3352 3353/3353/3353
f 3348/3348/3348 3351/3351/3351 3159/3159/3159
f 3510/3510/3510 3555/3555/3555 3350/3350/3350
f 3397/3397/3397 3447/3447/3447 3448/3448/3448
f 3130/3130/3130 3353/3353/3353 3351/3351/3351
f 3353/3353/3353 3352/3352/3352 3427/3427/3427
f 3354/3354/3354 3342/3342/3342 3486/3486/3486
f 3361/3361/3361 3354/3354/3354 3131/3131/3131
f 3356/3356/3356 3355/3355/3355 3345/3345/3345
f 3357/3357/3357 3355/3355/3355 3350/3350/3350
f 3345/3345/3345 3366/3366/3366 3367/3367/3367
f 3356/3356/3356 3110/3110/3110 3549/3549/3549
f 3350/3350/3350 3550/3550/3550 3552/3552/3552
f 3357/3357/3357 3347/3347/3347 3340/3340/3340
f 3361/3361/3361 3364/3364/3364 3360/3360/3360
f 3321/3321/3321 3399/3399/3399 3319/3319/3319
f 3396/3396/3396 3442/3442/3442 3335/3335/3335
f 3463/3463/3463 3442/3442/3442 3396/3396/3396
f 3361/3361/3361 3349/3349/3349 3354/3354/3354
f 3361/3361/3361 3363/3363/3363 3364/3364/3364
f 3361/3361/3361 3131/3131/3131 3547/3547/3547
f 3361/3361/3361 3360/3360/3360 3366/3366/3366
f 3361/3361/3361 3547/3547/3547 3363/3363/3363
f 3462/3462/3462 3412/3412/3412 3461/3461/3461
f 3548/3548/3548 3372/3372/3372 3203/3203/3203
f 3369/3369/3369 3368/3368/3368 3358/3358/3358
f 3500/3500/3500 3450/3450/3450 3362/3362/3362
f 3360/3360/3360 3364/3364/3364 3368/3368/3368
f 3367/3367/3367 3356/3356/3356 3345/3345/3345
f 3443/3443/3443 3420/3420/3420 3359/3359/3359
f 3361/3361/3361 3366/3366/3366 3349/3349/3349
f 3367/3367/3367 3366/3366/3366 3360/3360/3360
f 3369/3369/3369 3367/3367/3367 3360/3360/3360
f 3367/3367/3367 3359/3359/3359 3365/3365/3365
f 3450/3450/3450 3364/3364/3364 3363/3363/3363
f 3430/3430/3430 3546/3546/3546 3475/3475/3475
f 3368/3368/3368 3369/3369/3369 3360/3360/3360
f 3369/3369/3369 3358/3358/3358 3444/3444/3444
f 3371/3371/3371 3370/3370/3370 3202/3202/3202
f 3486/3486/3486 3259/3259/3259 3372/3372/3372
f 3089/3089/3089 3371/3371/3371 3088/3088/3088
f 3370/3370/3370 3371/3371/3371 3259/3259/3259
f 3203/3203/3203 3494/3494/3494 3548/3548/3548
f 3131/3131/3131 3354/3354/3354 3486/3486/3486
f 3372/3372/3372 3373/3373/3373 3203/3203/3203
f 3400/3400/3400 3259/3259/3259 3371/3371/3371
f 3482/3482/3482 3374/3374/3374 3205/3205/3205
f 3266/3266/3266 3374/3374/3374 3162/3162/3162
f 3269/3269/3269 3375/3375/3375 3140/3140/3140
f 3403/3403/3403 3375/3375/3375 3264/3264/3264
f 3329/3329/3329 3377/3377/3377 3158/3158/3158
f 3254/3254/3254 3402/3402/3402 3198/3198/3198
f 3198/3198/3198 3377/3377/3377 3329/3329/3329
f 3487/3487/3487 3377/3377/3377 3376/3376/3376
f 3276/3276/3276 3378/3378/3378 3230/3230/3230
f 3285/3285/3285 3378/3378/3378 3271/3271/3271
f 3271/3271/3271 3145/3145/3145 3379/3379/3379
f 3380/3380/3380 3145/3145/3145 3232/3232/3232
f 3274/3274/3274 3380/3380/3380 3273/3273/3273
f 3145/3145/3145 3380/3380/3380 3379/3379/3379
f 3301/3301/3301 3381/3381/3381 3274/3274/3274
f 3285/3285/3285 3381/3381/3381 3286/3286/3286
f 3488/3488/3488 3237/3237/3237 3182/3182/3182
f 3490/3490/3490 3493/3493/3493 3492/3492/3492
f 3404/3404/3404 3383/3383/3383 3289/3289/3289
f 3494/3494/3494 3383/3383/3383 3382/3382/3382
f 3293/3293/3293 3302/3302/3302 3416/3416/3416
f 3413/3413/3413 3384/3384/3384 3393/3393/3393
f 3452/3452/3452 3319/3319/3319 3451/3451/3451
f 3459/3459/3459 3296/3296/3296 3408/3408/3408
f 3406/3406/3406 3386/3386/3386 3294/3294/3294
f 3220/3220/3220 3386/3386/3386 3295/3295/3295
f 3459/3459/3459 3434/3434/3434 3435/3435/3435
f 3436/3436/3436 3388/3388/3388 3387/3387/3387
f 3436/3436/3436 3387/3387/3387 3437/3437/3437
f 3311/3311/3311 3388/3388/3388 3412/3412/3412
f 3389/3389/3389 3148/3148/3148 3543/3543/3543
f 3185/3185/3185 3316/3316/3316 3389/3389/3389
f 3240/3240/3240 3390/3390/3390 3239/3239/3239
f 3320/3320/3320 3390/3390/3390 3186/3186/3186
f 3193/3193/3193 3391/3391/3391 3109/3109/3109
f 3391/3391/3391 3324/3324/3324 3392/3392/3392
f 3324/3324/3324 3413/3413/3413 3393/3393/3393
f 3417/3417/3417 3303/3303/3303 3192/3192/3192
f 3384/3384/3384 3407/3407/3407 3416/3416/3416
f 3417/3417/3417 3393/3393/3393 3416/3416/3416
f 3395/3395/3395 3394/3394/3394 3156/3156/3156
f 3247/3247/3247 3394/3394/3394 3128/3128/3128
f 3224/3224/3224 3395/3395/3395 3156/3156/3156
f 3413/3413/3413 3414/3414/3414 3415/3415/3415
f 3252/3252/3252 3418/3418/3418 3396/3396/3396
f 3463/3463/3463 3418/3418/3418 3421/3421/3421
f 3397/3397/3397 3352/3352/3352 3447/3447/3447
f 3207/3207/3207 3163/3163/3163 3467/3467/3467
f 3358/3358/3358 3368/3368/3368 3429/3429/3429
f 3368/3368/3368 3468/3468/3468 3429/3429/3429
f 3321/3321/3321 3149/3149/3149 3399/3399/3399
f 3149/3149/3149 3338/3338/3338 3432/3432/3432
f 3373/3373/3373 3400/3400/3400 3260/3260/3260
f 3371/3371/3371 3089/3089/3089 3400/3400/3400
f 3401/3401/3401 3228/3228/3228 3533/3533/3533
f 3403/3403/3403 3401/3401/3401 3376/3376/3376
f 3403/3403/3403 3254/3254/3254 3174/3174/3174
f 3377/3377/3377 3402/3402/3402 3376/3376/3376
f 3254/3254/3254 3403/3403/3403 3402/3402/3402
f 3375/3375/3375 3403/3403/3403 3174/3174/3174
f 3488/3488/3488 3404/3404/3404 3237/3237/3237
f 3383/3383/3383 3404/3404/3404 3382/3382/3382
f 3406/3406/3406 3405/3405/3405 3295/3295/3295
f 3413/3413/3413 3405/3405/3405 3384/3384/3384
f 3294/3294/3294 3309/3309/3309 3406/3406/3406
f 3407/3407/3407 3309/3309/3309 3293/3293/3293
f 3384/3384/3384 3406/3406/3406 3407/3407/3407
f 3309/3309/3309 3407/3407/3407 3406/3406/3406
f 3433/3433/3433 3117/3117/3117 3217/3217/3217
f 3434/3434/3434 3408/3408/3408 3385/3385/3385
f 3435/3435/3435 3409/3409/3409 3294/3294/3294
f 3410/3410/3410 3409/3409/3409 3387/3387/3387
f 3388/3388/3388 3410/3410/3410 3387/3387/3387
f 3410/3410/3410 3304/3304/3304 3306/3306/3306
f 3148/3148/3148 3452/3452/3452 3472/3472/3472
f 3412/3412/3412 3438/3438/3438 3461/3461/3461
f 3438/3438/3438 3388/3388/3388 3436/3436/3436
f 3388/3388/3388 3438/3438/3438 3412/3412/3412
f 3414/3414/3414 3413/3413/3413 3324/3324/3324
f 3405/3405/3405 3413/3413/3413 3223/3223/3223
f 3193/3193/3193 3414/3414/3414 3324/3324/3324
f 3415/3415/3415 3128/3128/3128 3395/3395/3395
f 3413/3413/3413 3415/3415/3415 3223/3223/3223
f 3128/3128/3128 3415/3415/3415 3414/3414/3414
f 3417/3417/3417 3416/3416/3416 3298/3298/3298
f 3416/3416/3416 3393/3393/3393 3384/3384/3384
f 3303/3303/3303 3417/3417/3417 3298/3298/3298
f 3392/3392/3392 3393/3393/3393 3417/3417/3417
f 3484/3484/3484 3418/3418/3418 3252/3252/3252
f 3422/3422/3422 3423/3423/3423 3129/3129/3129
f 3365/3365/3365 3420/3420/3420 3110/3110/3110
f 3419/3419/3419 3443/3443/3443 3442/3442/3442
f 3359/3359/3359 3420/3420/3420 3365/3365/3365
f 3423/3423/3423 3424/3424/3424 3425/3425/3425
f 3484/3484/3484 3509/3509/3509 3129/3129/3129
f 3421/3421/3421 3419/3419/3419 3442/3442/3442
f 3512/3512/3512 3330/3330/3330 3332/3332/3332
f 3420/3420/3420 3419/3419/3419 3425/3425/3425
f 3129/3129/3129 3423/3423/3423 3421/3421/3421
f 3422/3422/3422 3424/3424/3424 3423/3423/3423
f 3512/3512/3512 3513/3513/3513 3330/3330/3330
f 3465/3465/3465 3466/3466/3466 3448/3448/3448
f 3423/3423/3423 3425/3425/3425 3419/3419/3419
f 3110/3110/3110 3425/3425/3425 3424/3424/3424
f 3427/3427/3427 3426/3426/3426 3258/3258/3258
f 3467/3467/3467 3426/3426/3426 3397/3397/3397
f 3427/3427/3427 3201/3201/3201 3353/3353/3353
f 3426/3426/3426 3427/3427/3427 3397/3397/3397
f 3552/3552/3552 3553/3553/3553 3130/3130/3130
f 3515/3515/3515 3424/3424/3424 3422/3422/3422
f 3450/3450/3450 3368/3368/3368 3364/3364/3364
f 3429/3429/3429 3398/3398/3398 3456/3456/3456
f 3546/3546/3546 3469/3469/3469 3475/3475/3475
f 3430/3430/3430 3124/3124/3124 3451/3451/3451
f 3443/3443/3443 3446/3446/3446 3442/3442/3442
f 3399/3399/3399 3431/3431/3431 3456/3456/3456
f 3335/3335/3335 3432/3432/3432 3338/3338/3338
f 3399/3399/3399 3432/3432/3432 3431/3431/3431
f 3139/3139/3139 3173/3173/3173 3457/3457/3457
f 3385/3385/3385 3408/3408/3408 3458/3458/3458
f 3545/3545/3545 3385/3385/3385 3544/3544/3544
f 3387/3387/3387 3409/3409/3409 3435/3435/3435
f 3459/3459/3459 3294/3294/3294 3296/3296/3296
f 3387/3387/3387 3435/3435/3435 3434/3434/3434
f 3437/3437/3437 3387/3387/3387 3434/3434/3434
f 3436/3436/3436 3411/3411/3411 3438/3438/3438
f 3385/3385/3385 3437/3437/3437 3434/3434/3434
f 3411/3411/3411 3436/3436/3436 3437/3437/3437
f 3411/3411/3411 3439/3439/3439 3438/3438/3438
f 3473/3473/3473 3461/3461/3461 3439/3439/3439
f 3472/3472/3472 3452/3452/3452 3470/3470/3470
f 3124/3124/3124 3473/3473/3473 3439/3439/3439
f 3310/3310/3310 3506/3506/3506 3441/3441/3441
f 3311/3311/3311 3412/3412/3412 3440/3440/3440
f 3535/3535/3535 3441/3441/3441 3312/3312/3312
f 3108/3108/3108 3537/3537/3537 3283/3283/3283
f 3419/3419/3419 3420/3420/3420 3443/3443/3443
f 3442/3442/3442 3446/3446/3446 3335/3335/3335
f 3359/3359/3359 3444/3444/3444 3443/3443/3443
f 3444/3444/3444 3358/3358/3358 3445/3445/3445
f 3369/3369/3369 3444/3444/3444 3359/3359/3359
f 3358/3358/3358 3429/3429/3429 3445/3445/3445
f 3464/3464/3464 3445/3445/3445 3431/3431/3431
f 3444/3444/3444 3445/3445/3445 3446/3446/3446
f 3444/3444/3444 3446/3446/3446 3443/3443/3443
f 3446/3446/3446 3445/3445/3445 3464/3464/3464
f 3130/3130/3130 3553/3553/3553 3352/3352/3352
f 3448/3448/3448 3447/3447/3447 3428/3428/3428
f 3465/3465/3465 3448/3448/3448 3428/3428/3428
f 3133/3133/3133 3207/3207/3207 3467/3467/3467
f 3469/3469/3469 3500/3500/3500 3498/3498/3498
f 3468/3468/3468 3546/3546/3546 3429/3429/3429
f 3362/3362/3362 3450/3450/3450 3363/3363/3363
f 3450/3450/3450 3449/3449/3449 3468/3468/3468
f 3439/3439/3439 3470/3470/3470 3124/3124/3124
f 3316/3316/3316 3453/3453/3453 3148/3148/3148
f 3451/3451/3451 3470/3470/3470 3452/3452/3452
f 3470/3470/3470 3476/3476/3476 3472/3472/3472
f 3454/3454/3454 3453/3453/3453 3320/3320/3320
f 3148/3148/3148 3453/3453/3453 3452/3452/3452
f 3321/3321/3321 3454/3454/3454 3320/3320/3320
f 3452/3452/3452 3454/3454/3454 3319/3319/3319
f 3399/3399/3399 3430/3430/3430 3455/3455/3455
f 3451/3451/3451 3455/3455/3455 3430/3430/3430
f 3399/3399/3399 3456/3456/3456 3398/3398/3398
f 3445/3445/3445 3456/3456/3456 3431/3431/3431
f 3542/3542/3542 3171/3171/3171 3216/3216/3216
f 3542/3542/3542 3540/3540/3540 3541/3541/3541
f 3408/3408/3408 3433/3433/3433 3458/3458/3458
f 3541/3541/3541 3433/3433/3433 3457/3457/3457
f 3434/3434/3434 3459/3459/3459 3408/3408/3408
f 3294/3294/3294 3459/3459/3459 3435/3435/3435
f 3475/3475/3475 3124/3124/3124 3430/3430/3430
f 3497/3497/3497 3496/3496/3496 3310/3310/3310
f 3439/3439/3439 3461/3461/3461 3438/3438/3438
f 3462/3462/3462 3461/3461/3461 3460/3460/3460
f 3462/3462/3462 3460/3460/3460 3497/3497/3497
f 3462/3462/3462 3310/3310/3310 3440/3440/3440
f 3418/3418/3418 3463/3463/3463 3396/3396/3396
f 3421/3421/3421 3442/3442/3442 3463/3463/3463
f 3432/3432/3432 3464/3464/3464 3431/3431/3431
f 3446/3446/3446 3464/3464/3464 3335/3335/3335
f 3558/3558/3558 3524/3524/3524 3428/3428/3428
f 3466/3466/3466 3465/3465/3465 3111/3111/3111
f 3111/3111/3111 3474/3474/3474 3466/3466/3466
f 3479/3479/3479 3474/3474/3474 3132/3132/3132
f 3397/3397/3397 3448/3448/3448 3467/3467/3467
f 3467/3467/3467 3448/3448/3448 3133/3133/3133
f 3450/3450/3450 3468/3468/3468 3368/3368/3368
f 3468/3468/3468 3449/3449/3449 3546/3546/3546
f 3450/3450/3450 3500/3500/3500 3449/3449/3449
f 3469/3469/3469 3498/3498/3498 3473/3473/3473
f 3124/3124/3124 3470/3470/3470 3451/3451/3451
f 3476/3476/3476 3439/3439/3439 3411/3411/3411
f 3545/3545/3545 3411/3411/3411 3437/3437/3437
f 3541/3541/3541 3385/3385/3385 3458/3458/3458
f 3476/3476/3476 3470/3470/3470 3439/3439/3439
f 3148/3148/3148 3472/3472/3472 3471/3471/3471
f 3473/3473/3473 3124/3124/3124 3475/3475/3475
f 3461/3461/3461 3473/3473/3473 3460/3460/3460
f 3481/3481/3481 3480/3480/3480 3474/3474/3474
f 3132/3132/3132 3204/3204/3204 3479/3479/3479
f 3546/3546/3546 3430/3430/3430 3398/3398/3398
f 3473/3473/3473 3475/3475/3475 3469/3469/3469
f 3545/3545/3545 3476/3476/3476 3411/3411/3411
f 3472/3472/3472 3476/3476/3476 3471/3471/3471
f 3532/3532/3532 3516/3516/3516 3517/3517/3517
f 3525/3525/3525 3521/3521/3521 3228/3228/3228
f 3112/3112/3112 3135/3135/3135 3478/3478/3478
f 3474/3474/3474 3478/3478/3478 3483/3483/3483
f 3136/3136/3136 3479/3479/3479 3204/3204/3204
f 3474/3474/3474 3479/3479/3479 3478/3478/3478
f 3481/3481/3481 3474/3474/3474 3111/3111/3111
f 3480/3480/3480 3477/3477/3477 3482/3482/3482
f 3465/3465/3465 3524/3524/3524 3111/3111/3111
f 3477/3477/3477 3480/3480/3480 3481/3481/3481
f 3529/3529/3529 3482/3482/3482 3477/3477/3477
f 3374/3374/3374 3482/3482/3482 3162/3162/3162
f 3474/3474/3474 3483/3483/3483 3466/3466/3466
f 3208/3208/3208 3483/3483/3483 3478/3478/3478
f 3484/3484/3484 3129/3129/3129 3418/3418/3418
f 3326/3326/3326 3484/3484/3484 3157/3157/3157
f 3493/3493/3493 3494/3494/3494 3382/3382/3382
f 3488/3488/3488 3492/3492/3492 3382/3382/3382
f 3370/3370/3370 3486/3486/3486 3160/3160/3160
f 3486/3486/3486 3372/3372/3372 3131/3131/3131
f 3530/3530/3530 3521/3521/3521 3525/3525/3525
f 3487/3487/3487 3519/3519/3519 3514/3514/3514
f 3489/3489/3489 3182/3182/3182 3284/3284/3284
f 3492/3492/3492 3488/3488/3488 3504/3504/3504
f 3146/3146/3146 3495/3495/3495 3504/3504/3504
f 3182/3182/3182 3489/3489/3489 3488/3488/3488
f 3314/3314/3314 3491/3491/3491 3495/3495/3495
f 3493/3493/3493 3502/3502/3502 3485/3485/3485
f 3505/3505/3505 3506/3506/3506 3496/3496/3496
f 3505/3505/3505 3507/3507/3507 3491/3491/3491
f 3504/3504/3504 3488/3488/3488 3489/3489/3489
f 3502/3502/3502 3490/3490/3490 3508/3508/3508
f 3494/3494/3494 3493/3493/3493 3485/3485/3485
f 3382/3382/3382 3492/3492/3492 3493/3493/3493
f 3494/3494/3494 3485/3485/3485 3548/3548/3548
f 3494/3494/3494 3203/3203/3203 3383/3383/3383
f 3490/3490/3490 3492/3492/3492 3504/3504/3504
f 3314/3314/3314 3495/3495/3495 3146/3146/3146
f 3310/3310/3310 3462/3462/3462 3497/3497/3497
f 3507/3507/3507 3501/3501/3501 3508/3508/3508
f 3498/3498/3498 3497/3497/3497 3460/3460/3460
f 3496/3496/3496 3497/3497/3497 3499/3499/3499
f 3473/3473/3473 3498/3498/3498 3460/3460/3460
f 3449/3449/3449 3500/3500/3500 3469/3469/3469
f 3499/3499/3499 3362/3362/3362 3507/3507/3507
f 3497/3497/3497 3498/3498/3498 3499/3499/3499
f 3362/3362/3362 3499/3499/3499 3500/3500/3500
f 3500/3500/3500 3499/3499/3499 3498/3498/3498
f 3362/3362/3362 3363/3363/3363 3503/3503/3503
f 3508/3508/3508 3501/3501/3501 3502/3502/3502
f 3490/3490/3490 3502/3502/3502 3493/3493/3493
f 3503/3503/3503 3502/3502/3502 3501/3501/3501
f 3362/3362/3362 3503/3503/3503 3501/3501/3501
f 3503/3503/3503 3363/3363/3363 3547/3547/3547
f 3146/3146/3146 3504/3504/3504 3489/3489/3489
f 3490/3490/3490 3504/3504/3504 3495/3495/3495
f 3506/3506/3506 3505/3505/3505 3312/3312/3312
f 3507/3507/3507 3505/3505/3505 3496/3496/3496
f 3441/3441/3441 3506/3506/3506 3312/3312/3312
f 3310/3310/3310 3496/3496/3496 3506/3506/3506
f 3499/3499/3499 3507/3507/3507 3496/3496/3496
f 3362/3362/3362 3501/3501/3501 3507/3507/3507
f 3495/3495/3495 3508/3508/3508 3490/3490/3490
f 3507/3507/3507 3508/3508/3508 3491/3491/3491
f 3509/3509/3509 3250/3250/3250 3331/3331/3331
f 3422/3422/3422 3129/3129/3129 3509/3509/3509
f 3422/3422/3422 3513/3513/3513 3515/3515/3515
f 3130/3130/3130 3357/3357/3357 3552/3552/3552
f 3514/3514/3514 3512/3512/3512 3158/3158/3158
f 3514/3514/3514 3519/3519/3519 3526/3526/3526
f 3332/3332/3332 3158/3158/3158 3512/3512/3512
f 3514/3514/3514 3158/3158/3158 3487/3487/3487
f 3513/3513/3513 3511/3511/3511 3515/3515/3515
f 3330/3330/3330 3513/3513/3513 3422/3422/3422
f 3487/3487/3487 3521/3521/3521 3519/3519/3519
f 3512/3512/3512 3514/3514/3514 3526/3526/3526
f 3522/3522/3522 3523/3523/3523 3527/3527/3527
f 3518/3518/3518 3510/3510/3510 3549/3549/3549
f 3481/3481/3481 3517/3517/3517 3477/3477/3477
f 3111/3111/3111 3524/3524/3524 3517/3517/3517
f 3111/3111/3111 3517/3517/3517 3481/3481/3481
f 3531/3531/3531 3519/3519/3519 3521/3521/3521
f 3424/3424/3424 3515/3515/3515 3518/3518/3518
f 3527/3527/3527 3515/3515/3515 3511/3511/3511
f 3521/3521/3521 3487/3487/3487 3533/3533/3533
f 3519/3519/3519 3516/3516/3516 3522/3522/3522
f 3551/3551/3551 3428/3428/3428 3447/3447/3447
f 3518/3518/3518 3515/3515/3515 3527/3527/3527
f 3268/3268/3268 3525/3525/3525 3228/3228/3228
f 3519/3519/3519 3531/3531/3531 3516/3516/3516
f 3557/3557/3557 3516/3516/3516 3532/3532/3532
f 3518/3518/3518 3523/3523/3523 3510/3510/3510
f 3556/3556/3556 3522/3522/3522 3557/3557/3557
f 3558/3558/3558 3554/3554/3554 3556/3556/3556
f 3428/3428/3428 3524/3524/3524 3465/3465/3465
f 3524/3524/3524 3520/3520/3520 3532/3532/3532
f 3229/3229/3229 3528/3528/3528 3525/3525/3525
f 3528/3528/3528 3162/3162/3162 3529/3529/3529
f 3519/3519/3519 3522/3522/3522 3526/3526/3526
f 3511/3511/3511 3526/3526/3526 3522/3522/3522
f 3522/3522/3522 3527/3527/3527 3511/3511/3511
f 3518/3518/3518 3527/3527/3527 3523/3523/3523
f 3266/3266/3266 3528/3528/3528 3229/3229/3229
f 3162/3162/3162 3482/3482/3482 3529/3529/3529
f 3477/3477/3477 3517/3517/3517 3534/3534/3534
f 3528/3528/3528 3529/3529/3529 3530/3530/3530
f 3534/3534/3534 3529/3529/3529 3477/3477/3477
f 3531/3531/3531 3517/3517/3517 3516/3516/3516
f 3521/3521/3521 3530/3530/3530 3531/3531/3531
f 3531/3531/3531 3530/3530/3530 3534/3534/3534
f 3524/3524/3524 3532/3532/3532 3517/3517/3517
f 3557/3557/3557 3520/3520/3520 3556/3556/3556
f 3533/3533/3533 3487/3487/3487 3376/3376/3376
f 3228/3228/3228 3521/3521/3521 3533/3533/3533
f 3531/3531/3531 3534/3534/3534 3517/3517/3517
f 3529/3529/3529 3534/3534/3534 3530/3530/3530
f 3314/3314/3314 3535/3535/3535 3312/3312/3312
f 3536/3536/3536 3535/3535/3535 3272/3272/3272
f 3281/3281/3281 3536/3536/3536 3272/3272/3272
f 3536/3536/3536 3283/3283/3283 3537/3537/3537
f 3308/3308/3308 3538/3538/3538 3108/3108/3108
f 3537/3537/3537 3441/3441/3441 3535/3535/3535
f 3311/3311/3311 3538/3538/3538 3313/3313/3313
f 3108/3108/3108 3538/3538/3538 3537/3537/3537
f 3440/3440/3440 3539/3539/3539 3311/3311/3311
f 3537/3537/3537 3539/3539/3539 3441/3441/3441
f 3540/3540/3540 3542/3542/3542 3543/3543/3543
f 3544/3544/3544 3540/3540/3540 3543/3543/3543
f 3542/3542/3542 3541/3541/3541 3457/3457/3457
f 3385/3385/3385 3541/3541/3541 3540/3540/3540
f 3542/3542/3542 3457/3457/3457 3171/3171/3171
f 3543/3543/3543 3542/3542/3542 3215/3215/3215
f 3389/3389/3389 3543/3543/3543 3215/3215/3215
f 3471/3471/3471 3543/3543/3543 3148/3148/3148
f 3476/3476/3476 3545/3545/3545 3471/3471/3471
f 3385/3385/3385 3540/3540/3540 3544/3544/3544
f 3385/3385/3385 3545/3545/3545 3437/3437/3437
f 3471/3471/3471 3545/3545/3545 3544/3544/3544
f 3546/3546/3546 3398/3398/3398 3429/3429/3429
f 3449/3449/3449 3469/3469/3469 3546/3546/3546
f 3548/3548/3548 3131/3131/3131 3372/3372/3372
f 3503/3503/3503 3547/3547/3547 3485/3485/3485
f 3485/3485/3485 3547/3547/3547 3548/3548/3548
f 3131/3131/3131 3548/3548/3548 3547/3547/3547
f 3356/3356/3356 3549/3549/3549 3350/3350/3350
f 3518/3518/3518 3549/3549/3549 3110/3110/3110
f 3554/3554/3554 3555/3555/3555 3523/3523/3523
f 3551/3551/3551 3554/3554/3554 3558/3558/3558
f 3352/3352/3352 3551/3551/3551 3447/3447/3447
f 3554/3554/3554 3551/3551/3551 3550/3550/3550
f 3350/3350/3350 3552/3552/3552 3357/3357/3357
f 3553/3553/3553 3552/3552/3552 3550/3550/3550
f 3550/3550/3550 3551/3551/3551 3553/3553/3553
f 3352/3352/3352 3553/3553/3553 3551/3551/3551
f 3555/3555/3555 3554/3554/3554 3550/3550/3550
f 3556/3556/3556 3554/3554/3554 3523/3523/3523
f 3350/3350/3350 3555/3555/3555 3550/3550/3550
f 3523/3523/3523 3555/3555/3555 3510/3510/3510
f 3522/3522/3522 3556/3556/3556 3523/3523/3523
f 3558/3558/3558 3556/3556/3556 3520/3520/3520
f 3516/3516/3516 3557/3557/3557 3522/3522/3522
f 3532/3532/3532 3520/3520/3520 3557/3557/3557
f 3524/3524/3524 3558/3558/3558 3520/3520/3520
f 3551/3551/3551 3558/3558/3558 3428/3428/3428
