# Exported from MakeClothes (TM)
# author MRT
# license CC0
# homepage http://www.makehuman.org/
v 5.0276 2.6706 1.6498
v 5.0323 2.6875 1.6556
v 5.0402 2.7003 1.6664
v 5.0501 2.7070 1.6805
v 5.0604 2.7066 1.6959
v 5.0697 2.6991 1.7101
v 5.0764 2.6857 1.7210
v 5.0796 2.6684 1.7270
v 5.0788 2.6499 1.7271
v 5.0741 2.6330 1.7213
v 5.0662 2.6202 1.7105
v 5.0563 2.6135 1.6963
v 5.0460 2.6139 1.6810
v 5.0367 2.6214 1.6668
v 5.0300 2.6348 1.6559
v 5.0268 2.6521 1.6499
v 5.0393 2.6872 1.6508
v 5.0346 2.6702 1.6451
v 5.0472 2.7000 1.6616
v 5.0571 2.7066 1.6758
v 5.0675 2.7062 1.6911
v 5.0767 2.6987 1.7054
v 5.0834 2.6853 1.7163
v 5.0866 2.6681 1.7222
v 5.0858 2.6495 1.7223
v 5.0811 2.6326 1.7165
v 5.0732 2.6198 1.7057
v 5.0633 2.6131 1.6916
v 5.0530 2.6135 1.6762
v 5.0437 2.6210 1.6620
v 5.0370 2.6344 1.6511
v 5.0338 2.6517 1.6451
v 5.0427 2.6827 1.6562
v 5.0388 2.6685 1.6513
v 5.0493 2.6935 1.6652
v 5.0576 2.6991 1.6771
v 5.0663 2.6987 1.6899
v 5.0740 2.6924 1.7018
v 5.0797 2.6812 1.7110
v 5.0824 2.6667 1.7160
v 5.0817 2.6512 1.7161
v 5.0777 2.6370 1.7112
v 5.0711 2.6263 1.7022
v 5.0628 2.6207 1.6903
v 5.0541 2.6210 1.6774
v 5.0464 2.6273 1.6655
v 5.0408 2.6385 1.6564
v 5.0381 2.6530 1.6514
v 5.0552 2.6172 1.6757
v 5.0467 2.6241 1.6627
v 5.0770 2.6955 1.7025
v 5.0832 2.6832 1.7125
v 5.0405 2.6364 1.6526
v 5.0861 2.6673 1.7180
v 5.0376 2.6523 1.6472
v 5.0854 2.6503 1.7181
v 5.0383 2.6693 1.6471
v 5.0427 2.6849 1.6524
v 5.0810 2.6347 1.7128
v 5.0499 2.6966 1.6623
v 5.0738 2.6229 1.7028
v 5.0590 2.7028 1.6753
v 5.0647 2.6168 1.6898
v 5.0685 2.7024 1.6894
v 5.0560 2.6532 1.6846
v 5.0554 2.6483 1.6838
v 5.0555 2.6406 1.6817
v 5.0549 2.6368 1.6811
v 5.0543 2.6329 1.6805
v 5.0537 2.6290 1.6798
v 5.0504 2.6198 1.6796
v 5.0594 2.6194 1.6929
v 5.0606 2.6287 1.6901
v 5.0604 2.6326 1.6894
v 5.0601 2.6365 1.6888
v 5.0599 2.6405 1.6881
v 5.0583 2.6481 1.6881
v 5.0579 2.6537 1.6864
v 5.0594 2.6654 1.6889
v 5.0617 2.6700 1.6918
v 5.0654 2.6761 1.6938
v 5.0668 2.6794 1.6957
v 5.0682 2.6827 1.6975
v 5.0696 2.6859 1.6993
v 5.0710 2.6938 1.7049
v 5.0630 2.7003 1.6925
v 5.0634 2.6909 1.6898
v 5.0628 2.6870 1.6892
v 5.0622 2.6831 1.6885
v 5.0616 2.6793 1.6879
v 5.0590 2.6720 1.6877
v 5.0581 2.6673 1.6871
v 5.0551 2.6548 1.6824
v 5.0527 2.6503 1.6798
v 5.0517 2.6438 1.6758
v 5.0503 2.6405 1.6740
v 5.0489 2.6372 1.6722
v 5.0475 2.6340 1.6703
v 5.0424 2.6263 1.6673
v 5.0614 2.6637 1.6905
v 5.0634 2.6669 1.6947
v 5.0682 2.6706 1.6984
v 5.0702 2.6727 1.7011
v 5.0721 2.6748 1.7039
v 5.0741 2.6770 1.7066
v 5.0769 2.6822 1.7144
v 5.0543 2.6565 1.6802
v 5.0508 2.6533 1.6769
v 5.0489 2.6493 1.6712
v 5.0469 2.6472 1.6685
v 5.0450 2.6451 1.6658
v 5.0430 2.6429 1.6630
v 5.0365 2.6379 1.6578
v 5.0624 2.6610 1.6916
v 5.0640 2.6624 1.6959
v 5.0696 2.6634 1.7009
v 5.0718 2.6641 1.7041
v 5.0740 2.6647 1.7073
v 5.0762 2.6654 1.7106
v 5.0796 2.6672 1.7196
v 5.0537 2.6591 1.6788
v 5.0502 2.6578 1.6757
v 5.0476 2.6565 1.6688
v 5.0453 2.6559 1.6655
v 5.0431 2.6552 1.6623
v 5.0409 2.6545 1.6591
v 5.0337 2.6529 1.6526
v 5.0626 2.6583 1.6913
v 5.0638 2.6574 1.6959
v 5.0692 2.6557 1.7009
v 5.0714 2.6548 1.7041
v 5.0735 2.6539 1.7074
v 5.0757 2.6531 1.7106
v 5.0789 2.6511 1.7196
v 5.0545 2.6642 1.6796
v 5.0517 2.6673 1.6773
v 5.0499 2.6713 1.6711
v 5.0481 2.6736 1.6684
v 5.0464 2.6759 1.6656
v 5.0446 2.6782 1.6629
v 5.0386 2.6838 1.6575
v 5.0345 2.6690 1.6525
v 5.0414 2.6669 1.6590
v 5.0436 2.6660 1.6622
v 5.0458 2.6651 1.6655
v 5.0479 2.6643 1.6687
v 5.0504 2.6628 1.6757
v 5.0542 2.6617 1.6786
v 5.0616 2.6559 1.6908
v 5.0625 2.6528 1.6944
v 5.0673 2.6486 1.6985
v 5.0690 2.6463 1.7013
v 5.0708 2.6440 1.7040
v 5.0725 2.6417 1.7068
v 5.0748 2.6364 1.7146
v 5.0558 2.6660 1.6817
v 5.0536 2.6709 1.6798
v 5.0532 2.6766 1.6756
v 5.0521 2.6800 1.6738
v 5.0510 2.6834 1.6719
v 5.0499 2.6867 1.6701
v 5.0454 2.6949 1.6669
v 5.0600 2.6542 1.6888
v 5.0607 2.6493 1.6918
v 5.0640 2.6433 1.6940
v 5.0651 2.6399 1.6959
v 5.0661 2.6365 1.6977
v 5.0672 2.6332 1.6996
v 5.0680 2.6252 1.7052
v 5.0573 2.6665 1.6843
v 5.0561 2.6722 1.6834
v 5.0573 2.6794 1.6815
v 5.0570 2.6834 1.6809
v 5.0567 2.6873 1.6802
v 5.0565 2.6912 1.6795
v 5.0540 2.7007 1.6792
v 5.0535 2.6617 1.6783
v 5.0553 2.6587 1.6812
v 5.0573 2.6558 1.6845
v 5.0561 2.6631 1.6821
v 5.0580 2.6600 1.6852
v 5.0600 2.6570 1.6883
v 5.0587 2.6645 1.6860
v 5.0608 2.6614 1.6892
v 5.0626 2.6584 1.6921
v 5.0599 2.6653 1.6890
v 5.0566 2.6643 1.6873
v 5.0567 2.6665 1.6842
v 5.0595 2.6665 1.6859
v 5.0582 2.6599 1.6848
v 5.0579 2.6606 1.6825
v 5.0607 2.6594 1.6857
v 5.0604 2.6596 1.6832
v 5.0555 2.6547 1.6827
v 5.0585 2.6539 1.6859
v 5.0580 2.6535 1.6834
v 5.0558 2.6561 1.6856
v 5.0560 2.6522 1.6845
v 5.0577 2.6521 1.6871
v 5.0600 2.6667 1.6896
v 5.0584 2.6680 1.6871
v 5.0543 2.6535 1.6820
v 5.0611 2.6644 1.6914
v 5.0531 2.6558 1.6802
v 5.0617 2.6615 1.6925
v 5.0526 2.6587 1.6792
v 5.0615 2.6583 1.6925
v 5.0535 2.6648 1.6802
v 5.0527 2.6619 1.6792
v 5.0607 2.6554 1.6915
v 5.0549 2.6670 1.6820
v 5.0594 2.6533 1.6896
v 5.0566 2.6681 1.6844
v 4.9746 2.7195 1.5734
v 4.9804 2.7365 1.5780
v 4.9893 2.7495 1.5876
v 5.0001 2.7565 1.6009
v 5.0111 2.7565 1.6158
v 5.0206 2.7494 1.6301
v 5.0272 2.7363 1.6415
v 5.0299 2.7192 1.6483
v 5.0282 2.7008 1.6495
v 5.0224 2.6838 1.6449
v 5.0135 2.6708 1.6353
v 5.0027 2.6638 1.6220
v 4.9917 2.6639 1.6071
v 4.9822 2.6710 1.5928
v 4.9756 2.6841 1.5814
v 4.9729 2.7011 1.5746
v 4.9871 2.7355 1.5730
v 4.9814 2.7185 1.5684
v 4.9961 2.7485 1.5826
v 5.0069 2.7555 1.5959
v 5.0179 2.7555 1.6108
v 5.0274 2.7484 1.6251
v 5.0340 2.7353 1.6365
v 5.0366 2.7182 1.6433
v 5.0350 2.6998 1.6445
v 5.0292 2.6828 1.6399
v 5.0202 2.6698 1.6303
v 5.0094 2.6628 1.6170
v 4.9985 2.6629 1.6021
v 4.9889 2.6700 1.5878
v 4.9824 2.6831 1.5764
v 4.9797 2.7001 1.5696
v 4.9906 2.7313 1.5784
v 4.9857 2.7170 1.5745
v 4.9981 2.7421 1.5865
v 5.0071 2.7480 1.5976
v 5.0163 2.7480 1.6101
v 5.0243 2.7420 1.6220
v 5.0298 2.7311 1.6316
v 5.0320 2.7168 1.6373
v 5.0306 2.7013 1.6383
v 5.0258 2.6871 1.6345
v 5.0183 2.6762 1.6264
v 5.0093 2.6703 1.6153
v 5.0000 2.6704 1.6028
v 4.9921 2.6763 1.5908
v 4.9866 2.6873 1.5813
v 4.9843 2.7016 1.5756
v 5.0008 2.6664 1.6012
v 4.9921 2.6729 1.5882
v 5.0275 2.7450 1.6224
v 5.0335 2.7329 1.6329
v 4.9860 2.6849 1.5777
v 5.0359 2.7173 1.6391
v 4.9836 2.7006 1.5714
v 5.0344 2.7003 1.6403
v 4.9852 2.7175 1.5703
v 4.9904 2.7332 1.5745
v 5.0291 2.6847 1.6360
v 4.9987 2.7451 1.5834
v 5.0209 2.6728 1.6272
v 5.0086 2.7515 1.5956
v 5.0109 2.6663 1.6149
v 5.0187 2.7515 1.6093
v 5.0037 2.7027 1.6080
v 5.0028 2.6979 1.6074
v 5.0025 2.6901 1.6058
v 5.0017 2.6862 1.6054
v 5.0009 2.6824 1.6051
v 5.0001 2.6785 1.6047
v 4.9963 2.6695 1.6051
v 5.0059 2.6694 1.6181
v 5.0074 2.6784 1.6147
v 5.0073 2.6823 1.6138
v 5.0072 2.6862 1.6129
v 5.0071 2.6901 1.6120
v 5.0059 2.6978 1.6117
v 5.0057 2.7033 1.6096
v 5.0079 2.7150 1.6114
v 5.0105 2.7197 1.6139
v 5.0146 2.7257 1.6154
v 5.0162 2.7290 1.6169
v 5.0178 2.7323 1.6185
v 5.0194 2.7356 1.6201
v 5.0215 2.7437 1.6251
v 5.0132 2.7499 1.6128
v 5.0131 2.7403 1.6106
v 5.0123 2.7365 1.6102
v 5.0115 2.7326 1.6098
v 5.0106 2.7287 1.6095
v 5.0078 2.7216 1.6098
v 5.0066 2.7169 1.6095
v 5.0028 2.7043 1.6056
v 5.0001 2.6998 1.6034
v 4.9986 2.6931 1.5999
v 4.9970 2.6898 1.5983
v 4.9954 2.6865 1.5968
v 4.9937 2.6832 1.5952
v 4.9881 2.6756 1.5928
v 5.0099 2.7133 1.6129
v 5.0122 2.7167 1.6169
v 5.0173 2.7203 1.6201
v 5.0195 2.7225 1.6227
v 5.0217 2.7247 1.6252
v 5.0238 2.7269 1.6277
v 5.0272 2.7324 1.6350
v 5.0020 2.7059 1.6034
v 4.9982 2.7027 1.6005
v 4.9958 2.6985 1.5951
v 4.9937 2.6963 1.5926
v 4.9915 2.6941 1.5901
v 4.9893 2.6920 1.5876
v 4.9824 2.6870 1.5829
v 5.0108 2.7107 1.6142
v 5.0126 2.7122 1.6183
v 5.0185 2.7132 1.6230
v 5.0208 2.7139 1.6261
v 5.0232 2.7147 1.6292
v 5.0256 2.7155 1.6323
v 5.0295 2.7176 1.6410
v 5.0014 2.7084 1.6019
v 4.9977 2.7072 1.5991
v 4.9947 2.7056 1.5923
v 4.9923 2.7049 1.5892
v 4.9900 2.7041 1.5861
v 4.9876 2.7033 1.5830
v 4.9801 2.7018 1.5769
v 5.0108 2.7079 1.6140
v 5.0122 2.7072 1.6186
v 5.0178 2.7055 1.6235
v 5.0200 2.7047 1.6267
v 5.0222 2.7039 1.6299
v 5.0245 2.7032 1.6331
v 5.0281 2.7015 1.6420
v 5.0025 2.7135 1.6024
v 4.9997 2.7167 1.6000
v 4.9978 2.7204 1.5937
v 4.9961 2.7226 1.5909
v 4.9943 2.7248 1.5881
v 4.9925 2.7270 1.5852
v 4.9865 2.7326 1.5799
v 4.9815 2.7178 1.5759
v 4.9887 2.7157 1.5822
v 4.9909 2.7149 1.5854
v 4.9932 2.7141 1.5886
v 4.9954 2.7133 1.5918
v 4.9982 2.7121 1.5988
v 5.0020 2.7110 1.6015
v 5.0097 2.7055 1.6137
v 5.0106 2.7026 1.6174
v 5.0154 2.6984 1.6216
v 5.0171 2.6962 1.6244
v 5.0189 2.6940 1.6272
v 5.0206 2.6918 1.6300
v 5.0230 2.6868 1.6381
v 5.0040 2.7154 1.6043
v 5.0019 2.7203 1.6021
v 5.0016 2.7258 1.5977
v 5.0006 2.7291 1.5957
v 4.9995 2.7324 1.5937
v 4.9985 2.7357 1.5917
v 4.9943 2.7438 1.5883
v 5.0079 2.7038 1.6119
v 5.0085 2.6990 1.6152
v 5.0116 2.6930 1.6176
v 5.0126 2.6897 1.6196
v 5.0136 2.6864 1.6216
v 5.0146 2.6831 1.6236
v 5.0153 2.6755 1.6296
v 5.0056 2.7160 1.6068
v 5.0046 2.7217 1.6055
v 5.0061 2.7287 1.6033
v 5.0060 2.7326 1.6024
v 5.0058 2.7365 1.6015
v 5.0057 2.7404 1.6006
v 5.0037 2.7499 1.5998
v 5.0013 2.7110 1.6013
v 5.0031 2.7081 1.6042
v 5.0051 2.7053 1.6076
v 5.0041 2.7126 1.6048
v 5.0061 2.7095 1.6080
v 5.0080 2.7066 1.6113
v 5.0070 2.7140 1.6085
v 5.0091 2.7110 1.6118
v 5.0108 2.7080 1.6148
v 5.0084 2.7149 1.6114
v 5.0050 2.7140 1.6100
v 5.0050 2.7160 1.6067
v 5.0079 2.7160 1.6083
v 5.0063 2.7094 1.6076
v 5.0058 2.7099 1.6053
v 5.0087 2.7088 1.6084
v 5.0083 2.7089 1.6059
v 5.0032 2.7042 1.6060
v 5.0063 2.7034 1.6091
v 5.0057 2.7029 1.6066
v 5.0036 2.7057 1.6088
v 5.0036 2.7018 1.6079
v 5.0055 2.7018 1.6105
v 5.0085 2.7164 1.6119
v 5.0069 2.7176 1.6094
v 5.0020 2.7030 1.6054
v 5.0097 2.7141 1.6139
v 5.0008 2.7053 1.6035
v 5.0101 2.7112 1.6150
v 5.0003 2.7081 1.6023
v 5.0098 2.7081 1.6153
v 5.0016 2.7142 1.6029
v 5.0006 2.7113 1.6021
v 5.0088 2.7052 1.6144
v 5.0031 2.7164 1.6045
v 5.0073 2.7030 1.6128
v 5.0050 2.7176 1.6068
v 4.9311 2.7732 1.4973
v 4.9358 2.7901 1.5031
v 4.9437 2.8029 1.5139
v 4.9536 2.8096 1.5280
v 4.9640 2.8092 1.5434
v 4.9732 2.8017 1.5576
v 4.9799 2.7883 1.5685
v 4.9831 2.7710 1.5745
v 4.9823 2.7525 1.5745
v 4.9776 2.7355 1.5688
v 4.9697 2.7227 1.5580
v 4.9598 2.7161 1.5438
v 4.9495 2.7165 1.5285
v 4.9402 2.7240 1.5142
v 4.9335 2.7374 1.5033
v 4.9303 2.7546 1.4974
v 4.9429 2.7897 1.4983
v 4.9381 2.7728 1.4925
v 4.9508 2.8025 1.5091
v 4.9606 2.8092 1.5233
v 4.9710 2.8088 1.5386
v 4.9802 2.8013 1.5528
v 4.9870 2.7879 1.5638
v 4.9902 2.7706 1.5697
v 4.9893 2.7521 1.5698
v 4.9846 2.7352 1.5640
v 4.9767 2.7224 1.5532
v 4.9668 2.7157 1.5391
v 4.9565 2.7161 1.5237
v 4.9472 2.7236 1.5095
v 4.9405 2.7370 1.4986
v 4.9373 2.7543 1.4926
v 4.9462 2.7853 1.5036
v 4.9423 2.7711 1.4988
v 4.9529 2.7960 1.5127
v 4.9611 2.8016 1.5245
v 4.9698 2.8013 1.5374
v 4.9776 2.7950 1.5493
v 4.9832 2.7838 1.5585
v 4.9859 2.7693 1.5635
v 4.9852 2.7538 1.5635
v 4.9812 2.7396 1.5587
v 4.9746 2.7289 1.5496
v 4.9663 2.7232 1.5378
v 4.9577 2.7236 1.5249
v 4.9499 2.7299 1.5130
v 4.9443 2.7411 1.5039
v 4.9416 2.7556 1.4989
v 4.9587 2.7198 1.5232
v 4.9502 2.7266 1.5101
v 4.9805 2.7981 1.5500
v 4.9867 2.7858 1.5600
v 4.9440 2.7390 1.5001
v 4.9897 2.7699 1.5655
v 4.9411 2.7548 1.4946
v 4.9889 2.7529 1.5656
v 4.9419 2.7719 1.4945
v 4.9462 2.7874 1.4999
v 4.9846 2.7373 1.5602
v 4.9535 2.7992 1.5098
v 4.9773 2.7255 1.5503
v 4.9625 2.8054 1.5228
v 4.9682 2.7194 1.5373
v 4.9721 2.8050 1.5369
v 4.9595 2.7557 1.5321
v 4.9589 2.7509 1.5313
v 4.9591 2.7432 1.5292
v 4.9585 2.7393 1.5286
v 4.9579 2.7355 1.5279
v 4.9572 2.7316 1.5273
v 4.9539 2.7224 1.5271
v 4.9629 2.7220 1.5404
v 4.9642 2.7313 1.5376
v 4.9639 2.7352 1.5369
v 4.9636 2.7391 1.5362
v 4.9634 2.7431 1.5356
v 4.9618 2.7507 1.5356
v 4.9614 2.7563 1.5339
v 4.9630 2.7680 1.5364
v 4.9652 2.7726 1.5393
v 4.9690 2.7787 1.5413
v 4.9703 2.7820 1.5431
v 4.9717 2.7853 1.5450
v 4.9731 2.7885 1.5468
v 4.9745 2.7964 1.5524
v 4.9665 2.8029 1.5400
v 4.9669 2.7935 1.5373
v 4.9663 2.7896 1.5366
v 4.9657 2.7857 1.5360
v 4.9651 2.7818 1.5354
v 4.9626 2.7746 1.5352
v 4.9616 2.7699 1.5346
v 4.9586 2.7574 1.5299
v 4.9563 2.7529 1.5273
v 4.9552 2.7463 1.5233
v 4.9538 2.7431 1.5214
v 4.9525 2.7398 1.5196
v 4.9511 2.7366 1.5178
v 4.9459 2.7289 1.5147
v 4.9649 2.7663 1.5379
v 4.9670 2.7695 1.5422
v 4.9718 2.7731 1.5459
v 4.9737 2.7753 1.5486
v 4.9757 2.7774 1.5513
v 4.9776 2.7796 1.5541
v 4.9804 2.7848 1.5619
v 4.9578 2.7591 1.5277
v 4.9543 2.7558 1.5244
v 4.9524 2.7519 1.5187
v 4.9505 2.7498 1.5160
v 4.9485 2.7477 1.5132
v 4.9466 2.7455 1.5105
v 4.9401 2.7405 1.5052
v 4.9659 2.7636 1.5391
v 4.9675 2.7649 1.5434
v 4.9731 2.7659 1.5483
v 4.9753 2.7666 1.5516
v 4.9775 2.7673 1.5548
v 4.9797 2.7680 1.5581
v 4.9832 2.7698 1.5670
v 4.9572 2.7616 1.5263
v 4.9537 2.7604 1.5232
v 4.9511 2.7591 1.5162
v 4.9489 2.7584 1.5130
v 4.9466 2.7578 1.5098
v 4.9444 2.7571 1.5065
v 4.9373 2.7555 1.5001
v 4.9661 2.7609 1.5388
v 4.9673 2.7600 1.5434
v 4.9728 2.7582 1.5484
v 4.9749 2.7574 1.5516
v 4.9770 2.7565 1.5549
v 4.9792 2.7556 1.5581
v 4.9825 2.7537 1.5671
v 4.9580 2.7668 1.5271
v 4.9552 2.7699 1.5247
v 4.9534 2.7739 1.5186
v 4.9516 2.7762 1.5159
v 4.9499 2.7785 1.5131
v 4.9481 2.7808 1.5103
v 4.9421 2.7863 1.5050
v 4.9380 2.7716 1.5000
v 4.9450 2.7694 1.5065
v 4.9471 2.7686 1.5097
v 4.9493 2.7677 1.5130
v 4.9514 2.7668 1.5162
v 4.9540 2.7654 1.5232
v 4.9577 2.7643 1.5261
v 4.9651 2.7585 1.5382
v 4.9661 2.7554 1.5418
v 4.9708 2.7512 1.5460
v 4.9725 2.7489 1.5487
v 4.9743 2.7466 1.5515
v 4.9760 2.7443 1.5542
v 4.9784 2.7389 1.5621
v 4.9593 2.7686 1.5292
v 4.9571 2.7735 1.5272
v 4.9567 2.7792 1.5231
v 4.9556 2.7826 1.5213
v 4.9545 2.7860 1.5194
v 4.9534 2.7893 1.5176
v 4.9489 2.7975 1.5144
v 4.9635 2.7568 1.5363
v 4.9642 2.7519 1.5393
v 4.9675 2.7458 1.5415
v 4.9686 2.7425 1.5433
v 4.9697 2.7391 1.5452
v 4.9708 2.7358 1.5470
v 4.9715 2.7278 1.5527
v 4.9608 2.7691 1.5318
v 4.9596 2.7748 1.5308
v 4.9608 2.7820 1.5290
v 4.9605 2.7859 1.5283
v 4.9603 2.7899 1.5277
v 4.9600 2.7938 1.5270
v 4.9575 2.8033 1.5267
v 4.9570 2.7642 1.5258
v 4.9588 2.7613 1.5287
v 4.9609 2.7584 1.5319
v 4.9596 2.7657 1.5295
v 4.9616 2.7626 1.5327
v 4.9635 2.7596 1.5358
v 4.9623 2.7671 1.5334
v 4.9643 2.7640 1.5367
v 4.9661 2.7609 1.5395
v 4.9634 2.7679 1.5364
v 4.9601 2.7669 1.5348
v 4.9603 2.7691 1.5316
v 4.9630 2.7691 1.5334
v 4.9618 2.7625 1.5323
v 4.9614 2.7631 1.5300
v 4.9642 2.7620 1.5331
v 4.9639 2.7622 1.5307
v 4.9590 2.7573 1.5302
v 4.9620 2.7565 1.5333
v 4.9616 2.7561 1.5309
v 4.9593 2.7587 1.5331
v 4.9595 2.7548 1.5319
v 4.9613 2.7547 1.5346
v 4.9635 2.7693 1.5370
v 4.9619 2.7706 1.5345
v 4.9579 2.7561 1.5295
v 4.9647 2.7670 1.5389
v 4.9567 2.7584 1.5276
v 4.9652 2.7641 1.5399
v 4.9561 2.7613 1.5267
v 4.9650 2.7609 1.5400
v 4.9570 2.7674 1.5276
v 4.9562 2.7645 1.5266
v 4.9642 2.7580 1.5389
v 4.9584 2.7695 1.5295
v 4.9629 2.7558 1.5371
v 4.9601 2.7707 1.5319
v 4.8832 2.8238 1.4183
v 4.8879 2.8408 1.4241
v 4.8958 2.8536 1.4349
v 4.9055 2.8602 1.4491
v 4.9158 2.8598 1.4646
v 4.9249 2.8523 1.4788
v 4.9316 2.8389 1.4898
v 4.9348 2.8217 1.4958
v 4.9339 2.8031 1.4959
v 4.9292 2.7862 1.4900
v 4.9214 2.7734 1.4792
v 4.9116 2.7667 1.4650
v 4.9014 2.7671 1.4496
v 4.8923 2.7746 1.4353
v 4.8856 2.7880 1.4243
v 4.8824 2.8053 1.4183
v 4.8950 2.8404 1.4194
v 4.8903 2.8234 1.4136
v 4.9028 2.8532 1.4302
v 4.9126 2.8599 1.4444
v 4.9228 2.8594 1.4599
v 4.9320 2.8520 1.4741
v 4.9386 2.8386 1.4851
v 4.9418 2.8213 1.4911
v 4.9410 2.8028 1.4912
v 4.9363 2.7858 1.4853
v 4.9285 2.7730 1.4745
v 4.9187 2.7663 1.4603
v 4.9084 2.7667 1.4449
v 4.8993 2.7742 1.4306
v 4.8926 2.7876 1.4196
v 4.8895 2.8049 1.4136
v 4.8983 2.8360 1.4247
v 4.8944 2.8218 1.4198
v 4.9049 2.8467 1.4338
v 4.9131 2.8523 1.4457
v 4.9217 2.8519 1.4586
v 4.9293 2.8457 1.4706
v 4.9349 2.8344 1.4798
v 4.9376 2.8200 1.4848
v 4.9369 2.8044 1.4849
v 4.9330 2.7902 1.4800
v 4.9264 2.7795 1.4709
v 4.9182 2.7739 1.4590
v 4.9096 2.7742 1.4461
v 4.9020 2.7805 1.4341
v 4.8964 2.7917 1.4249
v 4.8937 2.8062 1.4199
v 4.9107 2.7704 1.4444
v 4.9023 2.7773 1.4312
v 4.9323 2.8487 1.4713
v 4.9384 2.8364 1.4813
v 4.8962 2.7896 1.4212
v 4.9413 2.8205 1.4868
v 4.8932 2.8055 1.4157
v 4.9406 2.8035 1.4869
v 4.8940 2.8225 1.4156
v 4.8983 2.8381 1.4209
v 4.9363 2.7879 1.4816
v 4.9055 2.8498 1.4309
v 4.9291 2.7762 1.4716
v 4.9145 2.8560 1.4440
v 4.9201 2.7700 1.4585
v 4.9239 2.8556 1.4581
v 4.9114 2.8064 1.4533
v 4.9108 2.8015 1.4524
v 4.9110 2.7939 1.4503
v 4.9104 2.7900 1.4497
v 4.9098 2.7861 1.4491
v 4.9092 2.7822 1.4485
v 4.9059 2.7730 1.4482
v 4.9148 2.7727 1.4616
v 4.9160 2.7819 1.4588
v 4.9158 2.7858 1.4581
v 4.9155 2.7898 1.4574
v 4.9153 2.7937 1.4568
v 4.9137 2.8013 1.4568
v 4.9133 2.8069 1.4551
v 4.9148 2.8186 1.4576
v 4.9171 2.8232 1.4605
v 4.9208 2.8294 1.4625
v 4.9222 2.8326 1.4644
v 4.9235 2.8359 1.4662
v 4.9249 2.8392 1.4680
v 4.9263 2.8470 1.4736
v 4.9184 2.8535 1.4612
v 4.9188 2.8442 1.4585
v 4.9182 2.8403 1.4579
v 4.9176 2.8364 1.4572
v 4.9170 2.8325 1.4566
v 4.9144 2.8252 1.4564
v 4.9135 2.8205 1.4557
v 4.9106 2.8080 1.4510
v 4.9082 2.8035 1.4484
v 4.9072 2.7970 1.4444
v 4.9058 2.7937 1.4426
v 4.9044 2.7905 1.4407
v 4.9031 2.7872 1.4389
v 4.8979 2.7795 1.4358
v 4.9168 2.8169 1.4591
v 4.9188 2.8201 1.4634
v 4.9236 2.8238 1.4671
v 4.9255 2.8259 1.4699
v 4.9274 2.8281 1.4726
v 4.9294 2.8302 1.4754
v 4.9321 2.8354 1.4832
v 4.9098 2.8097 1.4488
v 4.9063 2.8065 1.4455
v 4.9044 2.8026 1.4398
v 4.9025 2.8004 1.4371
v 4.9005 2.7983 1.4343
v 4.8986 2.7962 1.4316
v 4.8921 2.7912 1.4263
v 4.9178 2.8143 1.4603
v 4.9194 2.8156 1.4646
v 4.9249 2.8166 1.4696
v 4.9271 2.8173 1.4728
v 4.9293 2.8180 1.4761
v 4.9315 2.8187 1.4793
v 4.9348 2.8204 1.4883
v 4.9091 2.8123 1.4474
v 4.9057 2.8110 1.4443
v 4.9031 2.8098 1.4373
v 4.9009 2.8091 1.4341
v 4.8987 2.8084 1.4308
v 4.8965 2.8077 1.4276
v 4.8894 2.8062 1.4211
v 4.9179 2.8115 1.4600
v 4.9191 2.8106 1.4646
v 4.9245 2.8089 1.4696
v 4.9267 2.8080 1.4729
v 4.9288 2.8071 1.4761
v 4.9309 2.8063 1.4794
v 4.9341 2.8043 1.4884
v 4.9099 2.8174 1.4482
v 4.9072 2.8206 1.4459
v 4.9054 2.8245 1.4397
v 4.9036 2.8268 1.4370
v 4.9019 2.8291 1.4342
v 4.9002 2.8314 1.4314
v 4.8942 2.8370 1.4261
v 4.8901 2.8223 1.4210
v 4.8970 2.8201 1.4275
v 4.8992 2.8192 1.4308
v 4.9013 2.8184 1.4341
v 4.9034 2.8175 1.4373
v 4.9059 2.8160 1.4443
v 4.9096 2.8149 1.4472
v 4.9170 2.8091 1.4594
v 4.9179 2.8060 1.4630
v 4.9226 2.8018 1.4672
v 4.9243 2.7995 1.4700
v 4.9261 2.7972 1.4727
v 4.9278 2.7949 1.4755
v 4.9301 2.7896 1.4834
v 4.9113 2.8192 1.4504
v 4.9090 2.8241 1.4484
v 4.9086 2.8299 1.4443
v 4.9076 2.8332 1.4424
v 4.9065 2.8366 1.4405
v 4.9054 2.8400 1.4387
v 4.9010 2.8481 1.4355
v 4.9154 2.8074 1.4575
v 4.9161 2.8025 1.4605
v 4.9193 2.7965 1.4627
v 4.9204 2.7931 1.4645
v 4.9215 2.7898 1.4664
v 4.9226 2.7864 1.4683
v 4.9233 2.7785 1.4739
v 4.9127 2.8197 1.4530
v 4.9115 2.8255 1.4520
v 4.9127 2.8327 1.4502
v 4.9125 2.8366 1.4495
v 4.9122 2.8405 1.4488
v 4.9119 2.8444 1.4482
v 4.9095 2.8539 1.4478
v 4.9089 2.8149 1.4470
v 4.9107 2.8120 1.4498
v 4.9127 2.8090 1.4531
v 4.9115 2.8164 1.4507
v 4.9134 2.8133 1.4539
v 4.9154 2.8102 1.4570
v 4.9142 2.8178 1.4546
v 4.9162 2.8146 1.4579
v 4.9180 2.8116 1.4607
v 4.9153 2.8185 1.4576
v 4.9120 2.8176 1.4560
v 4.9122 2.8198 1.4528
v 4.9149 2.8197 1.4546
v 4.9137 2.8131 1.4535
v 4.9133 2.8138 1.4512
v 4.9161 2.8127 1.4543
v 4.9158 2.8129 1.4519
v 4.9109 2.8080 1.4514
v 4.9139 2.8071 1.4545
v 4.9135 2.8067 1.4520
v 4.9112 2.8093 1.4542
v 4.9114 2.8055 1.4531
v 4.9132 2.8054 1.4558
v 4.9154 2.8200 1.4582
v 4.9138 2.8213 1.4557
v 4.9098 2.8067 1.4506
v 4.9165 2.8177 1.4601
v 4.9086 2.8090 1.4488
v 4.9170 2.8147 1.4611
v 4.9080 2.8119 1.4478
v 4.9169 2.8115 1.4612
v 4.9090 2.8180 1.4488
v 4.9081 2.8151 1.4478
v 4.9161 2.8086 1.4601
v 4.9103 2.8202 1.4506
v 4.9148 2.8065 1.4583
v 4.9120 2.8213 1.4530
v -5.0276 2.6706 1.6498
v -5.0323 2.6875 1.6556
v -5.0402 2.7003 1.6664
v -5.0501 2.7070 1.6805
v -5.0604 2.7066 1.6959
v -5.0697 2.6991 1.7101
v -5.0764 2.6857 1.7210
v -5.0796 2.6684 1.7270
v -5.0788 2.6499 1.7271
v -5.0741 2.6330 1.7213
v -5.0662 2.6202 1.7105
v -5.0563 2.6135 1.6963
v -5.0460 2.6139 1.6810
v -5.0367 2.6214 1.6668
v -5.0300 2.6348 1.6559
v -5.0268 2.6521 1.6499
v -5.0393 2.6872 1.6508
v -5.0346 2.6702 1.6451
v -5.0472 2.7000 1.6616
v -5.0571 2.7066 1.6758
v -5.0675 2.7062 1.6911
v -5.0767 2.6987 1.7054
v -5.0834 2.6853 1.7163
v -5.0866 2.6681 1.7222
v -5.0858 2.6495 1.7223
v -5.0811 2.6326 1.7165
v -5.0732 2.6198 1.7057
v -5.0633 2.6131 1.6916
v -5.0530 2.6135 1.6762
v -5.0437 2.6210 1.6620
v -5.0370 2.6344 1.6511
v -5.0338 2.6517 1.6451
v -5.0427 2.6827 1.6562
v -5.0388 2.6685 1.6513
v -5.0493 2.6935 1.6652
v -5.0576 2.6991 1.6771
v -5.0663 2.6987 1.6899
v -5.0740 2.6924 1.7018
v -5.0797 2.6812 1.7110
v -5.0824 2.6667 1.7160
v -5.0817 2.6512 1.7161
v -5.0777 2.6370 1.7112
v -5.0711 2.6263 1.7022
v -5.0628 2.6207 1.6903
v -5.0541 2.6210 1.6774
v -5.0464 2.6273 1.6655
v -5.0408 2.6385 1.6564
v -5.0381 2.6530 1.6514
v -5.0552 2.6172 1.6757
v -5.0467 2.6241 1.6627
v -5.0770 2.6955 1.7025
v -5.0832 2.6832 1.7125
v -5.0405 2.6364 1.6526
v -5.0861 2.6673 1.7180
v -5.0376 2.6523 1.6472
v -5.0854 2.6503 1.7181
v -5.0383 2.6693 1.6471
v -5.0427 2.6849 1.6524
v -5.0810 2.6347 1.7128
v -5.0499 2.6966 1.6623
v -5.0738 2.6229 1.7028
v -5.0590 2.7028 1.6753
v -5.0647 2.6168 1.6898
v -5.0685 2.7024 1.6894
v -5.0560 2.6532 1.6846
v -5.0554 2.6483 1.6838
v -5.0555 2.6406 1.6817
v -5.0549 2.6368 1.6811
v -5.0543 2.6329 1.6805
v -5.0537 2.6290 1.6798
v -5.0504 2.6198 1.6796
v -5.0594 2.6194 1.6929
v -5.0606 2.6287 1.6901
v -5.0604 2.6326 1.6894
v -5.0601 2.6365 1.6888
v -5.0599 2.6405 1.6881
v -5.0583 2.6481 1.6881
v -5.0579 2.6537 1.6864
v -5.0594 2.6654 1.6889
v -5.0617 2.6700 1.6918
v -5.0654 2.6761 1.6938
v -5.0668 2.6794 1.6957
v -5.0682 2.6827 1.6975
v -5.0696 2.6859 1.6993
v -5.0710 2.6938 1.7049
v -5.0630 2.7003 1.6925
v -5.0634 2.6909 1.6898
v -5.0628 2.6870 1.6892
v -5.0622 2.6831 1.6885
v -5.0616 2.6793 1.6879
v -5.0590 2.6720 1.6877
v -5.0581 2.6673 1.6871
v -5.0551 2.6548 1.6824
v -5.0527 2.6503 1.6798
v -5.0517 2.6438 1.6758
v -5.0503 2.6405 1.6740
v -5.0489 2.6372 1.6722
v -5.0475 2.6340 1.6703
v -5.0424 2.6263 1.6673
v -5.0614 2.6637 1.6905
v -5.0634 2.6669 1.6947
v -5.0682 2.6706 1.6984
v -5.0702 2.6727 1.7011
v -5.0721 2.6748 1.7039
v -5.0741 2.6770 1.7066
v -5.0769 2.6822 1.7144
v -5.0543 2.6565 1.6802
v -5.0508 2.6533 1.6769
v -5.0489 2.6493 1.6712
v -5.0469 2.6472 1.6685
v -5.0450 2.6451 1.6658
v -5.0430 2.6429 1.6630
v -5.0365 2.6379 1.6578
v -5.0624 2.6610 1.6916
v -5.0640 2.6624 1.6959
v -5.0696 2.6634 1.7009
v -5.0718 2.6641 1.7041
v -5.0740 2.6647 1.7073
v -5.0762 2.6654 1.7106
v -5.0796 2.6672 1.7196
v -5.0537 2.6591 1.6788
v -5.0502 2.6578 1.6757
v -5.0476 2.6565 1.6688
v -5.0453 2.6559 1.6655
v -5.0431 2.6552 1.6623
v -5.0409 2.6545 1.6591
v -5.0337 2.6529 1.6526
v -5.0626 2.6583 1.6913
v -5.0638 2.6574 1.6959
v -5.0692 2.6557 1.7009
v -5.0714 2.6548 1.7041
v -5.0735 2.6539 1.7074
v -5.0757 2.6531 1.7106
v -5.0789 2.6511 1.7196
v -5.0545 2.6642 1.6796
v -5.0517 2.6673 1.6773
v -5.0499 2.6713 1.6711
v -5.0481 2.6736 1.6684
v -5.0464 2.6759 1.6656
v -5.0446 2.6782 1.6629
v -5.0386 2.6838 1.6575
v -5.0345 2.6690 1.6525
v -5.0414 2.6669 1.6590
v -5.0436 2.6660 1.6622
v -5.0458 2.6651 1.6655
v -5.0479 2.6643 1.6687
v -5.0504 2.6628 1.6757
v -5.0542 2.6617 1.6786
v -5.0616 2.6559 1.6908
v -5.0625 2.6528 1.6944
v -5.0673 2.6486 1.6985
v -5.0690 2.6463 1.7013
v -5.0708 2.6440 1.7040
v -5.0725 2.6417 1.7068
v -5.0748 2.6364 1.7146
v -5.0558 2.6660 1.6817
v -5.0536 2.6709 1.6798
v -5.0532 2.6766 1.6756
v -5.0521 2.6800 1.6738
v -5.0510 2.6834 1.6719
v -5.0499 2.6867 1.6701
v -5.0454 2.6949 1.6669
v -5.0600 2.6542 1.6888
v -5.0607 2.6493 1.6918
v -5.0640 2.6433 1.6940
v -5.0651 2.6399 1.6959
v -5.0661 2.6365 1.6977
v -5.0672 2.6332 1.6996
v -5.0680 2.6252 1.7052
v -5.0573 2.6665 1.6843
v -5.0561 2.6722 1.6834
v -5.0573 2.6794 1.6815
v -5.0570 2.6834 1.6809
v -5.0567 2.6873 1.6802
v -5.0565 2.6912 1.6795
v -5.0540 2.7007 1.6792
v -5.0535 2.6617 1.6783
v -5.0553 2.6587 1.6812
v -5.0573 2.6558 1.6845
v -5.0561 2.6631 1.6821
v -5.0580 2.6600 1.6852
v -5.0600 2.6570 1.6883
v -5.0587 2.6645 1.6860
v -5.0608 2.6614 1.6892
v -5.0626 2.6584 1.6921
v -5.0599 2.6653 1.6890
v -5.0566 2.6643 1.6873
v -5.0567 2.6665 1.6842
v -5.0595 2.6665 1.6859
v -5.0582 2.6599 1.6848
v -5.0579 2.6606 1.6825
v -5.0607 2.6594 1.6857
v -5.0604 2.6596 1.6832
v -5.0555 2.6547 1.6827
v -5.0585 2.6539 1.6859
v -5.0580 2.6535 1.6834
v -5.0558 2.6561 1.6856
v -5.0560 2.6522 1.6845
v -5.0577 2.6521 1.6871
v -5.0600 2.6667 1.6896
v -5.0584 2.6680 1.6871
v -5.0543 2.6535 1.6820
v -5.0611 2.6644 1.6914
v -5.0531 2.6558 1.6802
v -5.0617 2.6615 1.6925
v -5.0526 2.6587 1.6792
v -5.0615 2.6583 1.6925
v -5.0535 2.6648 1.6802
v -5.0527 2.6619 1.6792
v -5.0607 2.6554 1.6915
v -5.0549 2.6670 1.6820
v -5.0594 2.6533 1.6896
v -5.0566 2.6681 1.6844
v -4.9746 2.7195 1.5734
v -4.9804 2.7365 1.5780
v -4.9893 2.7495 1.5876
v -5.0001 2.7565 1.6009
v -5.0111 2.7565 1.6158
v -5.0206 2.7494 1.6301
v -5.0272 2.7363 1.6415
v -5.0299 2.7192 1.6483
v -5.0282 2.7008 1.6495
v -5.0224 2.6838 1.6449
v -5.0135 2.6708 1.6353
v -5.0027 2.6638 1.6220
v -4.9917 2.6639 1.6071
v -4.9822 2.6710 1.5928
v -4.9756 2.6841 1.5814
v -4.9729 2.7011 1.5746
v -4.9871 2.7355 1.5730
v -4.9814 2.7185 1.5684
v -4.9961 2.7485 1.5826
v -5.0069 2.7555 1.5959
v -5.0179 2.7555 1.6108
v -5.0274 2.7484 1.6251
v -5.0340 2.7353 1.6365
v -5.0366 2.7182 1.6433
v -5.0350 2.6998 1.6445
v -5.0292 2.6828 1.6399
v -5.0202 2.6698 1.6303
v -5.0094 2.6628 1.6170
v -4.9985 2.6629 1.6021
v -4.9889 2.6700 1.5878
v -4.9824 2.6831 1.5764
v -4.9797 2.7001 1.5696
v -4.9906 2.7313 1.5784
v -4.9857 2.7170 1.5745
v -4.9981 2.7421 1.5865
v -5.0071 2.7480 1.5976
v -5.0163 2.7480 1.6101
v -5.0243 2.7420 1.6220
v -5.0298 2.7311 1.6316
v -5.0320 2.7168 1.6373
v -5.0306 2.7013 1.6383
v -5.0258 2.6871 1.6345
v -5.0183 2.6762 1.6264
v -5.0093 2.6703 1.6153
v -5.0000 2.6704 1.6028
v -4.9921 2.6763 1.5908
v -4.9866 2.6873 1.5813
v -4.9843 2.7016 1.5756
v -5.0008 2.6664 1.6012
v -4.9921 2.6729 1.5882
v -5.0275 2.7450 1.6224
v -5.0335 2.7329 1.6329
v -4.9860 2.6849 1.5777
v -5.0359 2.7173 1.6391
v -4.9836 2.7006 1.5714
v -5.0344 2.7003 1.6403
v -4.9852 2.7175 1.5703
v -4.9904 2.7332 1.5745
v -5.0291 2.6847 1.6360
v -4.9987 2.7451 1.5834
v -5.0209 2.6728 1.6272
v -5.0086 2.7515 1.5956
v -5.0109 2.6663 1.6149
v -5.0187 2.7515 1.6093
v -5.0037 2.7027 1.6080
v -5.0028 2.6979 1.6074
v -5.0025 2.6901 1.6058
v -5.0017 2.6862 1.6054
v -5.0009 2.6824 1.6051
v -5.0001 2.6785 1.6047
v -4.9963 2.6695 1.6051
v -5.0059 2.6694 1.6181
v -5.0074 2.6784 1.6147
v -5.0073 2.6823 1.6138
v -5.0072 2.6862 1.6129
v -5.0071 2.6901 1.6120
v -5.0059 2.6978 1.6117
v -5.0057 2.7033 1.6096
v -5.0079 2.7150 1.6114
v -5.0105 2.7197 1.6139
v -5.0146 2.7257 1.6154
v -5.0162 2.7290 1.6169
v -5.0178 2.7323 1.6185
v -5.0194 2.7356 1.6201
v -5.0215 2.7437 1.6251
v -5.0132 2.7499 1.6128
v -5.0131 2.7403 1.6106
v -5.0123 2.7365 1.6102
v -5.0115 2.7326 1.6098
v -5.0106 2.7287 1.6095
v -5.0078 2.7216 1.6098
v -5.0066 2.7169 1.6095
v -5.0028 2.7043 1.6056
v -5.0001 2.6998 1.6034
v -4.9986 2.6931 1.5999
v -4.9970 2.6898 1.5983
v -4.9954 2.6865 1.5968
v -4.9937 2.6832 1.5952
v -4.9881 2.6756 1.5928
v -5.0099 2.7133 1.6129
v -5.0122 2.7167 1.6169
v -5.0173 2.7203 1.6201
v -5.0195 2.7225 1.6227
v -5.0217 2.7247 1.6252
v -5.0238 2.7269 1.6277
v -5.0272 2.7324 1.6350
v -5.0020 2.7059 1.6034
v -4.9982 2.7027 1.6005
v -4.9958 2.6985 1.5951
v -4.9937 2.6963 1.5926
v -4.9915 2.6941 1.5901
v -4.9893 2.6920 1.5876
v -4.9824 2.6870 1.5829
v -5.0108 2.7107 1.6142
v -5.0126 2.7122 1.6183
v -5.0185 2.7132 1.6230
v -5.0208 2.7139 1.6261
v -5.0232 2.7147 1.6292
v -5.0256 2.7155 1.6323
v -5.0295 2.7176 1.6410
v -5.0014 2.7084 1.6019
v -4.9977 2.7072 1.5991
v -4.9947 2.7056 1.5923
v -4.9923 2.7049 1.5892
v -4.9900 2.7041 1.5861
v -4.9876 2.7033 1.5830
v -4.9801 2.7018 1.5769
v -5.0108 2.7079 1.6140
v -5.0122 2.7072 1.6186
v -5.0178 2.7055 1.6235
v -5.0200 2.7047 1.6267
v -5.0222 2.7039 1.6299
v -5.0245 2.7032 1.6331
v -5.0281 2.7015 1.6420
v -5.0025 2.7135 1.6024
v -4.9997 2.7167 1.6000
v -4.9978 2.7204 1.5937
v -4.9961 2.7226 1.5909
v -4.9943 2.7248 1.5881
v -4.9925 2.7270 1.5852
v -4.9865 2.7326 1.5799
v -4.9815 2.7178 1.5759
v -4.9887 2.7157 1.5822
v -4.9909 2.7149 1.5854
v -4.9932 2.7141 1.5886
v -4.9954 2.7133 1.5918
v -4.9982 2.7121 1.5988
v -5.0020 2.7110 1.6015
v -5.0097 2.7055 1.6137
v -5.0106 2.7026 1.6174
v -5.0154 2.6984 1.6216
v -5.0171 2.6962 1.6244
v -5.0189 2.6940 1.6272
v -5.0206 2.6918 1.6300
v -5.0230 2.6868 1.6381
v -5.0040 2.7154 1.6043
v -5.0019 2.7203 1.6021
v -5.0016 2.7258 1.5977
v -5.0006 2.7291 1.5957
v -4.9995 2.7324 1.5937
v -4.9985 2.7357 1.5917
v -4.9943 2.7438 1.5883
v -5.0079 2.7038 1.6119
v -5.0085 2.6990 1.6152
v -5.0116 2.6930 1.6176
v -5.0126 2.6897 1.6196
v -5.0136 2.6864 1.6216
v -5.0146 2.6831 1.6236
v -5.0153 2.6755 1.6296
v -5.0056 2.7160 1.6068
v -5.0046 2.7217 1.6055
v -5.0061 2.7287 1.6033
v -5.0060 2.7326 1.6024
v -5.0058 2.7365 1.6015
v -5.0057 2.7404 1.6006
v -5.0037 2.7499 1.5998
v -5.0013 2.7110 1.6013
v -5.0031 2.7081 1.6042
v -5.0051 2.7053 1.6076
v -5.0041 2.7126 1.6048
v -5.0061 2.7095 1.6080
v -5.0080 2.7066 1.6113
v -5.0070 2.7140 1.6085
v -5.0091 2.7110 1.6118
v -5.0108 2.7080 1.6148
v -5.0084 2.7149 1.6114
v -5.0050 2.7140 1.6100
v -5.0050 2.7160 1.6067
v -5.0079 2.7160 1.6083
v -5.0063 2.7094 1.6076
v -5.0058 2.7099 1.6053
v -5.0087 2.7088 1.6084
v -5.0083 2.7089 1.6059
v -5.0032 2.7042 1.6060
v -5.0063 2.7034 1.6091
v -5.0057 2.7029 1.6066
v -5.0036 2.7057 1.6088
v -5.0036 2.7018 1.6079
v -5.0055 2.7018 1.6105
v -5.0085 2.7164 1.6119
v -5.0069 2.7176 1.6094
v -5.0020 2.7030 1.6054
v -5.0097 2.7141 1.6139
v -5.0008 2.7053 1.6035
v -5.0101 2.7112 1.6150
v -5.0003 2.7081 1.6023
v -5.0098 2.7081 1.6153
v -5.0016 2.7142 1.6029
v -5.0006 2.7113 1.6021
v -5.0088 2.7052 1.6144
v -5.0031 2.7164 1.6045
v -5.0073 2.7030 1.6128
v -5.0050 2.7176 1.6068
v -4.9288 2.7670 1.4977
v -4.9338 2.7847 1.5002
v -4.9423 2.7991 1.5081
v -4.9530 2.8080 1.5202
v -4.9644 2.8101 1.5347
v -4.9746 2.8051 1.5494
v -4.9820 2.7938 1.5619
v -4.9857 2.7777 1.5705
v -4.9850 2.7595 1.5738
v -4.9800 2.7418 1.5714
v -4.9715 2.7274 1.5634
v -4.9607 2.7185 1.5513
v -4.9494 2.7164 1.5368
v -4.9392 2.7214 1.5222
v -4.9317 2.7327 1.5096
v -4.9280 2.7488 1.5010
v -4.9405 2.7834 1.4951
v -4.9355 2.7658 1.4926
v -4.9490 2.7978 1.5030
v -4.9597 2.8068 1.5151
v -4.9711 2.8089 1.5296
v -4.9813 2.8039 1.5443
v -4.9887 2.7925 1.5569
v -4.9924 2.7765 1.5655
v -4.9917 2.7583 1.5688
v -4.9867 2.7406 1.5663
v -4.9781 2.7262 1.5584
v -4.9674 2.7173 1.5463
v -4.9561 2.7151 1.5318
v -4.9459 2.7201 1.5171
v -4.9384 2.7315 1.5045
v -4.9347 2.7475 1.4959
v -4.9442 2.7800 1.5009
v -4.9400 2.7652 1.4988
v -4.9514 2.7920 1.5075
v -4.9604 2.7995 1.5177
v -4.9699 2.8013 1.5298
v -4.9784 2.7971 1.5421
v -4.9847 2.7876 1.5526
v -4.9877 2.7742 1.5598
v -4.9871 2.7589 1.5626
v -4.9829 2.7441 1.5605
v -4.9758 2.7320 1.5539
v -4.9668 2.7245 1.5437
v -4.9573 2.7227 1.5316
v -4.9488 2.7269 1.5193
v -4.9425 2.7365 1.5088
v -4.9394 2.7499 1.5016
v -4.9583 2.7186 1.5305
v -4.9489 2.7232 1.5170
v -4.9814 2.8002 1.5420
v -4.9883 2.7898 1.5536
v -4.9420 2.7337 1.5054
v -4.9916 2.7750 1.5615
v -4.9387 2.7484 1.4975
v -4.9910 2.7583 1.5645
v -4.9393 2.7652 1.4945
v -4.9439 2.7814 1.4968
v -4.9864 2.7421 1.5622
v -4.9518 2.7946 1.5041
v -4.9785 2.7288 1.5549
v -4.9616 2.8029 1.5152
v -4.9687 2.7206 1.5438
v -4.9720 2.8048 1.5285
v -4.9595 2.7556 1.5331
v -4.9588 2.7506 1.5331
v -4.9589 2.7428 1.5323
v -4.9583 2.7388 1.5324
v -4.9576 2.7349 1.5325
v -4.9570 2.7310 1.5326
v -4.9537 2.7219 1.5342
v -4.9636 2.7238 1.5467
v -4.9646 2.7324 1.5423
v -4.9642 2.7362 1.5410
v -4.9639 2.7399 1.5397
v -4.9636 2.7437 1.5384
v -4.9620 2.7512 1.5372
v -4.9614 2.7564 1.5346
v -4.9631 2.7684 1.5350
v -4.9655 2.7734 1.5368
v -4.9694 2.7798 1.5376
v -4.9709 2.7833 1.5387
v -4.9723 2.7868 1.5398
v -4.9738 2.7903 1.5410
v -4.9756 2.7990 1.5450
v -4.9667 2.8034 1.5323
v -4.9670 2.7937 1.5312
v -4.9664 2.7897 1.5313
v -4.9658 2.7858 1.5314
v -4.9651 2.7818 1.5315
v -4.9626 2.7747 1.5327
v -4.9616 2.7699 1.5329
v -4.9584 2.7568 1.5306
v -4.9559 2.7520 1.5290
v -4.9546 2.7449 1.5262
v -4.9532 2.7414 1.5251
v -4.9517 2.7378 1.5240
v -4.9502 2.7343 1.5228
v -4.9449 2.7263 1.5214
v -4.9652 2.7670 1.5366
v -4.9675 2.7708 1.5401
v -4.9725 2.7750 1.5428
v -4.9746 2.7776 1.5450
v -4.9767 2.7801 1.5472
v -4.9788 2.7827 1.5494
v -4.9821 2.7891 1.5560
v -4.9575 2.7581 1.5282
v -4.9538 2.7544 1.5258
v -4.9515 2.7496 1.5210
v -4.9494 2.7470 1.5188
v -4.9473 2.7445 1.5166
v -4.9452 2.7419 1.5144
v -4.9384 2.7361 1.5105
v -4.9663 2.7645 1.5381
v -4.9682 2.7665 1.5420
v -4.9740 2.7683 1.5464
v -4.9764 2.7696 1.5493
v -4.9788 2.7708 1.5522
v -4.9813 2.7720 1.5551
v -4.9853 2.7752 1.5635
v -4.9567 2.7604 1.5264
v -4.9531 2.7587 1.5239
v -4.9500 2.7563 1.5174
v -4.9476 2.7551 1.5145
v -4.9452 2.7539 1.5116
v -4.9427 2.7526 1.5087
v -4.9352 2.7501 1.5030
v -4.9664 2.7618 1.5383
v -4.9679 2.7616 1.5429
v -4.9737 2.7608 1.5478
v -4.9761 2.7604 1.5510
v -4.9784 2.7601 1.5542
v -4.9808 2.7598 1.5574
v -4.9846 2.7594 1.5663
v -4.9576 2.7656 1.5263
v -4.9546 2.7684 1.5237
v -4.9524 2.7712 1.5171
v -4.9504 2.7730 1.5141
v -4.9485 2.7748 1.5111
v -4.9466 2.7766 1.5081
v -4.9402 2.7812 1.5023
v -4.9358 2.7659 1.5002
v -4.9432 2.7648 1.5064
v -4.9456 2.7645 1.5096
v -4.9479 2.7642 1.5128
v -4.9503 2.7639 1.5160
v -4.9533 2.7636 1.5230
v -4.9572 2.7630 1.5258
v -4.9654 2.7593 1.5382
v -4.9666 2.7569 1.5422
v -4.9716 2.7534 1.5467
v -4.9736 2.7516 1.5497
v -4.9755 2.7498 1.5527
v -4.9774 2.7480 1.5557
v -4.9803 2.7440 1.5642
v -4.9590 2.7678 1.5280
v -4.9566 2.7723 1.5254
v -4.9559 2.7772 1.5204
v -4.9547 2.7802 1.5180
v -4.9535 2.7832 1.5157
v -4.9523 2.7862 1.5134
v -4.9476 2.7937 1.5092
v -4.9637 2.7573 1.5367
v -4.9646 2.7530 1.5405
v -4.9681 2.7474 1.5434
v -4.9693 2.7444 1.5458
v -4.9705 2.7414 1.5481
v -4.9717 2.7384 1.5504
v -4.9729 2.7315 1.5573
v -4.9607 2.7687 1.5304
v -4.9594 2.7742 1.5285
v -4.9604 2.7810 1.5254
v -4.9601 2.7847 1.5241
v -4.9598 2.7885 1.5228
v -4.9594 2.7922 1.5215
v -4.9569 2.8015 1.5197
v -4.9565 2.7629 1.5256
v -4.9585 2.7605 1.5288
v -4.9608 2.7582 1.5323
v -4.9593 2.7650 1.5288
v -4.9615 2.7625 1.5323
v -4.9637 2.7600 1.5358
v -4.9622 2.7670 1.5322
v -4.9645 2.7645 1.5358
v -4.9665 2.7620 1.5390
v -4.9636 2.7683 1.5350
v -4.9602 2.7671 1.5338
v -4.9601 2.7687 1.5302
v -4.9630 2.7690 1.5318
v -4.9617 2.7623 1.5319
v -4.9611 2.7625 1.5296
v -4.9642 2.7619 1.5327
v -4.9637 2.7617 1.5302
v -4.9588 2.7568 1.5309
v -4.9620 2.7565 1.5340
v -4.9614 2.7557 1.5316
v -4.9593 2.7587 1.5335
v -4.9594 2.7547 1.5331
v -4.9614 2.7550 1.5356
v -4.9637 2.7698 1.5353
v -4.9619 2.7707 1.5328
v -4.9576 2.7555 1.5305
v -4.9650 2.7678 1.5375
v -4.9563 2.7575 1.5284
v -4.9656 2.7651 1.5390
v -4.9557 2.7602 1.5270
v -4.9654 2.7620 1.5395
v -4.9566 2.7663 1.5268
v -4.9558 2.7633 1.5264
v -4.9646 2.7590 1.5391
v -4.9581 2.7688 1.5282
v -4.9632 2.7565 1.5377
v -4.9600 2.7703 1.5302
v -4.8801 2.8221 1.4205
v -4.8864 2.8391 1.4239
v -4.8962 2.8524 1.4324
v -4.9079 2.8598 1.4447
v -4.9197 2.8602 1.4589
v -4.9299 2.8536 1.4729
v -4.9369 2.8409 1.4845
v -4.9396 2.8242 1.4920
v -4.9377 2.8059 1.4943
v -4.9314 2.7888 1.4909
v -4.9216 2.7756 1.4824
v -4.9099 2.7682 1.4701
v -4.8981 2.7677 1.4559
v -4.8879 2.7744 1.4419
v -4.8809 2.7870 1.4302
v -4.8781 2.8037 1.4227
v -4.8929 2.8377 1.4186
v -4.8865 2.8207 1.4152
v -4.9026 2.8510 1.4270
v -4.9143 2.8584 1.4393
v -4.9262 2.8588 1.4535
v -4.9364 2.8522 1.4675
v -4.9434 2.8396 1.4792
v -4.9461 2.8228 1.4867
v -4.9441 2.8045 1.4889
v -4.9378 2.7874 1.4855
v -4.9280 2.7742 1.4770
v -4.9164 2.7668 1.4648
v -4.9045 2.7664 1.4505
v -4.8943 2.7730 1.4365
v -4.8873 2.7856 1.4249
v -4.8846 2.8024 1.4174
v -4.8965 2.8337 1.4240
v -4.8912 2.8194 1.4211
v -4.9047 2.8448 1.4311
v -4.9145 2.8510 1.4414
v -4.9244 2.8513 1.4533
v -4.9330 2.8458 1.4650
v -4.9388 2.8352 1.4748
v -4.9411 2.8212 1.4811
v -4.9395 2.8058 1.4829
v -4.9342 2.7915 1.4801
v -4.9260 2.7804 1.4730
v -4.9162 2.7742 1.4627
v -4.9063 2.7739 1.4508
v -4.8977 2.7794 1.4390
v -4.8919 2.7900 1.4293
v -4.8896 2.8040 1.4230
v -4.9069 2.7698 1.4494
v -4.8975 2.7759 1.4365
v -4.9362 2.8487 1.4650
v -4.9426 2.8371 1.4757
v -4.8911 2.7875 1.4258
v -4.9451 2.8217 1.4826
v -4.8886 2.8029 1.4189
v -4.9433 2.8048 1.4847
v -4.8904 2.8197 1.4169
v -4.8962 2.8354 1.4200
v -4.9375 2.7892 1.4816
v -4.9052 2.8476 1.4278
v -4.9285 2.7770 1.4738
v -4.9159 2.8544 1.4391
v -4.9178 2.7702 1.4625
v -4.9268 2.8547 1.4522
v -4.9109 2.8063 1.4541
v -4.9098 2.8015 1.4539
v -4.9093 2.7937 1.4527
v -4.9084 2.7898 1.4525
v -4.9075 2.7859 1.4524
v -4.9066 2.7820 1.4523
v -4.9027 2.7731 1.4534
v -4.9130 2.7735 1.4658
v -4.9145 2.7823 1.4618
v -4.9144 2.7862 1.4607
v -4.9143 2.7900 1.4597
v -4.9143 2.7938 1.4586
v -4.9131 2.8015 1.4579
v -4.9129 2.8069 1.4556
v -4.9154 2.8187 1.4567
v -4.9183 2.8234 1.4588
v -4.9226 2.8294 1.4598
v -4.9244 2.8327 1.4611
v -4.9261 2.8361 1.4624
v -4.9279 2.8394 1.4637
v -4.9304 2.8477 1.4682
v -4.9215 2.8534 1.4560
v -4.9211 2.8438 1.4543
v -4.9202 2.8399 1.4542
v -4.9193 2.8360 1.4541
v -4.9183 2.8322 1.4539
v -4.9154 2.8251 1.4548
v -4.9140 2.8205 1.4548
v -4.9098 2.8078 1.4518
v -4.9069 2.8032 1.4500
v -4.9051 2.7964 1.4468
v -4.9033 2.7931 1.4455
v -4.9015 2.7898 1.4442
v -4.8998 2.7864 1.4429
v -4.8938 2.7789 1.4412
v -4.9175 2.8170 1.4582
v -4.9201 2.8205 1.4618
v -4.9255 2.8241 1.4646
v -4.9279 2.8264 1.4669
v -4.9302 2.8287 1.4692
v -4.9326 2.8309 1.4714
v -4.9365 2.8367 1.4783
v -4.9089 2.8093 1.4495
v -4.9049 2.8060 1.4470
v -4.9022 2.8017 1.4420
v -4.8998 2.7994 1.4397
v -4.8974 2.7972 1.4374
v -4.8951 2.7949 1.4352
v -4.8878 2.7899 1.4311
v -4.9184 2.8144 1.4595
v -4.9205 2.8161 1.4635
v -4.9266 2.8172 1.4677
v -4.9292 2.8180 1.4706
v -4.9318 2.8189 1.4735
v -4.9344 2.8198 1.4765
v -4.9388 2.8222 1.4848
v -4.9083 2.8117 1.4479
v -4.9044 2.8104 1.4454
v -4.9010 2.8087 1.4389
v -4.8984 2.8078 1.4360
v -4.8959 2.8069 1.4331
v -4.8933 2.8061 1.4302
v -4.8854 2.8044 1.4246
v -4.9184 2.8117 1.4595
v -4.9200 2.8111 1.4640
v -4.9258 2.8095 1.4687
v -4.9282 2.8089 1.4718
v -4.9307 2.8082 1.4749
v -4.9331 2.8075 1.4779
v -4.9371 2.8063 1.4867
v -4.9095 2.8169 1.4481
v -4.9067 2.8200 1.4457
v -4.9045 2.8234 1.4394
v -4.9026 2.8255 1.4365
v -4.9007 2.8276 1.4337
v -4.8988 2.8297 1.4309
v -4.8926 2.8351 1.4256
v -4.8871 2.8203 1.4227
v -4.8946 2.8183 1.4287
v -4.8970 2.8176 1.4318
v -4.8994 2.8170 1.4349
v -4.9018 2.8163 1.4379
v -4.9050 2.8154 1.4448
v -4.9089 2.8143 1.4474
v -4.9172 2.8093 1.4593
v -4.9183 2.8065 1.4631
v -4.9232 2.8024 1.4673
v -4.9251 2.8003 1.4701
v -4.9270 2.7982 1.4729
v -4.9288 2.7961 1.4757
v -4.9316 2.7914 1.4838
v -4.9111 2.8188 1.4499
v -4.9090 2.8236 1.4476
v -4.9085 2.8289 1.4429
v -4.9075 2.8321 1.4408
v -4.9064 2.8354 1.4387
v -4.9053 2.8386 1.4366
v -4.9011 2.8466 1.4330
v -4.9153 2.8075 1.4577
v -4.9160 2.8029 1.4612
v -4.9191 2.7969 1.4637
v -4.9202 2.7937 1.4658
v -4.9213 2.7905 1.4679
v -4.9223 2.7873 1.4700
v -4.9231 2.7799 1.4764
v -4.9129 2.8194 1.4522
v -4.9120 2.8251 1.4507
v -4.9134 2.8320 1.4480
v -4.9133 2.8358 1.4469
v -4.9132 2.8397 1.4459
v -4.9131 2.8435 1.4448
v -4.9112 2.8531 1.4437
v -4.9082 2.8143 1.4472
v -4.9101 2.8116 1.4502
v -4.9123 2.8089 1.4535
v -4.9112 2.8160 1.4505
v -4.9133 2.8131 1.4537
v -4.9154 2.8102 1.4570
v -4.9144 2.8176 1.4539
v -4.9166 2.8146 1.4573
v -4.9185 2.8118 1.4603
v -4.9159 2.8185 1.4567
v -4.9124 2.8177 1.4555
v -4.9124 2.8195 1.4521
v -4.9153 2.8195 1.4536
v -4.9135 2.8129 1.4533
v -4.9129 2.8133 1.4510
v -4.9160 2.8123 1.4540
v -4.9155 2.8123 1.4515
v -4.9102 2.8078 1.4521
v -4.9135 2.8070 1.4550
v -4.9127 2.8064 1.4527
v -4.9109 2.8094 1.4548
v -4.9107 2.8054 1.4541
v -4.9128 2.8055 1.4566
v -4.9162 2.8200 1.4571
v -4.9144 2.8212 1.4547
v -4.9089 2.8065 1.4517
v -4.9173 2.8179 1.4591
v -4.9077 2.8087 1.4497
v -4.9178 2.8150 1.4604
v -4.9072 2.8115 1.4484
v -4.9174 2.8119 1.4608
v -4.9086 2.8176 1.4486
v -4.9075 2.8147 1.4481
v -4.9164 2.8090 1.4602
v -4.9103 2.8198 1.4501
v -4.9147 2.8067 1.4587
v -4.9123 2.8211 1.4522
v 0.0013 6.3482 0.9860
v 0.0022 6.3601 0.9758
v 0.0001 6.3377 0.9818
v 0.0026 6.3728 0.9787
v 0.0029 6.3860 0.9876
v 0.0030 6.3991 0.9872
v 0.0027 6.4119 0.9772
v 0.0023 6.4241 0.9724
v 0.0013 6.4348 0.9776
v -0.0015 6.3298 0.9653
v -0.0033 6.3248 0.9496
v -0.0052 6.3225 0.9357
v -0.0073 6.3221 0.9213
v -0.0017 6.4488 0.9550
v -0.0000 6.4432 0.9712
v -0.0035 6.4517 0.9390
v -0.0055 6.4529 0.9247
v -0.0092 6.3226 0.9069
v -0.0075 6.4531 0.9103
v 0.0314 6.3591 0.9752
v 0.0459 6.3580 0.9823
v 0.0452 6.3459 0.9856
v 0.0307 6.3470 0.9841
v 0.0439 6.3353 0.9797
v 0.0295 6.3365 0.9805
v 0.0604 6.3571 0.9846
v 0.0595 6.3450 0.9865
v 0.0582 6.3342 0.9785
v 0.0158 6.3476 0.9852
v 0.0166 6.3596 0.9754
v 0.0146 6.3371 0.9811
v 0.0170 6.3725 0.9783
v 0.0318 6.3721 0.9781
v 0.0172 6.3858 0.9871
v 0.0321 6.3856 0.9864
v 0.0462 6.3717 0.9777
v 0.0608 6.3710 0.9833
v 0.0465 6.3854 0.9855
v 0.0611 6.3852 0.9904
v 0.0319 6.4124 0.9764
v 0.0321 6.3992 0.9859
v 0.0173 6.3992 0.9866
v 0.0172 6.4121 0.9767
v 0.0167 6.4244 0.9718
v 0.0315 6.4247 0.9712
v 0.0157 6.4352 0.9765
v 0.0305 6.4355 0.9752
v 0.0460 6.4257 0.9778
v 0.0464 6.4127 0.9759
v 0.0605 6.4264 0.9792
v 0.0609 6.4133 0.9817
v 0.0450 6.4364 0.9764
v 0.0594 6.4372 0.9776
v 0.0465 6.3993 0.9850
v 0.0612 6.3994 0.9900
v 0.4806 6.3290 0.9085
v 0.4722 6.3114 0.9229
v 0.4026 6.3198 0.9770
v 0.4128 6.3390 0.9635
v 0.3431 6.3249 1.0000
v 0.3552 6.3453 0.9943
v 0.4657 6.2951 0.9379
v 0.3931 6.3019 0.9928
v 0.3255 6.3053 1.0136
v 0.4226 6.3602 0.9524
v 0.4886 6.3483 0.8955
v 0.4286 6.3836 0.9410
v 0.4932 6.3692 0.8841
v 0.3673 6.3682 0.9931
v 0.3765 6.3938 0.9875
v 0.4896 6.4127 0.8675
v 0.4933 6.3910 0.8747
v 0.4283 6.4085 0.9306
v 0.4222 6.4334 0.9223
v 0.3771 6.4213 0.9765
v 0.3692 6.4485 0.9660
v 0.4134 6.4572 0.9175
v 0.4843 6.4335 0.8623
v 0.4051 6.4791 0.9157
v 0.4800 6.4531 0.8587
v 0.3573 6.4726 0.9620
v 0.3389 6.4939 0.9666
v 0.0690 6.3367 0.9178
v 0.0690 6.3370 0.9119
v 0.0621 6.3428 0.9063
v 0.0620 6.3423 0.9117
v 0.0596 6.3497 0.9047
v 0.0597 6.3491 0.9097
v 0.0710 6.3381 0.9063
v 0.0645 6.3440 0.9013
v 0.0617 6.3505 0.9004
v 0.0628 6.3421 0.9175
v 0.0698 6.3367 0.9237
v 0.0639 6.3422 0.9237
v 0.0708 6.3369 0.9298
v 0.0605 6.3486 0.9153
v 0.0616 6.3486 0.9214
v 0.0780 6.3295 0.9310
v 0.0772 6.3292 0.9245
v 0.0880 6.3192 0.9391
v 0.0871 6.3187 0.9320
v 0.0789 6.3301 0.9374
v 0.0890 6.3204 0.9462
v 0.0770 6.3294 0.9180
v 0.0787 6.3306 0.9121
v 0.0868 6.3189 0.9250
v 0.0884 6.3203 0.9188
v 0.0706 6.4351 0.9283
v 0.0789 6.4414 0.9356
v 0.0796 6.4406 0.9409
v 0.0713 6.4338 0.9338
v 0.0805 6.4393 0.9464
v 0.0722 6.4321 0.9398
v 0.0890 6.4504 0.9445
v 0.0899 6.4501 0.9495
v 0.0907 6.4493 0.9546
v 0.0642 6.4292 0.9278
v 0.0635 6.4305 0.9221
v 0.0616 6.4229 0.9245
v 0.0609 6.4241 0.9189
v 0.0652 6.4274 0.9339
v 0.0628 6.4212 0.9304
v 0.0638 6.4315 0.9168
v 0.0707 6.4360 0.9231
v 0.0661 6.4315 0.9119
v 0.0727 6.4360 0.9180
v 0.0610 6.4249 0.9139
v 0.0632 6.4252 0.9095
v 0.0788 6.4420 0.9304
v 0.0888 6.4505 0.9393
v 0.0807 6.4418 0.9253
v 0.0905 6.4498 0.9341
v 0.0727 6.3386 0.9422
v 0.0718 6.3376 0.9361
v 0.0651 6.3426 0.9304
v 0.0663 6.3432 0.9368
v 0.0629 6.3489 0.9278
v 0.0641 6.3493 0.9339
v 0.0672 6.3443 0.9426
v 0.0735 6.3401 0.9478
v 0.0679 6.3461 0.9475
v 0.0741 6.3424 0.9526
v 0.0652 6.3501 0.9393
v 0.0661 6.3513 0.9435
v 0.0812 6.3348 0.9547
v 0.0805 6.3327 0.9494
v 0.0907 6.3277 0.9634
v 0.0903 6.3247 0.9585
v 0.0816 6.3377 0.9592
v 0.0908 6.3316 0.9673
v 0.0798 6.3311 0.9436
v 0.0897 6.3223 0.9528
v 0.0741 6.4276 0.9516
v 0.0819 6.4350 0.9575
v 0.0825 6.4317 0.9624
v 0.0748 6.4246 0.9568
v 0.0829 6.4273 0.9664
v 0.0754 6.4207 0.9610
v 0.0918 6.4454 0.9644
v 0.0921 6.4418 0.9688
v 0.0922 6.4369 0.9724
v 0.0684 6.4200 0.9518
v 0.0675 6.4229 0.9464
v 0.0662 6.4146 0.9473
v 0.0652 6.4170 0.9423
v 0.0691 6.4166 0.9561
v 0.0670 6.4120 0.9511
v 0.0664 6.4253 0.9402
v 0.0732 6.4301 0.9458
v 0.0640 6.4192 0.9365
v 0.0813 6.4375 0.9521
v 0.0914 6.4479 0.9596
v 0.1228 6.2901 0.9553
v 0.1216 6.2903 0.9470
v 0.1007 6.3053 0.9344
v 0.1014 6.3050 0.9418
v 0.1222 6.2924 0.9395
v 0.1020 6.3071 0.9277
v 0.1025 6.3058 0.9495
v 0.1243 6.2914 0.9638
v 0.1035 6.3076 0.9570
v 0.1254 6.2939 0.9717
v 0.1550 6.2790 0.9829
v 0.1532 6.2770 0.9733
v 0.1921 6.2703 1.0056
v 0.1900 6.2673 0.9950
v 0.1562 6.2823 0.9913
v 0.1932 6.2746 1.0145
v 0.1513 6.2767 0.9636
v 0.1508 6.2787 0.9549
v 0.1876 6.2660 0.9839
v 0.1861 6.2676 0.9738
v 0.1239 6.4754 0.9675
v 0.1526 6.4882 0.9791
v 0.1543 6.4890 0.9841
v 0.1252 6.4758 0.9724
v 0.1553 6.4885 0.9888
v 0.1263 6.4753 0.9770
v 0.1881 6.4994 0.9887
v 0.1901 6.5003 0.9939
v 0.1910 6.4998 0.9991
v 0.1042 6.4622 0.9604
v 0.1032 6.4621 0.9555
v 0.1052 6.4616 0.9652
v 0.1026 6.4615 0.9503
v 0.1228 6.4742 0.9623
v 0.1039 6.4601 0.9450
v 0.1235 6.4719 0.9568
v 0.1509 6.4866 0.9738
v 0.1860 6.4974 0.9833
v 0.1507 6.4835 0.9681
v 0.1848 6.4939 0.9775
v 0.1253 6.3020 0.9834
v 0.1258 6.2975 0.9784
v 0.1041 6.3104 0.9638
v 0.1044 6.3139 0.9695
v 0.1041 6.3182 0.9739
v 0.1240 6.3073 0.9867
v 0.1034 6.3235 0.9770
v 0.1218 6.3136 0.9885
v 0.1514 6.2980 1.0034
v 0.1544 6.2921 1.0018
v 0.1851 6.2923 1.0228
v 0.1897 6.2860 1.0232
v 0.1470 6.3049 1.0033
v 0.1787 6.2993 1.0209
v 0.1560 6.2867 0.9978
v 0.1925 6.2800 1.0206
v 0.1264 6.4704 0.9846
v 0.1540 6.4828 0.9959
v 0.1515 6.4777 0.9977
v 0.1251 6.4660 0.9870
v 0.1477 6.4708 0.9986
v 0.1232 6.4600 0.9886
v 0.1879 6.4933 1.0064
v 0.1841 6.4872 1.0075
v 0.1786 6.4796 1.0073
v 0.1057 6.4537 0.9770
v 0.1060 6.4575 0.9737
v 0.1051 6.4484 0.9797
v 0.1058 6.4601 0.9696
v 0.1268 6.4735 0.9812
v 0.1553 6.4865 0.9930
v 0.1902 6.4975 1.0035
v 0.2628 6.2502 1.0309
v 0.2607 6.2463 1.0189
v 0.2257 6.2572 1.0031
v 0.2281 6.2595 1.0148
v 0.2592 6.2458 1.0065
v 0.2239 6.2579 0.9920
v 0.2302 6.2637 1.0255
v 0.2644 6.2561 1.0399
v 0.2310 6.2694 1.0338
v 0.2650 6.2636 1.0452
v 0.2936 6.2464 1.0475
v 0.2925 6.2383 1.0398
v 0.3302 6.2365 1.0496
v 0.3294 6.2265 1.0393
v 0.2940 6.2560 1.0505
v 0.3302 6.2475 1.0538
v 0.2908 6.2323 1.0278
v 0.2894 6.2302 1.0144
v 0.3277 6.2186 1.0248
v 0.3260 6.2156 1.0097
v 0.2661 6.5239 0.9884
v 0.3006 6.5402 0.9730
v 0.3026 6.5391 0.9792
v 0.2680 6.5240 0.9942
v 0.3037 6.5355 0.9846
v 0.2689 6.5221 0.9991
v 0.3437 6.5528 0.9357
v 0.3449 6.5503 0.9437
v 0.3452 6.5454 0.9525
v 0.2298 6.5110 0.9986
v 0.2277 6.5101 0.9930
v 0.2306 6.5102 1.0041
v 0.2253 6.5081 0.9873
v 0.2638 6.5223 0.9824
v 0.2238 6.5045 0.9814
v 0.2624 6.5189 0.9761
v 0.2984 6.5395 0.9665
v 0.3418 6.5532 0.9282
v 0.2968 6.5367 0.9599
v 0.3398 6.5509 0.9210
v 0.2618 6.2805 1.0427
v 0.2642 6.2719 1.0462
v 0.2300 6.2761 1.0386
v 0.2271 6.2831 1.0390
v 0.2222 6.2900 1.0360
v 0.2578 6.2889 1.0355
v 0.2149 6.2975 1.0330
v 0.2514 6.2976 1.0292
v 0.2899 6.2876 1.0319
v 0.2922 6.2768 1.0422
v 0.3276 6.2874 1.0284
v 0.3284 6.2726 1.0421
v 0.2854 6.2989 1.0220
v 0.2935 6.2662 1.0488
v 0.3294 6.2594 1.0512
v 0.2660 6.5109 1.0018
v 0.3026 6.5205 0.9886
v 0.3001 6.5099 0.9858
v 0.2618 6.5024 0.9987
v 0.2946 6.4977 0.9815
v 0.2550 6.4925 0.9945
v 0.3431 6.5262 0.9663
v 0.3418 6.5120 0.9673
v 0.2219 6.4948 1.0092
v 0.2266 6.5019 1.0102
v 0.2150 6.4863 1.0070
v 0.2295 6.5072 1.0084
v 0.2684 6.5177 1.0019
v 0.3038 6.5292 0.9880
v 0.3444 6.5374 0.9608
v 0.4635 6.2274 0.9596
v 0.4619 6.2229 0.9510
v 0.3896 6.2158 0.9970
v 0.3912 6.2231 1.0109
v 0.4587 6.2218 0.9426
v 0.3873 6.2133 0.9829
v 0.3917 6.2327 1.0217
v 0.4639 6.2341 0.9665
v 0.3912 6.2436 1.0272
v 0.4635 6.2428 0.9699
v 0.4904 6.5140 0.8123
v 0.4895 6.5108 0.8224
v 0.4873 6.5054 0.8329
v 0.4133 6.5395 0.8798
v 0.4137 6.5428 0.8699
v 0.4114 6.5341 0.8908
v 0.4124 6.5441 0.8611
v 0.4899 6.5152 0.8033
v 0.4099 6.5424 0.8535
v 0.4870 6.5143 0.7967
v 0.4621 6.2657 0.9624
v 0.4626 6.2533 0.9687
v 0.3901 6.2557 1.0265
v 0.3893 6.2694 1.0198
v 0.3899 6.2849 1.0079
v 0.4627 6.2799 0.9516
v 0.4810 6.4853 0.8498
v 0.4792 6.4705 0.8548
v 0.4038 6.4982 0.9132
v 0.4053 6.5138 0.9088
v 0.4083 6.5258 0.9011
v 0.4841 6.4970 0.8425
v 0.0749 6.3500 0.9591
v 0.0745 6.3458 0.9563
v 0.0684 6.3490 0.9514
v 0.0689 6.3526 0.9545
v 0.0667 6.3534 0.9469
v 0.0670 6.3563 0.9499
v 0.0693 6.3565 0.9572
v 0.0753 6.3545 0.9613
v 0.0698 6.3606 0.9594
v 0.0757 6.3592 0.9627
v 0.0673 6.3596 0.9526
v 0.0675 6.3631 0.9549
v 0.0825 6.3519 0.9664
v 0.0822 6.3467 0.9648
v 0.0907 6.3485 0.9725
v 0.0906 6.3425 0.9716
v 0.0828 6.3573 0.9669
v 0.0909 6.3548 0.9723
v 0.0819 6.3418 0.9624
v 0.0907 6.3367 0.9699
v 0.0761 6.4109 0.9659
v 0.0834 6.4159 0.9709
v 0.0838 6.4098 0.9718
v 0.0765 6.4056 0.9671
v 0.0840 6.4036 0.9714
v 0.0769 6.4003 0.9673
v 0.0920 6.4236 0.9764
v 0.0921 6.4164 0.9770
v 0.0922 6.4090 0.9761
v 0.0704 6.4033 0.9630
v 0.0699 6.4080 0.9614
v 0.0683 6.4011 0.9577
v 0.0679 6.4051 0.9560
v 0.0709 6.3986 0.9640
v 0.0685 6.3969 0.9590
v 0.0695 6.4125 0.9592
v 0.0757 6.4160 0.9639
v 0.0676 6.4088 0.9539
v 0.0832 6.4219 0.9692
v 0.0921 6.4306 0.9749
v 0.0761 6.3693 0.9626
v 0.0759 6.3642 0.9630
v 0.0702 6.3651 0.9609
v 0.0706 6.3697 0.9618
v 0.0675 6.3669 0.9569
v 0.0674 6.3709 0.9585
v 0.0709 6.3744 0.9624
v 0.0763 6.3745 0.9623
v 0.0712 6.3792 0.9630
v 0.0766 6.3797 0.9625
v 0.0672 6.3751 0.9598
v 0.0673 6.3794 0.9606
v 0.0828 6.3746 0.9630
v 0.0827 6.3688 0.9643
v 0.0905 6.3747 0.9652
v 0.0905 6.3679 0.9674
v 0.0830 6.3804 0.9628
v 0.0907 6.3814 0.9646
v 0.0828 6.3630 0.9660
v 0.0908 6.3613 0.9703
v 0.0771 6.3899 0.9649
v 0.0837 6.3917 0.9666
v 0.0834 6.3860 0.9641
v 0.0769 6.3848 0.9634
v 0.0916 6.3947 0.9696
v 0.0912 6.3880 0.9662
v 0.0715 6.3841 0.9635
v 0.0714 6.3889 0.9640
v 0.0678 6.3838 0.9608
v 0.0681 6.3881 0.9606
v 0.0712 6.3937 0.9643
v 0.0770 6.3950 0.9665
v 0.0684 6.3926 0.9599
v 0.0840 6.3975 0.9694
v 0.0920 6.4017 0.9734
v 0.1166 6.3297 0.9887
v 0.1190 6.3213 0.9890
v 0.1024 6.3298 0.9788
v 0.1016 6.3368 0.9796
v 0.1010 6.3441 0.9798
v 0.1148 6.3384 0.9880
v 0.1008 6.3515 0.9787
v 0.1135 6.3474 0.9860
v 0.1329 6.3325 0.9975
v 0.1368 6.3227 0.9997
v 0.1558 6.3279 1.0099
v 0.1626 6.3177 1.0141
v 0.1300 6.3426 0.9943
v 0.1505 6.3387 1.0049
v 0.1417 6.3133 1.0018
v 0.1706 6.3080 1.0180
v 0.1186 6.4431 0.9898
v 0.1387 6.4520 0.9984
v 0.1350 6.4415 0.9972
v 0.1167 6.4337 0.9894
v 0.1320 6.4307 0.9945
v 0.1153 6.4239 0.9874
v 0.1641 6.4594 1.0075
v 0.1577 6.4483 1.0062
v 0.1525 6.4366 1.0029
v 0.1027 6.4249 0.9827
v 0.1033 6.4333 0.9825
v 0.1023 6.4163 0.9814
v 0.1042 6.4414 0.9815
v 0.1209 6.4521 0.9896
v 0.1432 6.4619 0.9988
v 0.1714 6.4700 1.0076
v 0.1119 6.3656 0.9771
v 0.1125 6.3564 0.9819
v 0.1004 6.3591 0.9756
v 0.1000 6.3669 0.9718
v 0.1000 6.3748 0.9687
v 0.1118 6.3749 0.9734
v 0.1003 6.3828 0.9677
v 0.1124 6.3844 0.9720
v 0.1268 6.3747 0.9793
v 0.1268 6.3638 0.9835
v 0.1459 6.3741 0.9884
v 0.1455 6.3619 0.9923
v 0.1276 6.3858 0.9778
v 0.1471 6.3866 0.9870
v 0.1280 6.3531 0.9891
v 0.1471 6.3501 0.9984
v 0.1130 6.4038 0.9781
v 0.1280 6.4082 0.9838
v 0.1276 6.3969 0.9795
v 0.1126 6.3940 0.9739
v 0.1467 6.4118 0.9918
v 0.1467 6.3992 0.9881
v 0.1007 6.3907 0.9696
v 0.1012 6.3989 0.9735
v 0.1018 6.4075 0.9780
v 0.1140 6.4139 0.9832
v 0.1296 6.4195 0.9894
v 0.1487 6.4243 0.9974
v 0.1938 6.3601 1.0172
v 0.1682 6.3606 1.0047
v 0.1694 6.3739 1.0017
v 0.1962 6.3743 1.0144
v 0.1714 6.3877 1.0005
v 0.1991 6.3891 1.0126
v 0.2255 6.3749 1.0202
v 0.2219 6.3598 1.0228
v 0.2557 6.3753 1.0151
v 0.2504 6.3589 1.0158
v 0.2294 6.3908 1.0170
v 0.2610 6.3927 1.0128
v 0.2240 6.3458 1.0260
v 0.1962 6.3467 1.0228
v 0.2320 6.3341 1.0276
v 0.2036 6.3347 1.0289
v 0.2501 6.3444 1.0184
v 0.2519 6.3344 1.0210
v 0.1701 6.3480 1.0108
v 0.1752 6.3361 1.0183
v 0.1951 6.4185 1.0103
v 0.1971 6.4331 1.0118
v 0.2249 6.4379 1.0048
v 0.2236 6.4223 1.0062
v 0.2528 6.4435 0.9915
v 0.2543 6.4273 0.9937
v 0.2045 6.4469 1.0117
v 0.2329 6.4518 1.0015
v 0.2539 6.4547 0.9916
v 0.2269 6.4067 1.0105
v 0.1971 6.4039 1.0105
v 0.2587 6.4102 1.0025
v 0.1703 6.4015 1.0005
v 0.1694 6.4152 1.0025
v 0.1715 6.4288 1.0068
v 0.1769 6.4419 1.0112
v 0.2282 6.3155 1.0295
v 0.2408 6.3065 1.0279
v 0.2048 6.3061 1.0310
v 0.1939 6.3155 1.0281
v 0.1836 6.3254 1.0241
v 0.2152 6.3247 1.0309
v 0.2459 6.3253 1.0245
v 0.2606 6.3171 1.0206
v 0.2670 6.3292 1.0164
v 0.2835 6.3230 1.0136
v 0.2739 6.3086 1.0191
v 0.3000 6.3158 1.0127
v 0.2299 6.4704 1.0006
v 0.2649 6.4746 0.9858
v 0.2481 6.4634 0.9939
v 0.2163 6.4591 1.0074
v 0.2912 6.4731 0.9777
v 0.2713 6.4630 0.9846
v 0.1849 6.4540 1.0128
v 0.1947 6.4654 1.0113
v 0.2054 6.4762 1.0082
v 0.2435 6.4816 0.9948
v 0.2809 6.4859 0.9807
v 0.3114 6.4836 0.9738
v 0.3001 6.3531 1.0026
v 0.3228 6.3494 1.0008
v 0.3133 6.3306 1.0042
v 0.2935 6.3359 1.0063
v 0.2732 6.3407 1.0102
v 0.2771 6.3566 1.0070
v 0.2842 6.3747 1.0089
v 0.3089 6.3732 1.0063
v 0.2911 6.3944 1.0084
v 0.3176 6.3956 1.0071
v 0.3340 6.3714 1.0046
v 0.3441 6.3962 1.0043
v 0.3122 6.4417 0.9786
v 0.3180 6.4191 0.9935
v 0.2900 6.4146 0.9957
v 0.2848 6.4341 0.9836
v 0.2795 6.4516 0.9811
v 0.3039 6.4608 0.9743
v 0.3274 6.4694 0.9712
v 0.3382 6.4482 0.9766
v 0.3453 6.4227 0.9914
v 0.0837 6.3577 0.9826
v 0.0729 6.3571 0.9849
v 0.0736 6.3707 0.9879
v 0.0847 6.3710 0.9859
v 0.0741 6.3850 0.9943
v 0.0852 6.3848 0.9911
v 0.0945 6.3716 0.9839
v 0.0932 6.3591 0.9804
v 0.0951 6.3846 0.9875
v 0.0914 6.3478 0.9778
v 0.0823 6.3457 0.9813
v 0.0891 6.3384 0.9707
v 0.0804 6.3355 0.9740
v 0.0718 6.3449 0.9842
v 0.0702 6.3342 0.9765
v 0.0846 6.4123 0.9844
v 0.0835 6.4248 0.9778
v 0.0927 6.4222 0.9756
v 0.0942 6.4106 0.9820
v 0.0818 6.4354 0.9729
v 0.0905 6.4322 0.9695
v 0.0950 6.3978 0.9871
v 0.0851 6.3988 0.9906
v 0.0741 6.3993 0.9939
v 0.0737 6.4133 0.9864
v 0.0729 6.4261 0.9799
v 0.0715 6.4369 0.9756
v 0.0256 6.3235 0.9481
v 0.0278 6.3284 0.9640
v 0.0422 6.3273 0.9636
v 0.0399 6.3225 0.9476
v 0.0563 6.3261 0.9630
v 0.0537 6.3214 0.9469
v 0.0373 6.3205 0.9339
v 0.0231 6.3215 0.9343
v 0.0344 6.3205 0.9198
v 0.0205 6.3211 0.9200
v 0.0508 6.3198 0.9335
v 0.0476 6.3201 0.9198
v 0.0088 6.3220 0.9350
v 0.0110 6.3241 0.9489
v 0.0065 6.3216 0.9207
v 0.0129 6.3291 0.9647
v 0.0271 6.4496 0.9530
v 0.0125 6.4493 0.9541
v 0.0104 6.4521 0.9381
v 0.0247 6.4525 0.9370
v 0.0081 6.4532 0.9238
v 0.0221 6.4535 0.9229
v 0.0388 6.4532 0.9363
v 0.0413 6.4505 0.9523
v 0.0523 6.4539 0.9357
v 0.0552 6.4513 0.9515
v 0.0359 6.4541 0.9223
v 0.0492 6.4545 0.9220
v 0.0434 6.4450 0.9683
v 0.0290 6.4440 0.9693
v 0.0576 6.4459 0.9672
v 0.0143 6.4436 0.9703
v 0.0748 6.3241 0.9439
v 0.0713 6.3232 0.9317
v 0.0620 6.3206 0.9328
v 0.0653 6.3219 0.9456
v 0.0676 6.3242 0.9191
v 0.0585 6.3212 0.9196
v 0.0680 6.3263 0.9618
v 0.0778 6.3282 0.9600
v 0.0862 6.3319 0.9576
v 0.0828 6.3285 0.9417
v 0.0791 6.3280 0.9300
v 0.0752 6.3294 0.9182
v 0.0764 6.4483 0.9486
v 0.0845 6.4438 0.9463
v 0.0877 6.4396 0.9602
v 0.0794 6.4435 0.9631
v 0.0694 6.4454 0.9655
v 0.0668 6.4507 0.9503
v 0.0636 6.4529 0.9348
v 0.0730 6.4502 0.9335
v 0.0601 6.4533 0.9215
v 0.0693 6.4502 0.9209
v 0.0808 6.4452 0.9316
v 0.0769 6.4449 0.9197
v 0.0314 6.3216 0.9058
v 0.0179 6.3220 0.9058
v 0.0442 6.3215 0.9062
v 0.0042 6.3223 0.9063
v 0.0058 6.4533 0.9095
v 0.0195 6.4534 0.9086
v 0.0330 6.4538 0.9083
v 0.0458 6.4539 0.9083
v 0.0636 6.3262 0.9067
v 0.0548 6.3230 0.9065
v 0.0710 6.3316 0.9065
v 0.0565 6.4524 0.9084
v 0.0654 6.4492 0.9083
v 0.0729 6.4437 0.9078
v 0.0759 6.3428 0.9042
v 0.0693 6.3484 0.8995
v 0.0655 6.3522 0.8984
v 0.0838 6.3351 0.9099
v 0.0935 6.3250 0.9166
v 0.0710 6.4274 0.9091
v 0.0777 6.4315 0.9150
v 0.0671 6.4240 0.9070
v 0.0856 6.4373 0.9224
v 0.0954 6.4451 0.9313
v 0.1261 6.2981 0.9364
v 0.1068 6.3123 0.9252
v 0.1533 6.2848 0.9511
v 0.1871 6.2737 0.9690
v 0.1085 6.4549 0.9420
v 0.1275 6.4661 0.9537
v 0.1537 6.4772 0.9651
v 0.1870 6.4872 0.9748
v 0.2607 6.2509 1.0002
v 0.2248 6.2636 0.9866
v 0.2911 6.2348 1.0068
v 0.3273 6.2201 1.0008
v 0.2259 6.4978 0.9787
v 0.2649 6.5124 0.9730
v 0.2992 6.5304 0.9564
v 0.3411 6.5444 0.9177
v 0.4493 6.2236 0.9410
v 0.3865 6.2177 0.9746
v 0.4088 6.5366 0.8516
v 0.4770 6.5137 0.7996
v -0.0265 6.3591 0.9820
v -0.0414 6.3562 0.9924
v -0.0427 6.3439 0.9957
v -0.0274 6.3469 0.9909
v -0.0442 6.3328 0.9898
v -0.0287 6.3362 0.9873
v -0.0616 6.3547 0.9970
v -0.0627 6.3421 0.9990
v -0.0638 6.3309 0.9911
v -0.0129 6.3486 0.9885
v -0.0120 6.3603 0.9788
v -0.0141 6.3384 0.9845
v -0.0114 6.3729 0.9815
v -0.0259 6.3723 0.9848
v -0.0111 6.3860 0.9904
v -0.0257 6.3860 0.9932
v -0.0401 6.3713 0.9877
v -0.0601 6.3702 0.9960
v -0.0400 6.3860 0.9955
v -0.0603 6.3860 1.0031
v -0.0259 6.4129 0.9831
v -0.0256 6.3996 0.9927
v -0.0111 6.3990 0.9899
v -0.0114 6.4117 0.9800
v -0.0119 6.4237 0.9751
v -0.0265 6.4255 0.9779
v -0.0129 6.4343 0.9798
v -0.0275 6.4364 0.9820
v -0.0415 6.4296 0.9879
v -0.0401 6.4149 0.9859
v -0.0618 6.4317 0.9919
v -0.0601 6.4171 0.9945
v -0.0427 6.4402 0.9864
v -0.0630 6.4428 0.9902
v -0.0399 6.4006 0.9950
v -0.0602 6.4017 1.0026
v -0.5015 6.3240 0.9750
v -0.4925 6.3070 0.9898
v -0.4199 6.3199 1.0558
v -0.4318 6.3392 1.0428
v -0.3521 6.3254 1.0860
v -0.3670 6.3463 1.0805
v -0.4847 6.2912 1.0053
v -0.4082 6.3018 1.0711
v -0.3291 6.3052 1.0982
v -0.4422 6.3605 1.0306
v -0.5094 6.3428 0.9612
v -0.4482 6.3840 1.0188
v -0.5138 6.3633 0.9489
v -0.3801 6.3697 1.0758
v -0.3890 6.3954 1.0677
v -0.5099 6.4061 0.9295
v -0.5137 6.3847 0.9383
v -0.4477 6.4088 1.0079
v -0.4414 6.4337 0.9982
v -0.3883 6.4229 1.0559
v -0.3794 6.4499 1.0445
v -0.4324 6.4574 0.9921
v -0.5044 6.4267 0.9228
v -0.4237 6.4792 0.9891
v -0.4999 6.4461 0.9177
v -0.3658 6.4737 1.0396
v -0.3439 6.4946 1.0428
v -0.0815 6.3324 0.9159
v -0.0827 6.3321 0.9093
v -0.0772 6.3372 0.9002
v -0.0758 6.3370 0.9056
v -0.0751 6.3437 0.8967
v -0.0739 6.3434 0.9017
v -0.0859 6.3326 0.9029
v -0.0807 6.3379 0.8954
v -0.0782 6.3443 0.8929
v -0.0752 6.3372 0.9114
v -0.0810 6.3329 0.9222
v -0.0749 6.3377 0.9178
v -0.0806 6.3335 0.9285
v -0.0734 6.3434 0.9074
v -0.0731 6.3438 0.9137
v -0.0877 6.3272 0.9355
v -0.0881 6.3261 0.9272
v -0.0959 6.3184 0.9490
v -0.0964 6.3165 0.9386
v -0.0873 6.3284 0.9428
v -0.0955 6.3207 0.9587
v -0.0892 6.3253 0.9186
v -0.0921 6.3255 0.9109
v -0.0973 6.3154 0.9285
v -0.1001 6.3157 0.9203
v -0.0818 6.4313 0.9209
v -0.0884 6.4389 0.9323
v -0.0879 6.4389 0.9404
v -0.0813 6.4306 0.9273
v -0.0875 6.4382 0.9478
v -0.0809 6.4293 0.9337
v -0.0967 6.4488 0.9437
v -0.0963 6.4498 0.9531
v -0.0959 6.4502 0.9622
v -0.0755 6.4249 0.9164
v -0.0761 6.4258 0.9106
v -0.0736 6.4182 0.9117
v -0.0741 6.4190 0.9061
v -0.0751 6.4235 0.9227
v -0.0733 6.4169 0.9179
v -0.0776 6.4264 0.9052
v -0.0830 6.4317 0.9145
v -0.0811 6.4260 0.9004
v -0.0862 6.4310 0.9084
v -0.0754 6.4194 0.9011
v -0.0786 6.4194 0.8972
v -0.0895 6.4385 0.9243
v -0.0977 6.4477 0.9350
v -0.0925 6.4373 0.9173
v -0.1005 6.4460 0.9276
v -0.0800 6.3359 0.9412
v -0.0803 6.3345 0.9349
v -0.0747 6.3385 0.9246
v -0.0745 6.3396 0.9312
v -0.0730 6.3445 0.9202
v -0.0729 6.3453 0.9264
v -0.0742 6.3411 0.9371
v -0.0796 6.3378 0.9470
v -0.0739 6.3432 0.9420
v -0.0792 6.3405 0.9519
v -0.0728 6.3464 0.9319
v -0.0729 6.3479 0.9362
v -0.0860 6.3342 0.9615
v -0.0865 6.3317 0.9558
v -0.0938 6.3291 0.9791
v -0.0944 6.3259 0.9738
v -0.0855 6.3376 0.9660
v -0.0932 6.3331 0.9830
v -0.0869 6.3298 0.9496
v -0.0950 6.3232 0.9670
v -0.0802 6.4256 0.9464
v -0.0867 6.4348 0.9612
v -0.0862 6.4318 0.9666
v -0.0799 6.4229 0.9521
v -0.0859 6.4278 0.9707
v -0.0795 6.4194 0.9565
v -0.0948 6.4473 0.9780
v -0.0942 6.4438 0.9834
v -0.0936 6.4391 0.9870
v -0.0745 6.4173 0.9417
v -0.0747 6.4198 0.9359
v -0.0731 6.4114 0.9357
v -0.0731 6.4134 0.9304
v -0.0742 6.4142 0.9463
v -0.0730 6.4090 0.9399
v -0.0749 6.4218 0.9294
v -0.0805 6.4277 0.9402
v -0.0732 6.4152 0.9243
v -0.0871 6.4369 0.9548
v -0.0954 6.4495 0.9708
v -0.1267 6.2893 0.9723
v -0.1270 6.2879 0.9599
v -0.1091 6.3024 0.9417
v -0.1084 6.3036 0.9527
v -0.1291 6.2887 0.9499
v -0.1116 6.3031 0.9329
v -0.1080 6.3059 0.9644
v -0.1266 6.2921 0.9852
v -0.1076 6.3091 0.9755
v -0.1262 6.2959 0.9967
v -0.1526 6.2803 1.0136
v -0.1524 6.2768 0.9994
v -0.1842 6.2722 1.0491
v -0.1838 6.2681 1.0338
v -0.1521 6.2842 1.0252
v -0.1836 6.2762 1.0604
v -0.1524 6.2745 0.9849
v -0.1536 6.2751 0.9726
v -0.1833 6.2647 1.0168
v -0.1838 6.2644 1.0018
v -0.1280 6.4755 0.9741
v -0.1551 6.4888 0.9925
v -0.1553 6.4912 1.0036
v -0.1279 6.4775 0.9843
v -0.1549 6.4916 1.0143
v -0.1276 6.4781 0.9944
v -0.1889 6.5002 1.0113
v -0.1891 6.5027 1.0233
v -0.1884 6.5028 1.0351
v -0.1086 6.4629 0.9672
v -0.1089 6.4614 0.9575
v -0.1083 6.4636 0.9770
v -0.1097 6.4595 0.9484
v -0.1283 6.4729 0.9644
v -0.1123 6.4571 0.9406
v -0.1304 6.4695 0.9559
v -0.1550 6.4856 0.9820
v -0.1884 6.4965 1.0000
v -0.1563 6.4814 0.9729
v -0.1887 6.4917 0.9903
v -0.1240 6.3041 1.0116
v -0.1254 6.2999 1.0056
v -0.1071 6.3126 0.9848
v -0.1062 6.3162 0.9918
v -0.1052 6.3203 0.9969
v -0.1221 6.3089 1.0152
v -0.1040 6.3253 1.0002
v -0.1199 6.3149 1.0170
v -0.1455 6.2985 1.0386
v -0.1487 6.2931 1.0373
v -0.1744 6.2916 1.0684
v -0.1787 6.2857 1.0695
v -0.1417 6.3052 1.0377
v -0.1688 6.2986 1.0646
v -0.1509 6.2884 1.0331
v -0.1819 6.2806 1.0671
v -0.1253 6.4733 1.0102
v -0.1510 6.4852 1.0292
v -0.1478 6.4794 1.0324
v -0.1234 6.4683 1.0147
v -0.1439 6.4722 1.0333
v -0.1212 6.4618 1.0172
v -0.1826 6.4949 1.0501
v -0.1780 6.4884 1.0520
v -0.1724 6.4806 1.0517
v -0.1059 6.4561 0.9991
v -0.1069 6.4603 0.9936
v -0.1048 6.4506 1.0026
v -0.1077 6.4629 0.9861
v -0.1268 6.4767 1.0034
v -0.1534 6.4895 1.0232
v -0.1861 6.5000 1.0445
v -0.2558 6.2533 1.1005
v -0.2552 6.2470 1.0814
v -0.2184 6.2569 1.0513
v -0.2191 6.2615 1.0699
v -0.2552 6.2439 1.0626
v -0.2183 6.2553 1.0341
v -0.2195 6.2664 1.0855
v -0.2558 6.2595 1.1152
v -0.2188 6.2709 1.0962
v -0.2549 6.2654 1.1238
v -0.2905 6.2501 1.1288
v -0.2907 6.2421 1.1165
v -0.3347 6.2397 1.1299
v -0.3348 6.2305 1.1164
v -0.2897 6.2579 1.1343
v -0.3340 6.2490 1.1358
v -0.2903 6.2339 1.0979
v -0.2904 6.2291 1.0782
v -0.3344 6.2207 1.0963
v -0.3341 6.2149 1.0756
v -0.2692 6.5236 1.0280
v -0.3095 6.5402 1.0224
v -0.3096 6.5405 1.0373
v -0.2693 6.5255 1.0425
v -0.3086 6.5370 1.0491
v -0.2681 6.5240 1.0560
v -0.3592 6.5537 0.9961
v -0.3588 6.5525 1.0134
v -0.3575 6.5474 1.0273
v -0.2278 6.5130 1.0380
v -0.2276 6.5105 1.0248
v -0.2268 6.5127 1.0513
v -0.2269 6.5067 1.0131
v -0.2685 6.5201 1.0150
v -0.2268 6.5019 1.0036
v -0.2684 6.5156 1.0054
v -0.3088 6.5372 1.0075
v -0.3588 6.5510 0.9780
v -0.3086 6.5326 0.9962
v -0.3583 6.5458 0.9633
v -0.2496 6.2793 1.1232
v -0.2529 6.2719 1.1264
v -0.2166 6.2760 1.1017
v -0.2129 6.2819 1.1022
v -0.2078 6.2885 1.0986
v -0.2449 6.2873 1.1151
v -0.2009 6.2960 1.0921
v -0.2377 6.2960 1.1057
v -0.2837 6.2866 1.1167
v -0.2864 6.2760 1.1274
v -0.3314 6.2873 1.1128
v -0.3318 6.2726 1.1261
v -0.2781 6.2978 1.1052
v -0.2883 6.2665 1.1336
v -0.3328 6.2599 1.1343
v -0.2605 6.5114 1.0688
v -0.3026 6.5209 1.0594
v -0.2978 6.5101 1.0584
v -0.2542 6.5028 1.0681
v -0.2896 6.4979 1.0569
v -0.2456 6.4929 1.0668
v -0.3521 6.5274 1.0428
v -0.3493 6.5129 1.0427
v -0.2136 6.4955 1.0680
v -0.2193 6.5029 1.0671
v -0.2062 6.4870 1.0671
v -0.2238 6.5089 1.0617
v -0.2651 6.5188 1.0651
v -0.3062 6.5300 1.0566
v -0.3550 6.5389 1.0378
v -0.4806 6.2252 1.0293
v -0.4792 6.2200 1.0197
v -0.4041 6.2167 1.0685
v -0.4050 6.2256 1.0864
v -0.4761 6.2178 1.0099
v -0.4025 6.2118 1.0499
v -0.4051 6.2347 1.0987
v -0.4810 6.2320 1.0362
v -0.4044 6.2444 1.1046
v -0.4806 6.2403 1.0392
v -0.5071 6.5046 0.8642
v -0.5065 6.5024 0.8763
v -0.5047 6.4974 0.8880
v -0.4320 6.5395 0.9468
v -0.4328 6.5410 0.9298
v -0.4299 6.5344 0.9613
v -0.4323 6.5389 0.9124
v -0.5065 6.5045 0.8528
v -0.4307 6.5343 0.8985
v -0.5037 6.5024 0.8444
v -0.4796 6.2628 1.0308
v -0.4799 6.2507 1.0376
v -0.4033 6.2559 1.1040
v -0.4028 6.2694 1.0974
v -0.4041 6.2849 1.0857
v -0.4808 6.2765 1.0195
v -0.4997 6.4780 0.9067
v -0.4986 6.4634 0.9127
v -0.4226 6.4983 0.9861
v -0.4239 6.5140 0.9814
v -0.4268 6.5261 0.9732
v -0.5021 6.4894 0.8984
v -0.0787 6.3485 0.9576
v -0.0789 6.3442 0.9553
v -0.0737 6.3464 0.9457
v -0.0735 6.3501 0.9486
v -0.0728 6.3502 0.9395
v -0.0726 6.3533 0.9423
v -0.0735 6.3542 0.9510
v -0.0787 6.3530 0.9593
v -0.0736 6.3584 0.9529
v -0.0789 6.3578 0.9601
v -0.0724 6.3568 0.9448
v -0.0722 6.3604 0.9469
v -0.0849 6.3520 0.9711
v -0.0849 6.3468 0.9704
v -0.0920 6.3502 0.9857
v -0.0921 6.3442 0.9858
v -0.0851 6.3572 0.9706
v -0.0923 6.3563 0.9841
v -0.0852 6.3419 0.9689
v -0.0926 6.3383 0.9850
v -0.0791 6.4099 0.9614
v -0.0854 6.4166 0.9742
v -0.0856 6.4103 0.9745
v -0.0793 6.4046 0.9625
v -0.0859 6.4039 0.9733
v -0.0796 6.3991 0.9627
v -0.0927 6.4259 0.9893
v -0.0928 6.4185 0.9889
v -0.0932 6.4109 0.9868
v -0.0740 6.4013 0.9540
v -0.0739 6.4059 0.9521
v -0.0729 6.3985 0.9473
v -0.0729 6.4024 0.9453
v -0.0743 6.3966 0.9553
v -0.0728 6.3945 0.9490
v -0.0740 6.4103 0.9496
v -0.0792 6.4150 0.9595
v -0.0730 6.4060 0.9429
v -0.0855 6.4226 0.9730
v -0.0931 6.4329 0.9887
v -0.0796 6.3676 0.9587
v -0.0792 6.3626 0.9596
v -0.0738 6.3629 0.9540
v -0.0741 6.3676 0.9547
v -0.0719 6.3643 0.9486
v -0.0715 6.3684 0.9500
v -0.0745 6.3723 0.9551
v -0.0801 6.3727 0.9579
v -0.0749 6.3771 0.9554
v -0.0806 6.3779 0.9579
v -0.0713 6.3727 0.9510
v -0.0714 6.3771 0.9515
v -0.0866 6.3735 0.9633
v -0.0859 6.3679 0.9653
v -0.0940 6.3748 0.9722
v -0.0933 6.3684 0.9755
v -0.0871 6.3792 0.9628
v -0.0946 6.3814 0.9712
v -0.0855 6.3625 0.9682
v -0.0927 6.3623 0.9802
v -0.0805 6.3883 0.9600
v -0.0869 6.3910 0.9668
v -0.0873 6.3850 0.9640
v -0.0808 6.3830 0.9586
v -0.0943 6.3954 0.9771
v -0.0948 6.3883 0.9730
v -0.0752 6.3820 0.9557
v -0.0750 6.3869 0.9559
v -0.0719 6.3814 0.9515
v -0.0723 6.3858 0.9511
v -0.0746 6.3917 0.9558
v -0.0801 6.3936 0.9616
v -0.0726 6.3902 0.9502
v -0.0864 6.3973 0.9704
v -0.0937 6.4031 0.9824
v -0.1151 6.3312 1.0162
v -0.1173 6.3226 1.0170
v -0.1027 6.3318 1.0016
v -0.1017 6.3390 1.0018
v -0.1011 6.3464 1.0011
v -0.1135 6.3401 1.0150
v -0.1011 6.3539 0.9988
v -0.1127 6.3492 1.0124
v -0.1299 6.3333 1.0290
v -0.1331 6.3233 1.0320
v -0.1502 6.3278 1.0470
v -0.1555 6.3174 1.0528
v -0.1278 6.3437 1.0253
v -0.1463 6.3389 1.0407
v -0.1372 6.3137 1.0351
v -0.1620 6.3074 1.0589
v -0.1165 6.4450 1.0175
v -0.1353 6.4535 1.0311
v -0.1318 6.4431 1.0290
v -0.1148 6.4357 1.0165
v -0.1294 6.4324 1.0255
v -0.1139 6.4261 1.0139
v -0.1588 6.4606 1.0472
v -0.1529 6.4495 1.0437
v -0.1486 6.4379 1.0389
v -0.1021 6.4276 1.0036
v -0.1026 6.4358 1.0043
v -0.1021 6.4190 1.0011
v -0.1036 6.4436 1.0041
v -0.1188 6.4539 1.0179
v -0.1395 6.4633 1.0326
v -0.1655 6.4711 1.0501
v -0.1132 6.3679 1.0017
v -0.1126 6.3586 1.0075
v -0.1015 6.3614 0.9941
v -0.1021 6.3688 0.9885
v -0.1030 6.3764 0.9843
v -0.1143 6.3773 0.9973
v -0.1038 6.3843 0.9830
v -0.1154 6.3868 0.9959
v -0.1284 6.3764 1.0090
v -0.1272 6.3654 1.0134
v -0.1459 6.3751 1.0229
v -0.1443 6.3627 1.0269
v -0.1298 6.3877 1.0076
v -0.1478 6.3878 1.0216
v -0.1270 6.3545 1.0196
v -0.1445 6.3506 1.0335
v -0.1143 6.4063 1.0027
v -0.1284 6.4102 1.0138
v -0.1294 6.3990 1.0093
v -0.1152 6.3965 0.9979
v -0.1458 6.4133 1.0264
v -0.1471 6.4007 1.0227
v -0.1039 6.3926 0.9851
v -0.1032 6.4011 0.9900
v -0.1025 6.4101 0.9960
v -0.1138 6.4162 1.0087
v -0.1283 6.4213 1.0199
v -0.1463 6.4258 1.0325
v -0.1866 6.3595 1.0652
v -0.1643 6.3607 1.0448
v -0.1666 6.3742 1.0419
v -0.1900 6.3740 1.0626
v -0.1692 6.3882 1.0410
v -0.1935 6.3890 1.0620
v -0.2163 6.3743 1.0819
v -0.2114 6.3589 1.0842
v -0.2460 6.3747 1.0930
v -0.2391 6.3580 1.0926
v -0.2209 6.3905 1.0816
v -0.2518 6.3924 1.0942
v -0.2116 6.3446 1.0908
v -0.1872 6.3458 1.0727
v -0.2175 6.3326 1.0975
v -0.1921 6.3336 1.0831
v -0.2368 6.3432 1.0962
v -0.2370 6.3330 1.0996
v -0.1647 6.3477 1.0516
v -0.1678 6.3355 1.0608
v -0.1893 6.4194 1.0606
v -0.1900 6.4340 1.0649
v -0.2145 6.4387 1.0775
v -0.2145 6.4230 1.0761
v -0.2397 6.4442 1.0782
v -0.2426 6.4279 1.0803
v -0.1955 6.4478 1.0711
v -0.2205 6.4525 1.0786
v -0.2396 6.4553 1.0770
v -0.2185 6.4068 1.0782
v -0.1918 6.4043 1.0604
v -0.2485 6.4104 1.0872
v -0.1681 6.4024 1.0409
v -0.1663 6.4163 1.0427
v -0.1670 6.4299 1.0480
v -0.1708 6.4429 1.0551
v -0.2136 6.3140 1.0970
v -0.2263 6.3049 1.1003
v -0.1917 6.3048 1.0853
v -0.1823 6.3144 1.0780
v -0.1740 6.3245 1.0699
v -0.2015 6.3233 1.0918
v -0.2308 6.3237 1.0997
v -0.2470 6.3156 1.0994
v -0.2536 6.3278 1.0975
v -0.2739 6.3219 1.0961
v -0.2631 6.3073 1.1000
v -0.2957 6.3151 1.0963
v -0.2185 6.4711 1.0729
v -0.2524 6.4749 1.0676
v -0.2345 6.4640 1.0747
v -0.2056 6.4598 1.0743
v -0.2804 6.4731 1.0623
v -0.2572 6.4635 1.0701
v -0.1776 6.4549 1.0609
v -0.1865 6.4662 1.0644
v -0.1965 6.4770 1.0663
v -0.2326 6.4821 1.0692
v -0.2714 6.4861 1.0609
v -0.3065 6.4837 1.0551
v -0.2973 6.3528 1.0863
v -0.3268 6.3497 1.0857
v -0.3140 6.3304 1.0893
v -0.2877 6.3351 1.0901
v -0.2623 6.3396 1.0926
v -0.2686 6.3558 1.0898
v -0.2776 6.3743 1.0930
v -0.3081 6.3734 1.0880
v -0.2848 6.3945 1.0951
v -0.3166 6.3961 1.0871
v -0.3395 6.3722 1.0854
v -0.3492 6.3973 1.0810
v -0.3056 6.4420 1.0621
v -0.3140 6.4197 1.0739
v -0.2813 6.4150 1.0840
v -0.2737 6.4346 1.0725
v -0.2666 6.4520 1.0694
v -0.2953 6.4608 1.0602
v -0.3257 6.4696 1.0528
v -0.3386 6.4487 1.0555
v -0.3479 6.4236 1.0675
v -0.0882 6.3570 0.9998
v -0.0774 6.3552 0.9995
v -0.0772 6.3703 1.0026
v -0.0883 6.3712 1.0032
v -0.0772 6.3860 1.0087
v -0.0885 6.3861 1.0082
v -0.0960 6.3727 1.0038
v -0.0956 6.3595 1.0003
v -0.0963 6.3863 1.0074
v -0.0952 6.3480 0.9976
v -0.0882 6.3445 0.9985
v -0.0949 6.3384 0.9903
v -0.0885 6.3339 0.9911
v -0.0777 6.3425 0.9989
v -0.0784 6.3313 0.9913
v -0.0882 6.4156 1.0016
v -0.0881 6.4290 0.9952
v -0.0952 6.4254 0.9955
v -0.0957 6.4132 1.0019
v -0.0882 6.4398 0.9902
v -0.0949 6.4354 0.9894
v -0.0960 6.3999 1.0070
v -0.0883 6.4010 1.0078
v -0.0772 6.4018 1.0083
v -0.0772 6.4172 1.0012
v -0.0774 6.4312 0.9947
v -0.0779 6.4424 0.9905
v -0.0316 6.3233 0.9549
v -0.0302 6.3282 0.9708
v -0.0457 6.3243 0.9737
v -0.0472 6.3193 0.9575
v -0.0652 6.3222 0.9758
v -0.0663 6.3174 0.9598
v -0.0487 6.3174 0.9436
v -0.0330 6.3212 0.9409
v -0.0500 6.3177 0.9293
v -0.0344 6.3210 0.9265
v -0.0672 6.3160 0.9465
v -0.0679 6.3166 0.9329
v -0.0190 6.3234 0.9382
v -0.0173 6.3256 0.9522
v -0.0206 6.3230 0.9238
v -0.0156 6.3305 0.9680
v -0.0301 6.4506 0.9597
v -0.0157 6.4481 0.9574
v -0.0173 6.4509 0.9414
v -0.0315 6.4534 0.9436
v -0.0189 6.4521 0.9270
v -0.0328 6.4544 0.9293
v -0.0469 6.4574 0.9460
v -0.0456 6.4548 0.9622
v -0.0661 6.4594 0.9486
v -0.0651 6.4571 0.9643
v -0.0483 6.4582 0.9318
v -0.0667 6.4597 0.9350
v -0.0442 6.4490 0.9783
v -0.0288 6.4450 0.9761
v -0.0641 6.4514 0.9799
v -0.0141 6.4426 0.9736
v -0.0890 6.3219 0.9616
v -0.0890 6.3209 0.9494
v -0.0801 6.3170 0.9484
v -0.0798 6.3183 0.9612
v -0.0888 6.3219 0.9369
v -0.0803 6.3179 0.9353
v -0.0791 6.3229 0.9769
v -0.0888 6.3260 0.9775
v -0.0948 6.3315 0.9772
v -0.0946 6.3280 0.9614
v -0.0941 6.3275 0.9496
v -0.0936 6.3288 0.9376
v -0.0886 6.4532 0.9664
v -0.0944 6.4473 0.9662
v -0.0946 6.4428 0.9800
v -0.0884 6.4480 0.9806
v -0.0785 6.4510 0.9805
v -0.0790 6.4566 0.9658
v -0.0793 6.4587 0.9504
v -0.0885 6.4551 0.9513
v -0.0795 6.4588 0.9373
v -0.0884 6.4551 0.9387
v -0.0940 6.4487 0.9513
v -0.0934 6.4484 0.9393
v -0.0511 6.3191 0.9151
v -0.0356 6.3218 0.9120
v -0.0684 6.3184 0.9193
v -0.0223 6.3235 0.9094
v -0.0206 6.4523 0.9126
v -0.0341 6.4542 0.9149
v -0.0495 6.4575 0.9175
v -0.0674 6.4587 0.9213
v -0.0883 6.3245 0.9245
v -0.0802 6.3200 0.9223
v -0.0928 6.3316 0.9256
v -0.0796 6.4577 0.9242
v -0.0880 6.4533 0.9261
v -0.0928 6.4465 0.9272
v -0.0911 6.3369 0.9006
v -0.0859 6.3421 0.8940
v -0.0825 6.3458 0.8917
v -0.0975 6.3296 0.9085
v -0.1054 6.3200 0.9179
v -0.0864 6.4216 0.8985
v -0.0916 6.4261 0.9058
v -0.0831 6.4180 0.8957
v -0.0979 6.4325 0.9145
v -0.1059 6.4409 0.9248
v -0.1332 6.2939 0.9460
v -0.1165 6.3078 0.9300
v -0.1564 6.2806 0.9673
v -0.1855 6.2697 0.9946
v -0.1174 6.4514 0.9375
v -0.1348 6.4631 0.9523
v -0.1596 6.4744 0.9690
v -0.1911 6.4844 0.9864
v -0.2574 6.2478 1.0527
v -0.2199 6.2600 1.0254
v -0.2930 6.2323 1.0671
v -0.3360 6.2181 1.0636
v -0.2291 6.4946 1.0006
v -0.2712 6.5085 1.0038
v -0.3114 6.5256 0.9934
v -0.3603 6.5380 0.9580
v -0.4667 6.2193 1.0072
v -0.4019 6.2150 1.0390
v -0.4300 6.5272 0.8946
v -0.4943 6.5017 0.8464
v -0.0089 6.3397 0.9078
v -0.0077 6.4360 0.9099
v 0.4956 6.3257 0.8809
v 0.4877 6.3081 0.8948
v 0.4817 6.2919 0.9091
v 0.5028 6.3447 0.8682
v 0.5070 6.3648 0.8572
v 0.5043 6.4063 0.8414
v 0.5072 6.3856 0.8484
v 0.5001 6.4265 0.8361
v 0.4967 6.4454 0.8320
v 0.0638 6.3611 0.9070
v 0.0643 6.3604 0.9106
v 0.0649 6.3616 0.9044
v 0.0653 6.3598 0.9152
v 0.0666 6.3597 0.9207
v 0.0662 6.4115 0.9214
v 0.0652 6.4123 0.9168
v 0.0674 6.4100 0.9267
v 0.0648 6.4128 0.9131
v 0.0662 6.4130 0.9103
v 0.0679 6.3599 0.9266
v 0.0692 6.3601 0.9321
v 0.0705 6.3603 0.9365
v 0.0716 6.3606 0.9394
v 0.0713 6.4047 0.9418
v 0.0700 6.4063 0.9376
v 0.0723 6.4033 0.9445
v 0.0687 6.4082 0.9323
v 0.4789 6.2343 0.9366
v 0.4788 6.2319 0.9334
v 0.4753 6.2312 0.9327
v 0.4787 6.2384 0.9399
v 0.4782 6.2444 0.9414
v 0.5071 6.4998 0.7964
v 0.5051 6.4979 0.8028
v 0.5026 6.4940 0.8101
v 0.5086 6.5004 0.7917
v 0.5057 6.5008 0.7909
v 0.4779 6.2638 0.9328
v 0.4778 6.2529 0.9393
v 0.4787 6.2770 0.9223
v 0.4973 6.4763 0.8234
v 0.4959 6.4622 0.8281
v 0.4998 6.4869 0.8173
v 0.0723 6.3615 0.9412
v 0.0723 6.3633 0.9431
v 0.0720 6.3657 0.9449
v 0.0712 6.3683 0.9464
v 0.0728 6.3968 0.9485
v 0.0730 6.3996 0.9474
v 0.0720 6.3938 0.9494
v 0.0729 6.4018 0.9462
v 0.0697 6.3710 0.9478
v 0.0678 6.3741 0.9492
v 0.0663 6.3773 0.9505
v 0.0658 6.3806 0.9513
v 0.0668 6.3838 0.9512
v 0.0685 6.3871 0.9507
v 0.0705 6.3904 0.9500
v 0.0855 6.3751 0.9698
v 0.0832 6.3669 0.9677
v 0.0864 6.3852 0.9693
v 0.0799 6.3608 0.9647
v 0.0762 6.3556 0.9616
v 0.0813 6.4099 0.9665
v 0.0844 6.4036 0.9690
v 0.0776 6.4153 0.9622
v 0.0860 6.3953 0.9692
v 0.0724 6.3508 0.9561
v 0.0687 6.3472 0.9456
v 0.0648 6.3468 0.9337
v 0.0611 6.3489 0.9234
v 0.0701 6.4250 0.9475
v 0.0738 6.4207 0.9557
v 0.0662 6.4265 0.9354
v 0.0626 6.4251 0.9239
v 0.0239 6.3405 0.9086
v 0.0122 6.3404 0.9078
v 0.0344 6.3417 0.9098
v 0.0005 6.3401 0.9077
v 0.0017 6.4354 0.9097
v 0.0133 6.4350 0.9094
v 0.0251 6.4348 0.9098
v 0.0356 6.4336 0.9108
v 0.0511 6.3476 0.9121
v 0.0432 6.3440 0.9111
v 0.0581 6.3531 0.9123
v 0.0446 6.4312 0.9119
v 0.0525 6.4275 0.9127
v 0.0596 6.4218 0.9127
v 0.0809 6.3528 0.9096
v 0.0737 6.3586 0.9048
v 0.0685 6.3615 0.9031
v 0.0895 6.3446 0.9156
v 0.0995 6.3341 0.9224
v 0.0752 6.4156 0.9114
v 0.0825 6.4198 0.9175
v 0.0700 6.4133 0.9091
v 0.0910 6.4260 0.9253
v 0.1010 6.4344 0.9346
v 0.1315 6.3074 0.9422
v 0.1127 6.3214 0.9310
v 0.1574 6.2943 0.9567
v 0.1904 6.2831 0.9742
v 0.1143 6.4446 0.9455
v 0.1332 6.4559 0.9577
v 0.1592 6.4672 0.9699
v 0.1928 6.4776 0.9801
v 0.2657 6.2600 1.0046
v 0.2285 6.2728 0.9915
v 0.2976 6.2441 1.0102
v 0.3346 6.2301 1.0027
v 0.2328 6.4888 0.9840
v 0.2726 6.5039 0.9781
v 0.3078 6.5218 0.9606
v 0.3503 6.5346 0.9220
v 0.4533 6.2306 0.9428
v 0.3916 6.2268 0.9765
v 0.4151 6.5276 0.8597
v 0.4823 6.5070 0.8063
v -0.5164 6.3183 0.9443
v -0.5084 6.3015 0.9590
v -0.5015 6.2860 0.9741
v -0.5233 6.3366 0.9307
v -0.5272 6.3562 0.9185
v -0.5241 6.3970 0.8996
v -0.5272 6.3766 0.9082
v -0.5197 6.4168 0.8926
v -0.5160 6.4354 0.8870
v -0.0787 6.3552 0.8991
v -0.0783 6.3547 0.9027
v -0.0805 6.3556 0.8967
v -0.0782 6.3545 0.9076
v -0.0782 6.3548 0.9132
v -0.0784 6.4065 0.9103
v -0.0785 6.4070 0.9056
v -0.0784 6.4054 0.9159
v -0.0790 6.4072 0.9018
v -0.0811 6.4072 0.8994
v -0.0781 6.3553 0.9192
v -0.0782 6.3560 0.9249
v -0.0785 6.3565 0.9294
v -0.0791 6.3569 0.9325
v -0.0789 6.4011 0.9318
v -0.0786 6.4024 0.9274
v -0.0792 6.4000 0.9349
v -0.0784 6.4039 0.9218
v -0.4967 6.2301 1.0038
v -0.4966 6.2274 1.0007
v -0.4929 6.2266 0.9996
v -0.4965 6.2343 1.0069
v -0.4961 6.2404 1.0081
v -0.5230 6.4879 0.8460
v -0.5213 6.4864 0.8529
v -0.5193 6.4829 0.8607
v -0.5243 6.4882 0.8411
v -0.5215 6.4884 0.8400
v -0.4959 6.2592 0.9990
v -0.4957 6.2486 1.0058
v -0.4975 6.2718 0.9880
v -0.5153 6.4658 0.8758
v -0.5146 6.4520 0.8817
v -0.5171 6.4762 0.8687
v -0.0793 6.3579 0.9344
v -0.0791 6.3599 0.9361
v -0.0785 6.3624 0.9376
v -0.0775 6.3651 0.9388
v -0.0790 6.3937 0.9394
v -0.0794 6.3964 0.9382
v -0.0782 6.3907 0.9403
v -0.0795 6.3985 0.9367
v -0.0760 6.3679 0.9397
v -0.0740 6.3710 0.9405
v -0.0724 6.3743 0.9413
v -0.0719 6.3776 0.9417
v -0.0729 6.3808 0.9417
v -0.0747 6.3840 0.9413
v -0.0767 6.3874 0.9408
v -0.0870 6.3766 0.9898
v -0.0848 6.3682 0.9875
v -0.0870 6.3867 0.9895
v -0.0816 6.3620 0.9838
v -0.0784 6.3568 0.9797
v -0.0824 6.4118 0.9858
v -0.0853 6.4055 0.9887
v -0.0791 6.4171 0.9807
v -0.0865 6.3970 0.9894
v -0.0760 6.3518 0.9735
v -0.0743 6.3482 0.9623
v -0.0728 6.3471 0.9497
v -0.0743 6.3489 0.9391
v -0.0746 6.4266 0.9644
v -0.0765 6.4224 0.9734
v -0.0732 6.4286 0.9517
v -0.0746 6.4276 0.9398
v -0.0446 6.3406 0.9162
v -0.0297 6.3406 0.9127
v -0.0584 6.3417 0.9205
v -0.0181 6.3405 0.9099
v -0.0168 6.4352 0.9118
v -0.0285 6.4353 0.9143
v -0.0434 6.4356 0.9174
v -0.0579 6.4348 0.9216
v -0.0749 6.3471 0.9267
v -0.0679 6.3436 0.9240
v -0.0793 6.3531 0.9282
v -0.0678 6.4332 0.9249
v -0.0752 6.4299 0.9274
v -0.0799 6.4241 0.9288
v -0.0946 6.3472 0.9060
v -0.0889 6.3526 0.8994
v -0.0843 6.3554 0.8963
v -0.1014 6.3394 0.9143
v -0.1095 6.3294 0.9240
v -0.0896 6.4100 0.9023
v -0.0953 6.4146 0.9096
v -0.0851 6.4075 0.8990
v -0.1021 6.4214 0.9189
v -0.1103 6.4303 0.9296
v -0.1363 6.3035 0.9517
v -0.1204 6.3171 0.9360
v -0.1584 6.2904 0.9725
v -0.1869 6.2795 0.9993
v -0.1216 6.4412 0.9425
v -0.1387 6.4531 0.9577
v -0.1630 6.4647 0.9749
v -0.1946 6.4750 0.9932
v -0.2613 6.2570 1.0555
v -0.2223 6.2694 1.0294
v -0.2989 6.2417 1.0689
v -0.3429 6.2281 1.0644
v -0.2339 6.4858 1.0087
v -0.2772 6.5000 1.0137
v -0.3191 6.5170 1.0021
v -0.3685 6.5283 0.9646
v -0.4705 6.2264 1.0087
v -0.4063 6.2240 1.0402
v -0.4355 6.5185 0.9040
v -0.4994 6.4953 0.8541
v 0.7969 6.6962 0.3851
v 0.8656 6.6292 0.4018
v 0.5772 6.5646 0.6057
v 0.6109 6.4864 0.6357
v 0.2483 6.5765 0.7791
v 0.2385 6.5107 0.8099
v 0.9260 6.3803 0.6066
v 0.8085 5.9427 0.9474
v 0.2580 6.1357 0.8958
v 0.6166 6.1654 0.8232
v 0.2772 5.7379 1.0613
v 0.6024 5.7849 1.0481
v 0.2810 5.3819 1.2542
v 0.5625 5.4101 1.2536
v 0.7721 6.5814 0.4987
v 0.7186 6.6372 0.4811
v 0.7285 5.8339 1.0189
v 0.7812 6.2519 0.7236
v 0.6260 5.4203 1.2518
v 0.4381 6.1411 0.8785
v 0.4170 6.4463 0.7544
v 0.4407 5.3956 1.2561
v 0.4509 5.7571 1.0596
v 0.4011 6.5266 0.7154
v 0.0520 6.1425 0.9050
v 0.0569 5.7265 1.0573
v 0.0587 5.3725 1.2489
v 0.1031 6.5971 0.8114
v 0.0485 6.5506 0.8319
v 0.4422 5.5772 1.1640
v 0.0590 5.5523 1.1577
v 0.6499 5.6152 1.1454
v 0.2778 5.5621 1.1629
v 0.5732 5.5960 1.1572
v 0.4496 5.9317 0.9620
v 0.0557 5.9147 0.9653
v 0.7541 6.0115 0.9107
v 0.8311 6.0792 0.8414
v 0.6113 5.9611 0.9473
v 0.2726 5.9178 0.9646
v 0.4371 6.3209 0.8048
v 0.0495 6.4184 0.8635
v 0.9330 6.5548 0.4678
v 0.2445 6.3764 0.8509
v 0.6345 6.3568 0.6992
v 0.8233 6.4704 0.5729
v 0.2177 6.9888 -0.2723
v 0.7744 6.7850 0.3592
v 0.6455 6.5024 0.6661
v 0.7493 6.6378 0.5085
v 0.7174 6.6849 0.5051
v 0.4221 6.9377 -0.2067
v 0.2255 6.9290 -0.2720
v 0.5971 6.5601 0.6539
v 0.4071 6.9940 -0.2078
v 0.7940 6.7383 0.3589
v 0.7818 6.8322 0.2033
v 0.6600 6.7778 0.5008
v 0.7227 6.8836 0.3580
v 0.5741 6.9352 -0.0912
v 0.7038 6.8993 0.0529
v 0.1772 6.3309 0.9733
v 0.5397 6.6725 0.6422
v 0.4849 6.3660 0.8466
v 0.5161 7.1079 -0.1004
v 0.3678 6.2636 0.9651
v 0.3352 6.3239 0.9411
v 0.6301 7.0702 0.0473
v 0.4781 6.8186 0.6535
v 0.6064 6.9136 0.5171
v 0.2038 7.1256 -0.2653
v 0.2786 6.4489 0.8969
v 0.1728 7.3097 -0.2287
v 0.3919 6.5481 0.8099
v 0.3794 7.1180 -0.2060
v 0.3293 7.2898 -0.1750
v 0.6209 7.1477 0.2096
v 0.7099 6.9900 0.2079
v 0.6250 6.8638 0.5105
v 0.6433 7.0356 0.3725
v 0.6669 6.9801 0.3686
v 0.4572 7.2605 -0.0836
v 0.5528 7.2239 0.0473
v 0.0984 6.4918 0.9132
v 0.5057 6.7679 0.6504
v 0.3117 6.7279 0.7843
v 0.4829 7.2103 -0.0945
v 0.1536 6.6339 0.8723
v 0.3556 6.6656 0.7903
v 0.3512 7.2311 -0.1901
v 0.0092 6.5823 0.8732
v 0.6839 6.9539 0.0506
v 0.1789 7.2894 -0.2341
v 0.1943 7.1920 -0.2576
v 0.2118 7.0547 -0.2695
v 0.6512 7.0944 0.2098
v 0.5808 7.1747 0.0450
v 0.2523 6.5089 0.8963
v 0.1813 6.6098 0.8788
v 0.1860 7.2491 -0.2454
v 0.3064 6.3828 0.9138
v 0.3758 6.6112 0.7959
v 0.3337 6.7075 0.7919
v 0.4141 6.4857 0.8204
v 0.5654 7.2079 0.0491
v 0.6033 7.1245 0.0432
v 0.4995 7.1616 -0.0998
v 0.4688 7.2444 -0.0855
v 0.6590 7.0116 0.0497
v 0.5340 7.0496 -0.0974
v 0.6529 7.0150 0.3738
v 0.6152 6.8948 0.5174
v 0.6390 6.8202 0.5025
v 0.6911 6.9311 0.3606
v 0.6871 6.7328 0.5013
v 0.7499 6.8344 0.3583
v 0.5203 6.7206 0.6449
v 0.4914 6.8007 0.6554
v 0.5649 6.6180 0.6457
v 0.6334 7.1294 0.2125
v 0.6789 7.0427 0.2064
v 0.7396 6.9359 0.2073
v 0.3651 7.1777 -0.2007
v 0.3393 7.2700 -0.1791
v 0.3938 7.0545 -0.2077
v 0.2314 6.2064 1.0057
v 0.2071 6.2592 0.9892
v 0.2187 6.5620 0.8846
v 0.0507 6.5611 0.8823
v 0.1429 6.4189 0.9457
v 0.2507 6.1481 1.0254
v 0.4446 6.4299 0.8290
v 0.7637 6.8830 0.2051
v 0.5539 6.9911 -0.0944
v 0.1094 6.9839 -0.2843
v 0.1130 6.9232 -0.2840
v 0.1050 7.1245 -0.2785
v 0.0862 7.3108 -0.2357
v 0.0895 7.2908 -0.2426
v 0.0979 7.1929 -0.2680
v 0.1087 7.0513 -0.2820
v 0.0934 7.2508 -0.2552
v -0.0045 6.9802 -0.2880
v -0.0045 6.9191 -0.2876
v -0.0045 7.1234 -0.2789
v -0.0045 7.3098 -0.2375
v -0.0045 7.0495 -0.2852
v 0.3289 6.9350 -0.2467
v 0.2536 7.3034 -0.2075
v 0.2716 7.2430 -0.2228
v 0.3170 6.9932 -0.2467
v 0.2831 7.1873 -0.2343
v 0.3071 7.0565 -0.2448
v 0.2619 7.2831 -0.2119
v 0.2955 7.1238 -0.2414
v 0.5040 6.9382 -0.1539
v 0.4224 7.2205 -0.1476
v 0.3981 7.2744 -0.1335
v 0.4533 7.1139 -0.1580
v 0.4092 7.2567 -0.1369
v 0.4866 6.9944 -0.1564
v 0.4379 7.1700 -0.1560
v 0.4699 7.0536 -0.1574
v 0.6204 6.9786 -0.0254
v 0.5730 7.0953 -0.0308
v 0.5351 7.1968 -0.0288
v 0.5082 7.2451 -0.0232
v 0.5528 7.1483 -0.0319
v 0.5203 7.2298 -0.0228
v 0.5960 7.0372 -0.0285
v 0.6418 6.9236 -0.0218
v 0.6265 7.1367 0.1265
v 0.5923 7.1909 0.1262
v 0.6829 7.0318 0.1277
v 0.7314 6.9225 0.1284
v 0.6068 7.1721 0.1288
v 0.6548 7.0838 0.1247
v 0.7490 6.8705 0.1287
v 0.7095 6.9770 0.1290
v 0.7809 6.8354 0.2803
v 0.7985 6.7868 0.2796
v 0.6368 7.0969 0.2929
v 0.6642 7.0409 0.2914
v 0.6911 6.9894 0.2860
v 0.7565 6.8869 0.2822
v 0.7235 6.9383 0.2847
v 0.6480 7.0766 0.2952
v 0.7744 6.6905 0.4360
v 0.6545 6.9198 0.4407
v 0.6349 6.9729 0.4466
v 0.7500 6.7349 0.4354
v 0.6975 6.8290 0.4320
v 0.7242 6.7822 0.4335
v 0.6435 6.9530 0.4471
v 0.6744 6.8739 0.4331
v 0.7129 6.5742 0.5832
v 0.5528 6.8632 0.5855
v 0.5747 6.8152 0.5794
v 0.6069 6.7288 0.5669
v 0.6337 6.6806 0.5683
v 0.5883 6.7717 0.5712
v 0.6698 6.6265 0.5772
v 0.5634 6.8456 0.5863
v 0.5639 6.4298 0.7564
v 0.3933 6.7739 0.7209
v 0.4290 6.7176 0.7242
v 0.4629 6.6080 0.7316
v 0.5161 6.4913 0.7451
v 0.4459 6.6655 0.7259
v 0.4109 6.7550 0.7256
v 0.4843 6.5480 0.7393
v 0.3534 6.4326 0.8749
v 0.2561 6.6568 0.8468
v 0.3083 6.5595 0.8508
v 0.3285 6.4953 0.8615
v 0.2322 6.6795 0.8390
v 0.2831 6.6129 0.8448
v 0.3841 6.3771 0.8906
v 0.4221 6.3139 0.9113
v 0.2854 6.2648 0.9802
v 0.2572 6.3271 0.9627
v 0.1564 6.5210 0.9052
v 0.1119 6.5783 0.8861
v 0.2310 6.3902 0.9400
v 0.1987 6.4614 0.9273
v 0.0699 6.6017 0.8780
v 0.3114 6.2075 1.0022
v 0.1275 6.3026 0.9657
v 0.0324 6.4800 0.9055
v -0.0370 6.5690 0.8722
v 0.1804 6.1526 1.0186
v 0.1564 6.2240 0.9932
v -0.0078 6.5415 0.8818
v 0.0894 6.3869 0.9367
v 0.1996 6.0833 1.0427
v -0.0045 7.2898 -0.2450
v -0.0045 7.1917 -0.2714
v -0.0045 7.2499 -0.2583
v 0.6002 6.5079 0.6435
v 0.7036 6.6420 0.4973
v 0.3969 6.9375 -0.1833
v 0.2116 6.9280 -0.2438
v 0.7474 6.7436 0.3586
v 0.7332 6.8388 0.2075
v 0.5383 6.9376 -0.0750
v 0.6583 6.9040 0.0621
v 0.4560 6.3702 0.8196
v 0.3483 6.2673 0.9328
v 0.2412 6.1513 0.9932
v 0.1055 6.9222 -0.2546
v -0.0045 6.9183 -0.2579
v 0.3091 6.9342 -0.2205
v 0.4739 6.9396 -0.1339
v 0.6004 6.9269 -0.0092
v 0.7025 6.8762 0.1350
v 0.7512 6.7933 0.2815
v 0.7290 6.6937 0.4313
v 0.6647 6.5793 0.5687
v 0.5265 6.4345 0.7324
v 0.3984 6.3175 0.8834
v 0.2970 6.2109 0.9697
v 0.1932 6.0867 1.0100
v 0.1344 6.3057 0.9517
v 0.0361 6.4822 0.8895
v 0.1894 6.1536 1.0061
v 0.1644 6.2251 0.9799
v -0.0054 6.5424 0.8652
v 0.0951 6.3897 0.9218
v 0.2094 6.0843 1.0302
v 0.2027 6.0876 0.9968
v 0.4667 6.8215 0.6464
v 0.5913 6.9151 0.5125
v 0.1682 7.3029 -0.2174
v 0.3208 7.2835 -0.1655
v 0.6039 7.1454 0.2098
v 0.6266 7.0356 0.3700
v 0.4454 7.2552 -0.0769
v 0.5381 7.2202 0.0511
v 0.3046 6.7325 0.7744
v 0.1506 6.6403 0.8604
v 0.0105 6.5894 0.8616
v 0.0836 7.3041 -0.2240
v -0.0063 7.3031 -0.2258
v 0.2470 7.2966 -0.1970
v 0.3878 7.2686 -0.1253
v 0.4949 7.2405 -0.0179
v 0.5761 7.1879 0.1283
v 0.6199 7.0958 0.2917
v 0.6187 6.9738 0.4431
v 0.5391 6.8651 0.5796
v 0.3843 6.7776 0.7124
v 0.2269 6.6851 0.8278
v 0.0694 6.6084 0.8657
v -0.0346 6.5763 0.8608
v 0.4642 6.7916 0.6456
v 0.5917 6.8836 0.5123
v 0.1681 7.2760 -0.2182
v 0.3205 7.2563 -0.1664
v 0.6039 7.1161 0.2106
v 0.6285 7.0034 0.3708
v 0.4441 7.2294 -0.0775
v 0.5372 7.1929 0.0507
v 0.3043 6.7027 0.7758
v 0.1505 6.6108 0.8613
v 0.0100 6.5612 0.8637
v 0.0836 7.2772 -0.2249
v -0.0062 7.2762 -0.2266
v 0.2468 7.2696 -0.1978
v 0.3871 7.2424 -0.1262
v 0.4935 7.2144 -0.0181
v 0.5763 7.1583 0.1283
v 0.6214 7.0643 0.2926
v 0.6203 6.9415 0.4433
v 0.5382 6.8354 0.5792
v 0.3829 6.7476 0.7128
v 0.2278 6.6556 0.8300
v 0.0693 6.5793 0.8666
v -0.0351 6.5481 0.8635
v 0.2775 5.2047 1.3234
v 0.5588 5.2332 1.3307
v 0.6183 5.2415 1.3310
v 0.4387 5.2193 1.3246
v 0.0570 5.1944 1.3199
v 0.2786 5.0339 1.3811
v 0.5572 5.0631 1.3946
v 0.6149 5.0727 1.3951
v 0.4386 5.0487 1.3888
v 0.0571 5.0233 1.3800
v 0.2817 4.8756 1.4302
v 0.5500 4.9074 1.4454
v 0.6061 4.9205 1.4460
v 0.4363 4.8912 1.4373
v 0.0587 4.8648 1.4334
v 0.2802 4.7527 1.4618
v 0.5353 4.7875 1.4839
v 0.5893 4.8048 1.4854
v 0.4265 4.7691 1.4742
v 0.0603 4.7416 1.4667
v 0.2781 4.6612 1.4731
v 0.5225 4.6974 1.4957
v 0.5732 4.7169 1.4988
v 0.4201 4.6779 1.4854
v 0.0617 4.6502 1.4766
v 0.2813 4.5148 1.4614
v 0.5235 4.5510 1.4908
v 0.5736 4.5706 1.4931
v 0.4233 4.5315 1.4736
v 0.0638 4.5038 1.4740
v 0.2866 4.3925 1.4591
v 0.5299 4.4287 1.4863
v 0.5790 4.4483 1.4889
v 0.4300 4.4092 1.4694
v 0.0650 4.3815 1.4743
v -0.0036 4.2291 1.4803
v 0.2864 4.2435 1.4708
v 0.5412 4.2796 1.4812
v 0.5904 4.2992 1.4844
v 0.4378 4.2602 1.4752
v 0.1368 4.2324 1.4776
v -0.7969 6.6962 0.3851
v -0.8656 6.6292 0.4018
v -0.5772 6.5646 0.6057
v -0.6109 6.4864 0.6357
v -0.2483 6.5765 0.7791
v -0.2385 6.5107 0.8099
v -0.9260 6.3803 0.6066
v -0.8085 5.9427 0.9474
v -0.2580 6.1357 0.8958
v -0.6166 6.1654 0.8232
v -0.2772 5.7379 1.0613
v -0.6024 5.7849 1.0481
v -0.2810 5.3819 1.2542
v -0.5625 5.4101 1.2536
v -0.7721 6.5814 0.4987
v -0.7186 6.6372 0.4811
v -0.7285 5.8339 1.0189
v -0.7812 6.2519 0.7236
v -0.6260 5.4203 1.2518
v -0.4381 6.1411 0.8785
v -0.4170 6.4463 0.7544
v -0.4407 5.3956 1.2561
v -0.4509 5.7571 1.0596
v -0.4011 6.5266 0.7154
v -0.0520 6.1425 0.9050
v -0.0569 5.7265 1.0573
v -0.0587 5.3725 1.2489
v -0.1102 6.5971 0.8114
v -0.0485 6.5506 0.8319
v -0.0036 6.5837 0.8196
v -0.4422 5.5772 1.1640
v -0.0590 5.5523 1.1577
v -0.6499 5.6152 1.1454
v -0.2778 5.5621 1.1629
v -0.5732 5.5960 1.1572
v -0.4496 5.9317 0.9620
v -0.0557 5.9147 0.9653
v -0.7541 6.0115 0.9107
v -0.8311 6.0792 0.8414
v -0.6113 5.9611 0.9473
v -0.2726 5.9178 0.9646
v -0.4371 6.3209 0.8048
v -0.0495 6.4184 0.8635
v -0.9330 6.5548 0.4678
v -0.2445 6.3764 0.8509
v -0.6345 6.3568 0.6992
v -0.8233 6.4704 0.5729
v -0.2177 6.9888 -0.2723
v -0.7744 6.7850 0.3592
v -0.6455 6.5024 0.6661
v -0.7493 6.6378 0.5085
v -0.7174 6.6849 0.5051
v -0.4221 6.9377 -0.2067
v -0.2255 6.9290 -0.2720
v -0.5971 6.5601 0.6539
v -0.4071 6.9940 -0.2078
v -0.7940 6.7383 0.3589
v -0.7818 6.8322 0.2033
v -0.6600 6.7778 0.5008
v -0.7227 6.8836 0.3580
v -0.5741 6.9352 -0.0912
v -0.7038 6.8993 0.0529
v -0.1775 6.3309 0.9704
v -0.5397 6.6725 0.6422
v -0.4849 6.3660 0.8466
v -0.5161 7.1079 -0.1004
v -0.3678 6.2636 0.9651
v -0.3352 6.3239 0.9411
v -0.6301 7.0702 0.0473
v -0.4781 6.8186 0.6535
v -0.6064 6.9136 0.5171
v -0.2038 7.1256 -0.2653
v -0.2788 6.4489 0.8936
v -0.1728 7.3097 -0.2287
v -0.3919 6.5481 0.8095
v -0.3794 7.1180 -0.2060
v -0.3293 7.2898 -0.1750
v -0.6209 7.1477 0.2096
v -0.7099 6.9900 0.2079
v -0.6250 6.8638 0.5105
v -0.6433 7.0356 0.3725
v -0.6669 6.9801 0.3686
v -0.4572 7.2605 -0.0836
v -0.5528 7.2239 0.0473
v -0.0991 6.4918 0.9017
v -0.5057 6.7679 0.6504
v -0.3116 6.7279 0.7831
v -0.4829 7.2103 -0.0945
v -0.1541 6.6339 0.8610
v -0.3556 6.6656 0.7896
v -0.3512 7.2311 -0.1901
v -0.0100 6.5823 0.8650
v -0.6839 6.9539 0.0506
v -0.1789 7.2894 -0.2341
v -0.1943 7.1920 -0.2576
v -0.2118 7.0547 -0.2695
v -0.6512 7.0944 0.2098
v -0.5808 7.1747 0.0450
v -0.2527 6.5089 0.8893
v -0.1819 6.6098 0.8678
v -0.1860 7.2491 -0.2454
v -0.3064 6.3828 0.9133
v -0.3757 6.6112 0.7952
v -0.3337 6.7075 0.7910
v -0.4141 6.4857 0.8204
v -0.5654 7.2079 0.0491
v -0.6033 7.1245 0.0432
v -0.4995 7.1616 -0.0998
v -0.4688 7.2444 -0.0855
v -0.6590 7.0116 0.0497
v -0.5340 7.0496 -0.0974
v -0.6529 7.0150 0.3738
v -0.6152 6.8948 0.5174
v -0.6390 6.8202 0.5025
v -0.6911 6.9311 0.3606
v -0.6871 6.7328 0.5013
v -0.7499 6.8344 0.3583
v -0.5203 6.7206 0.6449
v -0.4914 6.8007 0.6554
v -0.5649 6.6180 0.6457
v -0.6334 7.1294 0.2125
v -0.6789 7.0427 0.2064
v -0.7396 6.9359 0.2073
v -0.3651 7.1777 -0.2007
v -0.3393 7.2700 -0.1791
v -0.3938 7.0545 -0.2077
v -0.2314 6.2064 1.0057
v -0.2072 6.2592 0.9890
v -0.2192 6.5620 0.8753
v -0.0515 6.5611 0.8741
v -0.1435 6.4189 0.9372
v -0.2507 6.1481 1.0254
v -0.4446 6.4299 0.8290
v -0.7637 6.8830 0.2051
v -0.5539 6.9911 -0.0944
v -0.1094 6.9839 -0.2843
v -0.1130 6.9232 -0.2840
v -0.1050 7.1245 -0.2785
v -0.0862 7.3108 -0.2357
v -0.0895 7.2908 -0.2426
v -0.0979 7.1929 -0.2680
v -0.1087 7.0513 -0.2820
v -0.0934 7.2508 -0.2552
v -0.3289 6.9350 -0.2467
v -0.2536 7.3034 -0.2075
v -0.2716 7.2430 -0.2228
v -0.3170 6.9932 -0.2467
v -0.2831 7.1873 -0.2343
v -0.3071 7.0565 -0.2448
v -0.2619 7.2831 -0.2119
v -0.2955 7.1238 -0.2414
v -0.5040 6.9382 -0.1539
v -0.4224 7.2205 -0.1476
v -0.3981 7.2744 -0.1335
v -0.4533 7.1139 -0.1580
v -0.4092 7.2567 -0.1369
v -0.4866 6.9944 -0.1564
v -0.4379 7.1700 -0.1560
v -0.4699 7.0536 -0.1574
v -0.6204 6.9786 -0.0254
v -0.5730 7.0953 -0.0308
v -0.5351 7.1968 -0.0288
v -0.5082 7.2451 -0.0232
v -0.5528 7.1483 -0.0319
v -0.5203 7.2298 -0.0228
v -0.5960 7.0372 -0.0285
v -0.6418 6.9236 -0.0218
v -0.6265 7.1367 0.1265
v -0.5923 7.1909 0.1262
v -0.6829 7.0318 0.1277
v -0.7314 6.9225 0.1284
v -0.6068 7.1721 0.1288
v -0.6548 7.0838 0.1247
v -0.7490 6.8705 0.1287
v -0.7095 6.9770 0.1290
v -0.7809 6.8354 0.2803
v -0.7985 6.7868 0.2796
v -0.6368 7.0969 0.2929
v -0.6642 7.0409 0.2914
v -0.6911 6.9894 0.2860
v -0.7565 6.8869 0.2822
v -0.7235 6.9383 0.2847
v -0.6480 7.0766 0.2952
v -0.7744 6.6905 0.4360
v -0.6545 6.9198 0.4407
v -0.6349 6.9729 0.4466
v -0.7500 6.7349 0.4354
v -0.6975 6.8290 0.4320
v -0.7242 6.7822 0.4335
v -0.6435 6.9530 0.4471
v -0.6744 6.8739 0.4331
v -0.7129 6.5742 0.5832
v -0.5528 6.8632 0.5855
v -0.5747 6.8152 0.5794
v -0.6069 6.7288 0.5669
v -0.6337 6.6806 0.5683
v -0.5883 6.7717 0.5712
v -0.6698 6.6265 0.5772
v -0.5634 6.8456 0.5863
v -0.5639 6.4298 0.7564
v -0.3933 6.7739 0.7209
v -0.4290 6.7176 0.7242
v -0.4629 6.6080 0.7316
v -0.5161 6.4913 0.7451
v -0.4459 6.6655 0.7259
v -0.4109 6.7550 0.7256
v -0.4843 6.5480 0.7393
v -0.3534 6.4326 0.8745
v -0.2563 6.6568 0.8410
v -0.3084 6.5595 0.8468
v -0.3286 6.4953 0.8590
v -0.2324 6.6795 0.8330
v -0.2832 6.6129 0.8397
v -0.3841 6.3771 0.8906
v -0.4221 6.3139 0.9113
v -0.2854 6.2648 0.9802
v -0.2574 6.3271 0.9621
v -0.1571 6.5210 0.8933
v -0.1126 6.5783 0.8757
v -0.2313 6.3902 0.9366
v -0.1992 6.4614 0.9194
v -0.0706 6.6017 0.8685
v -0.3114 6.2075 1.0022
v -0.1277 6.3026 0.9632
v -0.0331 6.4800 0.8944
v 0.0363 6.5690 0.8641
v -0.1804 6.1526 1.0186
v -0.1564 6.2240 0.9931
v 0.0070 6.5415 0.8737
v -0.0899 6.3869 0.9288
v -0.1996 6.0833 1.0427
v -0.6002 6.5079 0.6435
v -0.7036 6.6420 0.4973
v -0.3969 6.9375 -0.1833
v -0.2116 6.9280 -0.2438
v -0.7474 6.7436 0.3586
v -0.7332 6.8388 0.2075
v -0.5383 6.9376 -0.0750
v -0.6583 6.9040 0.0621
v -0.4560 6.3702 0.8196
v -0.3483 6.2673 0.9328
v -0.2412 6.1513 0.9932
v -0.1055 6.9222 -0.2546
v -0.3091 6.9342 -0.2205
v -0.4739 6.9396 -0.1339
v -0.6004 6.9269 -0.0092
v -0.7025 6.8762 0.1350
v -0.7512 6.7933 0.2815
v -0.7290 6.6937 0.4313
v -0.6647 6.5793 0.5687
v -0.5265 6.4345 0.7324
v -0.3984 6.3175 0.8834
v -0.2970 6.2109 0.9697
v -0.1932 6.0867 1.0100
v -0.1347 6.3057 0.9490
v -0.0368 6.4822 0.8786
v -0.1894 6.1536 1.0061
v -0.1644 6.2251 0.9798
v 0.0046 6.5424 0.8568
v -0.0956 6.3897 0.9136
v -0.2094 6.0843 1.0302
v -0.2027 6.0876 0.9968
v -0.4667 6.8215 0.6464
v -0.5913 6.9151 0.5125
v -0.1682 7.3029 -0.2174
v -0.3208 7.2835 -0.1655
v -0.6039 7.1454 0.2098
v -0.6266 7.0356 0.3700
v -0.4454 7.2552 -0.0769
v -0.5381 7.2202 0.0511
v -0.3046 6.7325 0.7733
v -0.1511 6.6403 0.8492
v -0.0113 6.5894 0.8533
v -0.0836 7.3041 -0.2240
v -0.0027 7.3031 -0.2258
v -0.2470 7.2966 -0.1970
v -0.3878 7.2686 -0.1253
v -0.4949 7.2405 -0.0179
v -0.5761 7.1879 0.1283
v -0.6199 7.0958 0.2917
v -0.6187 6.9738 0.4431
v -0.5391 6.8651 0.5796
v -0.3843 6.7776 0.7124
v -0.2271 6.6851 0.8218
v -0.0701 6.6084 0.8556
v 0.0338 6.5763 0.8524
v -0.4642 6.7916 0.6456
v -0.5917 6.8836 0.5123
v -0.1681 7.2760 -0.2182
v -0.3205 7.2563 -0.1664
v -0.6039 7.1161 0.2106
v -0.6285 7.0034 0.3708
v -0.4441 7.2294 -0.0775
v -0.5372 7.1929 0.0507
v -0.3042 6.7027 0.7743
v -0.1510 6.6108 0.8503
v -0.0107 6.5612 0.8543
v -0.0836 7.2772 -0.2249
v -0.0028 7.2762 -0.2266
v -0.2468 7.2696 -0.1978
v -0.3871 7.2424 -0.1262
v -0.4935 7.2144 -0.0181
v -0.5763 7.1583 0.1283
v -0.6214 7.0643 0.2926
v -0.6203 6.9415 0.4433
v -0.5382 6.8354 0.5792
v -0.3829 6.7476 0.7128
v -0.2281 6.6556 0.8235
v -0.0700 6.5793 0.8557
v 0.0343 6.5481 0.8542
v -0.2775 5.2047 1.3234
v -0.5588 5.2332 1.3307
v -0.6183 5.2415 1.3310
v -0.4387 5.2193 1.3246
v -0.0570 5.1944 1.3199
v -0.2786 5.0339 1.3811
v -0.5572 5.0631 1.3946
v -0.6149 5.0727 1.3951
v -0.4386 5.0487 1.3888
v -0.0571 5.0233 1.3800
v -0.2817 4.8756 1.4325
v -0.5500 4.9074 1.4434
v -0.6061 4.9205 1.4440
v -0.4363 4.8912 1.4375
v -0.0587 4.8648 1.4337
v -0.2802 4.7527 1.4654
v -0.5353 4.7875 1.4813
v -0.5893 4.8048 1.4822
v -0.4265 4.7691 1.4747
v -0.0603 4.7416 1.4700
v -0.2781 4.6612 1.4766
v -0.5225 4.6974 1.4937
v -0.5732 4.7169 1.4948
v -0.4201 4.6779 1.4862
v -0.0617 4.6502 1.4834
v -0.2813 4.5148 1.4739
v -0.5235 4.5510 1.4895
v -0.5736 4.5706 1.4898
v -0.4233 4.5315 1.4821
v -0.0638 4.5038 1.4799
v -0.2866 4.3925 1.4717
v -0.5299 4.4287 1.4849
v -0.5790 4.4483 1.4855
v -0.4300 4.4092 1.4778
v -0.0650 4.3815 1.4805
v -0.2864 4.2435 1.4756
v -0.5412 4.2796 1.4808
v -0.5904 4.2992 1.4804
v -0.4378 4.2602 1.4760
v -0.1440 4.2324 1.4832
v -0.0036 5.7239 1.0770
v 0.1189 5.7265 1.0788
v 0.1031 6.5971 0.8328
v 0.1008 6.5506 0.8534
v 0.1162 5.9147 0.9868
v 0.1029 6.4184 0.8850
v 0.1234 5.5523 1.1791
v 0.1226 5.3725 1.2704
v -0.0036 6.5837 0.8411
v -0.0036 6.5409 0.8585
v -0.0036 6.4150 0.8882
v -0.0036 5.5499 1.1767
v -0.0036 5.3699 1.2681
v -0.0036 5.9143 0.9856
v -0.0036 6.1434 0.9276
v 0.1083 6.1425 0.9265
v -0.0036 5.1914 1.3399
v 0.1191 5.1944 1.3414
v -0.0036 5.0202 1.4004
v 0.1193 5.0233 1.4015
v -0.0036 4.8615 1.4541
v 0.1226 4.8648 1.4548
v -0.0036 4.7383 1.4892
v 0.1261 4.7416 1.4881
v -0.0036 4.6469 1.5019
v 0.1292 4.6502 1.4995
v -0.0036 4.5005 1.4988
v 0.1336 4.5038 1.4969
v -0.0036 4.3782 1.4993
v 0.1363 4.3815 1.4971
v -0.0036 4.2291 1.5020
v 0.1368 4.2324 1.5005
v -0.1102 6.5971 0.8328
v -0.1080 6.5506 0.8534
v -0.1234 5.9147 0.9868
v -0.1260 5.7265 1.0788
v -0.1100 6.4184 0.8850
v -0.1305 5.5523 1.1791
v -0.1298 5.3725 1.2704
v -0.1155 6.1425 0.9265
v -0.1263 5.1944 1.3414
v -0.1265 5.0233 1.4015
v -0.1298 4.8648 1.4552
v -0.1333 4.7416 1.4916
v -0.1364 4.6502 1.5048
v -0.1408 4.5038 1.5013
v -0.1435 4.3815 1.5019
v -0.1440 4.2324 1.5055
v 2.2922 -7.2731 -0.3246
v 2.1993 -6.6725 -0.4517
v 2.2411 -6.9805 -0.4074
v 2.2776 -7.1769 -0.3631
v 2.4278 -6.9454 0.0682
v 2.4524 -7.1340 0.1114
v 1.7473 -6.6208 0.7643
v 1.9990 -6.6827 -0.5830
v 2.4073 -6.6459 0.0137
v 2.3765 -6.6334 0.2850
v 1.9083 -6.6180 0.7603
v 1.6155 -6.6256 0.7133
v 2.0892 -6.6190 0.6837
v 2.2598 -6.6241 0.5213
v 1.8386 -6.9985 -0.6655
v 1.6433 -6.9965 -0.5119
v 1.8171 -6.9010 0.8128
v 2.3748 -6.9641 -0.1876
v 2.0506 -6.9926 -0.6270
v 2.3947 -6.9270 0.3299
v 1.9679 -6.8991 0.7966
v 1.6907 -6.9066 0.7724
v 2.1326 -6.9027 0.7132
v 1.5876 -6.9140 0.6817
v 1.5039 -6.9250 0.5448
v 1.4091 -6.9555 0.1516
v 1.4234 -6.9723 -0.0847
v 2.2866 -6.9121 0.5549
v 1.4996 -6.9870 -0.3155
v 1.8851 -7.0859 0.8572
v 2.4199 -7.1137 0.3643
v 2.0289 -7.0845 0.8288
v 1.7595 -7.0917 0.8275
v 2.1810 -7.0884 0.7377
v 1.6537 -7.1012 0.7436
v 2.3208 -7.0980 0.5807
v 2.4628 -7.2301 0.1330
v 1.4644 -7.1499 0.2173
v 1.5668 -7.1144 0.6104
v 2.0932 -7.1934 -0.5859
v 1.6925 -7.1998 -0.4700
v 1.5496 -7.1879 -0.2655
v 1.8856 -7.2020 -0.6263
v 1.4751 -7.1699 -0.0252
v 2.4045 -7.1561 -0.1409
v 2.3417 -7.1910 0.5884
v 1.7998 -7.1740 0.8523
v 2.4333 -7.2087 0.3779
v 1.5084 -7.2528 0.0093
v 1.9101 -7.2937 -0.5651
v 2.4157 -7.2527 -0.1132
v 2.1125 -7.2879 -0.5273
v 1.7220 -7.2884 -0.4295
v 1.6020 -7.1950 0.6424
v 1.6914 -7.1824 0.7729
v 1.4977 -7.2312 0.2515
v 1.9262 -7.1704 0.8756
v 2.0667 -7.1718 0.8403
v 2.2114 -7.1786 0.7447
v 1.5821 -7.2733 -0.2300
v 1.3657 -6.6500 0.2941
v 1.4412 -6.9392 0.3660
v 1.5005 -7.1309 0.4333
v 1.5343 -7.2115 0.4668
v 2.0618 -4.7519 -0.5975
v 2.0701 -5.2961 -0.5730
v 2.0965 -5.8123 -0.5311
v 1.3389 1.3314 -0.4897
v 1.3458 0.9915 -0.6144
v 1.6686 -1.0743 -0.3793
v 1.7386 -1.5125 -0.3390
v 1.5019 -0.3008 -0.4675
v 1.8072 -1.9589 -0.3184
v 2.1454 -6.2689 -0.4959
v 1.4289 0.0338 -0.5252
v 1.3699 0.6600 -0.6476
v 1.3841 0.3508 -0.5968
v 1.3359 1.9162 -0.2310
v 1.8767 -2.3747 -0.3187
v 1.9386 -2.7369 -0.3505
v 1.3143 2.0988 -0.1857
v 1.3516 1.6455 -0.3358
v 1.5879 -0.6685 -0.4225
v 1.9867 -3.0581 -0.4139
v 2.0180 -3.3830 -0.4901
v 2.0383 -3.7637 -0.5550
v 2.0531 -4.2264 -0.5924
v 0.0000 1.7320 1.4036
v 1.2960 1.9727 0.9223
v 0.3334 1.7954 1.3657
v 0.5651 1.8379 1.3375
v 1.4665 2.0656 0.2367
v 1.4563 2.0415 0.4610
v 1.3985 2.0107 0.6882
v 1.1031 1.9292 1.1229
v 0.8373 1.8832 1.2643
v 1.4194 2.0844 0.0183
v 0.9834 2.1127 -0.5104
v 0.7644 2.1142 -0.6181
v 0.5363 2.1153 -0.6856
v 0.3184 2.1154 -0.7180
v 0.0000 2.1089 -0.7316
v 0.9731 1.9182 -0.5828
v 0.7351 1.9152 -0.6925
v 0.4935 1.9189 -0.7435
v 0.2769 1.9262 -0.7634
v 1.1672 2.1083 -0.3647
v 0.9173 1.6473 -0.7179
v 0.6559 1.6444 -0.8253
v 0.4110 1.6456 -0.8580
v 0.2207 1.6513 -0.8566
v 0.0000 1.6533 -0.8238
v 1.5053 1.6359 -0.0854
v 1.1536 1.6491 -0.5507
v 0.8555 1.3174 -0.8831
v 0.5921 1.3111 -0.9876
v 0.3548 1.3118 -1.0213
v 0.1844 1.3190 -1.0062
v 1.5303 1.3298 -0.1988
v 1.1078 1.3261 -0.7204
v 0.8229 0.9509 -1.0175
v 0.5696 0.9429 -1.1154
v 0.3488 0.9496 -1.1357
v 0.1940 0.9587 -1.1069
v 1.5632 1.0047 -0.2961
v 1.0872 0.9700 -0.8553
v 0.8103 0.5809 -0.9606
v 0.5447 0.5682 -0.9998
v 0.3195 0.6211 -1.0011
v 0.1785 0.6456 -0.9731
v 1.6054 0.6929 -0.3388
v 0.8207 0.1971 -0.7628
v 0.5201 0.1386 -0.6707
v 0.2803 0.3328 -0.6833
v 0.1448 0.4199 -0.6570
v 1.0919 0.6165 -0.8532
v 1.6287 0.4085 -0.3276
v 0.1091 0.2890 -0.3676
v 1.1045 0.2765 -0.7427
v 1.5884 1.6213 0.1695
v 1.5859 1.6007 0.4355
v 1.5132 1.5719 0.7106
v 1.6451 1.3203 0.1062
v 1.6605 1.3026 0.4185
v 1.5763 1.2749 0.7289
v 1.6972 1.0046 0.0473
v 1.7268 0.9916 0.3967
v 1.6368 0.9646 0.7346
v 1.7551 0.7056 0.0179
v 1.7963 0.6971 0.3925
v 1.7093 0.6682 0.7500
v 1.7913 0.4373 0.0268
v 1.8515 0.4307 0.4209
v 0.9504 0.1456 1.2524
v 1.3718 1.5335 0.9553
v 0.3175 1.3542 1.3503
v 0.5576 1.3909 1.3262
v 1.1452 1.4867 1.1418
v 0.8519 1.4367 1.2658
v 1.4014 1.2347 0.9956
v 0.3275 1.0548 1.3388
v 0.5519 1.0842 1.3370
v 1.1516 1.1833 1.1847
v 0.8448 1.1291 1.2937
v 1.4421 0.9209 1.0125
v 0.3533 0.7467 1.2900
v 0.5764 0.7479 1.3027
v 1.1730 0.8621 1.1999
v 0.8600 0.7995 1.2920
v 0.3124 0.4735 1.1287
v 1.5023 0.6201 1.0277
v 0.5460 0.3718 1.1685
v 1.2084 0.5529 1.2011
v 0.8754 0.4659 1.2522
v 1.1245 1.7567 1.1389
v 0.8449 1.7097 1.2747
v 0.3217 1.6240 1.3642
v 1.3294 1.8003 0.9389
v 0.5618 1.6641 1.3405
v 0.2126 0.3058 0.8801
v 0.1291 0.2084 0.6047
v 0.0628 0.1714 0.1050
v 0.0779 0.2116 -0.1263
v 1.1735 1.9210 -0.4231
v 1.4568 1.9040 -0.0136
v 1.5144 1.8863 0.2143
v 1.4407 1.8374 0.6948
v 1.5044 1.8654 0.4510
v 1.2885 0.2385 1.2278
v 0.6401 0.0548 1.1430
v 1.5828 0.3231 1.0584
v 1.7820 0.3902 0.7818
v 0.3281 0.2004 0.9210
v 0.1929 0.1055 0.6326
v 0.1123 0.0634 0.0944
v 0.1412 0.1105 -0.1500
v 0.3973 -0.0194 0.9066
v 0.2400 -0.0671 0.6112
v 0.1566 -0.0770 0.0820
v 0.2135 -0.0447 -0.1536
v 0.2019 0.1948 -0.3998
v 0.3308 0.0098 -0.3891
v 0.8898 -0.1163 -0.6331
v 0.6380 -0.1910 -0.5264
v 1.0102 -0.1252 1.2549
v 1.6684 0.0939 -0.2880
v 1.1591 -0.0394 -0.6400
v 1.8433 0.1197 0.0508
v 1.9227 0.1225 0.4455
v 1.3631 -0.0380 1.2424
v 0.6965 -0.2078 1.1414
v 1.6638 0.0413 1.0783
v 1.8587 0.1011 0.8033
v 0.4523 -0.2731 0.9087
v 0.2925 -0.3146 0.6158
v 0.2243 -0.3249 0.0871
v 0.2992 -0.2980 -0.1377
v 0.4378 -0.2532 -0.3410
v 0.9787 -0.4372 -0.5660
v 0.7339 -0.5026 -0.4673
v 1.0712 -0.4111 1.2586
v 1.7483 -0.2433 -0.2474
v 1.2412 -0.3679 -0.5725
v 1.9189 -0.2143 0.0748
v 1.9828 -0.2028 0.4598
v 1.4263 -0.3308 1.2464
v 0.7569 -0.4900 1.1487
v 1.7298 -0.2610 1.0832
v 1.9218 -0.2126 0.8105
v 0.5114 -0.5558 0.9250
v 0.3502 -0.6008 0.6379
v 0.2914 -0.6206 0.1121
v 0.3770 -0.5981 -0.1104
v 0.5282 -0.5577 -0.3055
v 1.1557 -1.1850 -0.5060
v 0.8964 -1.2378 -0.4209
v 1.2296 -1.1157 1.2061
v 1.8670 -1.0269 -0.1706
v 1.4227 -1.1286 -0.4937
v 2.0091 -0.9916 0.1144
v 2.0871 -0.9740 0.4383
v 1.5771 -1.0551 1.1647
v 0.9174 -1.1803 1.1251
v 1.8613 -1.0071 1.0055
v 2.0382 -0.9788 0.7512
v 0.6688 -1.2395 0.9365
v 0.4964 -1.2853 0.6885
v 0.4149 -1.3216 0.1733
v 0.5036 -1.3104 -0.0623
v 0.6706 -1.2813 -0.2653
v 1.2378 -1.6076 -0.4849
v 0.9738 -1.6546 -0.4147
v 1.3282 -1.5492 1.1934
v 1.9235 -1.4739 -0.1359
v 1.5017 -1.5585 -0.4596
v 2.0484 -1.4462 0.1314
v 2.1027 -1.4332 0.4334
v 1.6361 -1.4995 1.1426
v 1.0294 -1.6034 1.1230
v 1.8865 -1.4607 0.9817
v 2.0479 -1.4378 0.7324
v 0.7783 -1.6542 0.9470
v 0.5955 -1.6946 0.7067
v 0.4852 -1.7292 0.1816
v 0.5696 -1.7200 -0.0611
v 0.7403 -1.6939 -0.2665
v 1.3242 -2.0391 -0.4767
v 1.0596 -2.0824 -0.4171
v 1.4259 -2.0149 1.1642
v 1.9756 -1.9301 -0.1202
v 1.5827 -1.9964 -0.4424
v 2.0772 -1.9127 0.1341
v 2.1086 -1.9085 0.4200
v 1.6947 -1.9734 1.1059
v 1.1508 -2.0597 1.1047
v 1.9102 -1.9400 0.9437
v 2.0522 -1.9178 0.7033
v 0.9046 -2.1012 0.9381
v 0.7140 -2.1338 0.7018
v 0.5762 -2.1591 0.1723
v 0.6538 -2.1475 -0.0725
v 0.8240 -2.1205 -0.2759
v 1.4101 -2.4450 -0.4822
v 1.1515 -2.4880 -0.4278
v 1.5236 -2.4707 1.1029
v 2.0328 -2.3551 -0.1233
v 1.6616 -2.4057 -0.4440
v 2.1146 -2.3489 0.1220
v 2.1212 -2.3557 0.3926
v 1.7516 -2.4329 1.0420
v 1.2747 -2.5092 1.0518
v 1.9321 -2.3998 0.8851
v 2.0574 -2.3735 0.6582
v 1.0381 -2.5429 0.8965
v 0.8456 -2.5676 0.6701
v 0.6876 -2.5785 0.1489
v 0.7572 -2.5606 -0.0933
v 0.9215 -2.5287 -0.2921
v 1.4853 -2.8052 -0.5131
v 1.2367 -2.8524 -0.4572
v 1.6016 -2.8867 1.0135
v 2.0862 -2.7244 -0.1537
v 1.7296 -2.7650 -0.4762
v 2.1567 -2.7284 0.0898
v 2.1505 -2.7472 0.3524
v 1.8038 -2.8480 0.9597
v 1.3752 -2.9229 0.9651
v 1.9653 -2.8104 0.8161
v 2.0824 -2.7759 0.6045
v 1.1542 -2.9520 0.8222
v 0.9678 -2.9706 0.6119
v 0.8029 -2.9661 0.1116
v 0.8647 -2.9395 -0.1257
v 1.0184 -2.8995 -0.3216
v 1.5382 -3.1332 -0.5694
v 1.2990 -3.1879 -0.5066
v 1.6444 -3.2613 0.9114
v 2.1341 -3.0486 -0.2134
v 1.7783 -3.0877 -0.5382
v 2.2026 -3.0600 0.0359
v 2.1914 -3.0891 0.3008
v 1.8344 -3.2191 0.8727
v 1.4371 -3.2978 0.8595
v 1.9938 -3.1742 0.7467
v 2.1160 -3.1294 0.5480
v 1.2347 -3.3253 0.7274
v 1.0604 -3.3412 0.5358
v 0.8982 -3.3265 0.0639
v 0.9521 -3.2921 -0.1692
v 1.0936 -3.2436 -0.3660
v 1.5649 -3.4693 -0.6305
v 1.3323 -3.5307 -0.5586
v 1.6524 -3.6211 0.8193
v 2.1751 -3.3715 -0.2887
v 1.8043 -3.4175 -0.6086
v 2.2512 -3.3849 -0.0318
v 2.2395 -3.4201 0.2425
v 1.8409 -3.5756 0.7961
v 1.4585 -3.6584 0.7618
v 2.0121 -3.5237 0.6857
v 2.1523 -3.4694 0.4936
v 1.2734 -3.6857 0.6379
v 1.1130 -3.7015 0.4634
v 0.9579 -3.6841 0.0182
v 1.0056 -3.6460 -0.2121
v 1.1372 -3.5925 -0.4115
v 1.5736 -3.8578 -0.6748
v 1.3453 -3.9208 -0.5950
v 1.6368 -4.0085 0.7484
v 2.2122 -3.7476 -0.3581
v 1.8144 -3.8027 -0.6635
v 2.3008 -3.7580 -0.0972
v 2.2904 -3.7935 0.1871
v 1.8305 -3.9616 0.7362
v 1.4503 -4.0454 0.6880
v 2.0220 -3.9060 0.6363
v 2.1885 -3.8467 0.4459
v 1.2779 -4.0724 0.5717
v 1.1292 -4.0887 0.4108
v 0.9847 -4.0732 -0.0151
v 1.0303 -4.0359 -0.2433
v 1.1566 -3.9829 -0.4436
v 1.5780 -4.3176 -0.6938
v 1.3531 -4.3750 -0.6100
v 1.6131 -4.4470 0.7014
v 2.2378 -4.2071 -0.4030
v 1.8208 -4.2656 -0.6908
v 2.3358 -4.2125 -0.1429
v 2.3260 -4.2432 0.1474
v 1.8144 -4.4031 0.6959
v 1.4300 -4.4811 0.6410
v 2.0244 -4.3499 0.6029
v 2.2114 -4.2929 0.4126
v 1.2663 -4.5062 0.5311
v 1.1276 -4.5216 0.3793
v 0.9975 -4.5094 -0.0353
v 1.0448 -4.4769 -0.2601
v 1.1688 -4.4303 -0.4583
v 1.5896 -4.8281 -0.6897
v 1.3704 -4.8735 -0.6052
v 1.5966 -4.9235 0.6773
v 2.2485 -4.7333 -0.4142
v 1.8294 -4.7855 -0.6902
v 2.3487 -4.7345 -0.1574
v 2.3379 -4.7570 0.1338
v 1.7995 -4.8875 0.6767
v 1.4184 -4.9513 0.6169
v 2.0179 -4.8435 0.5896
v 2.2160 -4.7966 0.4009
v 1.2637 -4.9717 0.5110
v 1.1360 -4.9843 0.3637
v 1.0230 -4.9760 -0.0425
v 1.0719 -4.9516 -0.2619
v 1.1923 -4.9162 -0.4556
v 1.6156 -5.3515 -0.6675
v 1.4063 -5.3823 -0.5844
v 1.6000 -5.4067 0.6707
v 2.2497 -5.2807 -0.3915
v 1.8467 -5.3213 -0.6664
v 2.3440 -5.2788 -0.1385
v 2.3299 -5.2920 0.1484
v 1.7953 -5.3812 0.6744
v 1.4322 -5.4263 0.6100
v 2.0088 -5.3503 0.5938
v 2.2063 -5.3181 0.4111
v 1.2905 -5.4409 0.5059
v 1.1766 -5.4502 0.3613
v 1.0807 -5.4471 -0.0342
v 1.1272 -5.4325 -0.2467
v 1.2390 -5.4102 -0.4365
v 1.6591 -5.8497 -0.6414
v 1.4595 -5.8677 -0.5605
v 1.6277 -5.8618 0.6822
v 2.2629 -5.7992 -0.3455
v 1.8825 -5.8303 -0.6328
v 2.3464 -5.7937 -0.0948
v 2.3272 -5.7975 0.1850
v 1.8119 -5.8458 0.6878
v 1.4738 -5.8747 0.6220
v 2.0165 -5.8276 0.6128
v 2.2060 -5.8099 0.4386
v 1.3476 -5.8848 0.5191
v 1.2482 -5.8925 0.3760
v 1.1650 -5.8971 -0.0107
v 1.2052 -5.8921 -0.2202
v 1.3048 -5.8821 -0.4109
v 1.7155 -6.2940 -0.6324
v 1.5188 -6.3020 -0.5515
v 1.6772 -6.2651 0.7187
v 2.3024 -6.2564 -0.2986
v 1.9365 -6.2823 -0.6128
v 2.3761 -6.2469 -0.0431
v 2.3505 -6.2422 0.2340
v 1.8505 -6.2564 0.7222
v 1.5354 -6.2731 0.6608
v 2.0461 -6.2485 0.6485
v 2.2292 -6.2431 0.4804
v 1.4215 -6.2804 0.5589
v 1.3322 -6.2879 0.4156
v 1.2514 -6.3012 0.0263
v 1.2825 -6.3050 -0.1903
v 1.3714 -6.3055 -0.3926
v 1.7817 -6.6884 -0.6138
v 1.5857 -6.6883 -0.5324
v 2.3446 -6.6596 -0.2443
v 1.5097 -6.6313 0.6158
v 1.4257 -6.6397 0.4748
v 1.3396 -6.6615 0.0823
v 1.3610 -6.6730 -0.1447
v 1.4416 -6.6826 -0.3619
v 0.0781 0.1679 0.3447
v 0.1258 0.0596 0.3505
v 0.1630 -0.0856 0.3328
v 0.2194 -0.3313 0.3361
v 0.2794 -0.6223 0.3603
v 0.4121 -1.3132 0.4279
v 0.4951 -1.7204 0.4432
v 0.5992 -2.1540 0.4373
v 0.7213 -2.5804 0.4113
v 0.8420 -2.9762 0.3660
v 0.9393 -3.3427 0.3073
v 0.9991 -3.7023 0.2516
v 1.0231 -4.0904 0.2113
v 1.0302 -4.5240 0.1868
v 1.0489 -4.9867 0.1751
v 1.1009 -5.4528 0.1769
v 1.1829 -5.8969 0.1952
v 1.2718 -6.2951 0.2344
v 0.8286 -0.8104 1.1448
v 0.5817 -0.8748 0.9364
v 0.4168 -0.9220 0.6640
v 0.3425 -0.9480 0.3959
v 0.3537 -0.9522 0.1468
v 0.4436 -0.9357 -0.0805
v 0.6040 -0.9010 -0.2791
v 0.8198 -0.8517 -0.4379
v 1.0706 -0.7927 -0.5310
v 1.3351 -0.7297 -0.5298
v 1.8194 -0.6149 -0.2103
v 1.9748 -0.5759 0.0946
v 2.0429 -0.5589 0.4560
v 1.9935 -0.5692 0.7899
v 1.8063 -0.6066 1.0548
v 1.5056 -0.6657 1.2187
v 1.1453 -0.7371 1.2420
v 0.1256 2.1124 -0.7294
v 0.0982 1.9296 -0.7638
v 0.0878 1.6557 -0.8385
v 0.0786 1.3279 -0.9709
v 0.0933 0.9724 -1.0550
v 0.0839 0.6706 -0.9249
v 0.0623 0.4682 -0.6186
v 0.0486 0.3468 -0.3353
v 0.0349 0.2749 -0.1039
v 0.0286 0.2357 0.1183
v 0.0398 0.2291 0.3489
v 0.0703 0.2640 0.5973
v 0.1130 0.3539 0.8620
v 0.1565 0.5132 1.1083
v 0.1800 0.7478 1.2713
v 0.1607 1.0382 1.3299
v 0.1488 1.3266 1.3628
v 0.1474 1.5914 1.3919
v 0.1564 1.7563 1.3965
v 0.0000 1.9242 -0.7604
v 0.0000 1.3323 -0.9416
v 0.0000 0.9841 -1.0122
v 0.0000 0.6906 -0.8860
v 0.0000 0.4927 -0.5943
v 0.0000 0.3720 -0.3201
v 0.0000 1.3109 1.3597
v 0.0000 1.0318 1.3219
v 0.0000 0.7515 1.2591
v 0.0000 0.5266 1.0981
v 0.0000 1.5687 1.3945
v 0.0000 0.3722 0.8572
v 0.0000 0.2843 0.5976
v 0.0000 0.2593 0.1258
v 0.0000 0.2998 -0.0931
v 0.0000 0.2509 0.3530
v -2.2922 -7.2731 -0.3246
v -2.1993 -6.6725 -0.4517
v -2.2411 -6.9805 -0.4071
v -2.2776 -7.1769 -0.3628
v -2.4278 -6.9454 0.0682
v -2.4524 -7.1340 0.1114
v -1.7473 -6.6208 0.7643
v -1.9990 -6.6827 -0.5830
v -2.4073 -6.6459 0.0137
v -2.3765 -6.6334 0.2850
v -1.9083 -6.6180 0.7603
v -1.6155 -6.6256 0.7133
v -2.0892 -6.6190 0.6837
v -2.2598 -6.6241 0.5213
v -1.8386 -6.9985 -0.6621
v -1.6433 -6.9965 -0.5113
v -1.8171 -6.9010 0.8128
v -2.3748 -6.9641 -0.1876
v -2.0506 -6.9926 -0.6236
v -2.3947 -6.9270 0.3299
v -1.9679 -6.8991 0.7966
v -1.6907 -6.9066 0.7724
v -2.1326 -6.9027 0.7132
v -1.5876 -6.9140 0.6817
v -1.5039 -6.9250 0.5448
v -1.4091 -6.9555 0.1516
v -1.4234 -6.9723 -0.0847
v -2.2866 -6.9121 0.5549
v -1.4996 -6.9870 -0.3155
v -1.8851 -7.0859 0.8572
v -2.4199 -7.1137 0.3643
v -2.0289 -7.0845 0.8288
v -1.7595 -7.0917 0.8275
v -2.1810 -7.0884 0.7377
v -1.6537 -7.1012 0.7436
v -2.3208 -7.0980 0.5807
v -2.4628 -7.2301 0.1330
v -1.4644 -7.1499 0.2173
v -1.5668 -7.1144 0.6104
v -2.0932 -7.1934 -0.5825
v -1.6925 -7.1998 -0.4694
v -1.5496 -7.1879 -0.2655
v -1.8856 -7.2020 -0.6230
v -1.4751 -7.1699 -0.0252
v -2.4045 -7.1561 -0.1409
v -2.3417 -7.1910 0.5884
v -1.7998 -7.1740 0.8523
v -2.4333 -7.2087 0.3779
v -1.5084 -7.2528 0.0093
v -1.9101 -7.2937 -0.5627
v -2.4157 -7.2527 -0.1132
v -2.1125 -7.2879 -0.5249
v -1.7220 -7.2884 -0.4291
v -1.6020 -7.1950 0.6424
v -1.6914 -7.1824 0.7729
v -1.4977 -7.2312 0.2515
v -1.9262 -7.1704 0.8756
v -2.0667 -7.1718 0.8403
v -2.2114 -7.1786 0.7447
v -1.5821 -7.2733 -0.2300
v -1.3657 -6.6500 0.2941
v -1.4412 -6.9392 0.3660
v -1.5005 -7.1309 0.4333
v -1.5343 -7.2115 0.4668
v -2.0618 -4.7519 -0.5975
v -2.0701 -5.2961 -0.5730
v -2.0965 -5.8123 -0.5311
v -1.3415 1.3314 -0.4897
v -1.3555 0.9915 -0.6144
v -1.6864 -1.0743 -0.3793
v -1.7417 -1.5125 -0.3390
v -1.5368 -0.3008 -0.4675
v -1.8072 -1.9589 -0.3184
v -2.1454 -6.2689 -0.4959
v -1.4623 0.0338 -0.5252
v -1.3888 0.6600 -0.6476
v -1.4119 0.3508 -0.5968
v -1.3359 1.9162 -0.2310
v -1.8767 -2.3747 -0.3187
v -1.9386 -2.7369 -0.3505
v -1.3143 2.0988 -0.1857
v -1.3516 1.6455 -0.3358
v -1.6192 -0.6685 -0.4225
v -1.9867 -3.0581 -0.4139
v -2.0180 -3.3830 -0.4901
v -2.0383 -3.7637 -0.5550
v -2.0531 -4.2264 -0.5924
v -1.3034 1.9727 0.9231
v -0.3334 1.7954 1.3657
v -0.5651 1.8379 1.3375
v -1.4665 2.0656 0.2367
v -1.4563 2.0415 0.4610
v -1.3985 2.0107 0.6882
v -1.1105 1.9292 1.1237
v -0.8373 1.8832 1.2643
v -1.4194 2.0844 0.0183
v -0.9834 2.1127 -0.5104
v -0.7644 2.1142 -0.6181
v -0.5363 2.1153 -0.6856
v -0.3184 2.1154 -0.7180
v -0.9731 1.9199 -0.5766
v -0.7351 1.9168 -0.6862
v -0.4935 1.9189 -0.7435
v -0.2769 1.9262 -0.7634
v -1.1672 2.1083 -0.3647
v -0.9173 1.6473 -0.7178
v -0.6559 1.6444 -0.8252
v -0.4110 1.6456 -0.8580
v -0.2207 1.6513 -0.8566
v -1.5055 1.6359 -0.0854
v -1.1536 1.6491 -0.5507
v -0.8555 1.3174 -0.8893
v -0.5921 1.3111 -0.9938
v -0.3548 1.3118 -1.0213
v -0.1844 1.3190 -1.0062
v -1.5373 1.3298 -0.1988
v -1.1078 1.3261 -0.7204
v -0.8229 0.9509 -1.0175
v -0.5696 0.9429 -1.1154
v -0.3488 0.9496 -1.1357
v -0.1940 0.9587 -1.1069
v -1.5828 1.0047 -0.2961
v -1.0890 0.9700 -0.8553
v -0.8110 0.5809 -0.9606
v -0.5447 0.5682 -0.9998
v -0.3195 0.6211 -1.0011
v -0.1785 0.6456 -0.9731
v -1.6385 0.6929 -0.3388
v -0.8263 0.1971 -0.7628
v -0.5209 0.1386 -0.6707
v -0.2803 0.3328 -0.6833
v -0.1448 0.4199 -0.6570
v -1.0987 0.6165 -0.8532
v -1.6721 0.4085 -0.3276
v -0.1091 0.2890 -0.3676
v -1.1187 0.2765 -0.7427
v -1.5890 1.6213 0.1695
v -1.5867 1.6007 0.4355
v -1.5138 1.5719 0.7106
v -1.6542 1.3203 0.1062
v -1.6701 1.3026 0.4185
v -1.5849 1.2749 0.7289
v -1.7217 1.0046 0.0473
v -1.7516 0.9916 0.3967
v -1.6595 0.9646 0.7346
v -1.7954 0.7056 0.0179
v -1.8368 0.6971 0.3925
v -1.7464 0.6682 0.7500
v -1.8430 0.4373 0.0268
v -1.9034 0.4307 0.4209
v -0.9580 0.1456 1.2524
v -1.3718 1.5335 0.9553
v -0.3175 1.3542 1.3503
v -0.5576 1.3909 1.3262
v -1.1452 1.4867 1.1418
v -0.8519 1.4367 1.2658
v -1.4062 1.2347 0.9956
v -0.3275 1.0548 1.3388
v -0.5519 1.0842 1.3370
v -1.1526 1.1833 1.1847
v -0.8448 1.1291 1.2937
v -1.4570 0.9209 1.0125
v -0.3533 0.7467 1.2900
v -0.5764 0.7479 1.3027
v -1.1794 0.8621 1.1999
v -0.8608 0.7995 1.2920
v -0.3124 0.4735 1.1287
v -1.5282 0.6201 1.0277
v -0.5462 0.3718 1.1685
v -1.2218 0.5529 1.2011
v -0.8796 0.4659 1.2522
v -1.1319 1.7567 1.1397
v -0.8449 1.7097 1.2747
v -0.3217 1.6240 1.3642
v -1.3369 1.8003 0.9397
v -0.5618 1.6641 1.3405
v -0.2126 0.3058 0.8801
v -0.1291 0.2084 0.6047
v -0.0628 0.1714 0.1050
v -0.0779 0.2116 -0.1263
v -1.1735 1.9210 -0.4231
v -1.4568 1.9040 -0.0136
v -1.5144 1.8863 0.2143
v -1.4407 1.8374 0.6948
v -1.5044 1.8654 0.4510
v -1.3071 0.2385 1.2278
v -0.6420 0.0548 1.1430
v -1.6161 0.3231 1.0584
v -1.8288 0.3902 0.7818
v -0.3281 0.2004 0.9210
v -0.1929 0.1055 0.6326
v -0.1123 0.0634 0.0944
v -0.1412 0.1105 -0.1500
v -0.3974 -0.0194 0.9066
v -0.2400 -0.0671 0.6112
v -0.1566 -0.0770 0.0820
v -0.2135 -0.0447 -0.1536
v -0.2019 0.1948 -0.3998
v -0.3309 0.0098 -0.3891
v -0.8995 -0.1163 -0.6331
v -0.6417 -0.1910 -0.5264
v -1.0184 -0.1252 1.2549
v -1.7237 0.0939 -0.2880
v -1.1785 -0.0394 -0.6400
v -1.8994 0.1295 0.0527
v -1.9727 0.1323 0.4474
v -1.3827 -0.0380 1.2424
v -0.6986 -0.2078 1.1414
v -1.6989 0.0413 1.0783
v -1.9086 0.1011 0.8033
v -0.4524 -0.2731 0.9087
v -0.2925 -0.3146 0.6158
v -0.2243 -0.3249 0.0871
v -0.2992 -0.2980 -0.1377
v -0.4387 -0.2532 -0.3410
v -0.9901 -0.4372 -0.5660
v -0.7388 -0.5026 -0.4673
v -1.0800 -0.4111 1.2586
v -1.8013 -0.2433 -0.2474
v -1.2626 -0.3679 -0.5725
v -1.9722 -0.2045 0.0767
v -2.0328 -0.1930 0.4617
v -1.4468 -0.3308 1.2464
v -0.7592 -0.4900 1.1487
v -1.7656 -0.2610 1.0832
v -1.9720 -0.2126 0.8105
v -0.5115 -0.5558 0.9250
v -0.3502 -0.6008 0.6379
v -0.2914 -0.6206 0.1121
v -0.3771 -0.5981 -0.1104
v -0.5295 -0.5577 -0.3055
v -1.1593 -1.1850 -0.5060
v -0.8969 -1.2378 -0.4209
v -1.2324 -1.1157 1.2061
v -1.8925 -1.0269 -0.1706
v -1.4325 -1.1286 -0.4937
v -2.0381 -0.9916 0.1144
v -2.1163 -0.9740 0.4383
v -1.5873 -1.0551 1.1647
v -0.9175 -1.1803 1.1251
v -1.8804 -1.0071 1.0055
v -2.0648 -0.9788 0.7512
v -0.6688 -1.2395 0.9365
v -0.4964 -1.2853 0.6885
v -0.4149 -1.3216 0.1733
v -0.5036 -1.3104 -0.0623
v -0.6706 -1.2813 -0.2653
v -1.2378 -1.6076 -0.4849
v -0.9738 -1.6546 -0.4147
v -1.3282 -1.5492 1.1934
v -1.9294 -1.4739 -0.1359
v -1.5023 -1.5585 -0.4596
v -2.0555 -1.4462 0.1314
v -2.1100 -1.4332 0.4334
v -1.6368 -1.4995 1.1426
v -1.0294 -1.6034 1.1230
v -1.8898 -1.4607 0.9817
v -2.0541 -1.4378 0.7324
v -0.7783 -1.6542 0.9470
v -0.5955 -1.6946 0.7067
v -0.4852 -1.7292 0.1816
v -0.5696 -1.7200 -0.0611
v -0.7403 -1.6939 -0.2665
v -1.3242 -2.0391 -0.4767
v -1.0596 -2.0824 -0.4171
v -1.4259 -2.0149 1.1642
v -1.9756 -1.9301 -0.1202
v -1.5827 -1.9964 -0.4424
v -2.0772 -1.9127 0.1341
v -2.1086 -1.9085 0.4200
v -1.6947 -1.9734 1.1059
v -1.1508 -2.0597 1.1047
v -1.9102 -1.9400 0.9437
v -2.0522 -1.9178 0.7033
v -0.9046 -2.1012 0.9381
v -0.7140 -2.1338 0.7018
v -0.5762 -2.1591 0.1723
v -0.6538 -2.1475 -0.0725
v -0.8240 -2.1205 -0.2759
v -1.4101 -2.4450 -0.4822
v -1.1515 -2.4880 -0.4278
v -1.5236 -2.4707 1.1029
v -2.0328 -2.3551 -0.1233
v -1.6616 -2.4057 -0.4440
v -2.1146 -2.3489 0.1220
v -2.1212 -2.3557 0.3926
v -1.7516 -2.4329 1.0420
v -1.2747 -2.5092 1.0518
v -1.9321 -2.3998 0.8851
v -2.0574 -2.3735 0.6582
v -1.0381 -2.5429 0.8965
v -0.8456 -2.5676 0.6701
v -0.6876 -2.5785 0.1489
v -0.7572 -2.5606 -0.0933
v -0.9215 -2.5287 -0.2921
v -1.4853 -2.8052 -0.5131
v -1.2367 -2.8524 -0.4572
v -1.6016 -2.8867 1.0135
v -2.0862 -2.7244 -0.1537
v -1.7296 -2.7650 -0.4762
v -2.1567 -2.7284 0.0898
v -2.1505 -2.7472 0.3524
v -1.8038 -2.8480 0.9597
v -1.3752 -2.9229 0.9651
v -1.9653 -2.8104 0.8161
v -2.0824 -2.7759 0.6045
v -1.1542 -2.9520 0.8222
v -0.9678 -2.9706 0.6119
v -0.8029 -2.9661 0.1116
v -0.8647 -2.9395 -0.1257
v -1.0184 -2.8995 -0.3216
v -1.5382 -3.1332 -0.5694
v -1.2990 -3.1879 -0.5066
v -1.6444 -3.2613 0.9114
v -2.1341 -3.0486 -0.2134
v -1.7783 -3.0877 -0.5382
v -2.2026 -3.0600 0.0359
v -2.1914 -3.0891 0.3008
v -1.8344 -3.2191 0.8727
v -1.4371 -3.2978 0.8595
v -1.9938 -3.1742 0.7467
v -2.1160 -3.1294 0.5480
v -1.2347 -3.3253 0.7274
v -1.0604 -3.3412 0.5358
v -0.8982 -3.3265 0.0639
v -0.9521 -3.2921 -0.1692
v -1.0936 -3.2436 -0.3660
v -1.5649 -3.4693 -0.6305
v -1.3323 -3.5307 -0.5586
v -1.6524 -3.6211 0.8193
v -2.1751 -3.3715 -0.2887
v -1.8043 -3.4175 -0.6086
v -2.2512 -3.3849 -0.0318
v -2.2395 -3.4201 0.2425
v -1.8409 -3.5756 0.7961
v -1.4585 -3.6584 0.7618
v -2.0121 -3.5237 0.6857
v -2.1523 -3.4694 0.4936
v -1.2734 -3.6857 0.6379
v -1.1130 -3.7015 0.4634
v -0.9579 -3.6841 0.0182
v -1.0056 -3.6460 -0.2121
v -1.1372 -3.5925 -0.4115
v -1.5736 -3.8578 -0.6748
v -1.3453 -3.9208 -0.5950
v -1.6368 -4.0085 0.7484
v -2.2122 -3.7476 -0.3581
v -1.8144 -3.8027 -0.6635
v -2.3008 -3.7580 -0.0972
v -2.2904 -3.7935 0.1871
v -1.8305 -3.9616 0.7362
v -1.4503 -4.0454 0.6880
v -2.0220 -3.9060 0.6363
v -2.1885 -3.8467 0.4459
v -1.2779 -4.0724 0.5717
v -1.1292 -4.0887 0.4108
v -0.9847 -4.0732 -0.0151
v -1.0303 -4.0359 -0.2433
v -1.1566 -3.9829 -0.4436
v -1.5780 -4.3176 -0.6938
v -1.3531 -4.3750 -0.6100
v -1.6131 -4.4470 0.7014
v -2.2378 -4.2071 -0.4030
v -1.8208 -4.2656 -0.6908
v -2.3358 -4.2125 -0.1429
v -2.3260 -4.2432 0.1474
v -1.8144 -4.4031 0.6959
v -1.4300 -4.4811 0.6410
v -2.0244 -4.3499 0.6029
v -2.2114 -4.2929 0.4126
v -1.2663 -4.5062 0.5311
v -1.1276 -4.5216 0.3793
v -0.9975 -4.5094 -0.0353
v -1.0448 -4.4769 -0.2601
v -1.1688 -4.4303 -0.4583
v -1.5896 -4.8281 -0.6897
v -1.3704 -4.8735 -0.6052
v -1.5966 -4.9235 0.6773
v -2.2485 -4.7333 -0.4142
v -1.8294 -4.7855 -0.6902
v -2.3487 -4.7345 -0.1574
v -2.3379 -4.7570 0.1338
v -1.7995 -4.8875 0.6767
v -1.4184 -4.9513 0.6169
v -2.0179 -4.8435 0.5896
v -2.2160 -4.7966 0.4009
v -1.2637 -4.9717 0.5110
v -1.1360 -4.9843 0.3637
v -1.0230 -4.9760 -0.0425
v -1.0719 -4.9516 -0.2619
v -1.1923 -4.9162 -0.4556
v -1.6156 -5.3515 -0.6675
v -1.4063 -5.3823 -0.5844
v -1.6000 -5.4067 0.6707
v -2.2497 -5.2807 -0.3915
v -1.8467 -5.3213 -0.6664
v -2.3440 -5.2788 -0.1385
v -2.3299 -5.2920 0.1484
v -1.7953 -5.3812 0.6744
v -1.4322 -5.4263 0.6100
v -2.0088 -5.3503 0.5938
v -2.2063 -5.3181 0.4111
v -1.2905 -5.4409 0.5059
v -1.1766 -5.4502 0.3613
v -1.0807 -5.4471 -0.0342
v -1.1272 -5.4325 -0.2467
v -1.2390 -5.4102 -0.4365
v -1.6591 -5.8497 -0.6414
v -1.4595 -5.8677 -0.5605
v -1.6277 -5.8618 0.6822
v -2.2629 -5.7992 -0.3455
v -1.8825 -5.8303 -0.6328
v -2.3464 -5.7937 -0.0948
v -2.3272 -5.7975 0.1850
v -1.8119 -5.8458 0.6878
v -1.4738 -5.8747 0.6220
v -2.0165 -5.8276 0.6128
v -2.2060 -5.8099 0.4386
v -1.3476 -5.8848 0.5191
v -1.2482 -5.8925 0.3760
v -1.1650 -5.8971 -0.0107
v -1.2052 -5.8921 -0.2202
v -1.3048 -5.8821 -0.4109
v -1.7155 -6.2940 -0.6324
v -1.5188 -6.3020 -0.5515
v -1.6772 -6.2651 0.7187
v -2.3024 -6.2564 -0.2986
v -1.9365 -6.2823 -0.6128
v -2.3761 -6.2469 -0.0431
v -2.3505 -6.2422 0.2340
v -1.8505 -6.2564 0.7222
v -1.5354 -6.2731 0.6608
v -2.0461 -6.2485 0.6485
v -2.2292 -6.2431 0.4804
v -1.4215 -6.2804 0.5589
v -1.3322 -6.2879 0.4156
v -1.2514 -6.3012 0.0263
v -1.2825 -6.3050 -0.1903
v -1.3714 -6.3055 -0.3926
v -1.7817 -6.6884 -0.6138
v -1.5857 -6.6883 -0.5324
v -2.3446 -6.6596 -0.2443
v -1.5097 -6.6313 0.6158
v -1.4257 -6.6397 0.4748
v -1.3396 -6.6615 0.0823
v -1.3610 -6.6730 -0.1447
v -1.4416 -6.6826 -0.3619
v -0.0781 0.1679 0.3447
v -0.1258 0.0596 0.3505
v -0.1630 -0.0856 0.3328
v -0.2194 -0.3313 0.3361
v -0.2794 -0.6223 0.3603
v -0.4121 -1.3132 0.4279
v -0.4951 -1.7204 0.4432
v -0.5992 -2.1540 0.4373
v -0.7213 -2.5804 0.4113
v -0.8420 -2.9762 0.3660
v -0.9393 -3.3427 0.3073
v -0.9991 -3.7023 0.2516
v -1.0231 -4.0904 0.2113
v -1.0302 -4.5240 0.1868
v -1.0489 -4.9867 0.1751
v -1.1009 -5.4528 0.1769
v -1.1829 -5.8969 0.1952
v -1.2718 -6.2951 0.2344
v -0.8300 -0.8104 1.1448
v -0.5817 -0.8748 0.9364
v -0.4168 -0.9220 0.6640
v -0.3425 -0.9480 0.3959
v -0.3537 -0.9522 0.1468
v -0.4436 -0.9357 -0.0805
v -0.6046 -0.9010 -0.2791
v -0.8235 -0.8517 -0.4379
v -1.0804 -0.7927 -0.5310
v -1.3543 -0.7297 -0.5298
v -1.8601 -0.6149 -0.2103
v -2.0211 -0.5759 0.0946
v -2.0922 -0.5589 0.4560
v -2.0375 -0.5692 0.7899
v -1.8383 -0.6066 1.0548
v -1.5239 -0.6657 1.2187
v -1.1525 -0.7371 1.2420
v -0.1256 2.1124 -0.7294
v -0.0982 1.9296 -0.7638
v -0.0878 1.6557 -0.8385
v -0.0786 1.3279 -0.9709
v -0.0933 0.9724 -1.0550
v -0.0839 0.6706 -0.9249
v -0.0623 0.4682 -0.6186
v -0.0486 0.3468 -0.3353
v -0.0349 0.2749 -0.1039
v -0.0286 0.2357 0.1183
v -0.0398 0.2291 0.3489
v -0.0703 0.2640 0.5973
v -0.1130 0.3539 0.8620
v -0.1565 0.5132 1.1083
v -0.1800 0.7478 1.2713
v -0.1607 1.0382 1.3299
v -0.1488 1.3266 1.3628
v -0.1474 1.5914 1.3919
v -0.1564 1.7563 1.3965
v -0.2145 3.0028 1.5616
v -0.2057 2.9628 1.5579
v -0.1832 2.9285 1.5607
v -0.1506 2.9051 1.5694
v -0.1128 2.8961 1.5829
v -0.0756 2.9030 1.5989
v -0.0445 2.9247 1.6152
v -0.0245 2.9578 1.6291
v -0.0184 2.9974 1.6387
v -0.0272 3.0374 1.6423
v -0.0497 3.0717 1.6396
v -0.0823 3.0951 1.6308
v -0.1201 3.1041 1.6174
v -0.1573 3.0972 1.6013
v -0.1884 3.0755 1.5851
v -0.2084 3.0424 1.5711
v -0.2125 2.9598 1.5752
v -0.2214 2.9998 1.5788
v -0.1901 2.9255 1.5779
v -0.1575 2.9021 1.5867
v -0.1197 2.8931 1.6001
v -0.0824 2.9000 1.6162
v -0.0514 2.9217 1.6324
v -0.0313 2.9548 1.6464
v -0.0253 2.9944 1.6559
v -0.0341 3.0344 1.6596
v -0.0565 3.0687 1.6569
v -0.0892 3.0921 1.6481
v -0.1270 3.1011 1.6347
v -0.1642 3.0942 1.6186
v -0.1952 3.0725 1.6023
v -0.2153 3.0394 1.5884
v -0.1981 2.9658 1.5820
v -0.2055 2.9994 1.5851
v -0.1793 2.9371 1.5843
v -0.1519 2.9175 1.5917
v -0.1203 2.9100 1.6030
v -0.0891 2.9157 1.6164
v -0.0631 2.9339 1.6300
v -0.0462 2.9617 1.6417
v -0.0411 2.9948 1.6497
v -0.0486 3.0283 1.6528
v -0.0674 3.0571 1.6505
v -0.0947 3.0767 1.6431
v -0.1264 3.0842 1.6319
v -0.1576 3.0784 1.6184
v -0.1836 3.0603 1.6048
v -0.2004 3.0325 1.5931
v -0.1283 3.0919 1.6373
v -0.1625 3.0856 1.6226
v -0.0874 2.9072 1.6204
v -0.0588 2.9271 1.6353
v -0.1910 3.0657 1.6076
v -0.0404 2.9575 1.6481
v -0.2095 3.0352 1.5948
v -0.0348 2.9939 1.6569
v -0.2151 2.9989 1.5860
v -0.2069 2.9621 1.5827
v -0.0430 3.0307 1.6603
v -0.1863 2.9306 1.5852
v -0.0636 3.0622 1.6577
v -0.1563 2.9091 1.5933
v -0.0935 3.0837 1.6497
v -0.1216 2.9009 1.6056
v -0.1209 3.0139 1.6123
v -0.1214 3.0248 1.6144
v -0.1232 3.0411 1.6205
v -0.1235 3.0498 1.6220
v -0.1238 3.0586 1.6234
v -0.1241 3.0673 1.6249
v -0.1230 3.0889 1.6237
v -0.0902 3.0811 1.6354
v -0.0988 3.0613 1.6338
v -0.1017 3.0533 1.6313
v -0.1046 3.0454 1.6287
v -0.1074 3.0374 1.6261
v -0.1107 3.0224 1.6182
v -0.1165 3.0111 1.6149
v -0.1143 2.9850 1.6096
v -0.1087 2.9732 1.6100
v -0.1046 2.9574 1.6128
v -0.1012 2.9492 1.6127
v -0.0978 2.9411 1.6126
v -0.0944 2.9329 1.6125
v -0.0844 2.9143 1.6077
v -0.1167 2.9083 1.5938
v -0.1192 2.9283 1.6018
v -0.1196 2.9371 1.6032
v -0.1199 2.9458 1.6047
v -0.1202 2.9545 1.6062
v -0.1193 2.9715 1.6054
v -0.1195 2.9822 1.6067
v -0.1267 3.0115 1.6107
v -0.1319 3.0230 1.6098
v -0.1387 3.0382 1.6138
v -0.1421 3.0464 1.6139
v -0.1456 3.0545 1.6140
v -0.1490 3.0627 1.6141
v -0.1554 3.0829 1.6098
v -0.1095 2.9869 1.6139
v -0.1006 2.9780 1.6139
v -0.0917 2.9664 1.6196
v -0.0857 2.9601 1.6209
v -0.0797 2.9537 1.6221
v -0.0736 2.9474 1.6234
v -0.0574 2.9331 1.6218
v -0.1324 3.0089 1.6091
v -0.1399 3.0186 1.6056
v -0.1516 3.0292 1.6071
v -0.1577 3.0355 1.6058
v -0.1637 3.0419 1.6045
v -0.1697 3.0482 1.6033
v -0.1823 3.0641 1.5957
v -0.1057 2.9917 1.6170
v -0.0963 2.9870 1.6172
v -0.0834 2.9802 1.6254
v -0.0756 2.9767 1.6279
v -0.0679 2.9731 1.6303
v -0.0602 2.9696 1.6327
v -0.0400 2.9619 1.6339
v -0.1365 3.0041 1.6070
v -0.1442 3.0097 1.6022
v -0.1600 3.0154 1.6013
v -0.1677 3.0190 1.5988
v -0.1754 3.0225 1.5964
v -0.1832 3.0261 1.5939
v -0.1998 3.0353 1.5835
v -0.1054 2.9973 1.6191
v -0.0947 2.9976 1.6198
v -0.0808 2.9967 1.6294
v -0.0726 2.9965 1.6326
v -0.0644 2.9962 1.6359
v -0.0561 2.9960 1.6391
v -0.0347 2.9963 1.6422
v -0.1361 2.9926 1.6051
v -0.1435 2.9883 1.5986
v -0.1588 2.9823 1.5958
v -0.1663 2.9791 1.5922
v -0.1738 2.9760 1.5887
v -0.1813 2.9729 1.5851
v -0.1973 2.9662 1.5721
v -0.2050 3.0009 1.5752
v -0.1872 2.9996 1.5876
v -0.1790 2.9994 1.5908
v -0.1707 2.9992 1.5940
v -0.1625 2.9989 1.5973
v -0.1458 2.9990 1.5997
v -0.1376 2.9982 1.6065
v -0.1062 3.0032 1.6189
v -0.0970 3.0084 1.6208
v -0.0845 3.0133 1.6309
v -0.0770 3.0165 1.6345
v -0.0696 3.0196 1.6380
v -0.0621 3.0227 1.6415
v -0.0424 3.0310 1.6454
v -0.1316 2.9875 1.6056
v -0.1385 2.9791 1.5990
v -0.1495 2.9680 1.5969
v -0.1551 2.9620 1.5936
v -0.1607 2.9560 1.5903
v -0.1663 2.9500 1.5869
v -0.1779 2.9364 1.5745
v -0.1106 3.0082 1.6177
v -0.1020 3.0176 1.6205
v -0.0939 3.0276 1.6298
v -0.0883 3.0336 1.6331
v -0.0827 3.0396 1.6364
v -0.0771 3.0457 1.6397
v -0.0619 3.0608 1.6430
v -0.1255 2.9850 1.6069
v -0.1301 2.9738 1.6015
v -0.1359 2.9582 1.6006
v -0.1388 2.9503 1.5980
v -0.1416 2.9423 1.5954
v -0.1445 2.9343 1.5928
v -0.1495 2.9161 1.5821
v -0.1385 2.9989 1.6052
v -0.1305 3.0033 1.6092
v -0.1216 3.0074 1.6135
v -0.1298 2.9933 1.6077
v -0.1211 2.9979 1.6120
v -0.1125 3.0024 1.6162
v -0.1207 2.9878 1.6103
v -0.1117 2.9924 1.6147
v -0.1038 2.9971 1.6187
v -0.1140 2.9849 1.6107
v -0.1186 2.9894 1.6053
v -0.1262 2.9853 1.6059
v -0.1211 2.9831 1.6107
v -0.1218 2.9981 1.6127
v -0.1272 2.9974 1.6127
v -0.1187 2.9973 1.6176
v -0.1242 2.9975 1.6182
v -0.1258 3.0113 1.6112
v -0.1174 3.0105 1.6163
v -0.1228 3.0121 1.6169
v -0.1200 3.0077 1.6095
v -0.1210 3.0159 1.6129
v -0.1144 3.0144 1.6152
v -0.1131 2.9817 1.6096
v -0.1196 2.9805 1.6069
v -0.1274 3.0147 1.6100
v -0.1078 2.9854 1.6124
v -0.1327 3.0111 1.6072
v -0.1044 2.9911 1.6147
v -0.1361 3.0055 1.6047
v -0.1033 2.9979 1.6163
v -0.1356 2.9919 1.6024
v -0.1371 2.9988 1.6030
v -0.1049 3.0047 1.6170
v -0.1318 2.9861 1.6029
v -0.1088 3.0105 1.6166
v -0.1262 2.9820 1.6045
v 1.9408 6.1745 0.6549
v 1.8652 5.9988 0.8553
v 1.6634 5.5118 1.0996
v 1.5763 5.2474 1.1727
v 1.5002 4.9814 1.2337
v 1.4238 4.8256 1.2623
v 1.5730 6.1019 0.8279
v 1.6486 6.2852 0.6301
v 1.3873 5.6021 1.1177
v 1.3172 5.3231 1.2385
v 1.2651 5.0398 1.3607
v 1.2027 4.8662 1.3925
v 1.2908 6.1523 0.7903
v 1.3635 6.3365 0.5915
v 1.1254 5.6551 1.1194
v 1.0611 5.3629 1.2703
v 1.0110 5.0609 1.4247
v 0.9550 4.8785 1.4727
v 1.0451 6.1707 0.7355
v 1.1244 6.3481 0.5448
v 0.8679 5.6924 1.0839
v 0.7981 5.3921 1.2546
v 0.7493 5.0687 1.4262
v 0.7037 4.8749 1.4926
v 1.6089 4.2460 0.0871
v 1.3438 4.4026 -0.5165
v 1.1382 4.4909 -0.7166
v 0.9119 4.5617 -0.8155
v 1.4191 1.2248 -0.7134
v 2.2161 6.0365 0.6331
v 2.1344 5.8631 0.8610
v 1.9296 5.3833 1.1156
v 1.8522 5.1122 1.1216
v 1.5143 0.9809 -0.6582
v 1.8146 4.8568 1.0341
v 1.5917 4.7402 1.1175
v 1.8331 4.5267 0.6044
v 1.7576 4.5194 0.6566
v 0.6804 4.6060 -0.8253
v 0.4513 4.6259 -0.7850
v -0.0003 4.6297 -0.7177
v 1.1542 6.4376 -0.5892
v 1.2442 6.6398 -0.2106
v 1.2337 6.6360 0.1225
v 1.1883 6.5020 0.3419
v 0.2074 3.7889 1.7565
v 1.3657 6.3503 -0.5977
v 1.4375 6.5815 -0.2167
v 1.4455 6.6090 0.1291
v 1.4177 6.4885 0.3716
v 1.4723 5.8657 -0.7677
v 1.2767 5.0708 -0.7711
v 1.2408 4.9186 -0.7519
v 1.2264 5.9725 -0.8237
v 1.0263 5.1443 -0.8714
v 0.9982 4.9871 -0.8520
v 0.9194 6.0454 -0.8226
v 0.7666 5.1778 -0.8765
v 0.7461 5.0223 -0.8573
v 0.5643 5.8880 -0.7654
v 0.5066 5.1840 -0.8227
v 0.4947 5.0344 -0.8059
v 0.0000 5.8026 -0.6738
v -0.0001 5.1791 -0.7471
v -0.0004 5.0360 -0.7219
v 1.5760 6.2150 -0.5583
v 1.6542 6.4568 -0.2128
v 1.7026 6.5246 0.1305
v 1.6962 6.4286 0.3979
v 1.8033 6.0305 -0.5388
v 1.9014 6.2726 -0.2355
v 1.9804 6.3738 0.1158
v 1.9845 6.3045 0.4072
v 0.6159 4.2166 -0.7551
v 1.7043 5.7140 -0.6976
v 1.8219 4.5795 0.0150
v 1.7311 4.5700 0.0636
v 2.0577 5.8372 -0.4688
v 2.1626 6.0445 -0.2474
v 2.2355 6.1476 0.0441
v 2.2544 6.1790 0.3523
v 1.9499 5.5607 -0.5809
v 0.4096 4.2404 -0.7423
v 1.8387 4.5025 0.3114
v 1.7650 4.5050 0.3793
v 1.6995 4.6123 0.9016
v 1.8154 4.6512 0.8559
v 1.4622 4.8154 -0.5448
v 1.5181 4.9491 -0.5692
v 1.3159 1.8911 -0.4879
v 0.0000 4.3741 -0.7103
v 0.4215 4.3690 -0.7590
v 0.6344 4.3471 -0.7800
v 0.8507 4.2987 -0.7569
v 1.0661 4.2231 -0.6590
v 1.2690 4.1310 -0.4750
v 1.5665 3.9616 0.0761
v 1.5923 3.9383 0.3962
v 1.5674 3.9671 0.6975
v 1.3276 4.1209 1.2329
v 1.4776 4.0446 0.9793
v 0.8191 4.5208 1.5562
v 0.5746 4.5243 1.5937
v 0.1537 3.5784 1.7607
v 0.4122 3.5830 1.7556
v 0.6823 3.5713 1.6783
v 0.9477 3.5374 1.5174
v 1.1850 3.4922 1.2846
v 1.2457 3.8499 1.2687
v 1.4588 4.4968 1.1930
v 1.2719 4.5235 1.3581
v 1.0561 4.5282 1.4739
v 0.9502 6.3816 0.4943
v 0.7229 5.9109 0.9334
v 0.8812 6.2235 0.6550
v 0.5052 4.4222 1.6216
v 0.7595 4.4175 1.5840
v 1.2968 2.1558 -0.3153
v 1.0017 4.4179 1.5010
v 1.2248 4.4055 1.3751
v 1.5598 4.3051 0.9621
v 1.3545 1.5674 -0.6019
v 1.4284 4.3777 1.2079
v 1.3596 3.6571 -0.2453
v 1.6223 4.2351 0.6958
v 1.4129 3.9115 -0.2233
v 1.2907 3.3866 -0.2285
v 1.6422 4.2151 0.4115
v 1.2488 3.1935 -0.2048
v 0.9538 5.9544 0.9133
v 1.2050 5.9233 0.9636
v 1.4767 5.8687 0.9866
v 1.7641 5.7703 1.0009
v 2.0312 5.6402 1.0247
v 1.3297 5.3128 -0.8054
v 1.0785 5.3914 -0.8821
v 0.8075 5.4246 -0.8846
v 0.5275 5.4054 -0.8192
v -0.0000 5.3785 -0.7438
v 1.2055 2.9580 -0.1769
v 1.5063 4.3151 -0.2354
v 1.5367 4.4402 -0.2449
v 1.3920 3.7842 -0.2397
v 1.5697 5.1859 -0.6480
v 1.3232 3.5216 -0.2394
v 1.1899 2.7607 -0.1717
v 1.2201 2.4833 -0.2149
v 1.8120 4.9794 -0.4547
v 1.8030 4.7447 -0.2502
v 1.6441 4.6877 -0.2576
v 1.4421 4.0387 -0.2201
v 0.0000 5.5778 -0.7404
v 0.5483 5.6267 -0.8156
v 0.8485 5.6715 -0.8926
v 1.1308 5.6385 -0.8927
v 1.3827 5.5548 -0.8397
v 1.6213 5.4229 -0.7268
v 1.6526 4.3594 0.6937
v 1.1705 4.6137 -0.7360
v 0.9397 4.6814 -0.8344
v 0.7015 4.7229 -0.8396
v 0.4652 4.7413 -0.7926
v -0.0008 4.7442 -0.7175
v 1.6324 4.3747 0.0835
v 1.6723 4.3448 0.4113
v 1.3772 4.5271 -0.5322
v 1.5197 3.7108 0.7043
v 1.0128 3.9578 -0.6014
v 0.8075 4.0305 -0.6947
v 0.6026 4.0797 -0.7297
v 0.4009 4.1083 -0.7242
v 1.5054 3.7218 0.0463
v 1.5392 3.6962 0.3770
v 1.2132 3.8708 -0.4491
v 1.4529 3.4287 0.6944
v 0.9824 3.6675 -0.5516
v 0.7899 3.7298 -0.6395
v 0.5924 3.7710 -0.6776
v 0.3966 3.7955 -0.6766
v 0.0000 3.8074 -0.6440
v 1.4333 3.4664 0.0281
v 1.4809 3.4296 0.3595
v 1.1636 3.5922 -0.4212
v 1.4278 3.2906 0.6949
v 0.9735 3.5128 -0.5138
v 0.7900 3.5654 -0.5942
v 0.5962 3.6003 -0.6355
v 0.4012 3.6215 -0.6431
v 1.4007 3.3337 0.0294
v 1.4395 3.3075 0.3629
v 1.1413 3.4477 -0.3960
v 1.3927 3.0748 0.7002
v 0.9581 3.2986 -0.4684
v 0.7877 3.3408 -0.5416
v 0.6012 3.3696 -0.5864
v 0.4067 3.3886 -0.6073
v 1.3570 3.1435 0.0424
v 1.3977 3.1024 0.3717
v 1.1109 3.2454 -0.3623
v 1.3671 2.8290 0.7002
v 0.9312 3.0529 -0.4355
v 0.7742 3.0927 -0.5098
v 0.5989 3.1243 -0.5612
v 0.4084 3.1479 -0.5904
v 1.3138 2.9117 0.0640
v 1.3683 2.8597 0.3801
v 1.0745 3.0053 -0.3326
v 1.3912 2.6581 0.7008
v 0.3127 2.5468 1.6401
v -0.2190 2.4781 1.5108
v 1.3846 2.6857 0.3759
v 1.0539 2.8067 -0.3318
v 0.0797 2.5157 1.6113
v 1.5851 4.4263 0.9532
v 1.4126 3.7748 1.0013
v 1.3408 3.2952 1.0072
v 1.3615 3.4507 1.0064
v 0.6424 3.3678 1.6804
v 0.9161 3.3464 1.5227
v 1.0779 2.6180 1.2405
v -0.2298 2.6575 1.5317
v -0.2481 2.9794 1.5416
v 0.0787 2.7112 1.6378
v 0.5950 3.0662 1.6610
v 0.8739 3.0685 1.5139
v 1.0937 2.7976 1.2612
v 0.3107 2.7401 1.6698
v 0.5739 2.7674 1.6234
v 0.8476 2.7862 1.4829
v 1.1245 3.0647 1.2833
v 0.3692 3.3733 1.7523
v 0.0804 3.0283 1.6887
v 0.5707 2.5779 1.5935
v 0.8364 2.6024 1.4562
v 1.1609 3.3183 1.2869
v 0.3241 3.0521 1.7227
v 0.1151 3.3654 1.7462
v 1.3071 3.0634 1.0083
v 1.2756 2.8093 0.9970
v 1.2658 2.6350 0.9847
v 1.3113 2.7182 0.0695
v -0.2154 2.1628 1.5168
v -0.2212 1.7290 1.5214
v 1.4304 2.3674 0.6746
v 1.4552 2.4167 0.3421
v 0.3831 2.1792 1.6109
v 0.0765 2.1666 1.5889
v 1.0498 2.2927 1.2408
v 1.2406 2.3034 1.0170
v 0.4086 2.9664 -0.5932
v 0.9132 2.8533 -0.4342
v 0.7629 2.8961 -0.5096
v 0.5949 2.9347 -0.5634
v 1.1169 1.9488 1.1825
v 0.0821 1.8142 1.5938
v 0.3225 1.8422 1.6374
v 1.5957 2.0969 0.2876
v 1.4998 2.0560 0.6162
v 1.3433 2.0041 0.9241
v 0.8665 1.9034 1.4359
v 0.5936 1.8690 1.5830
v 1.3730 2.4474 0.0336
v 1.5166 2.1271 -0.0319
v 0.8973 2.5721 -0.4734
v 0.7474 2.6195 -0.5425
v 0.5853 2.6683 -0.5937
v 0.4045 2.7123 -0.6191
v 0.9099 2.2324 -0.6267
v 0.7301 2.2816 -0.6869
v 0.5530 2.3344 -0.7228
v 0.3751 2.3838 -0.7357
v -0.0016 2.4332 -0.7218
v 0.9128 1.9532 -0.8204
v 0.7202 1.9925 -0.8832
v 0.5339 2.0360 -0.9121
v 0.3530 2.0784 -0.9111
v 1.0513 2.5263 -0.3758
v 1.0989 2.1902 -0.5136
v 0.9043 1.6125 -0.9879
v 0.6927 1.6359 -1.0682
v 0.4974 1.6607 -1.0934
v 0.3181 1.6849 -1.0798
v 0.0000 1.7101 -1.0383
v 1.5400 1.5448 -0.2184
v 1.1325 1.5900 -0.8356
v 0.8818 1.2597 -1.1211
v 0.6474 1.2695 -1.2045
v 0.4438 1.2754 -1.2214
v 0.2710 1.2788 -1.2082
v 1.6462 1.1986 -0.2902
v 1.1503 1.2451 -0.9631
v 0.9694 1.0083 -1.0701
v 0.7148 1.0143 -1.1694
v 0.4931 1.0161 -1.2165
v 0.3056 1.0157 -1.2292
v 1.7243 0.9588 -0.2883
v 1.2446 0.9973 -0.9014
v 1.6573 1.5221 0.1578
v 1.6555 1.4970 0.5442
v 1.5186 1.4656 0.8842
v 1.7957 1.1681 0.1018
v 1.7984 1.1354 0.5112
v 1.6317 1.1033 0.8634
v 1.8344 0.9318 0.0783
v 1.8158 0.9031 0.4604
v 1.6597 0.8766 0.8189
v 1.2560 1.4274 1.1431
v 0.1055 1.2790 1.5968
v 0.3543 1.3093 1.6305
v 0.9536 1.3857 1.3944
v 0.6466 1.3452 1.5528
v 1.3354 1.0746 1.1295
v 0.1177 1.0105 1.5650
v 0.3710 1.0201 1.6083
v 1.0029 1.0510 1.3734
v 0.6764 1.0331 1.5344
v 1.4019 0.8547 1.1257
v 0.2310 0.8262 1.5512
v 0.4873 0.8222 1.5305
v 1.0919 0.8377 1.3595
v 0.7789 0.8261 1.4720
v 0.8962 1.6734 1.4136
v 0.6067 1.6307 1.5699
v 0.0892 1.5614 1.5910
v 1.1729 1.7210 1.1536
v 0.3291 1.5936 1.6319
v 1.1135 1.9195 -0.6944
v 1.5441 1.8666 -0.1226
v 1.6357 1.8418 0.2227
v 1.4166 1.7689 0.8943
v 1.5528 1.8103 0.5761
v 0.8052 6.0643 0.7993
v 0.0000 6.0570 -0.5921
v 0.5160 6.1467 -0.6594
v 0.7800 6.3062 -0.6622
v 1.0105 6.5337 0.3181
v 1.0624 6.6703 0.1242
v 1.0667 6.6881 -0.1626
v 0.9793 6.5472 -0.4760
v 1.4695 3.5993 0.0339
v 0.7957 3.8844 -0.6660
v 0.3956 3.9644 -0.7060
v 0.5945 3.9329 -0.7053
v 1.1889 3.7365 -0.4412
v 1.4961 3.5699 0.7025
v 0.3196 4.0998 1.7260
v 0.5797 4.1047 1.6937
v 0.4668 3.7941 1.7462
v 0.7315 3.7812 1.6616
v 0.9956 3.8167 -0.5778
v 1.5430 3.8402 0.7020
v 1.5662 3.8162 0.3875
v 1.2137 3.6793 1.2792
v 1.0742 4.0596 1.4592
v 0.8357 4.0971 1.6038
v 1.4420 3.9149 0.9917
v 1.2838 3.9941 1.2527
v 1.8627 5.2613 -0.5725
v 1.5353 3.8403 0.0639
v 1.2368 4.0016 -0.4572
v 1.0361 4.0922 -0.6289
v 0.8259 4.1675 -0.7254
v 0.9860 3.7394 1.5036
v 1.3869 3.6176 1.0058
v 1.5099 3.5687 0.3659
v 1.1271 4.1788 1.4334
v 0.8937 4.2083 1.5732
v 0.6397 4.2128 1.6618
v 0.3773 4.2107 1.6991
v 0.2652 3.9642 1.7443
v 0.5234 3.9703 1.7230
v 0.7823 3.9596 1.6340
v 1.0273 3.9172 1.4830
v 0.6598 5.6569 1.1277
v 0.6168 5.3685 1.2697
v 0.4519 4.8733 1.4812
v 0.5267 5.0801 1.4193
v 0.2384 4.4426 1.6181
v -0.0937 3.5721 1.6911
v 0.3139 4.5648 1.5739
v 0.6287 5.8533 1.0052
v -0.1171 2.4868 1.5474
v -0.1264 2.6936 1.5734
v -0.1217 3.3447 1.6553
v -0.1417 2.9972 1.5932
v -0.1116 2.1528 1.5364
v -0.0408 3.7904 1.7020
v 0.0666 4.1032 1.7100
v 0.2713 5.8185 -0.6946
v 0.1148 4.2167 1.6950
v 0.0214 3.9669 1.7072
v 0.2520 6.0741 -0.6101
v 0.2673 5.5882 -0.7585
v 0.2596 5.3845 -0.7639
v 0.2520 5.1809 -0.7692
v 0.2469 5.0361 -0.7464
v 0.2319 4.7452 -0.7376
v 0.2252 4.6302 -0.7362
v 0.2110 4.3742 -0.7251
v 0.2056 4.2482 -0.7132
v 0.2026 4.1191 -0.6958
v 0.2012 3.9749 -0.6763
v 0.2025 3.8052 -0.6540
v 0.2048 3.6326 -0.6349
v 0.2074 3.4008 -0.6148
v 0.2089 3.1645 -0.6009
v 0.2099 2.9889 -0.6007
v 0.2084 2.7442 -0.6164
v 0.1902 2.4199 -0.7322
v 0.1764 2.1102 -0.8948
v 0.1539 1.7033 -1.0529
v 0.1264 1.2805 -1.1929
v 0.1457 1.0146 -1.2291
v 0.0075 0.8866 1.5224
v -0.0919 1.0665 1.5002
v -0.1075 1.2548 1.5494
v -0.1116 1.5332 1.5354
v -0.1068 1.7864 1.5454
v 1.5943 4.0986 0.6955
v 1.6187 4.0711 0.4052
v 1.5943 4.0970 0.0850
v 1.3061 4.2649 -0.4960
v 1.1012 4.3560 -0.6892
v 0.8804 4.4299 -0.7877
v 0.6567 4.4767 -0.8039
v 0.4359 4.4976 -0.7733
v -0.0001 4.5019 -0.7153
v 0.4395 4.3145 1.6633
v 0.7004 4.3136 1.6253
v 0.9500 4.3119 1.5392
v 1.1783 4.2909 1.4045
v 1.5347 4.1719 0.9730
v 1.3748 4.2439 1.2135
v 1.4767 4.1731 -0.2257
v 0.1707 4.3238 1.6627
v 0.2179 4.5022 -0.7324
v 0.0000 6.3646 -0.4712
v 0.4472 6.4362 -0.4979
v 0.6600 6.5522 -0.4551
v 0.8836 6.7782 -0.0459
v 0.8081 6.6996 -0.2857
v 0.2205 6.3799 -0.4843
v 0.6637 6.0371 0.8565
v 0.7738 6.3061 0.6100
v 0.7200 6.1654 0.7366
v 0.6131 5.9838 0.9334
v 0.8245 6.4544 0.4713
v 0.8693 6.6028 0.3248
v 0.9074 6.7413 0.1692
v 0.0004 4.1172 -0.6851
v 0.0000 3.6357 -0.6311
v 0.0000 3.4053 -0.6181
v 0.0000 3.1712 -0.6022
v -0.0002 2.9979 -0.5951
v -0.0011 2.7565 -0.6040
v -0.0011 2.1220 -0.8813
v 0.0000 1.2811 -1.1829
v -0.0003 1.0141 -1.2292
v -0.2255 1.2572 1.5209
v -0.2098 1.0998 1.4785
v -0.1923 0.9724 1.4666
v -0.2332 1.5013 1.5154
v 0.0001 4.2474 -0.7012
v 0.0003 3.9738 -0.6625
v 3.7636 4.2101 0.8187
v 3.6715 4.1516 0.9669
v 3.4633 3.9146 1.1103
v 3.3749 3.7673 1.0898
v 3.3135 3.6258 1.0112
v 3.2965 3.4250 0.7298
v 3.4025 3.3824 0.3709
v 3.8491 3.9800 0.0513
v 3.8834 4.1053 0.2315
v 3.8755 4.1851 0.4394
v 3.8334 4.2202 0.6391
v 3.7780 3.8256 -0.0527
v 3.3376 3.3831 0.5561
v 3.2868 3.5075 0.8860
v 3.5668 4.0487 1.0681
v 3.5842 3.5279 0.0230
v 3.4861 3.4284 0.1821
v 3.6857 3.6680 -0.0615
v 4.0250 4.0302 0.7858
v 4.1988 3.8408 0.9698
v 4.3665 3.6465 1.1838
v 4.5397 3.4483 1.4038
v 4.7139 3.2535 1.6423
v 5.0028 2.8879 2.1617
v 5.0881 2.8510 2.0689
v 4.7744 3.2284 1.5152
v 4.5897 3.4189 1.2616
v 4.4133 3.6104 1.0260
v 4.2456 3.8021 0.8027
v 4.0699 3.9920 0.6057
v 3.9519 4.0189 0.9538
v 4.1247 3.8295 1.1266
v 4.2935 3.6355 1.3324
v 4.4644 3.4381 1.5372
v 4.6319 3.2425 1.7592
v 4.8991 2.8901 2.2351
v 3.6973 3.2685 0.3950
v 3.8966 3.1104 0.6092
v 4.0902 2.9539 0.8423
v 4.2991 2.8145 1.0682
v 4.5372 2.6796 1.2874
v 4.8962 2.3719 1.7862
v 4.7876 2.3444 1.8373
v 4.4468 2.6399 1.3791
v 4.2105 2.7797 1.1764
v 4.0002 2.9158 0.9632
v 3.8053 3.0685 0.7398
v 3.6073 3.2235 0.5445
v 4.0804 3.9060 0.4324
v 4.2587 3.7159 0.6477
v 4.4286 3.5290 0.8804
v 4.6086 3.3489 1.1252
v 4.8047 3.1681 1.3910
v 5.1448 2.7913 1.9690
v 5.1646 2.7085 1.8767
v 4.8014 3.0770 1.2879
v 4.5932 3.2433 1.0155
v 4.4096 3.4120 0.7686
v 4.2352 3.5927 0.5281
v 4.0519 3.7798 0.2930
v 3.4802 3.3429 1.0107
v 3.6710 3.1855 1.1686
v 3.8601 3.0307 1.3628
v 4.0533 2.8894 1.5360
v 4.2716 2.7152 1.7418
v 4.5490 2.4441 2.0703
v 4.5281 2.5244 2.1526
v 4.2753 2.7944 1.8495
v 4.0610 2.9828 1.6357
v 3.8766 3.1321 1.4677
v 3.6919 3.2926 1.2791
v 3.5045 3.4557 1.1283
v 3.9881 3.6320 0.2150
v 4.1779 3.4511 0.4621
v 4.3580 3.2767 0.7068
v 4.5467 3.1179 0.9523
v 4.7664 2.9654 1.2223
v 5.1443 2.6116 1.8059
v 5.0870 2.5143 1.7659
v 4.7057 2.8508 1.2022
v 4.4767 2.9934 0.9435
v 4.2805 3.1439 0.7016
v 4.0947 3.3119 0.4568
v 3.8997 3.4849 0.2101
v 3.8578 3.9595 1.0925
v 4.0313 3.7718 1.2547
v 4.2020 3.5811 1.4531
v 4.3710 3.3898 1.6472
v 4.5422 3.1910 1.8590
v 4.7890 2.8582 2.2805
v 4.5456 2.6155 2.2234
v 4.3117 2.8933 1.9235
v 4.1043 3.0924 1.7066
v 3.9272 3.2519 1.5373
v 3.7470 3.4199 1.3507
v 3.5635 3.5901 1.2032
v 4.6868 2.3491 1.9059
v 4.3648 2.6343 1.4931
v 4.1346 2.7829 1.2970
v 3.9269 2.9177 1.0984
v 3.7324 3.0686 0.8856
v 3.5366 3.2224 0.7050
v 4.6002 2.7075 2.2729
v 4.3739 3.0027 1.9508
v 4.1779 3.2056 1.7363
v 4.0060 3.3766 1.5606
v 3.8296 3.5530 1.3726
v 3.6502 3.7304 1.2241
v 3.7529 3.8591 1.1861
v 3.9288 3.6755 1.3398
v 4.1020 3.4911 1.5320
v 4.2710 3.3088 1.7167
v 4.4534 3.1072 1.9274
v 4.6851 2.7938 2.2932
v 5.0003 2.4306 1.7601
v 4.6266 2.7511 1.2265
v 4.3911 2.8878 0.9857
v 4.1874 3.0319 0.7502
v 3.9969 3.1938 0.5095
v 3.7986 3.3582 0.2754
v 3.4921 3.2630 0.8646
v 3.6856 3.1088 1.0328
v 3.8781 2.9572 1.2355
v 4.0797 2.8209 1.4198
v 4.3028 2.6609 1.6179
v 4.6043 2.3837 1.9856
v 2.0556 4.4593 0.5956
v 2.2668 4.3176 0.5909
v 2.4723 4.1431 0.5853
v 2.6784 3.9597 0.5819
v 2.8858 3.7764 0.5893
v 3.0932 3.5970 0.6348
v 3.0892 3.6825 0.8020
v 2.8900 3.8659 0.7670
v 2.6905 4.0523 0.7694
v 2.4913 4.2387 0.7824
v 2.2898 4.4189 0.7979
v 2.0736 4.5690 0.8186
v 2.5302 5.8734 0.3472
v 2.7276 5.5889 0.3595
v 2.9145 5.3171 0.3774
v 3.1416 5.0315 0.4129
v 3.3774 4.7335 0.4588
v 3.6142 4.4554 0.5249
v 3.6484 4.4249 0.3126
v 3.4013 4.7037 0.2433
v 3.1572 5.0069 0.1817
v 2.9211 5.2935 0.1306
v 2.7213 5.5648 0.0967
v 2.5148 5.8588 0.0598
v 2.3477 5.5571 -0.3858
v 2.5990 5.2806 -0.3039
v 2.8444 5.0240 -0.2520
v 3.0991 4.7567 -0.1885
v 3.3554 4.4764 -0.1264
v 3.6128 4.2165 -0.0983
v 3.5419 4.0515 -0.2082
v 3.2886 4.3002 -0.2239
v 3.0321 4.5624 -0.2717
v 2.7736 4.8149 -0.3305
v 2.5132 5.0595 -0.3817
v 2.2443 5.3128 -0.4707
v 2.3187 5.4555 1.0005
v 2.5431 5.2261 0.9774
v 2.7450 4.9823 0.9591
v 2.9532 4.7360 0.9509
v 3.1613 4.4919 0.9540
v 3.3684 4.2586 0.9874
v 3.4673 4.3713 0.8771
v 3.2505 4.6215 0.8348
v 3.0330 4.8854 0.8202
v 2.8188 5.1484 0.8164
v 2.6248 5.4060 0.8265
v 2.4124 5.6548 0.8429
v 2.4469 5.7495 -0.1995
v 2.6741 5.4578 -0.1366
v 2.8965 5.1919 -0.0904
v 3.1427 4.9122 -0.0293
v 3.3943 4.6165 0.0393
v 3.6501 4.3464 0.0925
v 2.1566 5.0545 -0.4495
v 2.4311 4.8270 -0.3641
v 2.6945 4.5963 -0.3178
v 2.9513 4.3588 -0.2684
v 3.2042 4.1146 -0.2350
v 3.4523 3.8798 -0.2161
v 3.3553 3.7248 -0.1239
v 3.1137 3.9465 -0.1583
v 2.8677 4.1752 -0.1830
v 2.6180 4.3986 -0.2215
v 2.3618 4.6138 -0.2604
v 2.0941 4.8156 -0.3346
v 3.1196 3.8070 0.9348
v 2.9246 3.9981 0.9065
v 2.7292 4.1936 0.9147
v 2.5329 4.3898 0.9337
v 2.3308 4.5823 0.9555
v 2.1055 4.7492 0.9851
v 2.4907 5.8001 0.6187
v 2.6918 5.5322 0.6132
v 2.8783 5.2650 0.6154
v 3.0984 4.9880 0.6342
v 3.3254 4.7050 0.6632
v 3.5523 4.4385 0.7172
v 2.0455 4.4894 0.0858
v 2.2766 4.3320 0.1235
v 2.5044 4.1464 0.1424
v 2.7319 3.9491 0.1605
v 2.9589 3.7493 0.1850
v 3.1858 3.5592 0.2498
v 3.1277 3.5557 0.4483
v 2.9101 3.7364 0.3905
v 2.6929 3.9242 0.3722
v 2.4769 4.1118 0.3647
v 2.2623 4.2883 0.3581
v 2.0463 4.4326 0.3421
v 2.2295 5.2216 1.0804
v 2.4613 5.0123 1.0520
v 2.6668 4.7853 1.0291
v 2.8690 4.5570 1.0127
v 3.0694 4.3314 1.0078
v 3.2688 4.1142 1.0352
v 3.2629 3.6131 0.0475
v 3.0287 3.8197 -0.0082
v 2.7919 4.0343 -0.0323
v 2.5526 4.2442 -0.0604
v 2.3098 4.4437 -0.0902
v 2.0587 4.6214 -0.1479
v 3.1821 3.9570 1.0163
v 2.9869 4.1597 0.9907
v 2.7911 4.3687 0.9997
v 2.5934 4.5797 1.0199
v 2.3888 4.7887 1.0441
v 2.1569 4.9766 1.0755
v 0.5376 5.6462 1.1585
v 0.2896 4.9257 1.4439
v 0.3778 5.1282 1.3875
v 0.4795 5.3872 1.2744
v 0.1378 4.6415 1.5296
v -0.2496 3.5729 1.6226
v 0.5567 5.8338 1.0575
v 0.0558 4.5023 1.5692
v -0.2667 3.1528 1.5580
v -0.2576 3.3513 1.6037
v -0.2114 3.7870 1.6252
v -0.1155 4.1167 1.6427
v -0.0657 4.2449 1.6408
v -0.1597 3.9687 1.6308
v -0.0144 4.3684 1.6143
v 0.0000 6.7241 -0.3376
v 0.3726 6.7706 -0.3236
v 0.5361 6.8277 -0.2400
v 0.7275 6.8869 0.0802
v 0.6535 6.8845 -0.0888
v 0.1882 6.7372 -0.3421
v 0.5768 5.9597 0.9934
v 0.5932 6.0355 0.9640
v 0.6461 6.1378 0.8427
v 0.7200 6.4031 0.6115
v 0.6845 6.2650 0.7303
v 0.6156 6.0754 0.9142
v 0.7495 6.5479 0.4845
v 0.7703 6.6908 0.3553
v 0.7801 6.8251 0.2238
v 0.5074 5.6678 1.1820
v 0.2435 4.9992 1.4396
v 0.3348 5.1934 1.3860
v 0.4424 5.4306 1.2858
v 0.0846 4.7225 1.5163
v -0.3131 3.5759 1.6197
v 0.5495 5.8453 1.0906
v -0.0129 4.5711 1.5473
v -0.2946 3.2373 1.5975
v -0.3092 3.3748 1.6087
v -0.2913 3.7849 1.6128
v -0.2067 4.1366 1.6268
v -0.1577 4.2814 1.6282
v -0.2493 3.9741 1.6189
v -0.0937 4.4220 1.6018
v 0.0000 6.9650 -0.2496
v 0.3550 6.9738 -0.2281
v 0.5018 6.9852 -0.1175
v 0.6699 6.9530 0.1266
v 0.5891 6.9893 0.0085
v 0.1718 6.9690 -0.2582
v 0.5870 5.9682 1.0269
v 0.6156 6.0552 0.9801
v 0.6679 6.2065 0.8521
v 0.7207 6.4769 0.6256
v 0.6962 6.3381 0.7423
v 0.6424 6.1263 0.9229
v 0.7367 6.6183 0.5015
v 0.7425 6.7547 0.3758
v 0.7352 6.8812 0.2487
v 1.0132 5.5994 1.2155
v 0.7426 5.0019 1.5009
v 0.8577 5.1846 1.4255
v 0.9458 5.3920 1.3205
v 0.5718 4.7042 1.5595
v -0.1965 3.3643 1.6887
v 1.0766 5.7794 1.1085
v 0.4608 4.5217 1.6217
v -0.2721 3.1517 1.5929
v -0.2432 3.2026 1.6198
v -0.1389 3.5537 1.7064
v 0.0443 3.9500 1.7607
v 0.1874 4.1448 1.7491
v -0.0582 3.7524 1.7426
v 0.3321 4.3329 1.6945
v 0.0000 6.3860 -0.5313
v 0.6138 6.5577 -0.5095
v 0.8275 6.5876 -0.4546
v 1.1315 6.6668 -0.2473
v 1.0011 6.6342 -0.3709
v 0.3493 6.4830 -0.5337
v 1.1359 5.9291 1.0185
v 1.1855 6.0466 0.9297
v 1.2527 6.2249 0.7259
v 1.2985 6.4468 0.4442
v 1.2814 6.3385 0.5929
v 1.2212 6.1393 0.8326
v 1.2985 6.5422 0.2759
v 1.2775 6.6197 0.0865
v 1.2322 6.6706 -0.1180
v 0.6985 6.1435 0.9272
v 0.7792 6.1459 0.9213
v 0.8773 6.1532 0.9103
v 0.9839 6.1646 0.8959
v 1.0887 6.1661 0.8756
v 1.1755 6.1540 0.8513
v 1.1426 6.0627 0.9446
v 1.0594 6.0763 0.9623
v 0.9570 6.0764 0.9755
v 0.8512 6.0675 0.9829
v 0.7525 6.0621 0.9878
v 0.6711 6.0623 0.9888
v 0.6398 5.9731 1.0427
v 0.7231 5.9715 1.0480
v 0.8228 5.9714 1.0495
v 0.9259 5.9714 1.0482
v 1.0223 5.9636 1.0410
v 1.0981 5.9463 1.0294
v 1.0425 5.7969 1.1163
v 0.9731 5.8179 1.1240
v 0.8834 5.8337 1.1275
v 0.7842 5.8430 1.1246
v 0.6840 5.8497 1.1181
v 0.5988 5.8527 1.1086
v 0.7233 6.2333 0.8542
v 0.8043 6.2384 0.8443
v 0.9029 6.2447 0.8275
v 1.0104 6.2526 0.8063
v 1.1167 6.2501 0.7790
v 1.2057 6.2382 0.7484
v 0.9797 5.6154 1.2224
v 0.9132 5.6365 1.2296
v 0.8281 5.6552 1.2315
v 0.7326 5.6690 1.2251
v 0.6341 5.6792 1.2136
v 0.5502 5.6817 1.1999
v 0.7484 6.3674 0.7440
v 0.8307 6.3698 0.7314
v 0.9316 6.3680 0.7108
v 1.0395 6.3658 0.6843
v 1.1457 6.3588 0.6522
v 1.2350 6.3487 0.6177
v 0.2692 5.0396 1.4524
v 0.3419 5.0456 1.4650
v 0.4352 5.0378 1.4796
v 0.5343 5.0284 1.4932
v 0.6283 5.0187 1.5048
v 0.7035 5.0085 1.5065
v 0.5281 4.7132 1.5648
v 0.4444 4.7262 1.5635
v 0.3465 4.7404 1.5570
v 0.2517 4.7541 1.5464
v 0.1695 4.7656 1.5319
v 0.1037 4.7625 1.5238
v 0.7686 6.5060 0.6262
v 0.8510 6.5039 0.6104
v 0.9528 6.4921 0.5848
v 1.0608 6.4777 0.5513
v 1.1660 6.4651 0.5119
v 1.2537 6.4552 0.4721
v 0.0007 4.6047 1.5555
v 0.0607 4.6042 1.5709
v 0.1459 4.5890 1.5881
v 0.2430 4.5705 1.6104
v 0.3397 4.5505 1.6209
v 0.4190 4.5327 1.6255
v 0.2937 4.3472 1.6923
v 0.2209 4.3707 1.6779
v 0.1331 4.3970 1.6568
v 0.0414 4.4210 1.6380
v -0.0388 4.4405 1.6205
v -0.0932 4.4462 1.6074
v 0.6884 6.9693 0.1285
v 0.7514 6.9452 0.1081
v 0.8445 6.8886 0.0916
v 0.9510 6.8097 0.0097
v 1.0478 6.7404 -0.1145
v 1.1049 6.6920 -0.1929
v 1.1983 6.6836 -0.0737
v 1.1304 6.7087 -0.0054
v 1.0357 6.7619 0.0943
v 0.9330 6.8209 0.1625
v 0.8347 6.8731 0.2144
v 0.7623 6.8969 0.2428
v -0.3251 3.5639 1.6362
v -0.3088 3.5362 1.6485
v -0.2816 3.4989 1.6526
v -0.2520 3.4570 1.6538
v -0.2255 3.4150 1.6635
v -0.2065 3.3817 1.6813
v -0.2487 3.2132 1.6168
v -0.2587 3.2395 1.6095
v -0.2714 3.2739 1.6106
v -0.2878 3.3093 1.6268
v -0.3072 3.3459 1.6354
v -0.3188 3.3731 1.6272
v 0.9119 5.4049 1.3285
v 0.8445 5.4219 1.3352
v 0.7596 5.4370 1.3351
v 0.6643 5.4488 1.3264
v 0.5663 5.4573 1.3133
v 0.4821 5.4556 1.2999
v 0.1552 4.1629 1.7412
v 0.0929 4.1923 1.7271
v 0.0193 4.2251 1.7070
v -0.0559 4.2551 1.6826
v -0.1249 4.2807 1.6599
v -0.1685 4.2939 1.6394
v 0.8190 5.1944 1.4344
v 0.7440 5.2073 1.4396
v 0.6524 5.2188 1.4354
v 0.5542 5.2285 1.4241
v 0.4556 5.2354 1.4105
v 0.3723 5.2295 1.3974
v -0.2757 3.1573 1.5929
v -0.2810 3.1702 1.5921
v -0.2886 3.1963 1.5951
v -0.2974 3.2243 1.6064
v -0.3029 3.2421 1.6106
v -0.3028 3.2498 1.6064
v 0.6037 7.0132 0.0239
v 0.6505 6.9868 0.0117
v 0.7310 6.9278 -0.0145
v 0.8328 6.8366 -0.0984
v 0.9190 6.7381 -0.2250
v 0.9752 6.6669 -0.3220
v -0.2696 3.9648 1.6301
v -0.2483 3.9380 1.6512
v -0.2111 3.9011 1.6749
v -0.1688 3.8592 1.6936
v -0.1244 3.8149 1.7166
v -0.0837 3.7760 1.7353
v -0.1571 3.5761 1.6976
v -0.1902 3.6144 1.6803
v -0.2290 3.6594 1.6701
v -0.2639 3.7029 1.6631
v -0.2932 3.7414 1.6506
v -0.3091 3.7706 1.6297
v 0.7778 6.7759 0.3727
v 0.8554 6.7597 0.3490
v 0.9554 6.7225 0.3081
v 1.0615 6.6796 0.2529
v 1.1616 6.6461 0.1810
v 1.2389 6.6294 0.1241
v 1.2562 6.5504 0.3078
v 1.1723 6.5623 0.3547
v 1.0688 6.5836 0.4064
v 0.9612 6.6118 0.4493
v 0.8597 6.6356 0.4813
v 0.7788 6.6444 0.5007
v 0.3807 7.0313 -0.2057
v 0.4119 7.0102 -0.2242
v 0.4557 6.9428 -0.2456
v 0.4873 6.8324 -0.2850
v 0.5443 6.7072 -0.3636
v 0.5915 6.6071 -0.4362
v 0.8050 6.6286 -0.4012
v 0.7537 6.7118 -0.3129
v 0.6781 6.8266 -0.1939
v 0.6302 6.9307 -0.1266
v 0.5664 6.9982 -0.1047
v 0.5230 7.0242 -0.0889
v 0.1790 7.0405 -0.2554
v 0.1957 7.0238 -0.2951
v 0.2198 6.9595 -0.3505
v 0.2571 6.8443 -0.3789
v 0.2997 6.6753 -0.4320
v 0.3320 6.5344 -0.4956
v 0.0000 7.0429 -0.2476
v 0.0000 7.0283 -0.2890
v 0.0000 6.9462 -0.3493
v 0.0000 6.7901 -0.3797
v 0.0000 6.5946 -0.4412
v 0.0000 6.4487 -0.4974
v -0.2250 4.1373 1.6391
v -0.1946 4.1163 1.6620
v -0.1444 4.0840 1.6882
v -0.0882 4.0469 1.7138
v -0.0319 4.0071 1.7344
v 0.0170 3.9717 1.7533
v 0.6053 2.2340 1.5564
v 0.8373 2.2701 1.4405
v 0.9055 2.3945 -0.5307
v 1.4272 2.2798 0.0119
v 1.2725 2.3106 -0.2461
v -0.1041 1.9670 1.5542
v 1.2779 2.1615 0.9913
v 0.8589 2.0495 1.4541
v -0.2128 1.9086 1.5292
v 0.6173 2.0232 1.5801
v -0.0015 2.5950 -0.6431
v 1.4679 2.2103 0.6492
v 0.1976 2.5820 -0.6528
v 0.7361 2.4454 -0.5931
v 0.5660 2.4985 -0.6362
v 0.3873 2.5471 -0.6559
v 0.3899 2.0213 1.6264
v 1.5035 2.2510 0.3231
v 0.0833 1.9929 1.6112
v 1.0819 2.0929 1.2266
v 1.0833 2.3490 -0.4216
v 1.0479 2.6507 -0.3486
v 1.4196 2.5346 0.3611
v 0.0656 2.3152 1.5920
v -0.2209 2.3053 1.5087
v 1.4116 2.4943 0.6851
v 1.2006 2.6060 -0.1873
v -0.0006 2.8641 -0.5968
v 0.5903 2.7868 -0.5767
v 0.9026 2.6968 -0.4508
v 0.7544 2.7423 -0.5234
v 0.4071 2.8254 -0.6062
v 0.2097 2.8532 -0.6066
v 1.3398 2.5668 0.0562
v 0.5799 2.3914 1.5650
v -0.1171 2.2966 1.5350
v 1.2726 2.4490 0.9851
v 0.8325 2.4199 1.4346
v 1.0743 2.4280 1.2300
v 0.3287 2.3539 1.6137
v 0.4731 2.0985 1.5525
v 0.9644 2.1635 1.2859
v 1.0712 2.1712 1.1827
v 0.6200 2.1172 1.4973
v 0.8037 2.1412 1.4098
v 1.0736 2.1552 1.1854
v 0.6030 2.0842 1.5289
v 0.4704 2.0839 1.5592
v 0.9631 2.1279 1.3040
v 1.0182 2.1738 1.3082
v 0.8094 2.1398 1.4824
v 1.1523 2.2052 1.1531
v 0.4456 2.1191 1.6022
v 0.4201 2.1019 1.6105
v 0.6066 2.1429 1.5380
v 1.2089 2.2111 1.1104
v 0.5960 2.1167 1.5893
v 0.6421 2.0348 1.4564
v 0.7965 2.0498 1.3826
v 1.1475 2.2201 1.1503
v 0.9327 2.0698 1.2855
v 0.5319 2.0344 1.5074
v 0.8139 2.1760 1.4292
v 1.0244 2.0909 1.1993
v 1.2407 2.2285 1.0413
v 1.0079 2.2042 1.2722
v 1.1501 2.2125 1.1515
v 0.3840 2.1036 1.6191
v 0.4453 2.1057 1.6097
v 0.4455 2.1115 1.6060
v 1.3796 2.9950 0.3771
v 1.0939 3.1394 -0.3464
v 0.0771 2.8777 1.6614
v 1.1094 2.9437 1.2760
v 0.8597 2.9392 1.5021
v 0.5820 2.9278 1.6450
v -0.2393 2.8194 1.5436
v 1.2276 3.0901 -0.1905
v 0.0000 3.2978 -0.6097
v 0.2080 3.2923 -0.6063
v -0.1369 2.8514 1.5759
v 0.3145 2.9059 1.6983
v 1.2913 2.9494 1.0057
v 1.3344 3.0417 0.0532
v 0.4077 3.2787 -0.5961
v 0.6007 3.2585 -0.5706
v 1.3768 2.9654 0.7019
v 0.7821 3.2295 -0.5226
v 0.9461 3.1894 -0.4497
v -0.1377 3.1630 1.6275
v 1.4094 3.1762 0.6974
v 0.7897 3.4460 -0.5640
v 0.9663 3.3996 -0.4884
v 1.3233 3.1710 1.0081
v 0.8925 3.1954 1.5209
v 0.6146 3.2041 1.6734
v 1.2683 3.2859 -0.2168
v 0.0000 3.5123 -0.6242
v 0.2063 3.5085 -0.6239
v 0.0918 3.1854 1.7211
v 1.1415 3.1811 1.2864
v 0.3413 3.2001 1.7423
v 1.1255 3.3415 -0.3779
v 1.3777 3.2345 0.0349
v 0.4045 3.4969 -0.6221
v 0.5994 3.4771 -0.6067
v 1.4167 3.2004 0.3668
v 0.7956 2.1022 1.4409
v 0.5327 2.0409 1.5054
v 0.9336 2.0809 1.2808
v 1.0245 2.0977 1.1971
v 0.6405 2.0455 1.4551
v 0.7970 2.0621 1.3800
v 1.0244 2.0840 1.2013
v 0.6378 2.0240 1.4633
v 0.5323 2.0279 1.5086
v 0.9315 2.0588 1.2903
v 0.7913 2.0374 1.3897
v 0.4716 2.0912 1.5557
v 0.8308 2.1190 1.4826
v 1.0739 2.1632 1.1826
v 0.6054 2.1622 1.5438
v 1.0607 2.4405 -0.4007
v 0.5962 2.0950 1.5931
v 0.0792 2.0830 1.6083
v 1.0368 2.2227 1.2614
v 1.4788 2.3369 0.3272
v 0.4188 2.0860 1.6129
v 1.0571 2.1584 1.2953
v 0.3470 2.0982 1.6143
v 1.2138 2.1958 1.1100
v 0.3987 2.6322 -0.6343
v 0.4198 2.1205 1.6081
v 0.5781 2.5854 -0.6122
v 1.2056 2.2288 1.1101
v 0.7416 2.5345 -0.5651
v 0.8292 2.1977 1.4354
v 0.2048 2.6661 -0.6308
v 1.4484 2.2917 0.6617
v -0.2127 2.0421 1.5406
v 1.2842 2.2411 0.9727
v -0.1089 2.0638 1.5543
v 1.3975 2.3661 0.0167
v 0.8977 2.4858 -0.4995
v 1.2412 2.2279 1.0446
v 0.3854 2.1032 1.6148
v -0.0013 2.6789 -0.6186
v 1.2399 2.3994 -0.2359
v 1.0600 2.1211 1.2643
v 1.2220 2.1784 1.0724
v 0.4252 2.1528 1.6079
v 1.1993 2.2632 1.0778
v 0.8332 2.2368 1.4370
v 0.4239 2.0595 1.6196
v 1.0402 2.2594 1.2493
v 0.6092 2.0557 1.5811
v 0.6086 2.2008 1.5485
v 0.8420 2.0786 1.4702
v 0.8341 2.2371 1.4437
v 1.2338 2.2706 1.0430
v 0.3892 2.1497 1.6201
v 1.2512 2.1836 1.0379
v 1.0640 2.1173 1.2857
v 0.3860 2.0533 1.6223
v 1.0456 2.2607 1.2544
v 0.6000 2.0504 1.5936
v 0.6066 2.2017 1.5523
v 0.8357 2.0745 1.4845
v 1.0107 5.5897 1.2066
v 0.7495 5.0048 1.4883
v 0.8581 5.1799 1.4155
v 0.9444 5.3848 1.3111
v 0.5751 4.6921 1.5511
v -0.1965 3.3587 1.6834
v 1.0742 5.7687 1.0998
v 0.4630 4.5149 1.6125
v -0.2689 3.1528 1.5923
v -0.2423 3.2037 1.6165
v -0.1360 3.5450 1.7011
v 0.0485 3.9407 1.7532
v 0.1886 4.1363 1.7428
v -0.0528 3.7427 1.7363
v 0.3333 4.3260 1.6869
v 0.0000 6.3686 -0.4962
v 0.6072 6.5448 -0.4779
v 0.8220 6.5750 -0.4209
v 1.1267 6.6596 -0.2188
v 0.9965 6.6247 -0.3400
v 0.3414 6.4633 -0.5019
v 1.1343 5.9181 1.0080
v 1.1846 6.0363 0.9178
v 1.2537 6.2186 0.7115
v 1.2945 6.4425 0.4283
v 1.2828 6.3338 0.5778
v 1.2218 6.1310 0.8198
v 1.2887 6.5372 0.2584
v 1.2639 6.6127 0.0665
v 1.2285 6.6605 -0.1415
v -1.9176 6.2412 0.6412
v -1.8254 6.0255 0.8358
v -1.6583 5.4978 1.1014
v -1.5987 5.2193 1.1890
v -1.5434 4.9621 1.2402
v -1.4345 4.7152 1.3056
v -1.5606 6.1261 0.8011
v -1.6522 6.3366 0.6111
v -1.3889 5.5903 1.1111
v -1.3366 5.2927 1.2509
v -1.2903 5.0221 1.3574
v -1.2131 4.7436 1.4304
v -1.2947 6.1668 0.7797
v -1.3757 6.3607 0.5721
v -1.1265 5.6481 1.1091
v -1.0827 5.3305 1.2823
v -1.0338 5.0460 1.4156
v -0.9666 4.7518 1.4985
v -1.0600 6.1803 0.7628
v -1.1351 6.3642 0.5487
v -0.8587 5.6999 1.0915
v -0.8361 5.3517 1.2809
v -0.7846 5.0607 1.4234
v -0.7149 4.7662 1.5087
v -1.5902 4.2553 0.0878
v -1.3388 4.4031 -0.4916
v -1.1366 4.4898 -0.7018
v -0.9114 4.5601 -0.8100
v -1.5355 1.2248 -0.6715
v -2.1671 6.0759 0.6355
v -2.0887 5.8946 0.8581
v -1.9218 5.3858 1.1055
v -1.8709 5.1070 1.1123
v -1.5812 0.9814 -0.6433
v -1.8505 4.8490 1.0278
v -1.6048 4.6521 1.1334
v -1.8567 4.5198 0.6054
v -1.7333 4.5069 0.6616
v -0.6801 4.6044 -0.8296
v -0.4512 4.6244 -0.7967
v -1.1458 6.3867 -0.6523
v -1.2692 6.5878 -0.3432
v -1.2731 6.6483 0.0366
v -1.1993 6.5343 0.3166
v -0.3980 3.8007 1.5772
v -1.3674 6.2842 -0.6253
v -1.4544 6.5107 -0.3347
v -1.4560 6.6042 0.0470
v -1.4269 6.5202 0.3388
v -1.4821 5.8735 -0.7023
v -1.2771 5.0709 -0.7737
v -1.2202 4.8296 -0.7552
v -1.2512 5.9835 -0.7988
v -1.0263 5.1445 -0.8929
v -0.9822 4.8954 -0.8634
v -0.9800 6.0621 -0.8337
v -0.7664 5.1778 -0.9030
v -0.7346 4.9319 -0.8686
v -0.5628 5.8852 -0.7891
v -0.5063 5.1838 -0.8484
v -0.4881 4.9466 -0.8153
v -0.4755 4.8226 -0.8082
v -0.0016 4.8894 -0.7154
v -0.0010 4.9493 -0.7156
v -1.5703 6.1496 -0.5410
v -1.6520 6.3841 -0.2802
v -1.7019 6.5237 0.0576
v -1.7020 6.4780 0.3618
v -1.8062 5.9889 -0.4815
v -1.8972 6.2213 -0.2507
v -1.9653 6.3767 0.0621
v -1.9696 6.3671 0.3774
v -0.6160 4.2165 -0.7621
v -1.7153 5.7227 -0.6058
v -1.8277 4.5808 0.0327
v -1.6936 4.5461 0.0719
v -2.0729 5.8286 -0.4072
v -2.1654 6.0437 -0.2052
v -2.2156 6.1642 0.0671
v -2.2143 6.1730 0.3621
v -1.9642 5.5552 -0.5074
v -0.4095 4.2395 -0.7489
v -1.8496 4.4983 0.3177
v -1.7341 4.4942 0.3812
v -1.6972 4.5690 0.9139
v -1.8515 4.6434 0.8533
v -1.4325 4.7372 -0.5181
v -1.5192 4.9492 -0.5369
v -1.3618 1.8911 -0.4327
v -0.4215 4.3689 -0.7664
v -0.6344 4.3471 -0.7858
v -0.8506 4.2987 -0.7572
v -1.0654 4.2235 -0.6550
v -1.2656 4.1331 -0.4672
v -1.5458 3.9766 0.0767
v -1.5807 3.9529 0.3913
v -1.5592 3.9789 0.6947
v -1.3630 4.1213 1.2061
v -1.4853 4.0439 0.9723
v -0.9090 4.5391 1.5272
v -0.6594 4.5486 1.5236
v -0.3357 3.5776 1.5640
v -0.5560 3.5904 1.5618
v -0.7777 3.5800 1.5199
v -0.9989 3.5364 1.4174
v -1.2125 3.4860 1.2554
v -1.2748 3.8559 1.2318
v -1.5100 4.4775 1.1754
v -1.3531 4.5237 1.3485
v -1.1469 4.5400 1.4696
v -0.9578 6.3940 0.5168
v -0.7319 5.9021 0.9698
v -0.8902 6.2168 0.7124
v -0.6231 4.4313 1.5292
v -0.8696 4.4285 1.5360
v -1.3477 2.1558 -0.2604
v -1.1025 4.4301 1.4812
v -1.3039 4.4120 1.3595
v -1.5639 4.2991 0.9567
v -1.4319 1.5674 -0.5552
v -1.4596 4.3651 1.1843
v -1.3620 3.6571 -0.2485
v -1.6197 4.2416 0.6916
v -1.4058 3.9156 -0.2229
v -1.3006 3.3866 -0.2254
v -1.6338 4.2234 0.4020
v -1.2660 3.1935 -0.1946
v -0.9705 5.9734 0.9401
v -1.2037 5.9399 0.9546
v -1.4623 5.8781 0.9620
v -1.7311 5.7720 0.9863
v -1.9997 5.6564 1.0172
v -1.3315 5.3155 -0.7704
v -1.0761 5.3966 -0.8881
v -0.7973 5.4330 -0.9196
v -0.5238 5.4016 -0.8577
v -0.9580 4.7655 -0.8498
v -1.2341 2.9580 -0.1551
v -1.4945 4.3190 -0.2164
v -1.5287 4.4378 -0.2222
v -1.3895 3.7855 -0.2414
v -1.5708 5.1869 -0.5872
v -1.3288 3.5216 -0.2406
v -1.2349 2.7607 -0.1411
v -1.2805 2.4833 -0.1740
v -1.8186 4.9873 -0.3967
v -1.8089 4.7516 -0.2135
v -1.5976 4.6341 -0.2287
v -1.4317 4.0455 -0.2150
v -0.7158 4.8050 -0.8565
v -0.5412 5.6193 -0.8669
v -0.8615 5.7276 -0.9096
v -1.1503 5.6760 -0.8714
v -1.3999 5.5841 -0.7613
v -1.6355 5.4465 -0.6239
v -1.6529 4.3558 0.6882
v -1.1691 4.6097 -0.7266
v -0.9389 4.6773 -0.8348
v -0.7010 4.7190 -0.8464
v -0.4652 4.7379 -0.8049
v -0.0015 4.8289 -0.7161
v -1.6211 4.3724 0.0847
v -1.6634 4.3410 0.4011
v -1.3735 4.5238 -0.5038
v -1.5095 3.7184 0.7001
v -1.0128 3.9605 -0.6134
v -0.8075 4.0310 -0.7034
v -0.6028 4.0787 -0.7370
v -0.4013 4.1030 -0.7294
v -1.4959 3.7275 0.0498
v -1.5313 3.7036 0.3760
v -1.2129 3.8713 -0.4550
v -1.4798 3.4157 0.7004
v -0.9827 3.6691 -0.5633
v -0.7900 3.7300 -0.6491
v -0.5925 3.7708 -0.6863
v -0.3970 3.7935 -0.6833
v -1.4447 3.4664 0.0264
v -1.4928 3.4296 0.3582
v -1.1658 3.5922 -0.4257
v -1.4644 3.2669 0.7017
v -0.9759 3.5128 -0.5189
v -0.7906 3.5654 -0.6028
v -0.5963 3.6003 -0.6442
v -0.4012 3.6215 -0.6506
v -1.4172 3.3337 0.0303
v -1.4718 3.2921 0.3585
v -1.1468 3.4477 -0.3951
v -1.4393 3.0711 0.7083
v -0.9662 3.2986 -0.4646
v -0.7925 3.3408 -0.5422
v -0.6035 3.3696 -0.5901
v -0.4073 3.3886 -0.6123
v -1.3815 3.1435 0.0504
v -1.4418 3.1014 0.3697
v -1.1230 3.2454 -0.3533
v -1.4164 2.8441 0.7151
v -0.9482 3.0529 -0.4204
v -0.7868 3.0927 -0.4997
v -0.6071 3.1243 -0.5565
v -0.4126 3.1479 -0.5895
v -1.3522 2.9117 0.0821
v -1.4193 2.8733 0.3894
v -1.0962 3.0053 -0.3122
v -1.4250 2.6581 0.7081
v -0.4380 2.5437 1.4500
v 0.0301 2.4779 1.4632
v -1.4438 2.6857 0.3950
v -1.0852 2.8067 -0.3005
v -0.2492 2.5128 1.4610
v -1.6054 4.4115 0.9493
v -1.4219 3.7752 0.9941
v -1.3703 3.2702 1.0109
v -1.3858 3.4368 1.0107
v -0.7295 3.3519 1.4977
v -0.9627 3.3258 1.4052
v -1.1322 2.6181 1.1840
v 0.0434 2.6573 1.4848
v 0.0534 2.9792 1.5222
v -0.2465 2.7229 1.4748
v -0.6839 3.0728 1.4641
v -0.9260 3.0724 1.3821
v -1.1452 2.8161 1.2119
v -0.4420 2.7567 1.4620
v -0.6643 2.7887 1.4226
v -0.9088 2.8078 1.3433
v -1.1637 3.0666 1.2414
v -0.5047 3.3560 1.5328
v -0.2545 3.0278 1.5064
v -0.6585 2.5788 1.4051
v -0.9002 2.6045 1.3236
v -1.1898 3.2968 1.2513
v -0.4605 3.0565 1.4965
v -0.2888 3.3449 1.5397
v -1.3469 3.0609 1.0105
v -1.3254 2.8241 0.9991
v -1.3156 2.6314 0.9796
v -1.3699 2.7182 0.0968
v 0.0161 2.1630 1.4617
v 0.0180 1.7291 1.4790
v -1.4834 2.3674 0.7006
v -1.5301 2.4167 0.3734
v -0.4768 2.1794 1.4560
v -0.2561 2.1677 1.4685
v -1.1463 2.2927 1.2100
v -1.3583 2.3034 1.0065
v -0.4156 2.9664 -0.5850
v -0.9374 2.8533 -0.4095
v -0.7815 2.8961 -0.4897
v -0.6079 2.9347 -0.5491
v -1.1987 1.9488 1.1887
v -0.2585 1.8142 1.4776
v -0.4566 1.8422 1.4642
v -1.6035 2.0969 0.3255
v -1.5659 2.0560 0.6522
v -1.4187 2.0041 0.9571
v -0.9394 1.9034 1.3418
v -0.6860 1.8690 1.4288
v -1.4477 2.4474 0.0695
v -1.5227 2.1271 0.0145
v -0.9321 2.5721 -0.4411
v -0.7737 2.6195 -0.5109
v -0.6035 2.6683 -0.5670
v -0.4156 2.7123 -0.5997
v -0.9411 2.2324 -0.5820
v -0.7549 2.2816 -0.6523
v -0.5724 2.3344 -0.6923
v -0.3868 2.3838 -0.7121
v -0.9345 1.9532 -0.7751
v -0.7357 1.9925 -0.8492
v -0.5470 2.0360 -0.8820
v -0.3625 2.0784 -0.8873
v -1.0959 2.5263 -0.3375
v -1.1385 2.1902 -0.4616
v -0.9113 1.6125 -0.9521
v -0.6928 1.6359 -1.0432
v -0.4980 1.6607 -1.0780
v -0.3188 1.6849 -1.0712
v -1.6365 1.5448 -0.1752
v -1.1714 1.5900 -0.7918
v -0.8855 1.2597 -1.0981
v -0.6428 1.2695 -1.1935
v -0.4414 1.2754 -1.2222
v -0.2702 1.2788 -1.2143
v -1.7697 1.1986 -0.2583
v -1.2072 1.2451 -0.9258
v -0.9960 1.0089 -1.0638
v -0.7255 1.0145 -1.1673
v -0.4977 1.0161 -1.2183
v -0.3083 1.0156 -1.2323
v -1.8141 0.9591 -0.2750
v -1.2899 0.9981 -0.8910
v -1.7548 1.5221 0.1972
v -1.7602 1.4970 0.5887
v -1.5896 1.4656 0.9431
v -1.8753 1.1681 0.1331
v -1.8727 1.1354 0.5536
v -1.7057 1.1033 0.9339
v -1.9307 0.9325 0.0954
v -1.9115 0.9049 0.4924
v -1.7533 0.8793 0.8599
v -1.3178 1.4274 1.1975
v -0.2638 1.2790 1.4639
v -0.4753 1.3093 1.4508
v -1.0165 1.3857 1.3448
v -0.7273 1.3452 1.4189
v -1.4098 1.0746 1.2027
v -0.2679 1.0649 1.4365
v -0.4912 1.0201 1.4354
v -1.0731 1.0510 1.3538
v -0.7604 1.0331 1.4174
v -1.4853 0.8571 1.1422
v -0.3574 0.8846 1.4058
v -0.5896 0.8218 1.4057
v -1.1680 0.8390 1.3113
v -0.8600 0.8262 1.3868
v -0.9620 1.6734 1.3223
v -0.6956 1.6307 1.4070
v -0.2627 1.5614 1.4714
v -1.2364 1.7210 1.1746
v -0.4603 1.5936 1.4504
v -1.1491 1.9195 -0.6414
v -1.5453 1.8666 -0.0805
v -1.6453 1.8418 0.2634
v -1.4756 1.7689 0.9372
v -1.6307 1.8103 0.6168
v -0.8142 6.0497 0.8621
v -1.3870 4.6032 1.3349
v -0.5160 6.1411 -0.6702
v -0.7973 6.2941 -0.6827
v -1.0376 6.5672 0.2979
v -1.1342 6.6917 0.0428
v -1.1062 6.6449 -0.2528
v -0.9938 6.5117 -0.4987
v -1.4742 3.6001 0.0332
v -0.7957 3.8866 -0.6798
v -0.3973 3.9543 -0.7071
v -0.5952 3.9299 -0.7118
v -1.1892 3.7382 -0.4512
v -1.4967 3.5711 0.7019
v -0.5034 4.1013 1.5596
v -0.7311 4.1129 1.5529
v -0.6223 3.8192 1.5774
v -0.8401 3.8081 1.5283
v -0.9954 3.8235 -0.6000
v -1.5327 3.8511 0.6980
v -1.5546 3.8281 0.3844
v -1.2432 3.6870 1.2533
v -1.1464 4.0660 1.3901
v -0.9494 4.1055 1.4994
v -1.4515 3.9154 0.9836
v -1.3175 3.9974 1.2190
v -1.8718 5.2637 -0.5000
v -1.5196 3.8503 0.0664
v -1.2350 4.0027 -0.4576
v -1.0358 4.0927 -0.6321
v -0.8259 4.1676 -0.7302
v -1.0472 3.7559 1.4201
v -1.4048 3.6143 1.0086
v -1.5155 3.5697 0.3653
v -1.1977 4.1823 1.3794
v -0.9988 4.2140 1.4916
v -0.7785 4.2161 1.5482
v -0.5448 4.2088 1.5518
v -0.4569 3.9743 1.5723
v -0.6822 3.9911 1.5683
v -0.8956 3.9768 1.5111
v -1.0939 3.9277 1.4001
v -0.6522 5.6414 1.1352
v -0.6243 5.3555 1.2838
v -0.4978 4.7965 1.4773
v -0.5680 5.0746 1.4067
v -0.4009 4.4535 1.5054
v -0.1251 3.5689 1.5628
v -0.4405 4.5844 1.4939
v -0.6305 5.8457 1.0213
v -0.0850 2.4862 1.4635
v -0.0724 2.6926 1.4791
v -0.0879 3.3413 1.5509
v -0.0672 2.9972 1.5182
v -0.0868 2.1538 1.4682
v -0.1801 3.7870 1.5665
v -0.2835 4.0990 1.5439
v -0.2713 5.8184 -0.7187
v -0.3235 4.2146 1.5300
v -0.2367 3.9627 1.5576
v -0.2520 6.0734 -0.6262
v -0.2658 5.5866 -0.7911
v -0.2589 5.3837 -0.7901
v -0.2520 5.1809 -0.7890
v -0.2447 4.9497 -0.7515
v -0.2328 4.7430 -0.7478
v -0.2255 4.6293 -0.7448
v -0.2109 4.3740 -0.7289
v -0.2052 4.2461 -0.7174
v -0.2014 4.1121 -0.7023
v -0.2004 3.9662 -0.6812
v -0.2023 3.8039 -0.6600
v -0.2048 3.6326 -0.6393
v -0.2074 3.4008 -0.6183
v -0.2099 3.1645 -0.6011
v -0.2125 2.9889 -0.5950
v -0.2134 2.7442 -0.6054
v -0.1960 2.4199 -0.7166
v -0.1808 2.1102 -0.8812
v -0.1542 1.7033 -1.0480
v -0.1264 1.2805 -1.1951
v -0.1468 1.0146 -1.2318
v -0.1571 0.9596 1.3991
v -0.0785 1.0665 1.4330
v -0.0810 1.2548 1.4679
v -0.0923 1.5332 1.4791
v -0.0941 1.7864 1.4805
v -1.5878 4.1095 0.6926
v -1.6051 4.0874 0.3980
v -1.5631 4.1181 0.0855
v -1.3007 4.2678 -0.4786
v -1.0999 4.3564 -0.6783
v -0.8801 4.4296 -0.7840
v -0.6566 4.4764 -0.8090
v -0.4359 4.4973 -0.7826
v -0.5835 4.3156 1.5421
v -0.8244 4.3182 1.5443
v -1.0514 4.3182 1.4910
v -1.2483 4.2943 1.3678
v -1.5226 4.1710 0.9631
v -1.4107 4.2416 1.1945
v -1.4597 4.1833 -0.2133
v -0.3609 4.3277 1.5192
v -0.2179 4.5019 -0.7379
v -1.6410 4.4838 0.9388
v -0.4468 6.4284 -0.5032
v -0.6813 6.5437 -0.4757
v -0.9358 6.7332 -0.1173
v -0.8306 6.6601 -0.3039
v -0.2205 6.3783 -0.4912
v -0.6681 6.0353 0.9045
v -0.7796 6.2940 0.6667
v -0.7240 6.1460 0.7984
v -0.6137 5.9808 0.9644
v -0.8330 6.4609 0.4878
v -0.9146 6.6234 0.3003
v -0.9813 6.7356 0.1028
v 0.0367 1.2572 1.4642
v 0.0393 1.0563 1.4332
v 0.0273 0.9136 1.3925
v 0.0271 1.5013 1.4805
v -3.7928 4.1834 0.8839
v -3.6847 4.1285 1.0252
v -3.4627 3.9026 1.1583
v -3.3737 3.7604 1.1378
v -3.3126 3.6226 1.0615
v -3.2960 3.4246 0.7860
v -3.4035 3.3862 0.4368
v -3.8957 3.9618 0.1136
v -3.9414 4.0803 0.3032
v -3.9327 4.1560 0.5135
v -3.8795 4.1912 0.7096
v -3.8075 3.8153 0.0027
v -3.3380 3.3844 0.6163
v -3.2861 3.5063 0.9394
v -3.5702 4.0308 1.1197
v -3.5896 3.5301 0.0849
v -3.4877 3.4328 0.2499
v -3.7006 3.6654 -0.0058
v -4.0737 3.9937 0.8245
v -4.2280 3.8213 0.9876
v -4.3834 3.6390 1.2137
v -4.5661 3.4329 1.4537
v -4.7712 3.2052 1.7348
v -5.0193 2.8895 2.2219
v -5.1131 2.8667 2.1278
v -4.8449 3.1821 1.6158
v -4.6208 3.3982 1.3155
v -4.4342 3.6006 1.0536
v -4.2843 3.7794 0.8147
v -4.1310 3.9551 0.6414
v -3.9815 3.9858 0.9915
v -4.1413 3.8130 1.1476
v -4.3059 3.6275 1.3621
v -4.4859 3.4233 1.5792
v -4.6774 3.1895 1.8390
v -4.9101 2.8791 2.3001
v -3.6960 3.2692 0.4348
v -3.8939 3.0995 0.6257
v -4.0994 2.9376 0.8664
v -4.3362 2.7975 1.1021
v -4.5949 2.6406 1.3722
v -4.8799 2.3792 1.8534
v -4.7620 2.3470 1.9124
v -4.4922 2.6022 1.4521
v -4.2432 2.7622 1.1973
v -4.0068 2.9012 0.9827
v -3.7984 3.0602 0.7581
v -3.6031 3.2252 0.5832
v -4.1412 3.8722 0.4635
v -4.2996 3.6907 0.6529
v -4.4514 3.5148 0.9059
v -4.6440 3.3218 1.1849
v -4.8883 3.1205 1.4981
v -5.1766 2.8099 2.0279
v -5.1974 2.7254 1.9359
v -4.8943 3.0268 1.3998
v -4.6331 3.2140 1.0815
v -4.4315 3.3935 0.7936
v -4.2699 3.5669 0.5292
v -4.1006 3.7524 0.3208
v -3.4685 3.3408 1.0418
v -3.6560 3.1775 1.1847
v -3.8617 3.0174 1.3712
v -4.0787 2.8680 1.5396
v -4.2969 2.6846 1.7626
v -4.5288 2.4284 2.1804
v -4.5176 2.5073 2.2682
v -4.2937 2.7672 1.8557
v -4.0852 2.9607 1.6375
v -3.8784 3.1184 1.4762
v -3.6775 3.2842 1.2963
v -3.4927 3.4517 1.1577
v -4.0195 3.6131 0.2425
v -4.2017 3.4273 0.4633
v -4.3770 3.2561 0.7329
v -4.5899 3.0909 1.0192
v -4.8606 2.9165 1.3332
v -5.1711 2.6256 1.8650
v -5.1010 2.5256 1.8254
v -4.7922 2.8060 1.3064
v -4.5200 2.9706 1.0041
v -4.2959 3.1235 0.7289
v -4.1072 3.2922 0.4621
v -3.9151 3.4746 0.2411
v -3.8696 3.9324 1.1260
v -4.0365 3.7578 1.2763
v -4.2105 3.5708 1.4798
v -4.3896 3.3726 1.6753
v -4.5749 3.1396 1.9159
v -4.7983 2.8396 2.3552
v -4.5447 2.5993 2.3363
v -4.3256 2.8653 1.9248
v -4.1262 3.0699 1.7084
v -3.9299 3.2377 1.5483
v -3.7351 3.4108 1.3694
v -3.5530 3.5828 1.2309
v -4.6578 2.3446 1.9920
v -4.4022 2.5977 1.5501
v -4.1635 2.7638 1.3089
v -3.9311 2.9040 1.1129
v -3.7218 3.0611 0.9028
v -3.5295 3.2230 0.7407
v -4.6061 2.6925 2.3756
v -4.3886 2.9677 1.9605
v -4.1973 3.1838 1.7419
v -4.0099 3.3626 1.5762
v -3.8214 3.5427 1.3925
v -3.6430 3.7178 1.2513
v -3.7524 3.8394 1.2153
v -3.9259 3.6636 1.3608
v -4.1077 3.4784 1.5534
v -4.2891 3.2891 1.7312
v -4.4750 3.0627 1.9577
v -4.6937 2.7755 2.3817
v -4.9983 2.4400 1.8222
v -4.6990 2.7109 1.3202
v -4.4320 2.8690 1.0342
v -4.1994 3.0134 0.7771
v -4.0003 3.1787 0.5209
v -3.8029 3.3548 0.3119
v -3.4821 3.2623 0.8977
v -3.6720 3.1011 1.0489
v -3.8805 2.9439 1.2461
v -4.1062 2.8004 1.4264
v -4.3346 2.6262 1.6569
v -4.5773 2.3723 2.0845
v -2.0557 4.4531 0.5861
v -2.2662 4.3118 0.5768
v -2.4723 4.1371 0.5666
v -2.6789 3.9557 0.5673
v -2.8857 3.7738 0.5954
v -3.0925 3.5957 0.6751
v -3.0891 3.6816 0.8432
v -2.8904 3.8641 0.7765
v -2.6914 4.0494 0.7606
v -2.4924 4.2347 0.7709
v -2.2908 4.4148 0.7888
v -2.0743 4.5646 0.8098
v -2.5025 5.9063 0.3904
v -2.7647 5.5837 0.4120
v -2.9989 5.2846 0.4272
v -3.2200 4.9965 0.4465
v -3.4268 4.7108 0.4885
v -3.6408 4.4364 0.5820
v -3.6823 4.4034 0.3745
v -3.4619 4.6782 0.2726
v -3.2552 4.9657 0.2151
v -3.0320 5.2548 0.1839
v -2.7912 5.5556 0.1553
v -2.5136 5.8851 0.1131
v -2.3826 5.5710 -0.3320
v -2.6812 5.2795 -0.2702
v -2.9392 5.0044 -0.2319
v -3.1808 4.7313 -0.1860
v -3.4022 4.4611 -0.1138
v -3.6406 4.2030 -0.0471
v -3.5587 4.0446 -0.1677
v -3.3171 4.2928 -0.2227
v -3.0850 4.5496 -0.2916
v -2.8338 4.8090 -0.3387
v -2.5706 5.0651 -0.3720
v -2.2728 5.3255 -0.4283
v -2.2861 5.4643 1.0050
v -2.5258 5.2241 0.9878
v -2.7441 4.9776 0.9718
v -2.9580 4.7315 0.9598
v -3.1641 4.4874 0.9677
v -3.3679 4.2502 1.0302
v -3.4726 4.3595 0.9245
v -3.2646 4.6121 0.8537
v -3.0557 4.8740 0.8375
v -2.8359 5.1387 0.8410
v -2.6116 5.4063 0.8500
v -2.3695 5.6767 0.8598
v -2.4711 5.7678 -0.1419
v -2.7621 5.4502 -0.0844
v -3.0116 5.1586 -0.0472
v -3.2421 4.8751 -0.0067
v -3.4539 4.5937 0.0625
v -3.6849 4.3271 0.1539
v -2.1717 5.0661 -0.4230
v -2.4590 4.8353 -0.3764
v -2.7212 4.5977 -0.3508
v -2.9758 4.3543 -0.3062
v -3.2161 4.1128 -0.2418
v -3.4597 3.8788 -0.1805
v -3.3561 3.7265 -0.0872
v -3.1147 3.9468 -0.1684
v -2.8721 4.1728 -0.2297
v -2.6218 4.3991 -0.2697
v -2.3676 4.6190 -0.2880
v -2.0986 4.8234 -0.3256
v -3.1192 3.8055 0.9754
v -2.9240 3.9968 0.9170
v -2.7284 4.1913 0.9095
v -2.5323 4.3862 0.9268
v -2.3309 4.5782 0.9488
v -2.1047 4.7449 0.9754
v -2.4481 5.8318 0.6492
v -2.6974 5.5315 0.6522
v -2.9266 5.2449 0.6537
v -3.1480 4.9652 0.6609
v -3.3568 4.6888 0.6886
v -3.5679 4.4233 0.7696
v -2.0441 4.4845 0.0741
v -2.2705 4.3256 0.0936
v -2.4977 4.1376 0.1001
v -2.7263 3.9431 0.1256
v -2.9556 3.7472 0.1806
v -3.1840 3.5597 0.2908
v -3.1265 3.5548 0.4881
v -2.9085 3.7335 0.3914
v -2.6906 3.9188 0.3487
v -2.4737 4.1033 0.3350
v -2.2588 4.2808 0.3362
v -2.0455 4.4253 0.3305
v -2.2109 5.2207 1.0758
v -2.4493 5.0077 1.0534
v -2.6606 4.7816 1.0330
v -2.8662 4.5548 1.0154
v -3.0674 4.3292 1.0188
v -3.2667 4.1089 1.0756
v -3.2610 3.6147 0.0882
v -3.0252 3.8191 -0.0169
v -2.7870 4.0300 -0.0770
v -2.5464 4.2393 -0.1110
v -2.3051 4.4424 -0.1235
v -2.0583 4.6226 -0.1529
v -3.1806 3.9539 1.0563
v -2.9847 4.1582 1.0011
v -2.7878 4.3667 0.9979
v -2.5893 4.5759 1.0175
v -2.3842 4.7836 1.0401
v -2.1499 4.9721 1.0663
v -0.5244 5.6421 1.1612
v -0.3380 4.8603 1.4460
v -0.4137 5.1272 1.3771
v -0.4770 5.3885 1.2809
v -0.2717 4.6471 1.4681
v 0.0343 3.5721 1.5736
v -0.5567 5.8320 1.0623
v -0.2255 4.5065 1.4847
v 0.0848 3.1509 1.5476
v 0.0621 3.3533 1.5760
v -0.0044 3.7860 1.5642
v -0.0933 4.1154 1.5277
v -0.1371 4.2440 1.5141
v -0.0502 3.9675 1.5474
v -0.1794 4.3692 1.5009
v -0.9342 4.6236 1.5200
v -0.3700 6.7645 -0.3122
v -0.5365 6.8058 -0.2452
v -0.7593 6.8289 0.0318
v -0.6565 6.8308 -0.1088
v -0.1879 6.7358 -0.3345
v -0.5770 5.9588 1.0082
v -0.5926 6.0349 0.9857
v -0.6499 6.1373 0.8784
v -0.7135 6.3951 0.6461
v -0.6788 6.2472 0.7741
v -0.6164 6.0736 0.9465
v -0.7505 6.5586 0.4808
v -0.8190 6.7032 0.3234
v -0.8347 6.7995 0.1764
v -0.4948 5.6675 1.1836
v -0.2761 4.9365 1.4477
v -0.3638 5.1935 1.3812
v -0.4345 5.4364 1.2918
v -0.2004 4.7212 1.4731
v 0.1003 3.5758 1.6007
v -0.5493 5.8451 1.0934
v -0.1462 4.5725 1.4891
v 0.1124 3.2453 1.6066
v 0.1156 3.3785 1.6113
v 0.0772 3.7849 1.5828
v 0.0039 4.1365 1.5346
v -0.0391 4.2813 1.5148
v 0.0437 3.9740 1.5590
v -0.0906 4.4222 1.5024
v -0.3300 6.9613 -0.2353
v -0.4797 6.9579 -0.1371
v -0.7129 6.9085 0.0966
v -0.6140 6.9421 -0.0135
v -0.1711 6.9679 -0.2449
v -0.5866 5.9681 1.0373
v -0.5992 6.0549 0.9992
v -0.6678 6.2069 0.8726
v -0.7075 6.4752 0.6423
v -0.6855 6.3243 0.7721
v -0.6450 6.1252 0.9477
v -0.7330 6.6359 0.4882
v -0.7864 6.7674 0.3419
v -0.7787 6.8574 0.2099
v -1.0072 5.5994 1.2088
v -0.7580 4.9553 1.5283
v -0.8560 5.1897 1.4176
v -0.9322 5.3980 1.3146
v -0.6478 4.7261 1.5719
v 0.0068 3.3643 1.6644
v -1.0760 5.7794 1.1192
v -0.5516 4.5456 1.5716
v 0.0837 3.1384 1.6655
v 0.0578 3.2106 1.6634
v -0.0528 3.5537 1.6645
v -0.2132 3.9500 1.6330
v -0.3289 4.1462 1.6108
v -0.1208 3.7524 1.6540
v -0.4411 4.3444 1.5884
v -0.6291 6.5415 -0.5322
v -0.8869 6.6015 -0.4994
v -1.1754 6.7141 -0.3117
v -1.0420 6.6577 -0.4070
v -0.3497 6.5028 -0.5439
v -1.1360 5.9291 1.0344
v -1.1856 6.0469 0.9410
v -1.2527 6.2404 0.7375
v -1.3007 6.4900 0.4287
v -1.2813 6.3552 0.5989
v -1.2210 6.1426 0.8462
v -1.3105 6.6201 0.2324
v -1.3005 6.7129 -0.0015
v -1.2730 6.7435 -0.1890
v -0.7017 6.1429 0.9470
v -0.7849 6.1454 0.9409
v -0.8835 6.1529 0.9285
v -0.9879 6.1647 0.9117
v -1.0908 6.1678 0.8935
v -1.1760 6.1565 0.8673
v -1.1432 6.0629 0.9588
v -1.0614 6.0763 0.9808
v -0.9611 6.0763 0.9961
v -0.8562 6.0674 1.0016
v -0.7551 6.0620 1.0061
v -0.6716 6.0621 1.0059
v -0.6393 5.9731 1.0534
v -0.7263 5.9715 1.0614
v -0.8278 5.9714 1.0667
v -0.9292 5.9714 1.0694
v -1.0238 5.9636 1.0621
v -1.0985 5.9463 1.0476
v -1.0418 5.7969 1.1288
v -0.9727 5.8179 1.1383
v -0.8838 5.8337 1.1412
v -0.7858 5.8430 1.1353
v -0.6845 5.8497 1.1243
v -0.5985 5.8527 1.1126
v -0.7201 6.2336 0.8685
v -0.8011 6.2380 0.8591
v -0.8984 6.2453 0.8448
v -1.0130 6.2590 0.8255
v -1.1188 6.2624 0.7981
v -1.2063 6.2518 0.7637
v -0.9732 5.6154 1.2168
v -0.9055 5.6365 1.2247
v -0.8195 5.6552 1.2269
v -0.7235 5.6690 1.2216
v -0.6243 5.6792 1.2125
v -0.5389 5.6817 1.2007
v -0.7355 6.3562 0.7688
v -0.8161 6.3623 0.7575
v -0.9192 6.3680 0.7359
v -1.0375 6.3771 0.7054
v -1.1468 6.3770 0.6697
v -1.2350 6.3654 0.6289
v -0.3000 4.9787 1.4637
v -0.3744 4.9885 1.4867
v -0.4667 4.9859 1.5125
v -0.5613 4.9810 1.5323
v -0.6501 4.9735 1.5388
v -0.7217 4.9637 1.5361
v -0.6119 4.7352 1.5745
v -0.5417 4.7467 1.5710
v -0.4561 4.7569 1.5566
v -0.3678 4.7645 1.5344
v -0.2829 4.7693 1.5102
v -0.2164 4.7615 1.4883
v -0.7516 6.5091 0.6361
v -0.8311 6.5143 0.6192
v -0.9353 6.5148 0.5913
v -1.0567 6.5170 0.5533
v -1.1671 6.5120 0.5080
v -1.2555 6.5000 0.4614
v -0.1536 4.6067 1.5027
v -0.2111 4.6096 1.5192
v -0.2892 4.6000 1.5363
v -0.3729 4.5872 1.5547
v -0.4528 4.5715 1.5677
v -0.5179 4.5559 1.5732
v -0.4107 4.3583 1.5881
v -0.3519 4.3802 1.5817
v -0.2803 4.4040 1.5702
v -0.2046 4.4249 1.5524
v -0.1344 4.4420 1.5329
v -0.0867 4.4465 1.5154
v -0.7324 6.9301 0.1013
v -0.7986 6.9140 0.0819
v -0.8828 6.8843 0.0481
v -0.9980 6.8509 -0.0355
v -1.0945 6.8042 -0.1652
v -1.1506 6.7498 -0.2557
v -1.2426 6.7687 -0.1422
v -1.1803 6.8076 -0.0641
v -1.0930 6.8395 0.0457
v -0.9824 6.8556 0.1221
v -0.8816 6.8677 0.1811
v -0.8082 6.8761 0.2051
v 0.1118 3.5639 1.6259
v 0.0989 3.5362 1.6433
v 0.0782 3.4989 1.6544
v 0.0560 3.4570 1.6606
v 0.0342 3.4150 1.6636
v 0.0157 3.3817 1.6655
v 0.0634 3.2209 1.6651
v 0.0749 3.2466 1.6638
v 0.0876 3.2829 1.6627
v 0.1007 3.3208 1.6599
v 0.1138 3.3544 1.6525
v 0.1228 3.3772 1.6375
v -0.8967 5.4110 1.3237
v -0.8279 5.4283 1.3321
v -0.7420 5.4439 1.3342
v -0.6479 5.4559 1.3284
v -0.5522 5.4645 1.3181
v -0.4713 5.4625 1.3059
v -0.3026 4.1643 1.6095
v -0.2515 4.1934 1.6019
v -0.1898 4.2259 1.5893
v -0.1250 4.2555 1.5707
v -0.0648 4.2807 1.5490
v -0.0261 4.2939 1.5289
v -0.8197 5.1998 1.4274
v -0.7493 5.2127 1.4357
v -0.6616 5.2235 1.4362
v -0.5672 5.2315 1.4269
v -0.4730 5.2366 1.4117
v -0.3953 5.2299 1.3958
v 0.0873 3.1448 1.6685
v 0.0930 3.1594 1.6709
v 0.1018 3.1905 1.6696
v 0.1115 3.2266 1.6647
v 0.1178 3.2498 1.6554
v 0.1195 3.2595 1.6399
v -0.6269 6.9709 -0.0052
v -0.6805 6.9493 -0.0199
v -0.7533 6.9029 -0.0351
v -0.8633 6.8457 -0.1121
v -0.9650 6.7792 -0.2495
v -1.0200 6.7042 -0.3492
v 0.0642 3.9648 1.5786
v 0.0436 3.9380 1.6000
v 0.0077 3.9011 1.6203
v -0.0313 3.8592 1.6367
v -0.0695 3.8149 1.6473
v -0.1024 3.7760 1.6535
v -0.0391 3.5761 1.6650
v -0.0125 3.6144 1.6611
v 0.0184 3.6594 1.6541
v 0.0494 3.7029 1.6422
v 0.0775 3.7414 1.6257
v 0.0938 3.7706 1.6056
v -0.8235 6.7922 0.3369
v -0.9049 6.7915 0.3073
v -1.0100 6.7881 0.2575
v -1.1152 6.7814 0.1898
v -1.2038 6.7623 0.1132
v -1.2688 6.7347 0.0448
v -1.2716 6.6352 0.2711
v -1.1919 6.6536 0.3253
v -1.0848 6.6648 0.3802
v -0.9665 6.6679 0.4267
v -0.8582 6.6697 0.4621
v -0.7767 6.6672 0.4841
v -0.3367 7.0180 -0.2377
v -0.3640 6.9954 -0.2635
v -0.4078 6.9301 -0.2876
v -0.4757 6.8317 -0.2908
v -0.5471 6.7073 -0.3561
v -0.6025 6.5956 -0.4513
v -0.8573 6.6441 -0.4313
v -0.7903 6.7300 -0.3129
v -0.6891 6.8262 -0.1935
v -0.5933 6.9129 -0.1707
v -0.5283 6.9731 -0.1461
v -0.4875 6.9983 -0.1244
v -0.1780 7.0391 -0.2437
v -0.1946 7.0220 -0.2844
v -0.2191 6.9573 -0.3449
v -0.2566 6.8420 -0.3749
v -0.2997 6.6843 -0.4318
v -0.3324 6.5524 -0.5007
v 0.0235 4.1373 1.5510
v -0.0045 4.1163 1.5720
v -0.0511 4.0840 1.5936
v -0.1020 4.0469 1.6120
v -0.1507 4.0071 1.6244
v -0.1914 3.9717 1.6318
v -0.6893 2.2340 1.4137
v -0.9185 2.2701 1.3383
v -0.9398 2.3945 -0.4893
v -1.5013 2.2798 0.0574
v -1.3324 2.3106 -0.1953
v -0.0936 1.9671 1.4770
v -1.4046 2.1615 0.9912
v -0.9481 2.0495 1.3624
v 0.0153 1.9087 1.4729
v -0.7074 2.0232 1.4428
v -1.5304 2.2103 0.6822
v -0.2033 2.5820 -0.6395
v -0.7646 2.4454 -0.5612
v -0.5856 2.4985 -0.6088
v -0.3991 2.5471 -0.6322
v -0.4874 2.0213 1.4718
v -1.5779 2.2510 0.3596
v -0.2641 1.9930 1.4778
v -1.1924 2.0929 1.2163
v -1.1280 2.3490 -0.3742
v -1.0887 2.6507 -0.3155
v -1.4906 2.5346 0.3866
v -0.2467 2.3156 1.4690
v 0.0190 2.3053 1.4575
v -1.4577 2.4943 0.7017
v -1.2565 2.6060 -0.1521
v -0.6063 2.7868 -0.5551
v -0.9330 2.6968 -0.4198
v -0.7776 2.7423 -0.4965
v -0.4165 2.8254 -0.5906
v -0.2137 2.8532 -0.5978
v -1.4102 2.5668 0.0878
v -0.6661 2.3759 1.4189
v -0.0874 2.2970 1.4641
v -1.3343 2.4490 0.9815
v -0.9061 2.4078 1.3361
v -1.1388 2.4280 1.1935
v -0.4439 2.3379 1.4619
v -0.5716 2.0985 1.3984
v -1.0239 2.1635 1.2480
v -1.1287 2.1712 1.1838
v -0.6961 2.1172 1.3690
v -0.8691 2.1412 1.3191
v -1.1270 2.1552 1.1904
v -0.6897 2.0842 1.3948
v -0.5716 2.0839 1.4056
v -1.0186 2.1279 1.2677
v -1.0957 2.1738 1.2816
v -0.8905 2.1398 1.3827
v -1.2080 2.2052 1.1626
v -0.5521 2.1191 1.4455
v -0.5193 2.1019 1.4536
v -0.6869 2.1429 1.4043
v -1.3072 2.2111 1.1135
v -0.6912 2.1167 1.4499
v -0.7056 2.0348 1.3441
v -0.8488 2.0498 1.3034
v -1.2055 2.2201 1.1542
v -0.9791 2.0698 1.2451
v -0.6090 2.0344 1.3672
v -0.8868 2.1760 1.3362
v -1.0709 2.0909 1.1960
v -1.3632 2.2285 1.0371
v -1.0870 2.2042 1.2412
v -1.2073 2.2125 1.1582
v -0.4789 2.1036 1.4648
v -0.5523 2.1057 1.4528
v -0.5523 2.1115 1.4490
v -1.4264 3.0005 0.3794
v -1.1100 3.1394 -0.3322
v -0.2490 2.8836 1.4912
v -1.1554 2.9530 1.2317
v -0.9165 2.9512 1.3667
v -0.6724 2.9412 1.4465
v 0.0481 2.8193 1.5088
v -1.2492 3.0901 -0.1758
v -0.2083 3.2923 -0.6092
v -0.0679 2.8511 1.4980
v -0.4498 2.9162 1.4810
v -1.3365 2.9547 1.0082
v -1.3636 3.0417 0.0654
v -0.4097 3.2787 -0.5993
v -0.6056 3.2585 -0.5711
v -1.4263 2.9698 0.7130
v -0.7902 3.2295 -0.5189
v -0.9579 3.1894 -0.4411
v -0.0689 3.1611 1.5399
v -1.4517 3.1630 0.7046
v -0.7921 3.4460 -0.5688
v -0.9714 3.3996 -0.4888
v -1.3583 3.1582 1.0111
v -0.9414 3.1882 1.3940
v -0.7029 3.2003 1.4801
v -1.2819 3.2859 -0.2102
v -0.2063 3.5085 -0.6272
v -0.2654 3.1756 1.5230
v -1.1755 3.1726 1.2471
v -0.4778 3.1944 1.5128
v -1.1342 3.3415 -0.3729
v -1.3983 3.2345 0.0392
v -0.4045 3.4969 -0.6284
v -0.6001 3.4771 -0.6135
v -1.4563 3.1920 0.3631
v -0.8649 2.1022 1.3485
v -0.6099 2.0409 1.3654
v -0.9800 2.0809 1.2418
v -1.0708 2.0977 1.1942
v -0.7062 2.0455 1.3390
v -0.8505 2.0621 1.2988
v -1.0711 2.0840 1.1978
v -0.7027 2.0240 1.3465
v -0.6086 2.0279 1.3694
v -0.9788 2.0588 1.2482
v -0.8459 2.0374 1.3057
v -0.5715 2.0912 1.4018
v -0.9166 2.1190 1.3861
v -1.1286 2.1632 1.1877
v -0.6859 2.1622 1.4100
v -1.1066 2.4405 -0.3579
v -0.6912 2.0950 1.4546
v -0.2587 2.0836 1.4718
v -1.1299 2.2227 1.2325
v -1.5538 2.3369 0.3632
v -0.5183 2.0860 1.4568
v -1.1554 2.1584 1.2761
v -0.4416 2.0984 1.4651
v -1.3108 2.1958 1.1164
v -0.4105 2.6322 -0.6129
v -0.5190 2.1205 1.4510
v -0.5975 2.5854 -0.5837
v -1.3032 2.2288 1.1116
v -0.7696 2.5345 -0.5336
v -0.9071 2.1977 1.3409
v -0.2104 2.6661 -0.6184
v -1.5056 2.2917 0.6909
v 0.0160 2.0423 1.4669
v -1.4092 2.2411 0.9657
v -0.0879 2.0642 1.4725
v -1.4722 2.3661 0.0573
v -0.9327 2.4858 -0.4630
v -1.3644 2.2279 1.0407
v -0.4799 2.1032 1.4603
v -1.3008 2.3994 -0.1903
v -1.1663 2.1211 1.2470
v -1.3430 2.1784 1.0740
v -0.5164 2.1528 1.4505
v -1.3175 2.2632 1.0712
v -0.9139 2.2368 1.3358
v -0.5180 2.0595 1.4645
v -1.1367 2.2594 1.2178
v -0.6987 2.0557 1.4437
v -0.6915 2.2008 1.4084
v -0.9300 2.0786 1.3739
v -0.9160 2.2371 1.3423
v -1.3503 2.2706 1.0366
v -0.4837 2.1497 1.4643
v -1.3695 2.1836 1.0388
v -1.1713 2.1173 1.2668
v -0.4800 2.0533 1.4701
v -1.1435 2.2607 1.2234
v -0.6927 2.0504 1.4568
v -0.6888 2.2017 1.4141
v -0.9252 2.0745 1.3852
v -1.0051 5.5897 1.1995
v -0.7573 4.9481 1.5194
v -0.8559 5.1854 1.4064
v -0.9309 5.3900 1.3045
v -0.6449 4.7134 1.5634
v 0.0101 3.3587 1.6568
v -1.0736 5.7687 1.1098
v -0.5502 4.5377 1.5631
v 0.0821 3.1398 1.6605
v 0.0604 3.2106 1.6559
v -0.0510 3.5450 1.6566
v -0.2134 3.9407 1.6256
v -0.3268 4.1380 1.6034
v -0.1215 3.7427 1.6462
v -0.4398 4.3374 1.5806
v -0.6223 6.5265 -0.5020
v -0.8807 6.5871 -0.4682
v -1.1724 6.7018 -0.2869
v -1.0381 6.6454 -0.3814
v -0.3418 6.4841 -0.5117
v -1.1342 5.9182 1.0243
v -1.1845 6.0367 0.9295
v -1.2536 6.2342 0.7228
v -1.3011 6.4841 0.4102
v -1.2814 6.3498 0.5821
v -1.2215 6.1348 0.8337
v -1.3080 6.6107 0.2116
v -1.3006 6.7021 -0.0238
v -1.2710 6.7311 -0.1626
v 1.4857 4.5802 1.1909
v 1.1925 4.7037 -0.7439
v 0.9587 4.7697 -0.8417
v 0.7162 4.8090 -0.8450
v 0.4751 4.8261 -0.7954
v 1.3025 4.5964 1.3448
v 1.6084 4.5015 0.9451
v 0.8512 4.5981 1.5134
v 1.0872 4.6018 1.4351
v 1.6827 4.4294 0.6849
v 0.6149 4.6126 1.5509
v 1.5600 4.5274 -0.2506
v 1.4005 4.6171 -0.5392
v 1.7001 4.4166 0.4035
v 1.6561 4.4558 0.0776
v 0.2366 4.8297 -0.7373
v 0.3592 4.6560 1.5379
v 0.1963 4.7370 1.5061
v 0.1455 4.8208 1.4950
v 0.6315 4.8137 1.5382
v 0.1719 4.8623 1.4959
v 0.2353 4.8666 1.5039
v 0.3189 4.8565 1.5142
v 0.4131 4.8448 1.5275
v 0.5033 4.8330 1.5385
v 0.5866 4.8219 1.5415
v 0.6351 4.8024 1.5304
v 1.3906 4.7397 1.2797
v 0.4874 4.9450 -0.7996
v -1.5472 4.5533 1.1627
v 0.7342 4.9301 -0.8492
v 0.9818 4.8934 -0.8444
v 1.2198 4.8277 -0.7465
v 1.5406 4.6777 1.1510
v 1.5976 4.6317 -0.2547
v 1.6539 4.5802 0.9199
v 1.7257 4.4981 0.6682
v 0.6672 4.7601 1.5306
v 1.4322 4.7352 -0.5409
v 1.7382 4.4855 0.3888
v 1.6947 4.5419 0.0685
v 0.2433 4.9487 -0.7389
v 0.4064 4.7783 1.5067
v 0.2516 4.8481 1.4685
v 0.2063 4.9300 1.4576
v 0.6960 4.9317 1.5195
v 0.2300 4.9721 1.4680
v 0.2998 4.9776 1.4801
v 0.3905 4.9691 1.4944
v 0.4883 4.9594 1.5090
v 0.5815 4.9495 1.5205
v 0.6563 4.9397 1.5234
v 0.6995 4.9242 1.5110
v 1.5330 4.6209 1.1451
v 1.2063 4.7655 -0.7454
v 0.9706 4.8308 -0.8430
v 0.7256 4.8687 -0.8467
v 0.4816 4.8850 -0.7971
v 0.6391 4.6722 1.5781
v 1.6278 4.5392 0.9315
v 1.7000 4.4592 0.6783
v 0.6115 4.6823 1.5455
v 1.4157 4.6772 -0.5407
v 1.7155 4.4470 0.3977
v 1.6723 4.5009 0.0735
v 0.2400 4.8891 -0.7374
v 0.3758 4.7100 1.5230
v 0.2160 4.7821 1.4908
v 0.1709 4.8630 1.4773
v 0.6549 4.8601 1.5304
v 0.1923 4.9043 1.4832
v 0.2588 4.9090 1.4928
v 0.3459 4.8995 1.5049
v 0.4418 4.8885 1.5196
v 0.5332 4.8775 1.5309
v 0.6092 4.8670 1.5333
v 0.6591 4.8564 1.5212
v 1.5765 4.5826 -0.2530
v -1.1915 4.6995 -0.7423
v -0.7462 5.0232 -0.8800
v -0.4949 5.0352 -0.8248
v -1.7661 4.5078 0.3750
v -1.7380 4.5715 0.0693
v -1.4626 4.8164 -0.5218
v -1.7448 4.6018 0.8966
v -1.6461 4.6888 -0.2317
v -1.7733 4.5258 0.6499
v -1.6593 4.7128 1.1122
v -0.2474 5.0367 -0.7610
v -1.4720 4.7956 1.2843
v -1.2406 4.8341 1.4096
v -0.9904 4.8471 1.4763
v -0.7369 4.8567 1.4888
v -0.5164 4.8690 1.4647
v -1.2410 4.9196 -0.7620
v -0.9984 4.9881 -0.8740
v -0.3580 4.9266 1.4333
v -0.2992 5.0010 1.4342
v -0.7866 5.0178 1.5039
v -0.3250 5.0424 1.4501
v -0.4004 5.0517 1.4725
v -0.4935 5.0487 1.4964
v -0.5886 5.0434 1.5135
v -0.6777 5.0354 1.5177
v -0.7495 5.0251 1.5133
v -0.7894 5.0205 1.4901
v -1.5549 4.5240 -0.2263
v -0.7276 4.8846 1.5379
v -0.6898 4.8982 1.5526
v -0.6192 4.9082 1.5537
v -0.5319 4.9161 1.5440
v -0.4389 4.9214 1.5231
v -0.3485 4.9244 1.4966
v -0.2759 4.9149 1.4728
v -0.7277 4.8904 1.5472
v -0.2541 4.8728 1.4565
v -0.3185 4.7964 1.4537
v -0.4811 4.7332 1.4834
v -0.2422 4.8892 -0.7492
v -1.6694 4.5067 0.0757
v -1.7122 4.4615 0.3879
v -1.4153 4.6777 -0.5162
v -1.5749 4.5840 -0.2279
v -0.6989 4.6998 1.5175
v -1.7076 4.4721 0.6716
v -1.1949 4.6829 1.4421
v -0.9507 4.6875 1.5105
v -1.6689 4.5303 0.9268
v -1.4108 4.6599 1.3209
v -0.4824 4.8852 -0.8111
v -0.7258 4.8689 -0.8623
v -0.9707 4.8311 -0.8571
v -1.2063 4.7658 -0.7498
v -1.5752 4.6046 1.1488
v -1.1759 4.6220 1.4554
v -1.6823 4.4275 0.6807
v -0.6830 4.6351 1.5221
v -1.3982 4.6132 -0.5125
v -1.6895 4.4157 0.3953
v -1.6473 4.4534 0.0800
v -0.2385 4.8276 -0.7483
v -0.4648 4.6716 1.4895
v -0.2997 4.7357 1.4599
v -0.2328 4.8118 1.4635
v -0.6975 4.8266 1.5607
v -0.2524 4.8537 1.4800
v -0.3230 4.8628 1.5034
v -0.4116 4.8594 1.5308
v -0.5027 4.8535 1.5527
v -0.5884 4.8450 1.5631
v -0.6603 4.8347 1.5651
v -0.6962 4.8179 1.5521
v 0.6952 4.7336 1.5626
v 0.9189 4.7724 1.4938
v 0.6696 4.7285 1.5954
v 1.1728 4.7656 1.4068
v 1.5417 4.6090 1.2305
v 1.5105 4.5460 1.2413
v 1.3421 4.6454 1.3918
v 1.3060 4.5837 1.3934
v 0.6663 4.6744 1.6263
v 0.6570 4.6020 1.5952
v 0.8511 4.5923 1.5403
v 1.0831 4.5918 1.4746
v 1.5645 4.6829 1.2524
v 1.3668 4.7126 1.3932
v 0.6871 4.7511 1.6277
v 1.1462 4.7382 1.4837
v 1.1153 4.6638 1.4664
v 0.8821 4.6691 1.5640
v 0.9143 4.7467 1.5771
v 0.6514 4.6636 1.5990
v 1.4797 4.5946 1.2344
v 1.5042 4.5738 1.2071
v 0.8492 4.5922 1.5168
v 0.8499 4.6016 1.5136
v 1.5532 4.6981 1.2065
v 1.5175 4.6760 1.2032
v 0.9172 4.7451 1.5149
v 0.9159 4.7327 1.5520
v 1.0851 4.5995 1.4581
v 1.0841 4.6056 1.4333
v 1.3020 4.6018 1.3498
v 1.3039 4.5981 1.3678
v 1.3692 4.7158 1.3592
v 1.3860 4.7173 1.2780
v 1.1678 4.7401 1.4149
v 1.1543 4.7330 1.4618
v 0.6427 4.5934 1.5633
v 0.6531 4.6105 1.5627
v 1.5282 4.6397 1.1879
v 1.5227 4.6324 1.1968
v 0.7649 4.7074 1.5582
v 0.7953 4.6941 1.5302
v 1.4848 4.6389 1.2564
v 1.4648 4.6170 1.2325
v 0.9365 4.6915 1.5291
v 0.9179 4.7030 1.5567
v 1.3745 4.6857 1.3624
v 1.3766 4.6676 1.3285
v 1.1703 4.6878 1.4360
v 1.1643 4.7031 1.4667
v 0.8097 4.9622 1.5298
v 0.8044 4.8188 1.5020
v 1.4659 4.8852 1.2473
v 1.4475 4.7433 1.2246
v 0.9783 4.8256 1.4555
v 0.9555 4.8504 1.4693
v 1.3132 4.8201 1.3270
v 1.3089 4.7952 1.3161
v 1.1703 4.8197 1.4063
v 1.1636 4.8451 1.4131
v -4.8952 3.0473 1.9784
v -4.9790 3.0244 1.8718
v -4.7938 3.0343 2.0695
v -4.7374 2.5099 1.6128
v -4.6271 2.4746 1.6823
v -5.0324 2.9652 1.7630
v -5.0458 2.8761 1.6678
v -4.4128 2.5565 1.9715
v -4.4057 2.6373 2.0620
v -5.0159 2.7710 1.5991
v -4.9466 2.6658 1.5659
v -4.6866 2.9896 2.1356
v -4.4352 2.7323 2.1306
v -4.5300 2.4711 1.7711
v -4.4973 2.8301 2.1681
v -4.5844 2.9191 2.1697
v -4.8487 2.5755 1.5712
v -4.4559 2.4992 1.8707
v 4.8584 3.0659 1.9020
v 4.9313 3.0390 1.7921
v 4.7655 3.0594 1.9971
v 4.7167 2.5257 1.5368
v 4.6172 2.4921 1.6082
v 4.9747 2.9797 1.6800
v 4.9830 2.8928 1.5823
v 4.4103 2.5797 1.9060
v 4.4017 2.6594 2.0010
v 4.9554 2.7885 1.5141
v 4.8963 2.6826 1.4841
v 4.6656 3.0178 2.0698
v 4.4287 2.7544 2.0734
v 4.5258 2.4917 1.6995
v 4.4871 2.8546 2.1118
v 4.5692 2.9466 2.1103
v 4.8135 2.5908 1.4933
v 4.4535 2.5223 1.8017
v 4.9966 2.8784 2.1564
v 5.0786 2.8422 2.0673
v 4.8971 2.8803 2.2268
v 4.8942 2.3814 1.7957
v 4.7899 2.3549 1.8448
v 5.1329 2.7842 1.9713
v 5.1519 2.7047 1.8827
v 4.5608 2.4508 2.0685
v 4.5407 2.5278 2.1476
v 5.1325 2.6116 1.8147
v 5.0774 2.5182 1.7762
v 4.7913 2.8497 2.2704
v 4.5575 2.6154 2.2156
v 4.6932 2.3594 1.9107
v 4.6100 2.7044 2.2631
v 4.6914 2.7880 2.2826
v 4.9942 2.4378 1.7707
v 4.6139 2.3927 1.9872
v 4.9831 2.8777 2.1132
v 5.0600 2.8433 2.0296
v 4.8897 2.8813 2.1793
v 4.8870 2.4112 1.7748
v 4.7892 2.3864 1.8209
v 5.1110 2.7891 1.9396
v 5.1288 2.7145 1.8564
v 4.5742 2.4763 2.0308
v 4.5554 2.5486 2.1050
v 5.1106 2.6272 1.7926
v 5.0589 2.5395 1.7566
v 4.7905 2.8527 2.2202
v 4.5712 2.6307 2.1687
v 4.6984 2.3906 1.8827
v 4.6204 2.7153 2.2133
v 4.6968 2.7950 2.2316
v 4.9809 2.4641 1.7514
v 4.6241 2.4218 1.9545
v 5.0240 2.8364 2.2137
v 5.1009 2.8019 2.1301
v 4.9307 2.8399 2.2798
v 4.9280 2.3698 1.8753
v 4.8302 2.3450 1.9214
v 5.1519 2.7478 2.0401
v 5.1698 2.6732 1.9569
v 4.6152 2.4350 2.1313
v 4.5964 2.5072 2.2055
v 5.1516 2.5858 1.8931
v 5.0999 2.4982 1.8571
v 4.8314 2.8113 2.3207
v 4.6121 2.5894 2.2692
v 4.7503 2.3493 1.9832
v 4.6613 2.6740 2.3138
v 4.7378 2.7536 2.3321
v 5.0218 2.4227 1.8519
v 4.6650 2.3805 2.0550
v 5.0124 2.8357 2.1853
v 5.0844 2.8035 2.1070
v 4.9248 2.8396 2.2473
v 4.9223 2.3986 1.8682
v 4.8307 2.3754 1.9114
v 5.1322 2.7528 2.0226
v 5.1490 2.6829 1.9447
v 4.6292 2.4597 2.1081
v 4.6115 2.5274 2.1776
v 5.1319 2.6011 1.8849
v 5.0834 2.5189 1.8511
v 4.8318 2.8127 2.2856
v 4.6263 2.6044 2.2374
v 4.7558 2.3794 1.9693
v 4.6724 2.6847 2.2792
v 4.7441 2.7594 2.2963
v 5.0103 2.4482 1.8462
v 4.6759 2.4086 2.0366
v -5.0024 2.8612 2.2094
v -5.0865 2.8408 2.1251
v -4.9047 2.8519 2.2795
v -4.8775 2.4039 1.8792
v -4.7720 2.3751 1.9321
v -5.1434 2.7899 2.0356
v -5.1621 2.7142 1.9531
v -4.5630 2.4480 2.1722
v -4.5529 2.5187 2.2509
v -5.1385 2.6247 1.8896
v -5.0757 2.5351 1.8542
v -4.8044 2.8165 2.3289
v -4.5772 2.6012 2.3119
v -4.6785 2.3729 2.0034
v -4.6322 2.6847 2.3471
v -4.7108 2.7590 2.3526
v -4.9837 2.4584 1.8513
v -4.6064 2.3977 2.0863
v -5.0002 2.8756 2.1900
v -5.0813 2.8559 2.1086
v -4.9060 2.8667 2.2575
v -4.8798 2.4347 1.8715
v -4.7780 2.4069 1.9225
v -5.1362 2.8069 2.0223
v -5.1542 2.7339 1.9428
v -4.5764 2.4772 2.1541
v -4.5668 2.5454 2.2300
v -5.1314 2.6476 1.8816
v -5.0709 2.5612 1.8474
v -4.8093 2.8325 2.3051
v -4.5902 2.6249 2.2888
v -4.6879 2.4048 1.9913
v -4.6432 2.7054 2.3227
v -4.7190 2.7771 2.3280
v -4.9822 2.4873 1.8446
v -4.6184 2.4287 2.0712
v -5.0174 2.8247 2.2308
v -5.0985 2.8050 2.1495
v -4.9232 2.8157 2.2983
v -4.8970 2.3837 1.9124
v -4.7952 2.3559 1.9634
v -5.1534 2.7560 2.0632
v -5.1714 2.6829 1.9837
v -4.5936 2.4263 2.1949
v -4.5840 2.4944 2.2708
v -5.1486 2.5967 1.9224
v -5.0880 2.5103 1.8882
v -4.8265 2.7816 2.3460
v -4.6074 2.5740 2.3296
v -4.7051 2.3539 2.0321
v -4.6604 2.6545 2.3636
v -4.7362 2.7262 2.3689
v -4.9993 2.4363 1.8854
v -4.6355 2.3778 2.1121
v -5.0022 2.8249 2.2167
v -5.0783 2.8064 2.1404
v -4.9137 2.8164 2.2801
v -4.8891 2.4109 1.9178
v -4.7936 2.3848 1.9656
v -5.1298 2.7603 2.0593
v -5.1467 2.6918 1.9847
v -4.6043 2.4508 2.1830
v -4.5953 2.5148 2.2543
v -5.1254 2.6108 1.9272
v -5.0685 2.5296 1.8951
v -4.8230 2.7844 2.3249
v -4.6173 2.5895 2.3095
v -4.7090 2.3828 2.0302
v -4.6670 2.6651 2.3414
v -4.7381 2.7324 2.3464
v -4.9852 2.4602 1.8925
v -4.6437 2.4053 2.1052
v 1.2399 2.3994 -0.2359
v 1.2201 2.4833 -0.2149
v 1.4191 1.2248 -0.6273
v 1.3545 1.5674 -0.5327
v 1.2006 2.6060 -0.1873
v 1.3159 1.8911 -0.4227
v 1.3891 1.2302 -0.6956
v 1.5143 0.9809 -0.6035
v 1.4823 0.9912 -0.6415
v -1.3008 2.3994 -0.1903
v -1.2805 2.4833 -0.1740
v -1.5355 1.2248 -0.5854
v -1.4319 1.5674 -0.4860
v -1.2565 2.6060 -0.1521
v -1.3618 1.8911 -0.3676
v 1.2880 1.8829 -0.4747
v -1.5812 0.9814 -0.5886
v 1.2693 2.1422 -0.3056
v 1.3259 1.5658 -0.5863
v 0.9486 1.0181 -1.0450
v 0.6992 1.0240 -1.1423
v 0.4820 1.0258 -1.1884
v 0.2983 1.0253 -1.2008
v 1.6881 0.9696 -0.2792
v 1.2181 1.0073 -0.8798
v 1.7959 0.9432 0.0800
v 1.7777 0.9151 0.4542
v 1.6248 0.8891 0.8054
v 1.3723 0.8676 1.1060
v 0.2253 0.8397 1.5227
v 0.4764 0.8358 1.5025
v 1.0686 0.8510 1.3350
v 0.7620 0.8397 1.4451
v 0.1417 1.0243 -1.2007
v 0.0063 0.8989 1.4945
v -0.0013 1.0238 -1.2009
v -0.1893 0.9829 1.4399
v -1.5051 1.2302 -0.6545
v -1.5499 0.9918 -0.6269
v -1.3350 1.8829 -0.4206
v -1.3212 2.1422 -0.2518
v -1.4037 1.5658 -0.5406
v -0.9766 1.0188 -1.0388
v -0.7116 1.0242 -1.1402
v -0.4886 1.0258 -1.1902
v -0.3030 1.0252 -1.2039
v -1.7781 0.9699 -0.2662
v -1.2645 1.0081 -0.8696
v -1.8922 0.9439 0.0967
v -1.8734 0.9168 0.4856
v -1.7184 0.8917 0.8456
v -1.4559 0.8701 1.1221
v -0.3510 0.8969 1.3803
v -0.5786 0.8354 1.3802
v -1.1451 0.8522 1.2878
v -0.8434 0.8398 1.3617
v -0.1448 1.0243 -1.2033
v -0.1549 0.9704 1.3738
v 0.0257 0.9254 1.3673
v 1.3891 1.2302 -0.6113
v 1.3259 1.5658 -0.5186
v 1.2880 1.8829 -0.4108
v 1.4823 0.9912 -0.5879
v -1.5051 1.2302 -0.5702
v -1.4037 1.5658 -0.4728
v -1.3350 1.8829 -0.3568
v -1.5499 0.9918 -0.5733
v -0.1891 2.4781 1.5084
v -0.2000 2.6575 1.5293
v -0.2182 2.9794 1.5392
v -0.1856 2.1628 1.5143
v -0.1914 1.7290 1.5190
v -0.1956 1.2572 1.5185
v -0.1800 1.0998 1.4761
v -0.1624 0.9724 1.4642
v -0.2033 1.5013 1.5130
v -0.2369 3.1528 1.5555
v -0.1829 1.9086 1.5268
v -0.1910 2.3053 1.5062
v -0.2094 2.8194 1.5412
v -0.1828 2.0421 1.5382
v -0.1595 0.9829 1.4375
vt 0.9343 0.8049
vt 0.9305 0.8059
vt 0.9327 0.8209
vt 0.9368 0.8205
vt 0.9054 0.9128
vt 0.9023 0.9099
vt 0.8907 0.9208
vt 0.8931 0.9244
vt 0.9296 0.7900
vt 0.9260 0.7915
vt 0.9159 0.8995
vt 0.9125 0.8970
vt 0.9229 0.7758
vt 0.9195 0.7778
vt 0.9245 0.8849
vt 0.9207 0.8830
vt 0.9038 0.7509
vt 0.9011 0.7537
vt 0.9111 0.7651
vt 0.9142 0.7627
vt 0.9310 0.8695
vt 0.9270 0.8681
vt 0.8918 0.7406
vt 0.8895 0.7438
vt 0.9352 0.8533
vt 0.9311 0.8525
vt 0.8786 0.7320
vt 0.8767 0.7354
vt 0.9372 0.8368
vt 0.9329 0.8366
vt 0.8647 0.7254
vt 0.8634 0.7289
vt 0.8506 0.7213
vt 0.8502 0.7248
vt 0.9357 0.8907
vt 0.9283 0.8868
vt 0.9194 0.9018
vt 0.9262 0.9067
vt 0.9428 0.8736
vt 0.9349 0.8708
vt 0.9475 0.8558
vt 0.9393 0.8541
vt 0.9496 0.8375
vt 0.9413 0.8370
vt 0.9491 0.8193
vt 0.9408 0.8201
vt 0.9457 0.8020
vt 0.9381 0.8040
vt 0.9405 0.7856
vt 0.9333 0.7885
vt 0.9120 0.7423
vt 0.9066 0.7480
vt 0.9174 0.7603
vt 0.9235 0.7554
vt 0.9331 0.7699
vt 0.9263 0.7739
vt 0.8988 0.7310
vt 0.8942 0.7374
vt 0.8841 0.7216
vt 0.8805 0.7285
vt 0.8686 0.7151
vt 0.8661 0.7219
vt 0.8532 0.7103
vt 0.8510 0.7176
vt 0.9146 0.9212
vt 0.9086 0.9156
vt 0.8955 0.9282
vt 0.9014 0.9342
vt 0.8229 0.8793
vt 0.8229 0.8699
vt 0.8113 0.8677
vt 0.8077 0.8764
vt 0.8371 0.8037
vt 0.8338 0.8121
vt 0.8435 0.8183
vt 0.8498 0.8117
vt 0.8229 0.8661
vt 0.8127 0.8642
vt 0.8228 0.8623
vt 0.8142 0.8606
vt 0.8228 0.8585
vt 0.8156 0.8571
vt 0.8228 0.8513
vt 0.8179 0.8504
vt 0.8014 0.8611
vt 0.7948 0.8678
vt 0.8324 0.8156
vt 0.8409 0.8210
vt 0.8311 0.8190
vt 0.8383 0.8237
vt 0.8297 0.8225
vt 0.8357 0.8264
vt 0.8274 0.8294
vt 0.8312 0.8313
vt 0.8228 0.8474
vt 0.8227 0.8467
vt 0.8204 0.8453
vt 0.8198 0.8468
vt 0.8502 0.8278
vt 0.8586 0.8240
vt 0.8041 0.8585
vt 0.8068 0.8558
vt 0.8095 0.8531
vt 0.8142 0.8483
vt 0.8256 0.8330
vt 0.8248 0.8344
vt 0.8274 0.8355
vt 0.8281 0.8345
vt 0.7949 0.8513
vt 0.7863 0.8549
vt 0.8467 0.8293
vt 0.8433 0.8308
vt 0.8399 0.8323
vt 0.8334 0.8351
vt 0.8180 0.8441
vt 0.8173 0.8452
vt 0.8527 0.8392
vt 0.8620 0.8389
vt 0.7984 0.8499
vt 0.8019 0.8485
vt 0.8054 0.8470
vt 0.8120 0.8444
vt 0.8290 0.8375
vt 0.8298 0.8368
vt 0.7835 0.8398
vt 0.7927 0.8398
vt 0.7951 0.8284
vt 0.7866 0.8248
vt 0.8490 0.8393
vt 0.8452 0.8394
vt 0.8414 0.8394
vt 0.8343 0.8396
vt 0.8164 0.8420
vt 0.8156 0.8428
vt 0.7965 0.8398
vt 0.7986 0.8298
vt 0.8003 0.8398
vt 0.8020 0.8313
vt 0.8040 0.8398
vt 0.8055 0.8327
vt 0.8111 0.8399
vt 0.8120 0.8353
vt 0.8291 0.8396
vt 0.8306 0.8396
vt 0.8507 0.8508
vt 0.8594 0.8542
vt 0.8149 0.8399
vt 0.8163 0.8399
vt 0.8165 0.8377
vt 0.8156 0.8370
vt 0.8016 0.8188
vt 0.7952 0.8123
vt 0.8471 0.8494
vt 0.8436 0.8480
vt 0.8401 0.8467
vt 0.8335 0.8442
vt 0.8443 0.8608
vt 0.8510 0.8673
vt 0.8043 0.8214
vt 0.8069 0.8240
vt 0.8095 0.8267
vt 0.8142 0.8315
vt 0.8290 0.8419
vt 0.8299 0.8426
vt 0.8112 0.8124
vt 0.8078 0.8040
vt 0.8415 0.8581
vt 0.8388 0.8555
vt 0.8361 0.8528
vt 0.8314 0.8481
vt 0.8180 0.8356
vt 0.8173 0.8346
vt 0.8345 0.8675
vt 0.8382 0.8762
vt 0.8127 0.8158
vt 0.8141 0.8192
vt 0.8156 0.8227
vt 0.8179 0.8295
vt 0.8275 0.8441
vt 0.8281 0.8451
vt 0.8225 0.8101
vt 0.8224 0.8010
vt 0.8330 0.8640
vt 0.8315 0.8605
vt 0.8300 0.8570
vt 0.8276 0.8503
vt 0.8202 0.8344
vt 0.8198 0.8330
vt 0.8225 0.8138
vt 0.8226 0.8175
vt 0.8226 0.8212
vt 0.8226 0.8286
vt 0.8252 0.8454
vt 0.8257 0.8468
vt 0.8226 0.8333
vt 0.8227 0.8324
vt 0.8495 0.9526
vt 0.8505 0.9546
vt 0.8500 0.9523
vt 0.8496 0.9504
vt 0.8528 0.9566
vt 0.8534 0.9539
vt 0.8558 0.9573
vt 0.8580 0.9554
vt 0.7650 0.9284
vt 0.7647 0.9275
vt 0.7675 0.9263
vt 0.7674 0.9286
vt 0.8523 0.9497
vt 0.8508 0.9477
vt 0.8570 0.9509
vt 0.8617 0.9522
vt 0.8611 0.9562
vt 0.8633 0.9542
vt 0.8559 0.9467
vt 0.8529 0.9458
vt 0.8605 0.9479
vt 0.8640 0.9494
vt 0.8643 0.9514
vt 0.8611 0.9453
vt 0.8579 0.9446
vt 0.8634 0.9472
vt 0.8645 0.9492
vt 0.7707 0.9277
vt 0.7701 0.9278
vt 0.8387 0.9794
vt 0.8372 0.9783
vt 0.8348 0.9796
vt 0.8354 0.9801
vt 0.8355 0.9797
vt 0.8350 0.9797
vt 0.8378 0.9808
vt 0.8384 0.9790
vt 0.8362 0.9780
vt 0.8367 0.9810
vt 0.8391 0.9805
vt 0.8366 0.9779
vt 0.8351 0.9785
vt 0.8358 0.9812
vt 0.8362 0.9815
vt 0.8375 0.9781
vt 0.7674 0.9415
vt 0.7649 0.9405
vt 0.7648 0.9401
vt 0.7675 0.9398
vt 0.7697 0.9403
vt 0.7702 0.9402
vt 0.7770 0.9399
vt 0.7735 0.9395
vt 0.7731 0.9338
vt 0.7757 0.9337
vt 0.7702 0.9402
vt 0.7705 0.9342
vt 0.7656 0.9341
vt 0.7678 0.9338
vt 0.7701 0.9278
vt 0.7729 0.9288
vt 0.7762 0.9280
vt 0.8227 0.8324
vt 0.8256 0.8330
vt 0.8870 0.7472
vt 0.8746 0.7391
vt 0.8618 0.7326
vt 0.8489 0.7282
vt 0.8874 0.9178
vt 0.8989 0.9068
vt 0.9088 0.8944
vt 0.9168 0.8810
vt 0.9228 0.8666
vt 0.9268 0.8516
vt 0.9286 0.8363
vt 0.9288 0.8212
vt 0.9265 0.8069
vt 0.9222 0.7930
vt 0.9159 0.7799
vt 0.9079 0.7677
vt 0.8982 0.7567
vt 0.9333 0.8064
vt 0.9294 0.8074
vt 0.9317 0.8225
vt 0.9357 0.8220
vt 0.9044 0.9143
vt 0.9012 0.9114
vt 0.8896 0.9223
vt 0.8920 0.9259
vt 0.9285 0.7915
vt 0.9249 0.7930
vt 0.9148 0.9010
vt 0.9114 0.8985
vt 0.9218 0.7773
vt 0.9184 0.7793
vt 0.9234 0.8865
vt 0.9197 0.8845
vt 0.9027 0.7524
vt 0.9000 0.7553
vt 0.9100 0.7667
vt 0.9131 0.7642
vt 0.9299 0.8710
vt 0.9259 0.8696
vt 0.8908 0.7421
vt 0.8884 0.7453
vt 0.9341 0.8549
vt 0.9300 0.8540
vt 0.8775 0.7335
vt 0.8757 0.7369
vt 0.9361 0.8383
vt 0.9318 0.8381
vt 0.8636 0.7269
vt 0.8623 0.7305
vt 0.8495 0.7229
vt 0.8491 0.7263
vt 0.9346 0.8922
vt 0.9272 0.8883
vt 0.9183 0.9034
vt 0.9252 0.9082
vt 0.9417 0.8751
vt 0.9339 0.8723
vt 0.9464 0.8573
vt 0.9382 0.8556
vt 0.9485 0.8390
vt 0.9402 0.8385
vt 0.9480 0.8208
vt 0.9397 0.8217
vt 0.9446 0.8035
vt 0.9370 0.8055
vt 0.9394 0.7871
vt 0.9322 0.7901
vt 0.9110 0.7439
vt 0.9055 0.7496
vt 0.9163 0.7618
vt 0.9224 0.7569
vt 0.9320 0.7714
vt 0.9252 0.7754
vt 0.8977 0.7325
vt 0.8931 0.7389
vt 0.8830 0.7232
vt 0.8795 0.7300
vt 0.8675 0.7166
vt 0.8650 0.7234
vt 0.8521 0.7118
vt 0.8499 0.7191
vt 0.9136 0.9228
vt 0.9075 0.9172
vt 0.8945 0.9297
vt 0.9004 0.9357
vt 0.8245 0.8797
vt 0.8244 0.8703
vt 0.8128 0.8680
vt 0.8092 0.8767
vt 0.8387 0.8040
vt 0.8354 0.8125
vt 0.8451 0.8187
vt 0.8514 0.8120
vt 0.8244 0.8665
vt 0.8143 0.8645
vt 0.8244 0.8626
vt 0.8157 0.8610
vt 0.8244 0.8588
vt 0.8172 0.8575
vt 0.8244 0.8516
vt 0.8195 0.8507
vt 0.8030 0.8615
vt 0.7964 0.8681
vt 0.8340 0.8159
vt 0.8425 0.8214
vt 0.8326 0.8194
vt 0.8399 0.8241
vt 0.8312 0.8228
vt 0.8373 0.8267
vt 0.8290 0.8298
vt 0.8327 0.8317
vt 0.8243 0.8478
vt 0.8243 0.8470
vt 0.8220 0.8457
vt 0.8214 0.8472
vt 0.8517 0.8281
vt 0.8601 0.8244
vt 0.8057 0.8588
vt 0.8084 0.8561
vt 0.8111 0.8534
vt 0.8157 0.8486
vt 0.8272 0.8333
vt 0.8263 0.8347
vt 0.8290 0.8359
vt 0.8296 0.8348
vt 0.7965 0.8517
vt 0.7879 0.8552
vt 0.8483 0.8297
vt 0.8449 0.8312
vt 0.8414 0.8327
vt 0.8349 0.8354
vt 0.8196 0.8445
vt 0.8189 0.8455
vt 0.8543 0.8395
vt 0.8636 0.8393
vt 0.8000 0.8502
vt 0.8035 0.8488
vt 0.8070 0.8473
vt 0.8136 0.8448
vt 0.8306 0.8378
vt 0.8314 0.8371
vt 0.7850 0.8401
vt 0.7943 0.8402
vt 0.7967 0.8287
vt 0.7882 0.8252
vt 0.8505 0.8396
vt 0.8467 0.8397
vt 0.8430 0.8398
vt 0.8359 0.8399
vt 0.8180 0.8424
vt 0.8172 0.8431
vt 0.7981 0.8402
vt 0.8001 0.8302
vt 0.8018 0.8402
vt 0.8036 0.8316
vt 0.8056 0.8402
vt 0.8070 0.8330
vt 0.8127 0.8402
vt 0.8136 0.8357
vt 0.8307 0.8400
vt 0.8321 0.8400
vt 0.8522 0.8511
vt 0.8610 0.8546
vt 0.8165 0.8402
vt 0.8179 0.8403
vt 0.8180 0.8380
vt 0.8172 0.8373
vt 0.8032 0.8191
vt 0.7967 0.8126
vt 0.8487 0.8498
vt 0.8452 0.8484
vt 0.8417 0.8470
vt 0.8350 0.8445
vt 0.8458 0.8611
vt 0.8526 0.8677
vt 0.8058 0.8217
vt 0.8085 0.8244
vt 0.8111 0.8270
vt 0.8157 0.8318
vt 0.8306 0.8422
vt 0.8314 0.8429
vt 0.8128 0.8127
vt 0.8093 0.8043
vt 0.8431 0.8585
vt 0.8404 0.8558
vt 0.8377 0.8532
vt 0.8329 0.8485
vt 0.8195 0.8359
vt 0.8189 0.8349
vt 0.8360 0.8678
vt 0.8397 0.8765
vt 0.8142 0.8161
vt 0.8157 0.8196
vt 0.8171 0.8230
vt 0.8195 0.8298
vt 0.8291 0.8444
vt 0.8297 0.8454
vt 0.8241 0.8104
vt 0.8240 0.8013
vt 0.8346 0.8643
vt 0.8331 0.8608
vt 0.8316 0.8573
vt 0.8292 0.8507
vt 0.8217 0.8347
vt 0.8213 0.8334
vt 0.8241 0.8141
vt 0.8241 0.8178
vt 0.8242 0.8215
vt 0.8242 0.8290
vt 0.8267 0.8458
vt 0.8272 0.8471
vt 0.8242 0.8336
vt 0.8242 0.8328
vt 0.8497 0.9515
vt 0.8507 0.9536
vt 0.8502 0.9513
vt 0.8499 0.9494
vt 0.8531 0.9556
vt 0.8537 0.9529
vt 0.8560 0.9563
vt 0.8583 0.9544
vt 0.7643 0.9285
vt 0.7641 0.9275
vt 0.7668 0.9263
vt 0.7668 0.9286
vt 0.8525 0.9487
vt 0.8510 0.9467
vt 0.8572 0.9499
vt 0.8619 0.9511
vt 0.8613 0.9552
vt 0.8635 0.9532
vt 0.8561 0.9457
vt 0.8531 0.9448
vt 0.8607 0.9469
vt 0.8642 0.9484
vt 0.8646 0.9504
vt 0.8613 0.9443
vt 0.8581 0.9436
vt 0.8636 0.9462
vt 0.8647 0.9482
vt 0.7701 0.9277
vt 0.7695 0.9279
vt 0.8395 0.9807
vt 0.8380 0.9796
vt 0.8356 0.9809
vt 0.8362 0.9814
vt 0.8347 0.9791
vt 0.8343 0.9791
vt 0.8371 0.9802
vt 0.8377 0.9784
vt 0.8359 0.9784
vt 0.8364 0.9814
vt 0.8387 0.9809
vt 0.8363 0.9783
vt 0.8353 0.9786
vt 0.8359 0.9813
vt 0.8364 0.9815
vt 0.8376 0.9781
vt 0.7668 0.9415
vt 0.7643 0.9406
vt 0.7641 0.9401
vt 0.7669 0.9399
vt 0.7690 0.9403
vt 0.7695 0.9403
vt 0.7764 0.9400
vt 0.7728 0.9395
vt 0.7724 0.9338
vt 0.7751 0.9337
vt 0.7695 0.9403
vt 0.7698 0.9342
vt 0.7649 0.9341
vt 0.7671 0.9338
vt 0.7695 0.9279
vt 0.7722 0.9289
vt 0.7755 0.9281
vt 0.8242 0.8328
vt 0.8272 0.8333
vt 0.8860 0.7487
vt 0.8735 0.7407
vt 0.8607 0.7341
vt 0.8478 0.7297
vt 0.8863 0.9193
vt 0.8979 0.9083
vt 0.9077 0.8960
vt 0.9157 0.8825
vt 0.9217 0.8681
vt 0.9257 0.8531
vt 0.9275 0.8378
vt 0.9277 0.8228
vt 0.9254 0.8084
vt 0.9211 0.7945
vt 0.9148 0.7814
vt 0.9068 0.7692
vt 0.8971 0.7582
vt 0.9342 0.8042
vt 0.9304 0.8052
vt 0.9326 0.8202
vt 0.9366 0.8198
vt 0.9049 0.9116
vt 0.9018 0.9087
vt 0.8902 0.9195
vt 0.8925 0.9231
vt 0.9296 0.7893
vt 0.9260 0.7908
vt 0.9154 0.8983
vt 0.9119 0.8959
vt 0.9230 0.7751
vt 0.9196 0.7771
vt 0.9240 0.8839
vt 0.9203 0.8820
vt 0.9041 0.7502
vt 0.9013 0.7530
vt 0.9113 0.7645
vt 0.9144 0.7620
vt 0.9305 0.8685
vt 0.9266 0.8671
vt 0.8922 0.7399
vt 0.8899 0.7431
vt 0.9348 0.8525
vt 0.9307 0.8516
vt 0.8789 0.7313
vt 0.8771 0.7348
vt 0.9369 0.8360
vt 0.9326 0.8358
vt 0.8649 0.7245
vt 0.8635 0.7281
vt 0.8503 0.7203
vt 0.8499 0.7239
vt 0.9351 0.8897
vt 0.9278 0.8858
vt 0.9189 0.9007
vt 0.9256 0.9056
vt 0.9423 0.8727
vt 0.9345 0.8699
vt 0.9471 0.8550
vt 0.9389 0.8533
vt 0.9492 0.8368
vt 0.9410 0.8362
vt 0.9488 0.8186
vt 0.9406 0.8194
vt 0.9456 0.8014
vt 0.9380 0.8033
vt 0.9405 0.7849
vt 0.9333 0.7879
vt 0.9123 0.7417
vt 0.9069 0.7474
vt 0.9175 0.7596
vt 0.9237 0.7548
vt 0.9331 0.7693
vt 0.9264 0.7732
vt 0.8992 0.7303
vt 0.8946 0.7367
vt 0.8846 0.7209
vt 0.8809 0.7277
vt 0.8690 0.7140
vt 0.8663 0.7209
vt 0.8530 0.7089
vt 0.8507 0.7165
vt 0.9140 0.9201
vt 0.9080 0.9144
vt 0.8949 0.9269
vt 0.9008 0.9329
vt 0.8231 0.8800
vt 0.8231 0.8706
vt 0.8115 0.8684
vt 0.8079 0.8770
vt 0.8373 0.8044
vt 0.8340 0.8128
vt 0.8437 0.8190
vt 0.8500 0.8124
vt 0.8231 0.8668
vt 0.8129 0.8648
vt 0.8230 0.8630
vt 0.8144 0.8613
vt 0.8230 0.8592
vt 0.8158 0.8578
vt 0.8230 0.8519
vt 0.8181 0.8511
vt 0.8016 0.8618
vt 0.7950 0.8684
vt 0.8326 0.8163
vt 0.8411 0.8217
vt 0.8312 0.8197
vt 0.8385 0.8244
vt 0.8299 0.8232
vt 0.8359 0.8271
vt 0.8276 0.8301
vt 0.8314 0.8320
vt 0.8229 0.8481
vt 0.8229 0.8474
vt 0.8206 0.8460
vt 0.8200 0.8475
vt 0.8504 0.8285
vt 0.8588 0.8247
vt 0.8043 0.8591
vt 0.8070 0.8564
vt 0.8097 0.8538
vt 0.8143 0.8490
vt 0.8258 0.8336
vt 0.8250 0.8350
vt 0.8276 0.8362
vt 0.8283 0.8352
vt 0.7951 0.8520
vt 0.7865 0.8556
vt 0.8469 0.8300
vt 0.8435 0.8315
vt 0.8401 0.8330
vt 0.8336 0.8357
vt 0.8182 0.8448
vt 0.8175 0.8459
vt 0.8529 0.8399
vt 0.8622 0.8396
vt 0.7986 0.8506
vt 0.8021 0.8491
vt 0.8056 0.8477
vt 0.8122 0.8451
vt 0.8292 0.8382
vt 0.8300 0.8375
vt 0.7837 0.8405
vt 0.7929 0.8405
vt 0.7953 0.8291
vt 0.7868 0.8255
vt 0.8491 0.8400
vt 0.8454 0.8400
vt 0.8416 0.8401
vt 0.8345 0.8403
vt 0.8166 0.8427
vt 0.8158 0.8434
vt 0.7967 0.8405
vt 0.7988 0.8305
vt 0.8005 0.8405
vt 0.8022 0.8320
vt 0.8042 0.8405
vt 0.8057 0.8334
vt 0.8113 0.8406
vt 0.8122 0.8360
vt 0.8293 0.8403
vt 0.8307 0.8403
vt 0.8509 0.8515
vt 0.8596 0.8549
vt 0.8151 0.8406
vt 0.8165 0.8406
vt 0.8167 0.8383
vt 0.8158 0.8376
vt 0.8018 0.8195
vt 0.7954 0.8130
vt 0.8473 0.8501
vt 0.8438 0.8487
vt 0.8403 0.8473
vt 0.8337 0.8449
vt 0.8445 0.8615
vt 0.8512 0.8680
vt 0.8045 0.8221
vt 0.8071 0.8247
vt 0.8097 0.8274
vt 0.8144 0.8322
vt 0.8292 0.8426
vt 0.8301 0.8433
vt 0.8114 0.8130
vt 0.8080 0.8046
vt 0.8417 0.8588
vt 0.8390 0.8562
vt 0.8363 0.8535
vt 0.8316 0.8488
vt 0.8181 0.8362
vt 0.8175 0.8352
vt 0.8347 0.8682
vt 0.8383 0.8769
vt 0.8129 0.8165
vt 0.8143 0.8199
vt 0.8157 0.8233
vt 0.8181 0.8302
vt 0.8277 0.8448
vt 0.8283 0.8457
vt 0.8227 0.8107
vt 0.8226 0.8017
vt 0.8332 0.8647
vt 0.8317 0.8612
vt 0.8302 0.8577
vt 0.8278 0.8510
vt 0.8204 0.8351
vt 0.8200 0.8337
vt 0.8227 0.8144
vt 0.8228 0.8182
vt 0.8228 0.8219
vt 0.8228 0.8293
vt 0.8254 0.8461
vt 0.8259 0.8475
vt 0.8228 0.8340
vt 0.8229 0.8331
vt 0.8502 0.9524
vt 0.8513 0.9545
vt 0.8508 0.9522
vt 0.8504 0.9503
vt 0.8536 0.9565
vt 0.8542 0.9538
vt 0.8566 0.9571
vt 0.8588 0.9552
vt 0.7660 0.9290
vt 0.7657 0.9281
vt 0.7685 0.9269
vt 0.7685 0.9292
vt 0.8530 0.9496
vt 0.8515 0.9476
vt 0.8577 0.9507
vt 0.8625 0.9520
vt 0.8618 0.9561
vt 0.8641 0.9541
vt 0.8567 0.9466
vt 0.8536 0.9456
vt 0.8613 0.9478
vt 0.8647 0.9493
vt 0.8651 0.9512
vt 0.8618 0.9451
vt 0.8587 0.9444
vt 0.8642 0.9470
vt 0.8653 0.9490
vt 0.7717 0.9283
vt 0.7712 0.9284
vt 0.8395 0.9802
vt 0.8381 0.9791
vt 0.8356 0.9804
vt 0.8363 0.9809
vt 0.8358 0.9802
vt 0.8353 0.9803
vt 0.8381 0.9813
vt 0.8387 0.9796
vt 0.8353 0.9784
vt 0.8358 0.9814
vt 0.8382 0.9809
vt 0.8358 0.9783
vt 0.8354 0.9788
vt 0.8361 0.9815
vt 0.8365 0.9818
vt 0.8378 0.9784
vt 0.7684 0.9421
vt 0.7660 0.9411
vt 0.7658 0.9407
vt 0.7686 0.9404
vt 0.7707 0.9409
vt 0.7712 0.9408
vt 0.7780 0.9405
vt 0.7745 0.9400
vt 0.7741 0.9344
vt 0.7768 0.9343
vt 0.7712 0.9408
vt 0.7715 0.9347
vt 0.7666 0.9347
vt 0.7688 0.9344
vt 0.7712 0.9284
vt 0.7739 0.9294
vt 0.7772 0.9286
vt 0.8229 0.8331
vt 0.8258 0.8336
vt 0.8874 0.7464
vt 0.8751 0.7384
vt 0.8619 0.7321
vt 0.8485 0.7274
vt 0.8869 0.9165
vt 0.8984 0.9055
vt 0.9083 0.8933
vt 0.9164 0.8799
vt 0.9224 0.8656
vt 0.9265 0.8507
vt 0.9284 0.8354
vt 0.9286 0.8205
vt 0.9264 0.8061
vt 0.9222 0.7923
vt 0.9160 0.7791
vt 0.9080 0.7670
vt 0.8984 0.7560
vt 0.9345 0.8056
vt 0.9306 0.8066
vt 0.9329 0.8216
vt 0.9369 0.8212
vt 0.9056 0.9135
vt 0.9025 0.9106
vt 0.8909 0.9215
vt 0.8932 0.9251
vt 0.9298 0.7907
vt 0.9261 0.7922
vt 0.9161 0.9002
vt 0.9126 0.8977
vt 0.9230 0.7765
vt 0.9196 0.7785
vt 0.9246 0.8856
vt 0.9209 0.8837
vt 0.9039 0.7516
vt 0.9012 0.7544
vt 0.9113 0.7658
vt 0.9144 0.7634
vt 0.9311 0.8702
vt 0.9271 0.8688
vt 0.8920 0.7413
vt 0.8896 0.7445
vt 0.9353 0.8540
vt 0.9312 0.8532
vt 0.8787 0.7327
vt 0.8769 0.7361
vt 0.9373 0.8375
vt 0.9330 0.8373
vt 0.8649 0.7261
vt 0.8635 0.7296
vt 0.8508 0.7220
vt 0.8504 0.7255
vt 0.9358 0.8914
vt 0.9284 0.8875
vt 0.9196 0.9025
vt 0.9264 0.9074
vt 0.9429 0.8743
vt 0.9351 0.8715
vt 0.9476 0.8565
vt 0.9395 0.8548
vt 0.9497 0.8382
vt 0.9415 0.8377
vt 0.9492 0.8200
vt 0.9409 0.8208
vt 0.9459 0.8027
vt 0.9382 0.8047
vt 0.9406 0.7863
vt 0.9334 0.7892
vt 0.9122 0.7430
vt 0.9067 0.7487
vt 0.9175 0.7610
vt 0.9237 0.7561
vt 0.9332 0.7706
vt 0.9264 0.7746
vt 0.8990 0.7317
vt 0.8944 0.7381
vt 0.8842 0.7223
vt 0.8807 0.7292
vt 0.8688 0.7158
vt 0.8662 0.7226
vt 0.8533 0.7110
vt 0.8511 0.7183
vt 0.9148 0.9219
vt 0.9087 0.9163
vt 0.8957 0.9289
vt 0.9016 0.9349
vt 0.8229 0.8808
vt 0.8228 0.8714
vt 0.8112 0.8692
vt 0.8076 0.8779
vt 0.8371 0.8052
vt 0.8337 0.8136
vt 0.8434 0.8198
vt 0.8498 0.8132
vt 0.8228 0.8676
vt 0.8127 0.8657
vt 0.8228 0.8638
vt 0.8141 0.8621
vt 0.8228 0.8600
vt 0.8156 0.8586
vt 0.8227 0.8528
vt 0.8179 0.8519
vt 0.8014 0.8626
vt 0.7948 0.8693
vt 0.8324 0.8171
vt 0.8409 0.8225
vt 0.8310 0.8205
vt 0.8383 0.8252
vt 0.8296 0.8240
vt 0.8357 0.8279
vt 0.8273 0.8309
vt 0.8311 0.8328
vt 0.8227 0.8489
vt 0.8227 0.8482
vt 0.8204 0.8468
vt 0.8197 0.8483
vt 0.8501 0.8293
vt 0.8585 0.8255
vt 0.8041 0.8599
vt 0.8068 0.8573
vt 0.8094 0.8546
vt 0.8141 0.8498
vt 0.8256 0.8345
vt 0.8247 0.8359
vt 0.8274 0.8370
vt 0.8280 0.8360
vt 0.7949 0.8528
vt 0.7863 0.8564
vt 0.8467 0.8308
vt 0.8433 0.8323
vt 0.8398 0.8338
vt 0.8333 0.8366
vt 0.8179 0.8456
vt 0.8172 0.8467
vt 0.8527 0.8407
vt 0.8620 0.8404
vt 0.7984 0.8514
vt 0.8019 0.8499
vt 0.8054 0.8485
vt 0.8120 0.8459
vt 0.8290 0.8390
vt 0.8298 0.8383
vt 0.7834 0.8413
vt 0.7927 0.8413
vt 0.7951 0.8299
vt 0.7866 0.8263
vt 0.8489 0.8408
vt 0.8451 0.8409
vt 0.8414 0.8409
vt 0.8343 0.8411
vt 0.8164 0.8435
vt 0.8155 0.8443
vt 0.7965 0.8413
vt 0.7985 0.8313
vt 0.8002 0.8413
vt 0.8020 0.8328
vt 0.8040 0.8413
vt 0.8054 0.8342
vt 0.8110 0.8414
vt 0.8120 0.8368
vt 0.8291 0.8411
vt 0.8305 0.8411
vt 0.8506 0.8523
vt 0.8594 0.8557
vt 0.8149 0.8414
vt 0.8163 0.8414
vt 0.8164 0.8392
vt 0.8156 0.8385
vt 0.8016 0.8203
vt 0.7951 0.8138
vt 0.8471 0.8509
vt 0.8436 0.8495
vt 0.8401 0.8482
vt 0.8334 0.8457
vt 0.8442 0.8623
vt 0.8509 0.8688
vt 0.8042 0.8229
vt 0.8068 0.8255
vt 0.8095 0.8282
vt 0.8141 0.8330
vt 0.8290 0.8434
vt 0.8298 0.8441
vt 0.8112 0.8139
vt 0.8077 0.8055
vt 0.8415 0.8596
vt 0.8388 0.8570
vt 0.8361 0.8543
vt 0.8313 0.8496
vt 0.8179 0.8371
vt 0.8173 0.8361
vt 0.8344 0.8690
vt 0.8381 0.8777
vt 0.8126 0.8173
vt 0.8141 0.8207
vt 0.8155 0.8242
vt 0.8178 0.8310
vt 0.8275 0.8456
vt 0.8281 0.8466
vt 0.8225 0.8116
vt 0.8224 0.8025
vt 0.8329 0.8655
vt 0.8315 0.8620
vt 0.8300 0.8585
vt 0.8276 0.8518
vt 0.8201 0.8359
vt 0.8197 0.8345
vt 0.8225 0.8153
vt 0.8225 0.8190
vt 0.8226 0.8227
vt 0.8226 0.8301
vt 0.8251 0.8469
vt 0.8256 0.8483
vt 0.8226 0.8348
vt 0.8226 0.8339
vt 0.8501 0.9520
vt 0.8511 0.9541
vt 0.8506 0.9518
vt 0.8503 0.9499
vt 0.8535 0.9561
vt 0.8541 0.9534
vt 0.8564 0.9568
vt 0.8587 0.9549
vt 0.7642 0.9276
vt 0.7640 0.9266
vt 0.7667 0.9254
vt 0.7667 0.9277
vt 0.8529 0.9492
vt 0.8514 0.9472
vt 0.8576 0.9504
vt 0.8623 0.9516
vt 0.8617 0.9557
vt 0.8639 0.9537
vt 0.8565 0.9462
vt 0.8535 0.9453
vt 0.8611 0.9474
vt 0.8646 0.9489
vt 0.8650 0.9509
vt 0.8617 0.9448
vt 0.8585 0.9441
vt 0.8640 0.9467
vt 0.8651 0.9487
vt 0.7700 0.9268
vt 0.7694 0.9270
vt 0.8386 0.9798
vt 0.8372 0.9787
vt 0.8347 0.9800
vt 0.8354 0.9804
vt 0.8347 0.9793
vt 0.8343 0.9793
vt 0.8371 0.9804
vt 0.8377 0.9786
vt 0.8354 0.9786
vt 0.8359 0.9816
vt 0.8383 0.9811
vt 0.8359 0.9785
vt 0.8358 0.9784
vt 0.8365 0.9811
vt 0.8369 0.9814
vt 0.8382 0.9779
vt 0.7667 0.9406
vt 0.7642 0.9397
vt 0.7640 0.9392
vt 0.7668 0.9390
vt 0.7689 0.9394
vt 0.7694 0.9394
vt 0.7763 0.9391
vt 0.7727 0.9386
vt 0.7723 0.9329
vt 0.7750 0.9328
vt 0.7694 0.9394
vt 0.7697 0.9333
vt 0.7648 0.9332
vt 0.7671 0.9329
vt 0.7694 0.9270
vt 0.7722 0.9280
vt 0.7754 0.9272
vt 0.8226 0.8339
vt 0.8256 0.8345
vt 0.8872 0.7479
vt 0.8748 0.7398
vt 0.8619 0.7333
vt 0.8490 0.7289
vt 0.8876 0.9185
vt 0.8991 0.9075
vt 0.9090 0.8951
vt 0.9170 0.8817
vt 0.9230 0.8673
vt 0.9269 0.8523
vt 0.9288 0.8370
vt 0.9289 0.8219
vt 0.9267 0.8076
vt 0.9223 0.7937
vt 0.9160 0.7806
vt 0.9080 0.7684
vt 0.8983 0.7574
vt 0.9370 0.8058
vt 0.9394 0.8214
vt 0.9354 0.8218
vt 0.9332 0.8068
vt 0.9081 0.9137
vt 0.8957 0.9253
vt 0.8934 0.9217
vt 0.9050 0.9108
vt 0.9323 0.7909
vt 0.9286 0.7924
vt 0.9186 0.9004
vt 0.9151 0.8979
vt 0.9255 0.7767
vt 0.9221 0.7787
vt 0.9271 0.8859
vt 0.9234 0.8839
vt 0.9065 0.7518
vt 0.9169 0.7636
vt 0.9138 0.7661
vt 0.9037 0.7546
vt 0.9336 0.8704
vt 0.9296 0.8690
vt 0.8945 0.7415
vt 0.8922 0.7447
vt 0.9378 0.8542
vt 0.9337 0.8534
vt 0.8812 0.7329
vt 0.8794 0.7363
vt 0.9398 0.8377
vt 0.9355 0.8375
vt 0.8674 0.7263
vt 0.8660 0.7299
vt 0.8533 0.7222
vt 0.8529 0.7257
vt 0.9383 0.8916
vt 0.9289 0.9076
vt 0.9221 0.9028
vt 0.9309 0.8877
vt 0.9455 0.8745
vt 0.9376 0.8717
vt 0.9501 0.8567
vt 0.9420 0.8550
vt 0.9522 0.8384
vt 0.9440 0.8379
vt 0.9517 0.8202
vt 0.9434 0.8211
vt 0.9484 0.8029
vt 0.9407 0.8049
vt 0.9431 0.7865
vt 0.9359 0.7894
vt 0.9147 0.7433
vt 0.9262 0.7563
vt 0.9200 0.7612
vt 0.9093 0.7489
vt 0.9357 0.7708
vt 0.9290 0.7748
vt 0.9015 0.7319
vt 0.8969 0.7383
vt 0.8867 0.7225
vt 0.8832 0.7294
vt 0.8713 0.7160
vt 0.8687 0.7228
vt 0.8558 0.7112
vt 0.8536 0.7185
vt 0.9173 0.9222
vt 0.9041 0.9351
vt 0.8982 0.9291
vt 0.9113 0.9166
vt 0.7964 0.8692
vt 0.8095 0.8777
vt 0.8129 0.8689
vt 0.8030 0.8625
vt 0.8387 0.8049
vt 0.8240 0.8019
vt 0.8240 0.8110
vt 0.8353 0.8133
vt 0.8143 0.8654
vt 0.8056 0.8597
vt 0.8157 0.8618
vt 0.8083 0.8570
vt 0.8171 0.8583
vt 0.8110 0.8543
vt 0.8201 0.8519
vt 0.8160 0.8491
vt 0.8247 0.8804
vt 0.8245 0.8710
vt 0.8240 0.8147
vt 0.8339 0.8167
vt 0.8240 0.8185
vt 0.8324 0.8202
vt 0.8240 0.8222
vt 0.8310 0.8236
vt 0.8238 0.8289
vt 0.8279 0.8302
vt 0.8187 0.8464
vt 0.8213 0.8480
vt 0.8218 0.8465
vt 0.8192 0.8458
vt 0.8092 0.8046
vt 0.8126 0.8132
vt 0.8244 0.8672
vt 0.8244 0.8634
vt 0.8243 0.8596
vt 0.8243 0.8529
vt 0.8267 0.8340
vt 0.8239 0.8333
vt 0.8236 0.8346
vt 0.8263 0.8356
vt 0.8397 0.8770
vt 0.8360 0.8685
vt 0.8140 0.8167
vt 0.8154 0.8201
vt 0.8169 0.8236
vt 0.8197 0.8301
vt 0.8242 0.8485
vt 0.8244 0.8473
vt 0.7963 0.8130
vt 0.8028 0.8196
vt 0.8345 0.8650
vt 0.8330 0.8615
vt 0.8315 0.8581
vt 0.8285 0.8517
vt 0.8210 0.8338
vt 0.8211 0.8349
vt 0.8523 0.8682
vt 0.8604 0.8552
vt 0.8518 0.8518
vt 0.8456 0.8617
vt 0.8055 0.8223
vt 0.8082 0.8250
vt 0.8108 0.8276
vt 0.8158 0.8327
vt 0.8271 0.8480
vt 0.8270 0.8469
vt 0.8483 0.8505
vt 0.8429 0.8591
vt 0.8448 0.8491
vt 0.8402 0.8565
vt 0.8414 0.8478
vt 0.8374 0.8539
vt 0.8348 0.8451
vt 0.8323 0.8490
vt 0.8185 0.8353
vt 0.8196 0.8363
vt 0.7876 0.8258
vt 0.7963 0.8294
vt 0.8296 0.8464
vt 0.8311 0.8438
vt 0.8300 0.8437
vt 0.8285 0.8454
vt 0.8630 0.8402
vt 0.8538 0.8404
vt 0.7998 0.8309
vt 0.8033 0.8323
vt 0.8068 0.8337
vt 0.8132 0.8366
vt 0.7846 0.8411
vt 0.7940 0.8410
vt 0.8501 0.8405
vt 0.8464 0.8405
vt 0.8426 0.8406
vt 0.8360 0.8409
vt 0.8169 0.8379
vt 0.8181 0.8380
vt 0.8597 0.8255
vt 0.8513 0.8291
vt 0.7978 0.8410
vt 0.8016 0.8410
vt 0.8054 0.8410
vt 0.8120 0.8409
vt 0.8316 0.8409
vt 0.8304 0.8412
vt 0.7877 0.8563
vt 0.7963 0.8526
vt 0.8479 0.8306
vt 0.8445 0.8321
vt 0.8411 0.8335
vt 0.8347 0.8368
vt 0.8165 0.8409
vt 0.8176 0.8406
vt 0.8512 0.8131
vt 0.8448 0.8196
vt 0.7998 0.8512
vt 0.8033 0.8497
vt 0.8068 0.8482
vt 0.8132 0.8451
vt 0.8309 0.8381
vt 0.8296 0.8388
vt 0.8422 0.8223
vt 0.8396 0.8249
vt 0.8370 0.8276
vt 0.8319 0.8329
vt 0.8170 0.8439
vt 0.8184 0.8432
vt 0.8292 0.8356
vt 0.8286 0.8363
vt 0.8484 0.9510
vt 0.8494 0.9528
vt 0.8489 0.9510
vt 0.8484 0.9487
vt 0.8514 0.9481
vt 0.8497 0.9458
vt 0.8550 0.9448
vt 0.8521 0.9440
vt 0.7632 0.9311
vt 0.7656 0.9311
vt 0.7656 0.9289
vt 0.7629 0.9302
vt 0.8516 0.9548
vt 0.8521 0.9524
vt 0.8559 0.9493
vt 0.8596 0.9462
vt 0.8602 0.9436
vt 0.8574 0.9428
vt 0.8543 0.9557
vt 0.8567 0.9535
vt 0.8603 0.9505
vt 0.8628 0.9477
vt 0.8623 0.9458
vt 0.8594 0.9546
vt 0.8620 0.9527
vt 0.8633 0.9500
vt 0.8634 0.9477
vt 0.7683 0.9302
vt 0.7689 0.9301
vt 0.8352 0.9807
vt 0.8385 0.9800
vt 0.8389 0.9793
vt 0.8361 0.9791
vt 0.8358 0.9805
vt 0.8388 0.9799
vt 0.8376 0.9785
vt 0.8354 0.9806
vt 0.8377 0.9779
vt 0.8372 0.9779
vt 0.8360 0.9812
vt 0.8384 0.9808
vt 0.8375 0.9808
vt 0.8383 0.9786
vt 0.8348 0.9793
vt 0.8350 0.9798
vt 0.7665 0.9440
vt 0.7665 0.9424
vt 0.7638 0.9428
vt 0.7639 0.9432
vt 0.7687 0.9427
vt 0.7692 0.9426
vt 0.7760 0.9418
vt 0.7743 0.9357
vt 0.7716 0.9360
vt 0.7724 0.9416
vt 0.7690 0.9365
vt 0.7692 0.9426
vt 0.7664 0.9363
vt 0.7642 0.9368
vt 0.7711 0.9310
vt 0.7683 0.9302
vt 0.7743 0.9300
vt 0.8267 0.8340
vt 0.8292 0.8356
vt 0.8897 0.7481
vt 0.8773 0.7400
vt 0.8644 0.7335
vt 0.8515 0.7291
vt 0.8901 0.9187
vt 0.9016 0.9077
vt 0.9115 0.8953
vt 0.9195 0.8819
vt 0.9255 0.8675
vt 0.9294 0.8525
vt 0.9313 0.8372
vt 0.9314 0.8222
vt 0.9292 0.8078
vt 0.9248 0.7939
vt 0.9186 0.7808
vt 0.9105 0.7686
vt 0.9008 0.7576
vt 0.9344 0.8050
vt 0.9368 0.8206
vt 0.9328 0.8210
vt 0.9305 0.8060
vt 0.9055 0.9129
vt 0.8931 0.9245
vt 0.8907 0.9209
vt 0.9023 0.9100
vt 0.9296 0.7901
vt 0.9260 0.7916
vt 0.9159 0.8995
vt 0.9125 0.8971
vt 0.9229 0.7759
vt 0.9195 0.7779
vt 0.9245 0.8850
vt 0.9208 0.8831
vt 0.9038 0.7509
vt 0.9142 0.7628
vt 0.9111 0.7652
vt 0.9011 0.7538
vt 0.9310 0.8696
vt 0.9270 0.8681
vt 0.8918 0.7407
vt 0.8895 0.7439
vt 0.9352 0.8534
vt 0.9311 0.8526
vt 0.8786 0.7321
vt 0.8768 0.7355
vt 0.9372 0.8369
vt 0.9329 0.8367
vt 0.8647 0.7255
vt 0.8634 0.7290
vt 0.8506 0.7214
vt 0.8502 0.7249
vt 0.9357 0.8908
vt 0.9263 0.9068
vt 0.9194 0.9019
vt 0.9283 0.8869
vt 0.9428 0.8737
vt 0.9350 0.8709
vt 0.9475 0.8558
vt 0.9393 0.8542
vt 0.9496 0.8376
vt 0.9413 0.8371
vt 0.9491 0.8194
vt 0.9408 0.8202
vt 0.9457 0.8021
vt 0.9381 0.8041
vt 0.9405 0.7856
vt 0.9333 0.7886
vt 0.9121 0.7424
vt 0.9235 0.7555
vt 0.9174 0.7604
vt 0.9066 0.7481
vt 0.9331 0.7700
vt 0.9263 0.7740
vt 0.8988 0.7311
vt 0.8942 0.7375
vt 0.8841 0.7217
vt 0.8806 0.7286
vt 0.8686 0.7151
vt 0.8661 0.7220
vt 0.8532 0.7104
vt 0.8510 0.7177
vt 0.9147 0.9213
vt 0.9015 0.9343
vt 0.8956 0.9283
vt 0.9086 0.9157
vt 0.7959 0.8686
vt 0.8089 0.8770
vt 0.8123 0.8683
vt 0.8024 0.8618
vt 0.8382 0.8042
vt 0.8235 0.8012
vt 0.8234 0.8104
vt 0.8347 0.8126
vt 0.8137 0.8647
vt 0.8051 0.8591
vt 0.8152 0.8612
vt 0.8077 0.8563
vt 0.8166 0.8576
vt 0.8104 0.8536
vt 0.8196 0.8512
vt 0.8155 0.8484
vt 0.8241 0.8797
vt 0.8240 0.8704
vt 0.8234 0.8141
vt 0.8333 0.8161
vt 0.8234 0.8178
vt 0.8319 0.8195
vt 0.8234 0.8216
vt 0.8305 0.8230
vt 0.8233 0.8283
vt 0.8273 0.8295
vt 0.8181 0.8457
vt 0.8207 0.8473
vt 0.8213 0.8458
vt 0.8187 0.8452
vt 0.8086 0.8040
vt 0.8121 0.8125
vt 0.8239 0.8666
vt 0.8238 0.8628
vt 0.8238 0.8590
vt 0.8238 0.8523
vt 0.8261 0.8333
vt 0.8233 0.8327
vt 0.8231 0.8339
vt 0.8258 0.8349
vt 0.8392 0.8764
vt 0.8354 0.8678
vt 0.8135 0.8160
vt 0.8149 0.8195
vt 0.8163 0.8230
vt 0.8191 0.8294
vt 0.8236 0.8479
vt 0.8239 0.8466
vt 0.7958 0.8123
vt 0.8023 0.8190
vt 0.8339 0.8644
vt 0.8324 0.8609
vt 0.8309 0.8574
vt 0.8280 0.8510
vt 0.8205 0.8331
vt 0.8205 0.8342
vt 0.8517 0.8675
vt 0.8598 0.8545
vt 0.8513 0.8512
vt 0.8450 0.8611
vt 0.8049 0.8216
vt 0.8076 0.8243
vt 0.8103 0.8270
vt 0.8153 0.8320
vt 0.8265 0.8473
vt 0.8265 0.8462
vt 0.8478 0.8498
vt 0.8423 0.8585
vt 0.8443 0.8485
vt 0.8396 0.8559
vt 0.8408 0.8471
vt 0.8369 0.8533
vt 0.8343 0.8445
vt 0.8318 0.8484
vt 0.8180 0.8347
vt 0.8190 0.8357
vt 0.7871 0.8251
vt 0.7957 0.8287
vt 0.8290 0.8457
vt 0.8305 0.8431
vt 0.8295 0.8430
vt 0.8280 0.8448
vt 0.8624 0.8396
vt 0.8532 0.8397
vt 0.7992 0.8302
vt 0.8027 0.8317
vt 0.8062 0.8331
vt 0.8127 0.8359
vt 0.7840 0.8404
vt 0.7934 0.8404
vt 0.8495 0.8398
vt 0.8458 0.8399
vt 0.8421 0.8400
vt 0.8354 0.8402
vt 0.8164 0.8373
vt 0.8175 0.8374
vt 0.8591 0.8248
vt 0.8508 0.8285
vt 0.7972 0.8404
vt 0.8010 0.8403
vt 0.8048 0.8403
vt 0.8115 0.8402
vt 0.8310 0.8402
vt 0.8298 0.8405
vt 0.7871 0.8557
vt 0.7958 0.8520
vt 0.8474 0.8299
vt 0.8440 0.8314
vt 0.8405 0.8329
vt 0.8341 0.8362
vt 0.8159 0.8403
vt 0.8170 0.8400
vt 0.8506 0.8125
vt 0.8443 0.8190
vt 0.7993 0.8505
vt 0.8028 0.8490
vt 0.8063 0.8475
vt 0.8126 0.8444
vt 0.8303 0.8374
vt 0.8291 0.8381
vt 0.8417 0.8216
vt 0.8391 0.8243
vt 0.8365 0.8269
vt 0.8313 0.8323
vt 0.8165 0.8432
vt 0.8178 0.8426
vt 0.8286 0.8350
vt 0.8281 0.8356
vt 0.8496 0.9516
vt 0.8506 0.9534
vt 0.8501 0.9516
vt 0.8496 0.9493
vt 0.8526 0.9487
vt 0.8509 0.9464
vt 0.8562 0.9454
vt 0.8533 0.9446
vt 0.7631 0.9307
vt 0.7656 0.9307
vt 0.7655 0.9284
vt 0.7628 0.9298
vt 0.8528 0.9554
vt 0.8533 0.9530
vt 0.8571 0.9499
vt 0.8608 0.9468
vt 0.8614 0.9442
vt 0.8586 0.9434
vt 0.8555 0.9563
vt 0.8579 0.9541
vt 0.8615 0.9511
vt 0.8640 0.9483
vt 0.8635 0.9464
vt 0.8606 0.9553
vt 0.8632 0.9533
vt 0.8645 0.9506
vt 0.8646 0.9483
vt 0.7683 0.9298
vt 0.7688 0.9296
vt 0.8349 0.9807
vt 0.8381 0.9800
vt 0.8385 0.9793
vt 0.8358 0.9791
vt 0.8357 0.9805
vt 0.8387 0.9799
vt 0.8375 0.9785
vt 0.8353 0.9806
vt 0.8371 0.9781
vt 0.8366 0.9781
vt 0.8354 0.9815
vt 0.8377 0.9810
vt 0.8382 0.9806
vt 0.8377 0.9782
vt 0.8350 0.9807
vt 0.8355 0.9810
vt 0.7664 0.9436
vt 0.7665 0.9419
vt 0.7637 0.9423
vt 0.7639 0.9428
vt 0.7686 0.9422
vt 0.7691 0.9421
vt 0.7759 0.9414
vt 0.7743 0.9352
vt 0.7716 0.9355
vt 0.7724 0.9411
vt 0.7690 0.9361
vt 0.7691 0.9421
vt 0.7663 0.9358
vt 0.7641 0.9363
vt 0.7711 0.9306
vt 0.7683 0.9298
vt 0.7743 0.9296
vt 0.8261 0.8333
vt 0.8286 0.8350
vt 0.8871 0.7473
vt 0.8746 0.7392
vt 0.8618 0.7327
vt 0.8489 0.7283
vt 0.8874 0.9179
vt 0.8990 0.9069
vt 0.9088 0.8945
vt 0.9168 0.8811
vt 0.9228 0.8667
vt 0.9268 0.8517
vt 0.9286 0.8364
vt 0.9288 0.8213
vt 0.9265 0.8070
vt 0.9222 0.7931
vt 0.9159 0.7799
vt 0.9079 0.7678
vt 0.8982 0.7568
vt 0.9367 0.8164
vt 0.9328 0.8012
vt 0.9289 0.8024
vt 0.9328 0.8171
vt 0.8678 0.7291
vt 0.8519 0.7233
vt 0.8511 0.7275
vt 0.8661 0.7329
vt 0.9383 0.8320
vt 0.9343 0.8320
vt 0.8826 0.7371
vt 0.8804 0.7408
vt 0.9377 0.8476
vt 0.9338 0.8471
vt 0.8962 0.7470
vt 0.8935 0.7503
vt 0.9300 0.8780
vt 0.9349 0.8630
vt 0.9311 0.8620
vt 0.9264 0.8764
vt 0.9082 0.7587
vt 0.9051 0.7615
vt 0.9231 0.8921
vt 0.9197 0.8900
vt 0.9184 0.7718
vt 0.9150 0.7742
vt 0.9143 0.9051
vt 0.9112 0.9027
vt 0.9268 0.7861
vt 0.9229 0.7880
vt 0.9040 0.9169
vt 0.9013 0.9141
vt 0.8922 0.9265
vt 0.8904 0.9233
vt 0.9042 0.7374
vt 0.8892 0.7264
vt 0.8849 0.7336
vt 0.8989 0.7438
vt 0.9174 0.7502
vt 0.9113 0.7559
vt 0.9287 0.7647
vt 0.9219 0.7694
vt 0.9378 0.7806
vt 0.9305 0.7843
vt 0.9445 0.7974
vt 0.9366 0.8000
vt 0.9483 0.8146
vt 0.9405 0.8158
vt 0.9500 0.8317
vt 0.9422 0.8319
vt 0.9409 0.8825
vt 0.9463 0.8660
vt 0.9388 0.8640
vt 0.9337 0.8795
vt 0.9493 0.8490
vt 0.9416 0.8480
vt 0.9333 0.8981
vt 0.9266 0.8941
vt 0.9235 0.9125
vt 0.9175 0.9076
vt 0.9118 0.9250
vt 0.9067 0.9196
vt 0.8991 0.9359
vt 0.8941 0.9298
vt 0.8729 0.7177
vt 0.8557 0.7110
vt 0.8526 0.7189
vt 0.8695 0.7252
vt 0.8520 0.8680
vt 0.8604 0.8549
vt 0.8517 0.8515
vt 0.8452 0.8614
vt 0.7877 0.8257
vt 0.7846 0.8404
vt 0.7938 0.8404
vt 0.7961 0.8291
vt 0.8481 0.8501
vt 0.8425 0.8588
vt 0.8446 0.8487
vt 0.8398 0.8561
vt 0.8411 0.8473
vt 0.8371 0.8534
vt 0.8346 0.8443
vt 0.8319 0.8484
vt 0.8632 0.8397
vt 0.8538 0.8399
vt 0.7975 0.8404
vt 0.7995 0.8305
vt 0.8012 0.8404
vt 0.8029 0.8320
vt 0.8050 0.8404
vt 0.8064 0.8334
vt 0.8117 0.8406
vt 0.8130 0.8365
vt 0.8291 0.8457
vt 0.8307 0.8432
vt 0.8292 0.8426
vt 0.8286 0.8452
vt 0.7874 0.8552
vt 0.7960 0.8518
vt 0.8500 0.8400
vt 0.8462 0.8400
vt 0.8424 0.8401
vt 0.8357 0.8401
vt 0.8167 0.8377
vt 0.8161 0.8405
vt 0.8173 0.8408
vt 0.8183 0.8381
vt 0.8598 0.8247
vt 0.8513 0.8284
vt 0.7994 0.8504
vt 0.8029 0.8490
vt 0.8064 0.8475
vt 0.8129 0.8447
vt 0.8313 0.8402
vt 0.8301 0.8400
vt 0.7958 0.8681
vt 0.8024 0.8616
vt 0.8478 0.8299
vt 0.8443 0.8314
vt 0.8409 0.8329
vt 0.8344 0.8359
vt 0.8166 0.8434
vt 0.8176 0.8433
vt 0.8509 0.8121
vt 0.8380 0.8040
vt 0.8346 0.8126
vt 0.8445 0.8188
vt 0.8051 0.8589
vt 0.8078 0.8562
vt 0.8104 0.8536
vt 0.8154 0.8486
vt 0.8307 0.8373
vt 0.8296 0.8374
vt 0.8333 0.8161
vt 0.8419 0.8215
vt 0.8319 0.8196
vt 0.8393 0.8242
vt 0.8305 0.8230
vt 0.8367 0.8270
vt 0.8279 0.8296
vt 0.8318 0.8321
vt 0.8181 0.8459
vt 0.8191 0.8448
vt 0.8086 0.8768
vt 0.8122 0.8681
vt 0.8292 0.8348
vt 0.8266 0.8333
vt 0.8265 0.8344
vt 0.8282 0.8359
vt 0.8230 0.8014
vt 0.8232 0.8106
vt 0.8136 0.8646
vt 0.8151 0.8611
vt 0.8165 0.8576
vt 0.8193 0.8512
vt 0.8238 0.8798
vt 0.8238 0.8704
vt 0.8232 0.8143
vt 0.8233 0.8180
vt 0.8234 0.8218
vt 0.8236 0.8284
vt 0.8207 0.8475
vt 0.8208 0.8463
vt 0.8083 0.8047
vt 0.8119 0.8131
vt 0.8238 0.8666
vt 0.8238 0.8628
vt 0.8237 0.8591
vt 0.8237 0.8524
vt 0.8236 0.8328
vt 0.8239 0.8340
vt 0.8391 0.8767
vt 0.8354 0.8681
vt 0.8134 0.8165
vt 0.8148 0.8199
vt 0.8163 0.8233
vt 0.8196 0.8297
vt 0.8237 0.8479
vt 0.8234 0.8468
vt 0.7959 0.8132
vt 0.8024 0.8196
vt 0.8339 0.8646
vt 0.8324 0.8611
vt 0.8310 0.8576
vt 0.8278 0.8512
vt 0.8208 0.8335
vt 0.8215 0.8348
vt 0.8051 0.8222
vt 0.8077 0.8248
vt 0.8104 0.8274
vt 0.8157 0.8325
vt 0.8267 0.8474
vt 0.8260 0.8460
vt 0.8184 0.8352
vt 0.8190 0.8358
vt 0.8495 0.9519
vt 0.8506 0.9538
vt 0.8501 0.9519
vt 0.8496 0.9496
vt 0.8525 0.9490
vt 0.8509 0.9468
vt 0.8561 0.9458
vt 0.8533 0.9450
vt 0.7630 0.9286
vt 0.7655 0.9287
vt 0.7654 0.9264
vt 0.7627 0.9277
vt 0.8527 0.9558
vt 0.8533 0.9533
vt 0.8570 0.9503
vt 0.8608 0.9471
vt 0.8614 0.9446
vt 0.8585 0.9437
vt 0.8554 0.9567
vt 0.8578 0.9545
vt 0.8615 0.9515
vt 0.8640 0.9487
vt 0.8635 0.9467
vt 0.8605 0.9556
vt 0.8631 0.9537
vt 0.8644 0.9509
vt 0.8645 0.9487
vt 0.7681 0.9277
vt 0.7687 0.9276
vt 0.8347 0.9808
vt 0.8380 0.9801
vt 0.8384 0.9794
vt 0.8356 0.9792
vt 0.8344 0.9795
vt 0.8372 0.9807
vt 0.8369 0.9788
vt 0.8339 0.9794
vt 0.8375 0.9780
vt 0.8370 0.9780
vt 0.8358 0.9814
vt 0.8381 0.9809
vt 0.8381 0.9806
vt 0.8377 0.9782
vt 0.8350 0.9807
vt 0.8354 0.9810
vt 0.7663 0.9415
vt 0.7663 0.9399
vt 0.7636 0.9403
vt 0.7638 0.9407
vt 0.7685 0.9402
vt 0.7690 0.9401
vt 0.7758 0.9393
vt 0.7741 0.9332
vt 0.7714 0.9335
vt 0.7722 0.9391
vt 0.7689 0.9340
vt 0.7690 0.9401
vt 0.7662 0.9338
vt 0.7640 0.9343
vt 0.7709 0.9285
vt 0.7681 0.9277
vt 0.7742 0.9275
vt 0.8167 0.8377
vt 0.8184 0.8352
vt 0.9162 0.8879
vt 0.9079 0.9001
vt 0.8983 0.9111
vt 0.8877 0.9206
vt 0.8493 0.7315
vt 0.8642 0.7371
vt 0.8781 0.7445
vt 0.8907 0.7537
vt 0.9019 0.7645
vt 0.9114 0.7767
vt 0.9191 0.7900
vt 0.9252 0.8037
vt 0.9288 0.8177
vt 0.9303 0.8321
vt 0.9297 0.8466
vt 0.9271 0.8610
vt 0.9226 0.8748
vt 0.9304 0.8046
vt 0.9329 0.8202
vt 0.9288 0.8206
vt 0.9266 0.8056
vt 0.9015 0.9125
vt 0.8891 0.9241
vt 0.8868 0.9205
vt 0.8984 0.9096
vt 0.9257 0.7897
vt 0.9220 0.7912
vt 0.9120 0.8991
vt 0.9085 0.8967
vt 0.9189 0.7755
vt 0.9155 0.7775
vt 0.9206 0.8846
vt 0.9168 0.8827
vt 0.8999 0.7505
vt 0.9103 0.7624
vt 0.9072 0.7648
vt 0.8971 0.7534
vt 0.9270 0.8692
vt 0.9230 0.8677
vt 0.8879 0.7402
vt 0.8856 0.7435
vt 0.9313 0.8530
vt 0.9271 0.8522
vt 0.8747 0.7317
vt 0.8728 0.7351
vt 0.9333 0.8365
vt 0.9290 0.8363
vt 0.8608 0.7251
vt 0.8594 0.7286
vt 0.8467 0.7210
vt 0.8463 0.7245
vt 0.9318 0.8904
vt 0.9223 0.9064
vt 0.9155 0.9015
vt 0.9243 0.8865
vt 0.9389 0.8733
vt 0.9310 0.8705
vt 0.9435 0.8554
vt 0.9354 0.8538
vt 0.9456 0.8372
vt 0.9374 0.8367
vt 0.9451 0.8190
vt 0.9369 0.8198
vt 0.9418 0.8017
vt 0.9342 0.8037
vt 0.9366 0.7852
vt 0.9293 0.7882
vt 0.9081 0.7420
vt 0.9196 0.7551
vt 0.9134 0.7600
vt 0.9027 0.7477
vt 0.9291 0.7696
vt 0.9224 0.7736
vt 0.8949 0.7307
vt 0.8903 0.7371
vt 0.8802 0.7213
vt 0.8766 0.7282
vt 0.8647 0.7147
vt 0.8621 0.7216
vt 0.8492 0.7100
vt 0.8471 0.7173
vt 0.9107 0.9209
vt 0.8975 0.9339
vt 0.8916 0.9279
vt 0.9047 0.9153
vt 0.8525 0.8683
vt 0.8609 0.8552
vt 0.8522 0.8518
vt 0.8457 0.8617
vt 0.7882 0.8259
vt 0.7851 0.8406
vt 0.7943 0.8407
vt 0.7966 0.8294
vt 0.8486 0.8504
vt 0.8430 0.8590
vt 0.8451 0.8490
vt 0.8403 0.8564
vt 0.8416 0.8476
vt 0.8376 0.8537
vt 0.8351 0.8446
vt 0.8324 0.8487
vt 0.8637 0.8400
vt 0.8543 0.8402
vt 0.7980 0.8407
vt 0.8000 0.8308
vt 0.8018 0.8407
vt 0.8035 0.8322
vt 0.8055 0.8407
vt 0.8069 0.8337
vt 0.8122 0.8409
vt 0.8135 0.8368
vt 0.8297 0.8460
vt 0.8313 0.8434
vt 0.8297 0.8428
vt 0.8291 0.8455
vt 0.7879 0.8555
vt 0.7965 0.8521
vt 0.8505 0.8402
vt 0.8467 0.8403
vt 0.8429 0.8404
vt 0.8362 0.8404
vt 0.8173 0.8380
vt 0.8166 0.8408
vt 0.8178 0.8411
vt 0.8188 0.8384
vt 0.8603 0.8250
vt 0.8518 0.8287
vt 0.8000 0.8507
vt 0.8034 0.8492
vt 0.8069 0.8478
vt 0.8134 0.8450
vt 0.8318 0.8405
vt 0.8306 0.8403
vt 0.7963 0.8683
vt 0.8029 0.8618
vt 0.8483 0.8302
vt 0.8448 0.8317
vt 0.8414 0.8332
vt 0.8349 0.8362
vt 0.8171 0.8437
vt 0.8181 0.8436
vt 0.8514 0.8124
vt 0.8385 0.8043
vt 0.8351 0.8129
vt 0.8450 0.8191
vt 0.8056 0.8592
vt 0.8083 0.8565
vt 0.8109 0.8539
vt 0.8159 0.8489
vt 0.8313 0.8376
vt 0.8301 0.8377
vt 0.8338 0.8164
vt 0.8424 0.8218
vt 0.8324 0.8198
vt 0.8398 0.8245
vt 0.8310 0.8233
vt 0.8372 0.8272
vt 0.8284 0.8299
vt 0.8323 0.8324
vt 0.8186 0.8462
vt 0.8196 0.8451
vt 0.8091 0.8771
vt 0.8127 0.8684
vt 0.8297 0.8351
vt 0.8271 0.8336
vt 0.8270 0.8347
vt 0.8287 0.8362
vt 0.8235 0.8017
vt 0.8237 0.8109
vt 0.8141 0.8649
vt 0.8156 0.8614
vt 0.8170 0.8579
vt 0.8199 0.8514
vt 0.8243 0.8801
vt 0.8243 0.8707
vt 0.8238 0.8146
vt 0.8238 0.8183
vt 0.8239 0.8221
vt 0.8241 0.8287
vt 0.8212 0.8477
vt 0.8213 0.8466
vt 0.8088 0.8050
vt 0.8124 0.8133
vt 0.8243 0.8669
vt 0.8243 0.8631
vt 0.8243 0.8593
vt 0.8242 0.8526
vt 0.8242 0.8331
vt 0.8244 0.8343
vt 0.8396 0.8770
vt 0.8359 0.8684
vt 0.8139 0.8168
vt 0.8153 0.8202
vt 0.8168 0.8236
vt 0.8201 0.8300
vt 0.8242 0.8482
vt 0.8239 0.8471
vt 0.7964 0.8135
vt 0.8029 0.8198
vt 0.8344 0.8649
vt 0.8330 0.8614
vt 0.8315 0.8579
vt 0.8283 0.8515
vt 0.8213 0.8338
vt 0.8220 0.8351
vt 0.8056 0.8224
vt 0.8082 0.8250
vt 0.8109 0.8277
vt 0.8162 0.8328
vt 0.8272 0.8477
vt 0.8265 0.8463
vt 0.8189 0.8355
vt 0.8196 0.8361
vt 0.8500 0.9524
vt 0.8511 0.9543
vt 0.8506 0.9525
vt 0.8501 0.9501
vt 0.8531 0.9495
vt 0.8514 0.9473
vt 0.8566 0.9463
vt 0.8538 0.9455
vt 0.7632 0.9316
vt 0.7657 0.9316
vt 0.7656 0.9293
vt 0.7629 0.9307
vt 0.8532 0.9563
vt 0.8538 0.9538
vt 0.8575 0.9508
vt 0.8613 0.9476
vt 0.8619 0.9451
vt 0.8590 0.9442
vt 0.8560 0.9572
vt 0.8583 0.9550
vt 0.8620 0.9520
vt 0.8645 0.9492
vt 0.8640 0.9472
vt 0.8610 0.9561
vt 0.8636 0.9542
vt 0.8649 0.9514
vt 0.8651 0.9492
vt 0.7684 0.9307
vt 0.7689 0.9305
vt 0.8344 0.9803
vt 0.8376 0.9796
vt 0.8380 0.9789
vt 0.8353 0.9787
vt 0.8356 0.9805
vt 0.8386 0.9800
vt 0.8374 0.9786
vt 0.8352 0.9807
vt 0.8375 0.9779
vt 0.8371 0.9779
vt 0.8359 0.9813
vt 0.8382 0.9808
vt 0.8379 0.9807
vt 0.8374 0.9784
vt 0.8347 0.9808
vt 0.8351 0.9812
vt 0.7665 0.9445
vt 0.7665 0.9429
vt 0.7638 0.9433
vt 0.7640 0.9437
vt 0.7687 0.9432
vt 0.7692 0.9431
vt 0.7760 0.9423
vt 0.7743 0.9362
vt 0.7717 0.9364
vt 0.7724 0.9421
vt 0.7691 0.9370
vt 0.7692 0.9431
vt 0.7664 0.9368
vt 0.7642 0.9372
vt 0.7712 0.9315
vt 0.7684 0.9307
vt 0.7744 0.9305
vt 0.8173 0.8380
vt 0.8189 0.8355
vt 0.8831 0.7469
vt 0.8707 0.7388
vt 0.8579 0.7323
vt 0.8450 0.7279
vt 0.8835 0.9175
vt 0.8950 0.9065
vt 0.9049 0.8941
vt 0.9129 0.8807
vt 0.9189 0.8663
vt 0.9228 0.8513
vt 0.9247 0.8360
vt 0.9248 0.8209
vt 0.9226 0.8066
vt 0.9182 0.7927
vt 0.9120 0.7795
vt 0.9039 0.7674
vt 0.8943 0.7564
vt 0.7945 0.0403
vt 0.7946 0.0378
vt 0.7971 0.0379
vt 0.7970 0.0399
vt 0.7946 0.0359
vt 0.7970 0.0360
vt 0.7993 0.0379
vt 0.7994 0.0399
vt 0.7993 0.0359
vt 0.7922 0.0403
vt 0.7921 0.0377
vt 0.7899 0.0403
vt 0.7896 0.0377
vt 0.7921 0.0358
vt 0.7895 0.0358
vt 0.7946 0.0424
vt 0.7922 0.0424
vt 0.7946 0.0449
vt 0.7922 0.0450
vt 0.7899 0.0424
vt 0.7898 0.0450
vt 0.7968 0.0422
vt 0.7993 0.0422
vt 0.7971 0.0448
vt 0.7997 0.0447
vt 0.7947 0.0499
vt 0.7923 0.0499
vt 0.7922 0.0472
vt 0.7947 0.0472
vt 0.7899 0.0499
vt 0.7898 0.0472
vt 0.7946 0.0520
vt 0.7923 0.0521
vt 0.7948 0.0539
vt 0.7922 0.0541
vt 0.7899 0.0521
vt 0.7897 0.0541
vt 0.7971 0.0498
vt 0.7972 0.0519
vt 0.7995 0.0496
vt 0.7996 0.0518
vt 0.7973 0.0537
vt 0.7995 0.0535
vt 0.7971 0.0472
vt 0.7997 0.0470
vt 0.6667 0.0513
vt 0.6837 0.0496
vt 0.6859 0.0456
vt 0.6691 0.0469
vt 0.6953 0.0486
vt 0.6969 0.0448
vt 0.6881 0.0417
vt 0.6715 0.0429
vt 0.6997 0.0409
vt 0.6648 0.0560
vt 0.6819 0.0540
vt 0.6639 0.0609
vt 0.6808 0.0589
vt 0.6940 0.0528
vt 0.6932 0.0574
vt 0.6651 0.0703
vt 0.6823 0.0687
vt 0.6810 0.0639
vt 0.6641 0.0657
vt 0.6949 0.0673
vt 0.6933 0.0623
vt 0.6667 0.0745
vt 0.6844 0.0729
vt 0.6684 0.0783
vt 0.6867 0.0764
vt 0.6975 0.0714
vt 0.7015 0.0742
vt 0.7536 0.0349
vt 0.7553 0.0354
vt 0.7558 0.0349
vt 0.7544 0.0343
vt 0.7562 0.0359
vt 0.7566 0.0353
vt 0.7563 0.0345
vt 0.7552 0.0337
vt 0.7570 0.0349
vt 0.7527 0.0356
vt 0.7546 0.0359
vt 0.7518 0.0363
vt 0.7537 0.0367
vt 0.7556 0.0365
vt 0.7549 0.0373
vt 0.7513 0.0341
vt 0.7503 0.0349
vt 0.7483 0.0329
vt 0.7472 0.0338
vt 0.7493 0.0357
vt 0.7462 0.0347
vt 0.7523 0.0334
vt 0.7532 0.0325
vt 0.7494 0.0320
vt 0.7504 0.0311
vt 0.7536 0.0613
vt 0.7528 0.0608
vt 0.7507 0.0619
vt 0.7516 0.0624
vt 0.7519 0.0601
vt 0.7498 0.0613
vt 0.7479 0.0634
vt 0.7488 0.0638
vt 0.7471 0.0629
vt 0.7551 0.0607
vt 0.7544 0.0601
vt 0.7560 0.0601
vt 0.7554 0.0595
vt 0.7536 0.0595
vt 0.7547 0.0587
vt 0.7544 0.0618
vt 0.7556 0.0611
vt 0.7550 0.0624
vt 0.7561 0.0616
vt 0.7564 0.0607
vt 0.7568 0.0611
vt 0.7524 0.0629
vt 0.7497 0.0643
vt 0.7532 0.0636
vt 0.7505 0.0650
vt 0.7499 0.0379
vt 0.7518 0.0383
vt 0.7527 0.0375
vt 0.7508 0.0371
vt 0.7530 0.0390
vt 0.7540 0.0381
vt 0.7491 0.0388
vt 0.7509 0.0392
vt 0.7485 0.0396
vt 0.7502 0.0400
vt 0.7522 0.0398
vt 0.7516 0.0405
vt 0.7475 0.0374
vt 0.7468 0.0383
vt 0.7446 0.0367
vt 0.7440 0.0376
vt 0.7463 0.0392
vt 0.7437 0.0386
vt 0.7484 0.0365
vt 0.7453 0.0357
vt 0.7500 0.0586
vt 0.7492 0.0577
vt 0.7473 0.0589
vt 0.7480 0.0598
vt 0.7486 0.0568
vt 0.7468 0.0580
vt 0.7451 0.0607
vt 0.7456 0.0615
vt 0.7447 0.0596
vt 0.7517 0.0578
vt 0.7509 0.0570
vt 0.7530 0.0570
vt 0.7522 0.0562
vt 0.7503 0.0561
vt 0.7515 0.0554
vt 0.7509 0.0594
vt 0.7527 0.0587
vt 0.7539 0.0579
vt 0.7489 0.0606
vt 0.7463 0.0623
vt 0.7392 0.0297
vt 0.7444 0.0313
vt 0.7455 0.0305
vt 0.7404 0.0287
vt 0.7465 0.0295
vt 0.7414 0.0277
vt 0.7380 0.0308
vt 0.7433 0.0323
vt 0.7371 0.0319
vt 0.7423 0.0334
vt 0.7325 0.0283
vt 0.7313 0.0296
vt 0.7245 0.0275
vt 0.7233 0.0291
vt 0.7303 0.0309
vt 0.7224 0.0307
vt 0.7339 0.0271
vt 0.7351 0.0259
vt 0.7260 0.0259
vt 0.7273 0.0245
vt 0.7407 0.0678
vt 0.7398 0.0674
vt 0.7345 0.0698
vt 0.7353 0.0703
vt 0.7392 0.0669
vt 0.7339 0.0693
vt 0.7283 0.0725
vt 0.7291 0.0730
vt 0.7277 0.0718
vt 0.7452 0.0656
vt 0.7443 0.0652
vt 0.7436 0.0647
vt 0.7416 0.0682
vt 0.7460 0.0661
vt 0.7424 0.0689
vt 0.7469 0.0668
vt 0.7362 0.0707
vt 0.7301 0.0736
vt 0.7372 0.0714
vt 0.7311 0.0743
vt 0.7361 0.0343
vt 0.7409 0.0355
vt 0.7415 0.0344
vt 0.7364 0.0331
vt 0.7361 0.0354
vt 0.7406 0.0366
vt 0.7364 0.0366
vt 0.7405 0.0377
vt 0.7298 0.0334
vt 0.7303 0.0345
vt 0.7225 0.0334
vt 0.7234 0.0344
vt 0.7311 0.0357
vt 0.7247 0.0355
vt 0.7298 0.0322
vt 0.7222 0.0321
vt 0.7384 0.0656
vt 0.7383 0.0647
vt 0.7336 0.0668
vt 0.7334 0.0678
vt 0.7385 0.0636
vt 0.7341 0.0656
vt 0.7280 0.0689
vt 0.7276 0.0700
vt 0.7288 0.0675
vt 0.7424 0.0635
vt 0.7421 0.0626
vt 0.7420 0.0616
vt 0.7386 0.0663
vt 0.7429 0.0642
vt 0.7335 0.0686
vt 0.7275 0.0710
vt 0.7090 0.0275
vt 0.7163 0.0272
vt 0.7176 0.0252
vt 0.7098 0.0252
vt 0.7190 0.0235
vt 0.7108 0.0229
vt 0.7085 0.0293
vt 0.7153 0.0291
vt 0.7084 0.0309
vt 0.7147 0.0309
vt 0.7034 0.0275
vt 0.7034 0.0292
vt 0.6978 0.0273
vt 0.6982 0.0291
vt 0.7036 0.0307
vt 0.6985 0.0306
vt 0.7036 0.0253
vt 0.7039 0.0229
vt 0.6974 0.0250
vt 0.6970 0.0226
vt 0.7157 0.0790
vt 0.7152 0.0780
vt 0.7092 0.0810
vt 0.7094 0.0820
vt 0.7150 0.0772
vt 0.7092 0.0799
vt 0.7012 0.0849
vt 0.7010 0.0862
vt 0.7016 0.0833
vt 0.7224 0.0760
vt 0.7216 0.0753
vt 0.7211 0.0744
vt 0.7164 0.0800
vt 0.7233 0.0768
vt 0.7171 0.0811
vt 0.7242 0.0777
vt 0.7097 0.0831
vt 0.7009 0.0875
vt 0.7100 0.0844
vt 0.7008 0.0888
vt 0.7094 0.0337
vt 0.7154 0.0335
vt 0.7148 0.0324
vt 0.7088 0.0323
vt 0.7103 0.0355
vt 0.7165 0.0347
vt 0.7117 0.0371
vt 0.7180 0.0359
vt 0.7045 0.0341
vt 0.7051 0.0364
vt 0.6991 0.0343
vt 0.6993 0.0372
vt 0.7061 0.0387
vt 0.6997 0.0409
vt 0.7040 0.0322
vt 0.6989 0.0321
vt 0.7152 0.0751
vt 0.7155 0.0735
vt 0.7091 0.0756
vt 0.7092 0.0774
vt 0.7160 0.0715
vt 0.7094 0.0734
vt 0.7019 0.0773
vt 0.7022 0.0796
vt 0.7015 0.0742
vt 0.7214 0.0725
vt 0.7220 0.0712
vt 0.7228 0.0695
vt 0.7150 0.0763
vt 0.7211 0.0735
vt 0.7092 0.0788
vt 0.7020 0.0815
vt 0.6742 0.0295
vt 0.6881 0.0276
vt 0.6870 0.0253
vt 0.6733 0.0281
vt 0.6860 0.0232
vt 0.6725 0.0267
vt 0.6749 0.0308
vt 0.6890 0.0296
vt 0.6754 0.0322
vt 0.6897 0.0312
vt 0.6675 0.0933
vt 0.6852 0.0911
vt 0.6859 0.0894
vt 0.6683 0.0915
vt 0.6868 0.0874
vt 0.6691 0.0895
vt 0.6670 0.0948
vt 0.6847 0.0926
vt 0.6668 0.0961
vt 0.6844 0.0941
vt 0.6747 0.0363
vt 0.6899 0.0353
vt 0.6900 0.0330
vt 0.6754 0.0340
vt 0.6734 0.0393
vt 0.6893 0.0382
vt 0.6699 0.0846
vt 0.6881 0.0826
vt 0.6878 0.0797
vt 0.6694 0.0816
vt 0.6697 0.0872
vt 0.6877 0.0851
vt 0.7478 0.0416
vt 0.7495 0.0418
vt 0.7498 0.0409
vt 0.7481 0.0406
vt 0.7508 0.0421
vt 0.7511 0.0413
vt 0.7476 0.0426
vt 0.7492 0.0428
vt 0.7476 0.0437
vt 0.7491 0.0438
vt 0.7505 0.0431
vt 0.7503 0.0440
vt 0.7458 0.0413
vt 0.7457 0.0424
vt 0.7436 0.0408
vt 0.7436 0.0420
vt 0.7458 0.0435
vt 0.7438 0.0432
vt 0.7460 0.0402
vt 0.7436 0.0397
vt 0.7480 0.0547
vt 0.7478 0.0537
vt 0.7461 0.0545
vt 0.7462 0.0557
vt 0.7477 0.0526
vt 0.7460 0.0533
vt 0.7442 0.0558
vt 0.7443 0.0571
vt 0.7443 0.0544
vt 0.7495 0.0542
vt 0.7493 0.0532
vt 0.7508 0.0537
vt 0.7506 0.0528
vt 0.7491 0.0522
vt 0.7503 0.0519
vt 0.7482 0.0558
vt 0.7498 0.0552
vt 0.7511 0.0546
vt 0.7464 0.0568
vt 0.7444 0.0584
vt 0.7477 0.0459
vt 0.7490 0.0459
vt 0.7490 0.0448
vt 0.7476 0.0448
vt 0.7500 0.0460
vt 0.7501 0.0450
vt 0.7478 0.0470
vt 0.7490 0.0469
vt 0.7478 0.0481
vt 0.7490 0.0480
vt 0.7500 0.0469
vt 0.7499 0.0479
vt 0.7463 0.0459
vt 0.7465 0.0471
vt 0.7446 0.0459
vt 0.7449 0.0473
vt 0.7465 0.0483
vt 0.7450 0.0486
vt 0.7460 0.0447
vt 0.7441 0.0445
vt 0.7477 0.0503
vt 0.7478 0.0492
vt 0.7464 0.0495
vt 0.7463 0.0507
vt 0.7449 0.0499
vt 0.7447 0.0514
vt 0.7490 0.0501
vt 0.7490 0.0490
vt 0.7500 0.0498
vt 0.7500 0.0488
vt 0.7477 0.0515
vt 0.7490 0.0511
vt 0.7502 0.0508
vt 0.7462 0.0520
vt 0.7444 0.0529
vt 0.7375 0.0394
vt 0.7409 0.0402
vt 0.7406 0.0389
vt 0.7369 0.0379
vt 0.7381 0.0409
vt 0.7411 0.0415
vt 0.7387 0.0424
vt 0.7415 0.0429
vt 0.7333 0.0386
vt 0.7343 0.0403
vt 0.7280 0.0383
vt 0.7296 0.0400
vt 0.7352 0.0420
vt 0.7311 0.0418
vt 0.7322 0.0371
vt 0.7263 0.0368
vt 0.7390 0.0606
vt 0.7393 0.0590
vt 0.7359 0.0605
vt 0.7353 0.0623
vt 0.7396 0.0572
vt 0.7365 0.0585
vt 0.7318 0.0619
vt 0.7308 0.0638
vt 0.7327 0.0598
vt 0.7420 0.0589
vt 0.7420 0.0574
vt 0.7422 0.0558
vt 0.7387 0.0622
vt 0.7419 0.0603
vt 0.7347 0.0640
vt 0.7298 0.0657
vt 0.7400 0.0459
vt 0.7425 0.0459
vt 0.7420 0.0443
vt 0.7394 0.0441
vt 0.7405 0.0477
vt 0.7429 0.0475
vt 0.7407 0.0495
vt 0.7430 0.0490
vt 0.7370 0.0460
vt 0.7376 0.0480
vt 0.7333 0.0460
vt 0.7338 0.0483
vt 0.7377 0.0500
vt 0.7339 0.0505
vt 0.7362 0.0439
vt 0.7323 0.0438
vt 0.7404 0.0533
vt 0.7406 0.0513
vt 0.7377 0.0520
vt 0.7376 0.0542
vt 0.7341 0.0528
vt 0.7340 0.0551
vt 0.7427 0.0523
vt 0.7429 0.0506
vt 0.7400 0.0553
vt 0.7424 0.0541
vt 0.7371 0.0564
vt 0.7335 0.0575
vt 0.7236 0.0465
vt 0.7236 0.0491
vt 0.7289 0.0486
vt 0.7287 0.0462
vt 0.7234 0.0519
vt 0.7289 0.0512
vt 0.7185 0.0471
vt 0.7183 0.0498
vt 0.7134 0.0478
vt 0.7130 0.0508
vt 0.7180 0.0527
vt 0.7126 0.0539
vt 0.7226 0.0441
vt 0.7178 0.0446
vt 0.7209 0.0421
vt 0.7161 0.0428
vt 0.7131 0.0453
vt 0.7126 0.0436
vt 0.7277 0.0439
vt 0.7261 0.0418
vt 0.7248 0.0572
vt 0.7197 0.0586
vt 0.7198 0.0614
vt 0.7247 0.0599
vt 0.7142 0.0606
vt 0.7148 0.0633
vt 0.7188 0.0640
vt 0.7238 0.0624
vt 0.7150 0.0652
vt 0.7242 0.0546
vt 0.7188 0.0557
vt 0.7132 0.0574
vt 0.7296 0.0561
vt 0.7293 0.0536
vt 0.7292 0.0586
vt 0.7284 0.0611
vt 0.7162 0.0395
vt 0.7221 0.0386
vt 0.7200 0.0372
vt 0.7137 0.0384
vt 0.7187 0.0407
vt 0.7242 0.0401
vt 0.7106 0.0410
vt 0.7134 0.0418
vt 0.7069 0.0428
vt 0.7098 0.0433
vt 0.7081 0.0401
vt 0.7040 0.0420
vt 0.7197 0.0671
vt 0.7220 0.0648
vt 0.7162 0.0664
vt 0.7135 0.0687
vt 0.7121 0.0670
vt 0.7090 0.0692
vt 0.7258 0.0654
vt 0.7272 0.0632
vt 0.7175 0.0694
vt 0.7242 0.0675
vt 0.7111 0.0710
vt 0.7059 0.0716
vt 0.7048 0.0484
vt 0.7055 0.0454
vt 0.7021 0.0450
vt 0.7009 0.0484
vt 0.7087 0.0483
vt 0.7089 0.0455
vt 0.7039 0.0519
vt 0.7081 0.0515
vt 0.7031 0.0558
vt 0.7075 0.0550
vt 0.6999 0.0523
vt 0.6990 0.0565
vt 0.7048 0.0646
vt 0.7091 0.0627
vt 0.7080 0.0590
vt 0.7034 0.0602
vt 0.7065 0.0676
vt 0.7104 0.0654
vt 0.7005 0.0661
vt 0.7027 0.0697
vt 0.6990 0.0612
vt 0.8033 0.0398
vt 0.8036 0.0422
vt 0.8016 0.0423
vt 0.8015 0.0399
vt 0.8035 0.0446
vt 0.8018 0.0448
vt 0.8051 0.0399
vt 0.8053 0.0422
vt 0.8052 0.0446
vt 0.8029 0.0379
vt 0.8045 0.0380
vt 0.8027 0.0359
vt 0.8043 0.0360
vt 0.8012 0.0379
vt 0.8011 0.0359
vt 0.8036 0.0492
vt 0.8053 0.0491
vt 0.8051 0.0514
vt 0.8034 0.0516
vt 0.8047 0.0534
vt 0.8031 0.0535
vt 0.8035 0.0468
vt 0.8052 0.0468
vt 0.8017 0.0493
vt 0.8017 0.0468
vt 0.8016 0.0516
vt 0.8014 0.0535
vt 0.7948 0.0300
vt 0.7972 0.0303
vt 0.7971 0.0330
vt 0.7947 0.0328
vt 0.7994 0.0306
vt 0.7993 0.0332
vt 0.7948 0.0275
vt 0.7972 0.0279
vt 0.7950 0.0248
vt 0.7974 0.0255
vt 0.7994 0.0284
vt 0.7995 0.0262
vt 0.7922 0.0297
vt 0.7922 0.0271
vt 0.7896 0.0295
vt 0.7896 0.0268
vt 0.7923 0.0243
vt 0.7895 0.0240
vt 0.7921 0.0326
vt 0.7896 0.0325
vt 0.7948 0.0588
vt 0.7949 0.0617
vt 0.7923 0.0621
vt 0.7922 0.0590
vt 0.7951 0.0645
vt 0.7924 0.0649
vt 0.7896 0.0623
vt 0.7896 0.0592
vt 0.7896 0.0652
vt 0.7973 0.0585
vt 0.7974 0.0613
vt 0.7995 0.0582
vt 0.7996 0.0608
vt 0.7976 0.0638
vt 0.7997 0.0631
vt 0.7947 0.0558
vt 0.7972 0.0557
vt 0.7995 0.0556
vt 0.7921 0.0559
vt 0.7895 0.0560
vt 0.8027 0.0309
vt 0.8012 0.0308
vt 0.8011 0.0287
vt 0.8026 0.0289
vt 0.8011 0.0267
vt 0.8025 0.0270
vt 0.8027 0.0335
vt 0.8011 0.0334
vt 0.8042 0.0309
vt 0.8042 0.0335
vt 0.8040 0.0289
vt 0.8038 0.0270
vt 0.8029 0.0579
vt 0.8029 0.0555
vt 0.8045 0.0554
vt 0.8045 0.0579
vt 0.8013 0.0580
vt 0.8013 0.0555
vt 0.8029 0.0603
vt 0.8014 0.0605
vt 0.8028 0.0623
vt 0.8014 0.0626
vt 0.8043 0.0603
vt 0.8041 0.0622
vt 0.7952 0.0219
vt 0.7978 0.0229
vt 0.7926 0.0680
vt 0.7896 0.0683
vt 0.7924 0.0213
vt 0.7955 0.0674
vt 0.7998 0.0239
vt 0.8039 0.0637
vt 0.8028 0.0641
vt 0.7895 0.0210
vt 0.8025 0.0252
vt 0.8036 0.0255
vt 0.8013 0.0246
vt 0.8016 0.0646
vt 0.8001 0.0654
vt 0.7980 0.0664
vt 0.6965 0.0211
vt 0.6852 0.0217
vt 0.7197 0.0221
vt 0.7114 0.0213
vt 0.7248 0.0789
vt 0.7317 0.0756
vt 0.7512 0.0298
vt 0.7472 0.0281
vt 0.7568 0.0621
vt 0.7572 0.0615
vt 0.7476 0.0681
vt 0.7513 0.0663
vt 0.7559 0.0633
vt 0.7040 0.0211
vt 0.7421 0.0263
vt 0.7357 0.0246
vt 0.7541 0.0647
vt 0.7103 0.0857
vt 0.7176 0.0824
vt 0.7431 0.0701
vt 0.7560 0.0327
vt 0.7541 0.0313
vt 0.7008 0.0901
vt 0.6685 0.0968
vt 0.6844 0.0953
vt 0.7281 0.0232
vt 0.6735 0.0253
vt 0.7573 0.0345
vt 0.7570 0.0340
vt 0.7378 0.0727
vt 0.7853 0.0401
vt 0.7824 0.0395
vt 0.7820 0.0375
vt 0.7847 0.0378
vt 0.7818 0.0356
vt 0.7844 0.0359
vt 0.7791 0.0393
vt 0.7790 0.0374
vt 0.7789 0.0353
vt 0.7872 0.0378
vt 0.7876 0.0403
vt 0.7870 0.0360
vt 0.7876 0.0424
vt 0.7853 0.0423
vt 0.7874 0.0450
vt 0.7849 0.0449
vt 0.7829 0.0420
vt 0.7794 0.0419
vt 0.7825 0.0448
vt 0.7789 0.0446
vt 0.7851 0.0499
vt 0.7849 0.0472
vt 0.7874 0.0471
vt 0.7875 0.0498
vt 0.7875 0.0520
vt 0.7851 0.0521
vt 0.7871 0.0539
vt 0.7845 0.0540
vt 0.7821 0.0524
vt 0.7827 0.0501
vt 0.7788 0.0524
vt 0.7791 0.0501
vt 0.7817 0.0541
vt 0.7786 0.0541
vt 0.7825 0.0473
vt 0.7788 0.0472
vt 0.6613 0.0522
vt 0.6637 0.0477
vt 0.6824 0.0460
vt 0.6802 0.0500
vt 0.6947 0.0446
vt 0.6928 0.0484
vt 0.6664 0.0437
vt 0.6848 0.0422
vt 0.6980 0.0408
vt 0.6785 0.0544
vt 0.6595 0.0570
vt 0.6777 0.0592
vt 0.6588 0.0621
vt 0.6914 0.0526
vt 0.6907 0.0570
vt 0.6602 0.0719
vt 0.6591 0.0671
vt 0.6781 0.0640
vt 0.6795 0.0687
vt 0.6911 0.0618
vt 0.6930 0.0665
vt 0.6817 0.0727
vt 0.6620 0.0761
vt 0.6841 0.0761
vt 0.6638 0.0799
vt 0.6957 0.0702
vt 0.7000 0.0726
vt 0.7586 0.0337
vt 0.7597 0.0330
vt 0.7614 0.0336
vt 0.7608 0.0341
vt 0.7623 0.0341
vt 0.7618 0.0346
vt 0.7607 0.0322
vt 0.7620 0.0331
vt 0.7627 0.0336
vt 0.7600 0.0347
vt 0.7575 0.0344
vt 0.7590 0.0353
vt 0.7564 0.0351
vt 0.7612 0.0352
vt 0.7603 0.0360
vt 0.7541 0.0339
vt 0.7556 0.0329
vt 0.7505 0.0329
vt 0.7523 0.0316
vt 0.7529 0.0348
vt 0.7489 0.0342
vt 0.7572 0.0319
vt 0.7586 0.0308
vt 0.7540 0.0303
vt 0.7555 0.0291
vt 0.7583 0.0611
vt 0.7555 0.0624
vt 0.7539 0.0618
vt 0.7571 0.0606
vt 0.7525 0.0611
vt 0.7560 0.0599
vt 0.7523 0.0641
vt 0.7505 0.0635
vt 0.7488 0.0629
vt 0.7596 0.0598
vt 0.7605 0.0603
vt 0.7609 0.0591
vt 0.7616 0.0597
vt 0.7586 0.0591
vt 0.7600 0.0583
vt 0.7612 0.0608
vt 0.7594 0.0617
vt 0.7618 0.0613
vt 0.7605 0.0623
vt 0.7621 0.0602
vt 0.7625 0.0607
vt 0.7571 0.0630
vt 0.7541 0.0648
vt 0.7585 0.0638
vt 0.7556 0.0656
vt 0.7542 0.0367
vt 0.7552 0.0358
vt 0.7578 0.0361
vt 0.7567 0.0370
vt 0.7593 0.0368
vt 0.7582 0.0376
vt 0.7557 0.0378
vt 0.7532 0.0376
vt 0.7549 0.0386
vt 0.7524 0.0385
vt 0.7573 0.0384
vt 0.7565 0.0391
vt 0.7497 0.0375
vt 0.7506 0.0366
vt 0.7457 0.0373
vt 0.7465 0.0363
vt 0.7490 0.0385
vt 0.7452 0.0382
vt 0.7517 0.0357
vt 0.7475 0.0353
vt 0.7537 0.0583
vt 0.7502 0.0596
vt 0.7493 0.0588
vt 0.7528 0.0575
vt 0.7487 0.0578
vt 0.7520 0.0565
vt 0.7462 0.0613
vt 0.7455 0.0604
vt 0.7451 0.0594
vt 0.7554 0.0566
vt 0.7564 0.0575
vt 0.7570 0.0558
vt 0.7580 0.0566
vt 0.7546 0.0558
vt 0.7563 0.0550
vt 0.7575 0.0584
vt 0.7548 0.0591
vt 0.7590 0.0575
vt 0.7512 0.0604
vt 0.7474 0.0621
vt 0.7422 0.0278
vt 0.7441 0.0263
vt 0.7498 0.0284
vt 0.7479 0.0297
vt 0.7457 0.0249
vt 0.7513 0.0271
vt 0.7461 0.0312
vt 0.7403 0.0295
vt 0.7444 0.0327
vt 0.7387 0.0311
vt 0.7329 0.0283
vt 0.7349 0.0264
vt 0.7241 0.0283
vt 0.7260 0.0260
vt 0.7314 0.0300
vt 0.7228 0.0301
vt 0.7370 0.0245
vt 0.7388 0.0229
vt 0.7283 0.0237
vt 0.7304 0.0216
vt 0.7434 0.0689
vt 0.7375 0.0718
vt 0.7358 0.0707
vt 0.7417 0.0681
vt 0.7343 0.0694
vt 0.7402 0.0672
vt 0.7306 0.0746
vt 0.7289 0.0731
vt 0.7276 0.0714
vt 0.7466 0.0657
vt 0.7484 0.0663
vt 0.7449 0.0649
vt 0.7501 0.0670
vt 0.7452 0.0697
vt 0.7517 0.0679
vt 0.7468 0.0707
vt 0.7393 0.0728
vt 0.7324 0.0760
vt 0.7409 0.0739
vt 0.7340 0.0773
vt 0.7370 0.0337
vt 0.7376 0.0325
vt 0.7430 0.0340
vt 0.7421 0.0352
vt 0.7415 0.0363
vt 0.7368 0.0348
vt 0.7413 0.0374
vt 0.7370 0.0360
vt 0.7308 0.0337
vt 0.7304 0.0326
vt 0.7234 0.0335
vt 0.7226 0.0325
vt 0.7315 0.0349
vt 0.7247 0.0346
vt 0.7306 0.0314
vt 0.7224 0.0314
vt 0.7383 0.0650
vt 0.7330 0.0669
vt 0.7331 0.0657
vt 0.7380 0.0639
vt 0.7335 0.0644
vt 0.7380 0.0627
vt 0.7268 0.0685
vt 0.7272 0.0672
vt 0.7280 0.0659
vt 0.7419 0.0621
vt 0.7425 0.0631
vt 0.7417 0.0611
vt 0.7435 0.0641
vt 0.7390 0.0661
vt 0.7334 0.0682
vt 0.7268 0.0699
vt 0.7083 0.0277
vt 0.7095 0.0245
vt 0.7186 0.0237
vt 0.7166 0.0267
vt 0.7109 0.0211
vt 0.7208 0.0211
vt 0.7150 0.0292
vt 0.7075 0.0301
vt 0.7142 0.0309
vt 0.7073 0.0316
vt 0.7022 0.0303
vt 0.7022 0.0282
vt 0.6964 0.0300
vt 0.6959 0.0280
vt 0.7024 0.0315
vt 0.6968 0.0314
vt 0.7024 0.0251
vt 0.7026 0.0215
vt 0.6951 0.0249
vt 0.6943 0.0215
vt 0.7151 0.0805
vt 0.7075 0.0829
vt 0.7072 0.0804
vt 0.7141 0.0779
vt 0.7073 0.0784
vt 0.7136 0.0756
vt 0.6986 0.0863
vt 0.6993 0.0837
vt 0.6998 0.0816
vt 0.7215 0.0754
vt 0.7230 0.0775
vt 0.7205 0.0733
vt 0.7246 0.0794
vt 0.7162 0.0829
vt 0.7260 0.0810
vt 0.7172 0.0850
vt 0.7078 0.0856
vt 0.6978 0.0892
vt 0.7082 0.0880
vt 0.6972 0.0918
vt 0.7083 0.0335
vt 0.7076 0.0326
vt 0.7141 0.0322
vt 0.7147 0.0332
vt 0.7158 0.0341
vt 0.7095 0.0348
vt 0.7175 0.0351
vt 0.7112 0.0363
vt 0.7041 0.0360
vt 0.7033 0.0341
vt 0.6975 0.0374
vt 0.6973 0.0347
vt 0.7053 0.0381
vt 0.6980 0.0408
vt 0.7027 0.0326
vt 0.6971 0.0327
vt 0.7143 0.0725
vt 0.7079 0.0752
vt 0.7083 0.0734
vt 0.7149 0.0709
vt 0.7090 0.0712
vt 0.7160 0.0691
vt 0.7004 0.0778
vt 0.7001 0.0756
vt 0.7000 0.0726
vt 0.7211 0.0687
vt 0.7204 0.0700
vt 0.7221 0.0672
vt 0.7201 0.0715
vt 0.7137 0.0739
vt 0.7076 0.0768
vt 0.7003 0.0797
vt 0.6693 0.0301
vt 0.6682 0.0285
vt 0.6832 0.0257
vt 0.6848 0.0285
vt 0.6671 0.0269
vt 0.6815 0.0228
vt 0.6859 0.0305
vt 0.6702 0.0315
vt 0.6866 0.0320
vt 0.6707 0.0329
vt 0.6639 0.0958
vt 0.6648 0.0937
vt 0.6839 0.0893
vt 0.6826 0.0920
vt 0.6656 0.0914
vt 0.6850 0.0868
vt 0.6813 0.0948
vt 0.6631 0.0978
vt 0.6803 0.0973
vt 0.6626 0.0995
vt 0.6699 0.0371
vt 0.6706 0.0347
vt 0.6869 0.0337
vt 0.6868 0.0359
vt 0.6861 0.0388
vt 0.6685 0.0401
vt 0.6659 0.0862
vt 0.6652 0.0833
vt 0.6853 0.0791
vt 0.6859 0.0819
vt 0.6857 0.0844
vt 0.6660 0.0890
vt 0.7516 0.0405
vt 0.7519 0.0395
vt 0.7543 0.0395
vt 0.7540 0.0405
vt 0.7560 0.0399
vt 0.7556 0.0408
vt 0.7537 0.0415
vt 0.7514 0.0416
vt 0.7534 0.0426
vt 0.7514 0.0426
vt 0.7552 0.0418
vt 0.7549 0.0428
vt 0.7485 0.0416
vt 0.7486 0.0405
vt 0.7453 0.0416
vt 0.7451 0.0404
vt 0.7487 0.0427
vt 0.7456 0.0427
vt 0.7487 0.0395
vt 0.7451 0.0393
vt 0.7513 0.0544
vt 0.7483 0.0555
vt 0.7483 0.0543
vt 0.7512 0.0532
vt 0.7485 0.0530
vt 0.7512 0.0520
vt 0.7450 0.0571
vt 0.7451 0.0557
vt 0.7455 0.0543
vt 0.7534 0.0526
vt 0.7537 0.0537
vt 0.7551 0.0522
vt 0.7554 0.0532
vt 0.7532 0.0515
vt 0.7548 0.0512
vt 0.7541 0.0548
vt 0.7516 0.0555
vt 0.7558 0.0541
vt 0.7484 0.0567
vt 0.7450 0.0583
vt 0.7517 0.0449
vt 0.7515 0.0437
vt 0.7533 0.0436
vt 0.7533 0.0447
vt 0.7547 0.0438
vt 0.7545 0.0448
vt 0.7532 0.0458
vt 0.7518 0.0460
vt 0.7532 0.0470
vt 0.7518 0.0472
vt 0.7544 0.0458
vt 0.7544 0.0469
vt 0.7500 0.0463
vt 0.7497 0.0451
vt 0.7476 0.0467
vt 0.7471 0.0453
vt 0.7500 0.0475
vt 0.7477 0.0480
vt 0.7492 0.0439
vt 0.7463 0.0440
vt 0.7515 0.0495
vt 0.7495 0.0501
vt 0.7498 0.0488
vt 0.7517 0.0483
vt 0.7469 0.0510
vt 0.7474 0.0495
vt 0.7531 0.0481
vt 0.7531 0.0492
vt 0.7544 0.0479
vt 0.7545 0.0490
vt 0.7532 0.0504
vt 0.7513 0.0508
vt 0.7546 0.0501
vt 0.7490 0.0515
vt 0.7461 0.0527
vt 0.7380 0.0388
vt 0.7375 0.0374
vt 0.7414 0.0386
vt 0.7416 0.0399
vt 0.7419 0.0412
vt 0.7385 0.0404
vt 0.7423 0.0425
vt 0.7391 0.0419
vt 0.7346 0.0396
vt 0.7336 0.0379
vt 0.7297 0.0391
vt 0.7282 0.0374
vt 0.7355 0.0413
vt 0.7312 0.0410
vt 0.7326 0.0363
vt 0.7264 0.0359
vt 0.7386 0.0600
vt 0.7348 0.0613
vt 0.7355 0.0596
vt 0.7390 0.0584
vt 0.7361 0.0578
vt 0.7394 0.0568
vt 0.7301 0.0625
vt 0.7312 0.0607
vt 0.7322 0.0587
vt 0.7420 0.0572
vt 0.7418 0.0586
vt 0.7424 0.0557
vt 0.7417 0.0599
vt 0.7382 0.0614
vt 0.7341 0.0629
vt 0.7290 0.0643
vt 0.7407 0.0455
vt 0.7399 0.0437
vt 0.7431 0.0440
vt 0.7439 0.0455
vt 0.7446 0.0471
vt 0.7412 0.0474
vt 0.7447 0.0487
vt 0.7413 0.0493
vt 0.7378 0.0475
vt 0.7373 0.0454
vt 0.7338 0.0475
vt 0.7334 0.0453
vt 0.7379 0.0495
vt 0.7338 0.0498
vt 0.7364 0.0433
vt 0.7324 0.0430
vt 0.7407 0.0531
vt 0.7375 0.0537
vt 0.7378 0.0516
vt 0.7411 0.0511
vt 0.7338 0.0543
vt 0.7339 0.0520
vt 0.7444 0.0503
vt 0.7438 0.0522
vt 0.7431 0.0540
vt 0.7400 0.0551
vt 0.7368 0.0558
vt 0.7331 0.0566
vt 0.7235 0.0455
vt 0.7287 0.0453
vt 0.7289 0.0477
vt 0.7235 0.0481
vt 0.7288 0.0502
vt 0.7233 0.0507
vt 0.7180 0.0486
vt 0.7182 0.0458
vt 0.7127 0.0494
vt 0.7134 0.0465
vt 0.7176 0.0514
vt 0.7122 0.0523
vt 0.7174 0.0434
vt 0.7224 0.0431
vt 0.7158 0.0416
vt 0.7205 0.0411
vt 0.7132 0.0439
vt 0.7128 0.0422
vt 0.7276 0.0430
vt 0.7260 0.0409
vt 0.7244 0.0558
vt 0.7241 0.0583
vt 0.7197 0.0594
vt 0.7195 0.0568
vt 0.7157 0.0608
vt 0.7148 0.0582
vt 0.7230 0.0607
vt 0.7190 0.0617
vt 0.7160 0.0626
vt 0.7185 0.0542
vt 0.7239 0.0533
vt 0.7133 0.0553
vt 0.7291 0.0526
vt 0.7293 0.0550
vt 0.7288 0.0574
vt 0.7277 0.0597
vt 0.7159 0.0385
vt 0.7135 0.0374
vt 0.7196 0.0363
vt 0.7218 0.0376
vt 0.7240 0.0391
vt 0.7182 0.0396
vt 0.7135 0.0406
vt 0.7106 0.0399
vt 0.7100 0.0420
vt 0.7067 0.0418
vt 0.7079 0.0392
vt 0.7032 0.0414
vt 0.7197 0.0648
vt 0.7144 0.0664
vt 0.7170 0.0640
vt 0.7215 0.0627
vt 0.7098 0.0670
vt 0.7133 0.0646
vt 0.7263 0.0617
vt 0.7249 0.0636
vt 0.7234 0.0654
vt 0.7178 0.0670
vt 0.7116 0.0688
vt 0.7059 0.0695
vt 0.7040 0.0474
vt 0.6993 0.0478
vt 0.7008 0.0444
vt 0.7050 0.0444
vt 0.7090 0.0443
vt 0.7085 0.0470
vt 0.7077 0.0502
vt 0.7029 0.0509
vt 0.7072 0.0534
vt 0.7023 0.0547
vt 0.6980 0.0516
vt 0.6972 0.0559
vt 0.7049 0.0628
vt 0.7031 0.0590
vt 0.7082 0.0570
vt 0.7099 0.0604
vt 0.7115 0.0631
vt 0.7070 0.0655
vt 0.7024 0.0679
vt 0.6997 0.0649
vt 0.6978 0.0605
vt 0.7747 0.0393
vt 0.7765 0.0392
vt 0.7763 0.0418
vt 0.7743 0.0418
vt 0.7760 0.0446
vt 0.7742 0.0445
vt 0.7729 0.0420
vt 0.7733 0.0395
vt 0.7729 0.0445
vt 0.7738 0.0375
vt 0.7751 0.0373
vt 0.7741 0.0356
vt 0.7753 0.0353
vt 0.7767 0.0372
vt 0.7768 0.0352
vt 0.7742 0.0496
vt 0.7744 0.0521
vt 0.7731 0.0517
vt 0.7729 0.0493
vt 0.7747 0.0541
vt 0.7735 0.0537
vt 0.7729 0.0468
vt 0.7742 0.0470
vt 0.7760 0.0471
vt 0.7761 0.0498
vt 0.7762 0.0523
vt 0.7763 0.0542
vt 0.7845 0.0299
vt 0.7845 0.0328
vt 0.7819 0.0328
vt 0.7818 0.0301
vt 0.7789 0.0328
vt 0.7788 0.0303
vt 0.7816 0.0279
vt 0.7843 0.0274
vt 0.7812 0.0255
vt 0.7841 0.0248
vt 0.7787 0.0284
vt 0.7785 0.0264
vt 0.7869 0.0271
vt 0.7871 0.0297
vt 0.7868 0.0243
vt 0.7871 0.0327
vt 0.7843 0.0589
vt 0.7869 0.0590
vt 0.7869 0.0621
vt 0.7841 0.0618
vt 0.7867 0.0650
vt 0.7839 0.0646
vt 0.7813 0.0615
vt 0.7815 0.0588
vt 0.7783 0.0610
vt 0.7784 0.0586
vt 0.7809 0.0639
vt 0.7781 0.0630
vt 0.7815 0.0560
vt 0.7842 0.0558
vt 0.7785 0.0561
vt 0.7869 0.0558
vt 0.7755 0.0306
vt 0.7755 0.0289
vt 0.7769 0.0287
vt 0.7769 0.0305
vt 0.7755 0.0272
vt 0.7768 0.0269
vt 0.7769 0.0329
vt 0.7754 0.0330
vt 0.7742 0.0333
vt 0.7742 0.0307
vt 0.7743 0.0289
vt 0.7744 0.0271
vt 0.7749 0.0582
vt 0.7736 0.0580
vt 0.7736 0.0557
vt 0.7749 0.0560
vt 0.7764 0.0561
vt 0.7764 0.0584
vt 0.7764 0.0606
vt 0.7749 0.0604
vt 0.7763 0.0625
vt 0.7750 0.0622
vt 0.7737 0.0604
vt 0.7738 0.0622
vt 0.7807 0.0230
vt 0.7836 0.0218
vt 0.7865 0.0683
vt 0.7866 0.0211
vt 0.7833 0.0676
vt 0.7781 0.0243
vt 0.7749 0.0638
vt 0.7739 0.0637
vt 0.7745 0.0256
vt 0.7755 0.0256
vt 0.7766 0.0252
vt 0.7776 0.0651
vt 0.7760 0.0642
vt 0.7803 0.0664
vt 0.6803 0.0210
vt 0.6935 0.0195
vt 0.7118 0.0190
vt 0.7219 0.0194
vt 0.7350 0.0788
vt 0.7269 0.0826
vt 0.7522 0.0257
vt 0.7566 0.0278
vt 0.7630 0.0610
vt 0.7627 0.0617
vt 0.7568 0.0669
vt 0.7529 0.0693
vt 0.7617 0.0632
vt 0.7027 0.0191
vt 0.7397 0.0216
vt 0.7466 0.0236
vt 0.7598 0.0649
vt 0.7178 0.0865
vt 0.7084 0.0896
vt 0.7479 0.0721
vt 0.7597 0.0296
vt 0.7618 0.0313
vt 0.6968 0.0935
vt 0.6799 0.0988
vt 0.6643 0.1003
vt 0.7315 0.0202
vt 0.6681 0.0253
vt 0.7628 0.0326
vt 0.7631 0.0333
vt 0.7420 0.0753
vt 0.6579 0.0672
vt 0.6590 0.0718
vt 0.6631 0.0833
vt 0.6637 0.0863
vt 0.7586 0.0601
vt 0.7583 0.0595
vt 0.6646 0.0438
vt 0.6623 0.0480
vt 0.6601 0.0526
vt 0.8094 0.0340
vt 0.8093 0.0361
vt 0.7527 0.0445
vt 0.7529 0.0438
vt 0.7531 0.0431
vt 0.7534 0.0426
vt 0.6585 0.0574
vt 0.6681 0.0366
vt 0.6666 0.0399
vt 0.7528 0.0513
vt 0.7526 0.0504
vt 0.6619 0.0799
vt 0.6577 0.0624
vt 0.6617 0.0949
vt 0.6621 0.0954
vt 0.7567 0.0389
vt 0.7575 0.0379
vt 0.7536 0.0421
vt 0.8096 0.0553
vt 0.8096 0.0578
vt 0.6639 0.0889
vt 0.6635 0.0910
vt 0.7523 0.0462
vt 0.7525 0.0453
vt 0.7541 0.0416
vt 0.7549 0.0409
vt 0.8095 0.0612
vt 0.6691 0.0341
vt 0.7566 0.0571
vt 0.7557 0.0560
vt 0.6693 0.0311
vt 0.6695 0.0323
vt 0.7581 0.0371
vt 0.8093 0.0510
vt 0.8095 0.0530
vt 0.6622 0.0940
vt 0.7521 0.0471
vt 0.8096 0.0470
vt 0.8091 0.0491
vt 0.7522 0.0487
vt 0.7521 0.0479
vt 0.8092 0.0378
vt 0.6685 0.0286
vt 0.6683 0.0294
vt 0.6688 0.0301
vt 0.8087 0.0643
vt 0.8094 0.0309
vt 0.8090 0.0419
vt 0.8096 0.0444
vt 0.8090 0.0397
vt 0.8089 0.0277
vt 0.8082 0.0250
vt 0.6629 0.0927
vt 0.7530 0.0520
vt 0.7534 0.0533
vt 0.7532 0.0527
vt 0.7558 0.0400
vt 0.7585 0.0364
vt 0.7588 0.0359
vt 0.7523 0.0495
vt 0.7536 0.0537
vt 0.7579 0.0589
vt 0.7548 0.0551
vt 0.7541 0.0543
vt 0.6604 0.0761
vt 0.7573 0.0580
vt 0.8006 0.0192
vt 0.8027 0.0201
vt 0.7951 0.0173
vt 0.7981 0.0183
vt 0.8049 0.0684
vt 0.8030 0.0692
vt 0.7921 0.0169
vt 0.8070 0.0672
vt 0.7953 0.0721
vt 0.7922 0.0725
vt 0.8009 0.0701
vt 0.7983 0.0712
vt 0.8046 0.0209
vt 0.8066 0.0221
vt 0.7897 0.0725
vt 0.7896 0.0169
vt 0.7582 0.0647
vt 0.7591 0.0624
vt 0.7110 0.0879
vt 0.7182 0.0846
vt 0.7590 0.0609
vt 0.7252 0.0812
vt 0.7320 0.0779
vt 0.7559 0.0670
vt 0.7526 0.0688
vt 0.7522 0.0272
vt 0.7478 0.0255
vt 0.7423 0.0238
vt 0.7357 0.0222
vt 0.7557 0.0290
vt 0.6847 0.0979
vt 0.7012 0.0926
vt 0.6674 0.0989
vt 0.6841 0.0200
vt 0.6720 0.0244
vt 0.7437 0.0725
vt 0.7485 0.0705
vt 0.7382 0.0749
vt 0.7581 0.0312
vt 0.6957 0.0189
vt 0.7279 0.0210
vt 0.7592 0.0350
vt 0.7593 0.0334
vt 0.7111 0.0190
vt 0.7036 0.0188
vt 0.7194 0.0199
vt 0.6532 0.0739
vt 0.6520 0.0691
vt 0.6590 0.0889
vt 0.6580 0.0858
vt 0.7640 0.0588
vt 0.7644 0.0594
vt 0.6562 0.0487
vt 0.6587 0.0444
vt 0.6539 0.0535
vt 0.7686 0.0359
vt 0.7684 0.0339
vt 0.7578 0.0427
vt 0.7575 0.0434
vt 0.7583 0.0414
vt 0.7580 0.0420
vt 0.6523 0.0587
vt 0.6610 0.0405
vt 0.6627 0.0372
vt 0.7572 0.0496
vt 0.7574 0.0505
vt 0.6566 0.0823
vt 0.6516 0.0640
vt 0.6577 0.0987
vt 0.6573 0.0981
vt 0.7630 0.0369
vt 0.7621 0.0378
vt 0.7586 0.0410
vt 0.7677 0.0578
vt 0.7677 0.0554
vt 0.6591 0.0938
vt 0.6593 0.0915
vt 0.7573 0.0442
vt 0.7570 0.0451
vt 0.7600 0.0397
vt 0.7591 0.0405
vt 0.7677 0.0611
vt 0.6637 0.0347
vt 0.7609 0.0553
vt 0.7619 0.0563
vt 0.6641 0.0329
vt 0.6638 0.0316
vt 0.7637 0.0360
vt 0.7680 0.0530
vt 0.7684 0.0510
vt 0.6579 0.0971
vt 0.7568 0.0460
vt 0.7687 0.0491
vt 0.7685 0.0469
vt 0.7568 0.0469
vt 0.7568 0.0477
vt 0.7688 0.0376
vt 0.6628 0.0299
vt 0.6630 0.0291
vt 0.6633 0.0306
vt 0.7685 0.0640
vt 0.7683 0.0310
vt 0.7686 0.0442
vt 0.7692 0.0418
vt 0.7691 0.0395
vt 0.7684 0.0278
vt 0.7692 0.0252
vt 0.6586 0.0957
vt 0.7577 0.0513
vt 0.7579 0.0520
vt 0.7581 0.0526
vt 0.7610 0.0388
vt 0.7645 0.0347
vt 0.7642 0.0353
vt 0.7570 0.0486
vt 0.7584 0.0531
vt 0.7635 0.0582
vt 0.7590 0.0536
vt 0.7598 0.0544
vt 0.6548 0.0783
vt 0.7628 0.0573
vt 0.7746 0.0209
vt 0.7767 0.0196
vt 0.7801 0.0182
vt 0.7840 0.0172
vt 0.7740 0.0687
vt 0.7723 0.0677
vt 0.7871 0.0168
vt 0.7705 0.0669
vt 0.7872 0.0727
vt 0.7840 0.0724
vt 0.7800 0.0715
vt 0.7762 0.0701
vt 0.7730 0.0217
vt 0.7713 0.0224
vt 0.7651 0.0619
vt 0.7644 0.0645
vt 0.7185 0.0894
vt 0.7092 0.0924
vt 0.7649 0.0603
vt 0.7354 0.0813
vt 0.7272 0.0853
vt 0.7620 0.0671
vt 0.7585 0.0695
vt 0.7532 0.0231
vt 0.7580 0.0251
vt 0.7399 0.0192
vt 0.7472 0.0210
vt 0.7616 0.0273
vt 0.6974 0.0962
vt 0.6804 0.1017
vt 0.6630 0.1024
vt 0.6665 0.0245
vt 0.6791 0.0193
vt 0.7541 0.0718
vt 0.7488 0.0746
vt 0.7426 0.0777
vt 0.7642 0.0298
vt 0.6924 0.0174
vt 0.7314 0.0180
vt 0.7651 0.0323
vt 0.7650 0.0339
vt 0.7021 0.0168
vt 0.7115 0.0168
vt 0.7217 0.0173
vt 0.5758 0.5661
vt 0.5671 0.5572
vt 0.5700 0.5525
vt 0.5796 0.5630
vt 0.5561 0.5504
vt 0.5457 0.5490
vt 0.5466 0.5449
vt 0.5580 0.5452
vt 0.5605 0.5375
vt 0.5489 0.5375
vt 0.5519 0.5243
vt 0.5621 0.5262
vt 0.5640 0.5130
vt 0.5538 0.5115
vt 0.5547 0.4998
vt 0.5647 0.5013
vt 0.5646 0.4890
vt 0.5551 0.4881
vt 0.5553 0.4764
vt 0.5647 0.4771
vt 0.5834 0.5550
vt 0.5725 0.5439
vt 0.5726 0.5301
vt 0.5822 0.5386
vt 0.5817 0.5200
vt 0.5734 0.5157
vt 0.5736 0.5035
vt 0.5810 0.5073
vt 0.5769 0.4919
vt 0.5724 0.4904
vt 0.5719 0.4779
vt 0.5757 0.4785
vt 0.5222 0.5231
vt 0.5212 0.5105
vt 0.5250 0.5098
vt 0.5256 0.5226
vt 0.5247 0.4152
vt 0.5320 0.4130
vt 0.5319 0.4142
vt 0.5258 0.4160
vt 0.5387 0.4152
vt 0.5376 0.4160
vt 0.5218 0.4273
vt 0.5224 0.4225
vt 0.5254 0.4222
vt 0.5254 0.4274
vt 0.5861 0.5261
vt 0.5854 0.5156
vt 0.5898 0.5635
vt 0.5903 0.5498
vt 0.5807 0.5730
vt 0.5856 0.5695
vt 0.5375 0.5454
vt 0.5383 0.5421
vt 0.5390 0.5368
vt 0.5406 0.5232
vt 0.5417 0.5105
vt 0.5421 0.4989
vt 0.5425 0.4876
vt 0.5425 0.4761
vt 0.5385 0.4982
vt 0.5387 0.4869
vt 0.5237 0.5366
vt 0.5265 0.5362
vt 0.5419 0.4390
vt 0.5421 0.4458
vt 0.5385 0.4455
vt 0.5383 0.4389
vt 0.5544 0.5892
vt 0.5554 0.5921
vt 0.5507 0.5924
vt 0.5499 0.5893
vt 0.5993 0.5972
vt 0.6045 0.5966
vt 0.6058 0.5996
vt 0.6005 0.5999
vt 0.6249 0.5931
vt 0.6262 0.5975
vt 0.6183 0.5987
vt 0.6171 0.5946
vt 0.6380 0.5910
vt 0.6399 0.5950
vt 0.6340 0.5960
vt 0.6321 0.5919
vt 0.5473 0.5994
vt 0.5481 0.6026
vt 0.5424 0.6032
vt 0.5418 0.6000
vt 0.5792 0.5974
vt 0.5807 0.6001
vt 0.5755 0.6002
vt 0.5739 0.5974
vt 0.5577 0.5984
vt 0.5589 0.6014
vt 0.5536 0.6020
vt 0.5526 0.5990
vt 0.5682 0.5975
vt 0.5698 0.6005
vt 0.5642 0.6009
vt 0.5627 0.5979
vt 0.6439 0.5834
vt 0.6461 0.5870
vt 0.6409 0.5872
vt 0.6386 0.5834
vt 0.5931 0.5845
vt 0.5989 0.5839
vt 0.5996 0.5858
vt 0.5940 0.5864
vt 0.5441 0.5840
vt 0.5446 0.5862
vt 0.5399 0.5861
vt 0.5396 0.5838
vt 0.6389 0.5675
vt 0.6386 0.5705
vt 0.6345 0.5728
vt 0.6342 0.5705
vt 0.6302 0.5776
vt 0.6318 0.5807
vt 0.6261 0.5821
vt 0.6243 0.5792
vt 0.6341 0.5840
vt 0.6363 0.5875
vt 0.6306 0.5884
vt 0.6285 0.5851
vt 0.5625 0.5861
vt 0.5635 0.5887
vt 0.5589 0.5889
vt 0.5580 0.5863
vt 0.5649 0.5914
vt 0.5664 0.5944
vt 0.5613 0.5948
vt 0.5600 0.5917
vt 0.6008 0.5883
vt 0.5952 0.5891
vt 0.5966 0.5917
vt 0.6019 0.5909
vt 0.6031 0.5937
vt 0.5979 0.5945
vt 0.6181 0.5808
vt 0.6197 0.5836
vt 0.6128 0.5853
vt 0.6116 0.5827
vt 0.6216 0.5865
vt 0.6235 0.5896
vt 0.6155 0.5911
vt 0.6140 0.5881
vt 0.5726 0.5863
vt 0.5741 0.5891
vt 0.5685 0.5886
vt 0.5672 0.5860
vt 0.5759 0.5918
vt 0.5776 0.5946
vt 0.5722 0.5944
vt 0.5703 0.5914
vt 0.5536 0.5864
vt 0.5492 0.5864
vt 0.5566 0.5953
vt 0.5517 0.5958
vt 0.5830 0.5863
vt 0.5845 0.5892
vt 0.5792 0.5890
vt 0.5777 0.5862
vt 0.5861 0.5921
vt 0.5876 0.5951
vt 0.5827 0.5947
vt 0.5810 0.5918
vt 0.5452 0.5892
vt 0.5403 0.5891
vt 0.5459 0.5925
vt 0.5466 0.5961
vt 0.5414 0.5964
vt 0.5409 0.5927
vt 0.6054 0.5845
vt 0.6064 0.5870
vt 0.6075 0.5896
vt 0.6088 0.5925
vt 0.6043 0.5815
vt 0.6105 0.5794
vt 0.6109 0.5807
vt 0.6047 0.5826
vt 0.5437 0.5829
vt 0.5393 0.5827
vt 0.5812 0.5834
vt 0.5820 0.5844
vt 0.5767 0.5844
vt 0.5760 0.5834
vt 0.5526 0.5833
vt 0.5531 0.5843
vt 0.5487 0.5842
vt 0.5482 0.5831
vt 0.5708 0.5834
vt 0.5716 0.5844
vt 0.5665 0.5842
vt 0.5658 0.5833
vt 0.6169 0.5771
vt 0.6173 0.5786
vt 0.5924 0.5834
vt 0.5982 0.5828
vt 0.5613 0.5834
vt 0.5619 0.5842
vt 0.5575 0.5843
vt 0.5570 0.5834
vt 0.6288 0.5728
vt 0.6293 0.5747
vt 0.6234 0.5766
vt 0.6230 0.5749
vt 0.6400 0.5749
vt 0.6355 0.5763
vt 0.6416 0.5792
vt 0.6370 0.5799
vt 0.6481 0.5906
vt 0.6431 0.5907
vt 0.6171 0.5946
vt 0.6103 0.5958
vt 0.5891 0.5977
vt 0.5842 0.5975
vt 0.6114 0.5993
vt 0.6500 0.5939
vt 0.6451 0.5943
vt 0.5904 0.6001
vt 0.5857 0.6000
vt 0.5359 0.6004
vt 0.5358 0.5968
vt 0.5362 0.6037
vt 0.5356 0.5928
vt 0.5348 0.5837
vt 0.5347 0.5825
vt 0.5352 0.5891
vt 0.5350 0.5860
vt 0.5297 0.5860
vt 0.5297 0.5837
vt 0.5297 0.5929
vt 0.5297 0.5892
vt 0.5297 0.6040
vt 0.5297 0.6007
vt 0.5297 0.5969
vt 0.5297 0.5825
vt 0.5898 0.5893
vt 0.5912 0.5922
vt 0.5941 0.5976
vt 0.5953 0.6000
vt 0.5926 0.5950
vt 0.5875 0.5845
vt 0.5885 0.5865
vt 0.5868 0.5835
vt 0.6529 0.5905
vt 0.6548 0.5937
vt 0.6459 0.5782
vt 0.6491 0.5832
vt 0.6514 0.5873
vt 0.6436 0.5731
vt 0.6416 0.5680
vt 0.6420 0.5652
vt 0.6549 0.5863
vt 0.6573 0.5902
vt 0.6446 0.5659
vt 0.6463 0.5701
vt 0.6443 0.5635
vt 0.6494 0.5764
vt 0.6588 0.5934
vt 0.6522 0.5817
vt 0.6191 0.6015
vt 0.6121 0.6020
vt 0.5955 0.6028
vt 0.5901 0.6027
vt 0.5745 0.6026
vt 0.5689 0.6028
vt 0.5797 0.6026
vt 0.5360 0.6054
vt 0.5297 0.6057
vt 0.5584 0.6034
vt 0.5532 0.6039
vt 0.6548 0.5957
vt 0.6498 0.5959
vt 0.6269 0.6000
vt 0.5477 0.6044
vt 0.5420 0.6049
vt 0.6009 0.6025
vt 0.5849 0.6027
vt 0.6342 0.5983
vt 0.6400 0.5972
vt 0.6450 0.5964
vt 0.6061 0.6023
vt 0.5635 0.6031
vt 0.6595 0.5951
vt 0.6556 0.5857
vt 0.6580 0.5897
vt 0.6501 0.5757
vt 0.6529 0.5810
vt 0.6454 0.5653
vt 0.6471 0.5695
vt 0.6596 0.5934
vt 0.6605 0.5955
vt 0.6104 0.5786
vt 0.6167 0.5764
vt 0.5436 0.5821
vt 0.5481 0.5823
vt 0.6226 0.5743
vt 0.6284 0.5722
vt 0.5657 0.5825
vt 0.5706 0.5825
vt 0.5296 0.5817
vt 0.5346 0.5818
vt 0.5525 0.5825
vt 0.5568 0.5826
vt 0.6337 0.5698
vt 0.5612 0.5826
vt 0.5867 0.5826
vt 0.5923 0.5824
vt 0.5392 0.5820
vt 0.5982 0.5818
vt 0.6414 0.5646
vt 0.6436 0.5630
vt 0.5759 0.5825
vt 0.6383 0.5669
vt 0.5811 0.5825
vt 0.6042 0.5806
vt 0.6379 0.5652
vt 0.6408 0.5630
vt 0.5990 0.5801
vt 0.6046 0.5788
vt 0.6336 0.5680
vt 0.5528 0.5811
vt 0.5570 0.5812
vt 0.6285 0.5705
vt 0.6228 0.5726
vt 0.5878 0.5811
vt 0.5934 0.5808
vt 0.6168 0.5747
vt 0.5296 0.5802
vt 0.5346 0.5803
vt 0.5614 0.5811
vt 0.5713 0.5810
vt 0.5767 0.5811
vt 0.5393 0.5805
vt 0.6106 0.5769
vt 0.5661 0.5811
vt 0.5484 0.5808
vt 0.5439 0.5807
vt 0.5822 0.5811
vt 0.6431 0.5614
vt 0.5550 0.4654
vt 0.5644 0.4659
vt 0.5716 0.4664
vt 0.5751 0.4668
vt 0.5424 0.4652
vt 0.5422 0.4550
vt 0.5424 0.4652
vt 0.5387 0.4648
vt 0.5386 0.4546
vt 0.5547 0.4550
vt 0.5640 0.4552
vt 0.5711 0.4556
vt 0.5746 0.4559
vt 0.5206 0.4651
vt 0.5208 0.4549
vt 0.5249 0.4546
vt 0.5247 0.4648
vt 0.5421 0.4458
vt 0.5544 0.4456
vt 0.5633 0.4456
vt 0.5700 0.4459
vt 0.5734 0.4463
vt 0.5536 0.4385
vt 0.5620 0.4383
vt 0.5685 0.4385
vt 0.5718 0.4391
vt 0.5387 0.4756
vt 0.5670 0.4333
vt 0.5701 0.4339
vt 0.5529 0.4335
vt 0.5609 0.4332
vt 0.5417 0.4343
vt 0.5517 0.4258
vt 0.5594 0.4250
vt 0.5654 0.4248
vt 0.5685 0.4253
vt 0.5415 0.4273
vt 0.5375 0.5227
vt 0.5382 0.5099
vt 0.5581 0.4182
vt 0.5640 0.4178
vt 0.5364 0.5364
vt 0.5503 0.4196
vt 0.5672 0.4181
vt 0.5408 0.4223
vt 0.5559 0.4097
vt 0.5622 0.4090
vt 0.5382 0.4343
vt 0.5470 0.4119
vt 0.5654 0.4093
vt 0.5387 0.4152
vt 0.4870 0.5661
vt 0.4832 0.5630
vt 0.4929 0.5524
vt 0.4957 0.5572
vt 0.5067 0.5503
vt 0.5048 0.5451
vt 0.5162 0.5447
vt 0.5172 0.5487
vt 0.5023 0.5374
vt 0.5007 0.5261
vt 0.5109 0.5242
vt 0.5138 0.5373
vt 0.4989 0.5129
vt 0.4981 0.5012
vt 0.5082 0.4997
vt 0.5091 0.5114
vt 0.4983 0.4889
vt 0.4983 0.4769
vt 0.5076 0.4763
vt 0.5079 0.4880
vt 0.4795 0.5550
vt 0.4806 0.5385
vt 0.4902 0.5300
vt 0.4903 0.5438
vt 0.4811 0.5199
vt 0.4818 0.5072
vt 0.4892 0.5034
vt 0.4894 0.5156
vt 0.4859 0.4917
vt 0.4872 0.4783
vt 0.4910 0.4777
vt 0.4905 0.4903
vt 0.5363 0.5422
vt 0.5380 0.4274
vt 0.5210 0.4458
vt 0.5250 0.4455
vt 0.5365 0.5445
vt 0.4767 0.5260
vt 0.4774 0.5154
vt 0.4730 0.5635
vt 0.4725 0.5497
vt 0.4822 0.5730
vt 0.4773 0.5695
vt 0.5242 0.5417
vt 0.5250 0.5451
vt 0.5207 0.4989
vt 0.5212 0.5105
vt 0.5204 0.4760
vt 0.5204 0.4875
vt 0.5312 0.5462
vt 0.5313 0.5448
vt 0.5213 0.4390
vt 0.5252 0.4388
vt 0.5055 0.5892
vt 0.5101 0.5893
vt 0.5092 0.5925
vt 0.5045 0.5921
vt 0.4607 0.5972
vt 0.4595 0.5999
vt 0.4542 0.5996
vt 0.4555 0.5967
vt 0.4350 0.5932
vt 0.4429 0.5946
vt 0.4416 0.5987
vt 0.4337 0.5975
vt 0.4219 0.5910
vt 0.4278 0.5919
vt 0.4260 0.5961
vt 0.4200 0.5951
vt 0.5126 0.5995
vt 0.5181 0.6000
vt 0.5175 0.6032
vt 0.5118 0.6026
vt 0.4807 0.5974
vt 0.4860 0.5975
vt 0.4844 0.6002
vt 0.4792 0.6001
vt 0.5022 0.5984
vt 0.5073 0.5990
vt 0.5063 0.6020
vt 0.5010 0.6014
vt 0.4918 0.5976
vt 0.4972 0.5979
vt 0.4957 0.6010
vt 0.4901 0.6005
vt 0.4161 0.5835
vt 0.4214 0.5835
vt 0.4190 0.5872
vt 0.4138 0.5872
vt 0.4668 0.5845
vt 0.4659 0.5864
vt 0.4603 0.5858
vt 0.4611 0.5840
vt 0.5158 0.5840
vt 0.5203 0.5839
vt 0.5200 0.5861
vt 0.5153 0.5862
vt 0.4213 0.5675
vt 0.4261 0.5705
vt 0.4257 0.5728
vt 0.4216 0.5705
vt 0.4299 0.5777
vt 0.4356 0.5792
vt 0.4339 0.5821
vt 0.4282 0.5808
vt 0.4259 0.5841
vt 0.4315 0.5852
vt 0.4293 0.5885
vt 0.4237 0.5876
vt 0.4974 0.5861
vt 0.5019 0.5863
vt 0.5011 0.5890
vt 0.4964 0.5887
vt 0.4951 0.5914
vt 0.5000 0.5918
vt 0.4986 0.5948
vt 0.4935 0.5945
vt 0.4647 0.5891
vt 0.4592 0.5884
vt 0.4634 0.5917
vt 0.4620 0.5945
vt 0.4568 0.5937
vt 0.4580 0.5909
vt 0.4418 0.5809
vt 0.4484 0.5828
vt 0.4472 0.5854
vt 0.4403 0.5836
vt 0.4384 0.5865
vt 0.4459 0.5881
vt 0.4444 0.5912
vt 0.4365 0.5897
vt 0.4874 0.5863
vt 0.4927 0.5860
vt 0.4914 0.5887
vt 0.4858 0.5891
vt 0.4840 0.5918
vt 0.4896 0.5914
vt 0.4878 0.5944
vt 0.4823 0.5946
vt 0.5063 0.5865
vt 0.5107 0.5864
vt 0.5083 0.5958
vt 0.5034 0.5953
vt 0.4769 0.5864
vt 0.4822 0.5863
vt 0.4807 0.5891
vt 0.4754 0.5892
vt 0.4738 0.5921
vt 0.4789 0.5919
vt 0.4772 0.5948
vt 0.4723 0.5951
vt 0.5196 0.5891
vt 0.5148 0.5892
vt 0.5140 0.5925
vt 0.5190 0.5927
vt 0.5185 0.5964
vt 0.5133 0.5961
vt 0.4546 0.5845
vt 0.4535 0.5871
vt 0.4524 0.5896
vt 0.4512 0.5925
vt 0.4557 0.5815
vt 0.4552 0.5827
vt 0.4490 0.5808
vt 0.4494 0.5795
vt 0.5162 0.5829
vt 0.5206 0.5827
vt 0.4787 0.5835
vt 0.4839 0.5835
vt 0.4832 0.5844
vt 0.4779 0.5845
vt 0.5073 0.5833
vt 0.5118 0.5831
vt 0.5113 0.5842
vt 0.5068 0.5843
vt 0.4891 0.5834
vt 0.4941 0.5834
vt 0.4934 0.5842
vt 0.4884 0.5844
vt 0.4430 0.5772
vt 0.4427 0.5786
vt 0.4675 0.5834
vt 0.4617 0.5829
vt 0.4986 0.5834
vt 0.5030 0.5834
vt 0.5024 0.5844
vt 0.4980 0.5843
vt 0.4313 0.5729
vt 0.4370 0.5750
vt 0.4366 0.5767
vt 0.4309 0.5748
vt 0.4247 0.5764
vt 0.4202 0.5749
vt 0.4231 0.5800
vt 0.4185 0.5793
vt 0.4168 0.5908
vt 0.4118 0.5907
vt 0.4497 0.5959
vt 0.4429 0.5946
vt 0.4757 0.5975
vt 0.4709 0.5978
vt 0.4485 0.5994
vt 0.4148 0.5944
vt 0.4100 0.5940
vt 0.4743 0.6001
vt 0.4695 0.6001
vt 0.5241 0.5968
vt 0.5240 0.6004
vt 0.5238 0.6038
vt 0.5243 0.5928
vt 0.5252 0.5826
vt 0.5251 0.5837
vt 0.5249 0.5860
vt 0.5247 0.5892
vt 0.4701 0.5894
vt 0.4688 0.5923
vt 0.4659 0.5976
vt 0.4646 0.6001
vt 0.4673 0.5950
vt 0.4724 0.5846
vt 0.4714 0.5865
vt 0.4732 0.5835
vt 0.4070 0.5906
vt 0.4051 0.5939
vt 0.4142 0.5782
vt 0.4109 0.5834
vt 0.4086 0.5875
vt 0.4166 0.5731
vt 0.4186 0.5680
vt 0.4183 0.5652
vt 0.4026 0.5903
vt 0.4051 0.5865
vt 0.4138 0.5700
vt 0.4157 0.5659
vt 0.4160 0.5635
vt 0.4107 0.5764
vt 0.4012 0.5935
vt 0.4078 0.5819
vt 0.4478 0.6021
vt 0.4408 0.6015
vt 0.4698 0.6028
vt 0.4644 0.6028
vt 0.4910 0.6028
vt 0.4854 0.6027
vt 0.4802 0.6026
vt 0.5240 0.6055
vt 0.5067 0.6039
vt 0.5015 0.6034
vt 0.4101 0.5960
vt 0.4052 0.5958
vt 0.4331 0.6000
vt 0.5179 0.6049
vt 0.5122 0.6044
vt 0.4590 0.6026
vt 0.4750 0.6027
vt 0.4257 0.5984
vt 0.4199 0.5973
vt 0.4150 0.5965
vt 0.4538 0.6024
vt 0.4964 0.6031
vt 0.4005 0.5952
vt 0.4020 0.5898
vt 0.4044 0.5859
vt 0.4071 0.5812
vt 0.4100 0.5757
vt 0.4130 0.5694
vt 0.4149 0.5652
vt 0.3995 0.5956
vt 0.4004 0.5935
vt 0.4433 0.5765
vt 0.4495 0.5787
vt 0.5118 0.5823
vt 0.5163 0.5821
vt 0.4318 0.5722
vt 0.4374 0.5744
vt 0.4893 0.5825
vt 0.4942 0.5825
vt 0.5253 0.5818
vt 0.5298 0.5817
vt 0.5031 0.5826
vt 0.5074 0.5825
vt 0.4266 0.5698
vt 0.4987 0.5826
vt 0.4676 0.5824
vt 0.4733 0.5826
vt 0.5207 0.5820
vt 0.4617 0.5819
vt 0.4166 0.5630
vt 0.4189 0.5646
vt 0.4841 0.5826
vt 0.4219 0.5669
vt 0.4788 0.5826
vt 0.4557 0.5806
vt 0.4194 0.5631
vt 0.4224 0.5652
vt 0.4553 0.5789
vt 0.4609 0.5802
vt 0.4267 0.5680
vt 0.5029 0.5812
vt 0.5071 0.5811
vt 0.4317 0.5705
vt 0.4372 0.5727
vt 0.4665 0.5809
vt 0.4721 0.5812
vt 0.4431 0.5748
vt 0.5253 0.5803
vt 0.5298 0.5802
vt 0.4985 0.5812
vt 0.4832 0.5812
vt 0.4886 0.5811
vt 0.5206 0.5805
vt 0.4493 0.5770
vt 0.4938 0.5811
vt 0.5116 0.5809
vt 0.5160 0.5807
vt 0.4778 0.5812
vt 0.4172 0.5614
vt 0.4986 0.4658
vt 0.5080 0.4653
vt 0.4914 0.4662
vt 0.4878 0.4666
vt 0.5206 0.4651
vt 0.5246 0.4756
vt 0.5246 0.4869
vt 0.5084 0.4549
vt 0.4920 0.4554
vt 0.4990 0.4551
vt 0.4885 0.4557
vt 0.5263 0.5420
vt 0.5088 0.4455
vt 0.4931 0.4457
vt 0.4999 0.4455
vt 0.4897 0.4461
vt 0.5261 0.5442
vt 0.5012 0.4382
vt 0.5095 0.4384
vt 0.4947 0.4383
vt 0.4914 0.4389
vt 0.5380 0.4221
vt 0.4931 0.4337
vt 0.4963 0.4331
vt 0.5247 0.4982
vt 0.5024 0.4330
vt 0.5103 0.4334
vt 0.5215 0.4343
vt 0.5039 0.4248
vt 0.5116 0.4257
vt 0.4948 0.4251
vt 0.4979 0.4246
vt 0.5218 0.4273
vt 0.5253 0.4343
vt 0.4993 0.4174
vt 0.5053 0.4179
vt 0.5131 0.4195
vt 0.4962 0.4178
vt 0.5012 0.4086
vt 0.5076 0.4094
vt 0.5166 0.4118
vt 0.4980 0.4089
vt 0.5317 0.4868
vt 0.5317 0.4755
vt 0.5316 0.5098
vt 0.5316 0.4981
vt 0.5314 0.5361
vt 0.5315 0.5226
vt 0.5313 0.5423
vt 0.5317 0.4647
vt 0.5387 0.4648
vt 0.5317 0.4546
vt 0.5317 0.4455
vt 0.5317 0.4389
vt 0.5317 0.4343
vt 0.5317 0.4274
vt 0.5317 0.4218
vt 0.5247 0.4648
vt 0.0826 0.2029
vt 0.0692 0.2045
vt 0.0703 0.1797
vt 0.0838 0.1782
vt 0.0551 0.2056
vt 0.0560 0.1805
vt 0.0407 0.1803
vt 0.0399 0.2059
vt 0.2511 0.1768
vt 0.2347 0.1767
vt 0.2342 0.2022
vt 0.2503 0.2022
vt 0.2664 0.2017
vt 0.2677 0.1760
vt 0.2603 0.3363
vt 0.2762 0.3373
vt 0.2775 0.3117
vt 0.2625 0.3105
vt 0.2440 0.3344
vt 0.2469 0.3086
vt 0.2313 0.3060
vt 0.2274 0.3316
vt 0.0377 0.3117
vt 0.0536 0.3110
vt 0.0545 0.3380
vt 0.0373 0.3385
vt 0.2814 0.2007
vt 0.2835 0.1746
vt 0.2946 0.1991
vt 0.2973 0.1728
vt 0.0709 0.3371
vt 0.0691 0.3101
vt 0.0870 0.3359
vt 0.0846 0.3092
vt 0.3064 0.1973
vt 0.3094 0.1710
vt 0.3182 0.1954
vt 0.3209 0.1693
vt 0.3326 0.1680
vt 0.3307 0.1937
vt 0.3436 0.1924
vt 0.3445 0.1671
vt 0.1332 0.3061
vt 0.1487 0.3051
vt 0.1519 0.3301
vt 0.1362 0.3315
vt 0.1197 0.3330
vt 0.1169 0.3071
vt 0.1031 0.3345
vt 0.1005 0.3081
vt 0.0554 0.0161
vt 0.0547 0.0105
vt 0.0683 0.0120
vt 0.0691 0.0176
vt 0.0564 0.0271
vt 0.0701 0.0287
vt 0.3093 0.0261
vt 0.3006 0.0254
vt 0.3022 0.0421
vt 0.3115 0.0429
vt 0.2900 0.0248
vt 0.2909 0.0414
vt 0.3196 0.0437
vt 0.3168 0.0270
vt 0.0701 0.0287
vt 0.0827 0.0303
vt 0.0836 0.0470
vt 0.0709 0.0457
vt 0.3138 0.0159
vt 0.3067 0.0150
vt 0.2986 0.0144
vt 0.2887 0.0140
vt 0.3051 0.0100
vt 0.3121 0.0109
vt 0.3301 0.0173
vt 0.3282 0.0124
vt 0.3195 0.0118
vt 0.3213 0.0167
vt 0.3441 0.0286
vt 0.3405 0.0175
vt 0.3301 0.0173
vt 0.3335 0.0284
vt 0.0928 0.0206
vt 0.0939 0.0316
vt 0.0827 0.0303
vt 0.0817 0.0192
vt 0.1167 0.0206
vt 0.1170 0.0320
vt 0.1049 0.0323
vt 0.1040 0.0212
vt 0.0923 0.0151
vt 0.0810 0.0136
vt 0.1169 0.0152
vt 0.1038 0.0156
vt 0.3386 0.0126
vt 0.2972 0.0093
vt 0.2877 0.0088
vt 0.3245 0.0278
vt 0.2774 0.0246
vt 0.2773 0.0412
vt 0.3508 0.0122
vt 0.3527 0.0171
vt 0.3562 0.0283
vt 0.1441 0.0114
vt 0.1436 0.0166
vt 0.1303 0.0190
vt 0.1307 0.0137
vt 0.1429 0.0285
vt 0.1300 0.0306
vt 0.2770 0.0138
vt 0.2764 0.0085
vt 0.2501 0.0090
vt 0.2496 0.0144
vt 0.2637 0.0140
vt 0.2637 0.0086
vt 0.2633 0.0246
vt 0.2486 0.0251
vt 0.2472 0.0418
vt 0.2624 0.0413
vt 0.0419 0.0258
vt 0.0411 0.0149
vt 0.0407 0.0093
vt 0.0557 0.3644
vt 0.0728 0.3635
vt 0.0579 0.0668
vt 0.0717 0.0678
vt 0.0723 0.0932
vt 0.0584 0.0926
vt 0.0723 0.1219
vt 0.0581 0.1216
vt 0.0714 0.1516
vt 0.0571 0.1518
vt 0.0679 0.2254
vt 0.0539 0.2266
vt 0.0666 0.2440
vt 0.0526 0.2451
vt 0.0520 0.2642
vt 0.0663 0.2631
vt 0.0673 0.2850
vt 0.0525 0.2859
vt 0.0564 0.3887
vt 0.0751 0.3881
vt 0.0575 0.4108
vt 0.0774 0.4109
vt 0.0790 0.4317
vt 0.0587 0.4312
vt 0.0959 0.4709
vt 0.0775 0.4684
vt 0.0793 0.4509
vt 0.0980 0.4511
vt 0.1355 0.4824
vt 0.1251 0.4766
vt 0.1344 0.4480
vt 0.1462 0.4619
vt 0.1116 0.4735
vt 0.1154 0.4498
vt 0.0564 0.4655
vt 0.0583 0.4496
vt 0.1412 0.5031
vt 0.1477 0.4872
vt 0.1524 0.4889
vt 0.1463 0.5052
vt 0.1288 0.4983
vt 0.1355 0.4824
vt 0.1423 0.4854
vt 0.1359 0.5009
vt 0.1190 0.4949
vt 0.3468 0.4989
vt 0.3420 0.5147
vt 0.3502 0.5165
vt 0.3555 0.5016
vt 0.3518 0.4825
vt 0.3613 0.4865
vt 0.1064 0.4917
vt 0.0912 0.4887
vt 0.0959 0.4709
vt 0.1253 0.5537
vt 0.1306 0.5402
vt 0.1353 0.5419
vt 0.1306 0.5553
vt 0.1042 0.5465
vt 0.1140 0.5336
vt 0.1238 0.5373
vt 0.1158 0.5505
vt 0.0911 0.5422
vt 0.1013 0.5293
vt 0.0769 0.5387
vt 0.0864 0.5257
vt 0.0629 0.5358
vt 0.0709 0.5225
vt 0.0551 0.5197
vt 0.0490 0.5333
vt 0.0352 0.5310
vt 0.0390 0.5171
vt 0.3375 0.4966
vt 0.3247 0.4940
vt 0.3188 0.5106
vt 0.3324 0.5130
vt 0.3076 0.4912
vt 0.3016 0.5079
vt 0.2889 0.4890
vt 0.2835 0.5055
vt 0.2709 0.4875
vt 0.2668 0.5040
vt 0.2529 0.4866
vt 0.2510 0.5034
vt 0.3422 0.4790
vt 0.3296 0.4746
vt 0.3125 0.4726
vt 0.2930 0.4709
vt 0.2737 0.4697
vt 0.2542 0.4688
vt 0.0730 0.4857
vt 0.0524 0.4826
vt 0.1215 0.5598
vt 0.1283 0.5620
vt 0.0992 0.5527
vt 0.1111 0.5565
vt 0.0861 0.5489
vt 0.0727 0.5455
vt 0.0596 0.5426
vt 0.0467 0.5401
vt 0.0338 0.5380
vt 0.0460 0.5003
vt 0.0648 0.5032
vt 0.3168 0.4328
vt 0.2962 0.4337
vt 0.2958 0.4527
vt 0.3170 0.4528
vt 0.3392 0.4517
vt 0.3375 0.4307
vt 0.2554 0.4514
vt 0.2754 0.4520
vt 0.2764 0.4344
vt 0.2570 0.4353
vt 0.3796 0.4226
vt 0.3590 0.4271
vt 0.3613 0.4417
vt 0.3810 0.4338
vt 0.3967 0.4185
vt 0.3981 0.4274
vt 0.1597 0.4485
vt 0.1532 0.4367
vt 0.1145 0.4286
vt 0.0973 0.4308
vt 0.0950 0.4097
vt 0.1117 0.4075
vt 0.3153 0.4000
vt 0.2955 0.4012
vt 0.2957 0.4175
vt 0.3162 0.4165
vt 0.1319 0.4248
vt 0.1284 0.4043
vt 0.3724 0.3908
vt 0.3536 0.3944
vt 0.3566 0.4113
vt 0.3765 0.4075
vt 0.2767 0.4017
vt 0.2765 0.4182
vt 0.3885 0.3875
vt 0.3932 0.4040
vt 0.3363 0.4144
vt 0.3344 0.3976
vt 0.2580 0.4190
vt 0.2588 0.4018
vt 0.1485 0.4197
vt 0.1445 0.4005
vt 0.3680 0.3726
vt 0.3633 0.3524
vt 0.3468 0.3557
vt 0.3503 0.3761
vt 0.3833 0.3694
vt 0.3781 0.3493
vt 0.3970 0.3666
vt 0.3919 0.3463
vt 0.0893 0.3622
vt 0.0920 0.3868
vt 0.3024 0.2641
vt 0.2908 0.2645
vt 0.2914 0.2873
vt 0.3041 0.2872
vt 0.1139 0.2824
vt 0.0979 0.2832
vt 0.0957 0.2611
vt 0.1112 0.2601
vt 0.3450 0.2591
vt 0.3295 0.2612
vt 0.3326 0.2845
vt 0.3485 0.2821
vt 0.2788 0.2641
vt 0.2785 0.2868
vt 0.3601 0.2567
vt 0.3639 0.2793
vt 0.3176 0.2863
vt 0.3151 0.2630
vt 0.2644 0.2857
vt 0.2654 0.2633
vt 0.1300 0.2816
vt 0.1267 0.2591
vt 0.0824 0.2841
vt 0.0808 0.2621
vt 0.3145 0.2409
vt 0.3022 0.2424
vt 0.3295 0.2612
vt 0.3284 0.2390
vt 0.3432 0.2371
vt 0.3579 0.2353
vt 0.3741 0.2542
vt 0.3717 0.2336
vt 0.1520 0.2355
vt 0.1556 0.2566
vt 0.1414 0.2580
vt 0.1383 0.2370
vt 0.1267 0.2591
vt 0.1240 0.2384
vt 0.3570 0.2142
vt 0.3430 0.2154
vt 0.3158 0.2190
vt 0.3037 0.2207
vt 0.2658 0.2432
vt 0.2792 0.2435
vt 0.2800 0.2231
vt 0.2659 0.2236
vt 0.1240 0.2384
vt 0.1092 0.2399
vt 0.1085 0.2200
vt 0.1225 0.2181
vt 0.0946 0.2413
vt 0.0805 0.2427
vt 0.0813 0.2238
vt 0.0947 0.2220
vt 0.2922 0.2222
vt 0.2909 0.2432
vt 0.3290 0.2171
vt 0.0957 0.2008
vt 0.1090 0.1984
vt 0.3567 0.1916
vt 0.1225 0.1961
vt 0.3000 0.1442
vt 0.2861 0.1457
vt 0.3569 0.1405
vt 0.3451 0.1406
vt 0.3445 0.1671
vt 0.3569 0.1667
vt 0.3231 0.1418
vt 0.3120 0.1428
vt 0.2700 0.1471
vt 0.1230 0.1717
vt 0.1099 0.1739
vt 0.1106 0.1472
vt 0.1232 0.1453
vt 0.0969 0.1762
vt 0.0838 0.1782
vt 0.0849 0.1505
vt 0.0979 0.1490
vt 0.3339 0.1410
vt 0.1105 0.1196
vt 0.1227 0.1184
vt 0.0856 0.1215
vt 0.0983 0.1207
vt 0.3137 0.1146
vt 0.3022 0.1152
vt 0.3448 0.1141
vt 0.3343 0.1141
vt 0.2887 0.1161
vt 0.3560 0.1142
vt 0.3241 0.1142
vt 0.2729 0.1171
vt 0.3433 0.0887
vt 0.3333 0.0884
vt 0.3033 0.0878
vt 0.2904 0.0881
vt 0.3542 0.0889
vt 0.3239 0.0881
vt 0.3142 0.0879
vt 0.2753 0.0885
vt 0.1097 0.0930
vt 0.1215 0.0923
vt 0.0855 0.0935
vt 0.0978 0.0934
vt 0.2912 0.0632
vt 0.2768 0.0633
vt 0.1080 0.0693
vt 0.1197 0.0691
vt 0.0847 0.0686
vt 0.0967 0.0691
vt 0.3135 0.0640
vt 0.3034 0.0635
vt 0.3407 0.0658
vt 0.3311 0.0653
vt 0.3515 0.0660
vt 0.3223 0.0646
vt 0.1062 0.0486
vt 0.0951 0.0480
vt 0.1180 0.0485
vt 0.1437 0.0668
vt 0.1317 0.0683
vt 0.1305 0.0476
vt 0.1430 0.0459
vt 0.3372 0.0452
vt 0.3279 0.0446
vt 0.2362 0.5243
vt 0.2357 0.5173
vt 0.2224 0.5181
vt 0.2236 0.5251
vt 0.2203 0.5040
vt 0.2351 0.5034
vt 0.2348 0.4863
vt 0.2174 0.4868
vt 0.2343 0.4684
vt 0.2147 0.4689
vt 0.1450 0.0900
vt 0.1333 0.0913
vt 0.1467 0.1155
vt 0.1348 0.1170
vt 0.1481 0.1420
vt 0.1357 0.1435
vt 0.1487 0.1681
vt 0.1359 0.1696
vt 0.1358 0.1942
vt 0.1490 0.1928
vt 0.1498 0.2149
vt 0.1363 0.2163
vt 0.1596 0.2794
vt 0.1451 0.2807
vt 0.2346 0.4515
vt 0.2136 0.4518
vt 0.2365 0.4364
vt 0.2144 0.4368
vt 0.2494 0.5239
vt 0.2639 0.5239
vt 0.2648 0.5173
vt 0.2498 0.5171
vt 0.1757 0.4101
vt 0.1628 0.4147
vt 0.1591 0.3967
vt 0.1725 0.3932
vt 0.1677 0.4297
vt 0.1803 0.4236
vt 0.1841 0.4309
vt 0.1722 0.4387
vt 0.3658 0.0887
vt 0.3632 0.0657
vt 0.3679 0.1143
vt 0.3692 0.1409
vt 0.3696 0.1671
vt 0.0376 0.2650
vt 0.0381 0.2460
vt 0.4110 0.4152
vt 0.4127 0.4234
vt 0.4072 0.4011
vt 0.4023 0.3848
vt 0.2939 0.3827
vt 0.2925 0.3614
vt 0.2748 0.3615
vt 0.2756 0.3830
vt 0.3138 0.3816
vt 0.3117 0.3605
vt 0.3780 0.2762
vt 0.2383 0.4190
vt 0.2161 0.4190
vt 0.2182 0.4000
vt 0.2396 0.4010
vt 0.3704 0.2135
vt 0.3698 0.1916
vt 0.3090 0.3367
vt 0.2922 0.3373
vt 0.2762 0.3373
vt 0.2583 0.3607
vt 0.1057 0.3604
vt 0.1224 0.3583
vt 0.1389 0.3562
vt 0.1544 0.3542
vt 0.1666 0.3289
vt 0.1690 0.3525
vt 0.3873 0.3238
vt 0.3732 0.3269
vt 0.3581 0.3300
vt 0.3420 0.3329
vt 0.3255 0.3352
vt 0.3296 0.3585
vt 0.3322 0.3793
vt 0.1706 0.3740
vt 0.1566 0.3764
vt 0.1414 0.3792
vt 0.1251 0.3822
vt 0.1085 0.3848
vt 0.2455 0.0640
vt 0.2433 0.0891
vt 0.2591 0.0890
vt 0.2611 0.0636
vt 0.2584 0.3826
vt 0.2562 0.1177
vt 0.2400 0.1176
vt 0.2368 0.1477
vt 0.2532 0.1479
vt 0.2351 0.2234
vt 0.2506 0.2237
vt 0.2511 0.2427
vt 0.2362 0.2420
vt 0.2509 0.2622
vt 0.2363 0.2608
vt 0.2808 0.5186
vt 0.2795 0.5251
vt 0.2981 0.5210
vt 0.2964 0.5274
vt 0.0820 0.5062
vt 0.0974 0.5092
vt 0.1586 0.4703
vt 0.1477 0.4872
vt 0.1423 0.4854
vt 0.1535 0.4676
vt 0.1698 0.4568
vt 0.1656 0.4538
vt 0.1698 0.4568
vt 0.1800 0.4473
vt 0.1818 0.4490
vt 0.1724 0.4586
vt 0.1902 0.4397
vt 0.1800 0.4473
vt 0.1767 0.4441
vt 0.1877 0.4365
vt 0.4149 0.4343
vt 0.4019 0.4383
vt 0.4028 0.4409
vt 0.4153 0.4365
vt 0.3878 0.4447
vt 0.3902 0.4484
vt 0.3732 0.4545
vt 0.3878 0.4447
vt 0.3852 0.4403
vt 0.3682 0.4495
vt 0.3604 0.4677
vt 0.3521 0.4619
vt 0.3518 0.4825
vt 0.3422 0.4790
vt 0.1115 0.5125
vt 0.1233 0.5160
vt 0.3144 0.5236
vt 0.3122 0.5297
vt 0.3280 0.5256
vt 0.3253 0.5316
vt 0.3380 0.5270
vt 0.3355 0.5328
vt 0.3443 0.5343
vt 0.3462 0.5284
vt 0.3420 0.5147
vt 0.3380 0.5270
vt 0.1316 0.5192
vt 0.1306 0.5402
vt 0.1369 0.5219
vt 0.1410 0.5238
vt 0.1369 0.5219
vt 0.1767 0.4441
vt 0.4006 0.4342
vt 0.4143 0.4301
vt 0.3852 0.4403
vt 0.1622 0.4720
vt 0.1917 0.4413
vt 0.3782 0.4593
vt 0.3683 0.4726
vt 0.2414 0.3591
vt 0.2405 0.3815
vt 0.2509 0.2622
vt 0.2494 0.2840
vt 0.2658 0.2432
vt 0.0417 0.1510
vt 0.0390 0.2273
vt 0.0376 0.2867
vt 0.2919 0.3120
vt 0.3065 0.3117
vt 0.0371 0.3647
vt 0.0364 0.3886
vt 0.0368 0.4291
vt 0.0364 0.4096
vt 0.0348 0.4627
vt 0.0362 0.4474
vt 0.0320 0.4799
vt 0.0278 0.4979
vt 0.0240 0.5153
vt 0.0220 0.5296
vt 0.0211 0.5368
vt 0.2346 0.2820
vt 0.1635 0.3039
vt 0.1487 0.3051
vt 0.3531 0.3061
vt 0.3685 0.3031
vt 0.3214 0.3106
vt 0.3371 0.3087
vt 0.3827 0.2998
vt 0.0431 0.1204
vt 0.0436 0.0914
vt 0.0431 0.0656
vt 0.2233 0.3566
vt 0.2204 0.3797
vt 0.0572 0.0443
vt 0.3480 0.0454
vt 0.3599 0.0451
vt 0.0425 0.0429
vt 0.0826 0.2021
vt 0.0839 0.1776
vt 0.0704 0.1790
vt 0.0693 0.2038
vt 0.0561 0.1797
vt 0.0551 0.2048
vt 0.0408 0.1795
vt 0.0400 0.2051
vt 0.2502 0.1765
vt 0.2493 0.2020
vt 0.2332 0.2018
vt 0.2338 0.1763
vt 0.2669 0.1757
vt 0.2655 0.2015
vt 0.2586 0.3365
vt 0.2611 0.3106
vt 0.2762 0.3118
vt 0.2747 0.3375
vt 0.2422 0.3344
vt 0.2454 0.3085
vt 0.2256 0.3313
vt 0.2298 0.3058
vt 0.0375 0.3106
vt 0.0366 0.3373
vt 0.0538 0.3370
vt 0.0533 0.3101
vt 0.2827 0.1744
vt 0.2805 0.2005
vt 0.2965 0.1726
vt 0.2937 0.1990
vt 0.0704 0.3362
vt 0.0688 0.3093
vt 0.0866 0.3351
vt 0.0844 0.3083
vt 0.3087 0.1708
vt 0.3055 0.1972
vt 0.3202 0.1693
vt 0.3174 0.1954
vt 0.3318 0.1680
vt 0.3299 0.1937
vt 0.3438 0.1671
vt 0.3428 0.1924
vt 0.1330 0.3053
vt 0.1360 0.3307
vt 0.1516 0.3293
vt 0.1485 0.3043
vt 0.1167 0.3063
vt 0.1194 0.3322
vt 0.1002 0.3073
vt 0.1029 0.3337
vt 0.0559 0.0157
vt 0.0695 0.0171
vt 0.0688 0.0116
vt 0.0552 0.0101
vt 0.0569 0.0267
vt 0.0705 0.0282
vt 0.3090 0.0258
vt 0.3112 0.0426
vt 0.3019 0.0418
vt 0.3003 0.0251
vt 0.2905 0.0411
vt 0.2897 0.0245
vt 0.3165 0.0267
vt 0.3193 0.0435
vt 0.0705 0.0282
vt 0.0713 0.0452
vt 0.0840 0.0465
vt 0.0831 0.0299
vt 0.3065 0.0147
vt 0.3136 0.0156
vt 0.2984 0.0140
vt 0.2885 0.0136
vt 0.3049 0.0097
vt 0.3119 0.0106
vt 0.3298 0.0170
vt 0.3210 0.0164
vt 0.3193 0.0116
vt 0.3280 0.0122
vt 0.3439 0.0284
vt 0.3333 0.0282
vt 0.3298 0.0170
vt 0.3403 0.0173
vt 0.0932 0.0202
vt 0.0821 0.0188
vt 0.0831 0.0299
vt 0.0943 0.0312
vt 0.1170 0.0203
vt 0.1044 0.0208
vt 0.1052 0.0319
vt 0.1173 0.0316
vt 0.0927 0.0147
vt 0.0814 0.0132
vt 0.1172 0.0149
vt 0.1042 0.0153
vt 0.3384 0.0124
vt 0.2874 0.0084
vt 0.2970 0.0089
vt 0.3243 0.0276
vt 0.2769 0.0408
vt 0.2771 0.0242
vt 0.3506 0.0121
vt 0.3525 0.0169
vt 0.3560 0.0282
vt 0.1444 0.0112
vt 0.1311 0.0134
vt 0.1306 0.0187
vt 0.1439 0.0164
vt 0.1303 0.0303
vt 0.1432 0.0282
vt 0.2767 0.0134
vt 0.2762 0.0081
vt 0.2498 0.0085
vt 0.2635 0.0081
vt 0.2634 0.0135
vt 0.2493 0.0139
vt 0.2629 0.0242
vt 0.2482 0.0246
vt 0.2620 0.0409
vt 0.2468 0.0413
vt 0.0416 0.0144
vt 0.0424 0.0253
vt 0.0412 0.0089
vt 0.0541 0.3634
vt 0.0716 0.3626
vt 0.0582 0.0663
vt 0.0587 0.0920
vt 0.0726 0.0927
vt 0.0721 0.0673
vt 0.0584 0.1210
vt 0.0725 0.1213
vt 0.0573 0.1511
vt 0.0715 0.1509
vt 0.0539 0.2257
vt 0.0679 0.2246
vt 0.0526 0.2443
vt 0.0666 0.2432
vt 0.0519 0.2632
vt 0.0524 0.2850
vt 0.0671 0.2841
vt 0.0662 0.2623
vt 0.0540 0.3876
vt 0.0732 0.3872
vt 0.0546 0.4096
vt 0.0558 0.4298
vt 0.0768 0.4305
vt 0.0752 0.4098
vt 0.0949 0.4701
vt 0.0968 0.4501
vt 0.0773 0.4497
vt 0.0759 0.4672
vt 0.1349 0.4819
vt 0.1458 0.4613
vt 0.1340 0.4473
vt 0.1246 0.4760
vt 0.1146 0.4489
vt 0.1109 0.4728
vt 0.0558 0.4482
vt 0.0543 0.4642
vt 0.1406 0.5026
vt 0.1458 0.5047
vt 0.1520 0.4885
vt 0.1472 0.4867
vt 0.1282 0.4978
vt 0.1353 0.5004
vt 0.1418 0.4849
vt 0.1349 0.4819
vt 0.1184 0.4944
vt 0.3453 0.4991
vt 0.3540 0.5019
vt 0.3486 0.5167
vt 0.3404 0.5148
vt 0.3503 0.4827
vt 0.3598 0.4868
vt 0.1057 0.4911
vt 0.0903 0.4879
vt 0.0949 0.4701
vt 0.1245 0.5534
vt 0.1298 0.5550
vt 0.1345 0.5416
vt 0.1299 0.5399
vt 0.1034 0.5460
vt 0.1150 0.5501
vt 0.1230 0.5369
vt 0.1132 0.5331
vt 0.1004 0.5289
vt 0.0900 0.5419
vt 0.0855 0.5251
vt 0.0758 0.5383
vt 0.0619 0.5353
vt 0.0700 0.5220
vt 0.0541 0.5192
vt 0.0480 0.5328
vt 0.0379 0.5166
vt 0.0342 0.5305
vt 0.3359 0.4968
vt 0.3308 0.5131
vt 0.3171 0.5107
vt 0.3232 0.4941
vt 0.3000 0.5079
vt 0.3061 0.4912
vt 0.2819 0.5054
vt 0.2873 0.4888
vt 0.2651 0.5038
vt 0.2691 0.4872
vt 0.2509 0.4861
vt 0.2492 0.5031
vt 0.3407 0.4792
vt 0.3281 0.4748
vt 0.3110 0.4726
vt 0.2913 0.4706
vt 0.2717 0.4692
vt 0.2519 0.4681
vt 0.0718 0.4847
vt 0.0508 0.4816
vt 0.1207 0.5595
vt 0.1274 0.5617
vt 0.0983 0.5523
vt 0.1102 0.5562
vt 0.0852 0.5485
vt 0.0717 0.5450
vt 0.0586 0.5422
vt 0.0457 0.5397
vt 0.0327 0.5376
vt 0.0638 0.5025
vt 0.0447 0.4996
vt 0.3152 0.4328
vt 0.3154 0.4528
vt 0.2939 0.4525
vt 0.2941 0.4335
vt 0.3362 0.4309
vt 0.3379 0.4519
vt 0.2528 0.4506
vt 0.2542 0.4345
vt 0.2737 0.4339
vt 0.2730 0.4514
vt 0.3784 0.4229
vt 0.3798 0.4341
vt 0.3600 0.4420
vt 0.3578 0.4274
vt 0.3955 0.4188
vt 0.3968 0.4278
vt 0.1593 0.4479
vt 0.1528 0.4360
vt 0.1137 0.4277
vt 0.1108 0.4066
vt 0.0935 0.4087
vt 0.0959 0.4298
vt 0.3137 0.4001
vt 0.3146 0.4166
vt 0.2936 0.4174
vt 0.2933 0.4012
vt 0.1314 0.4241
vt 0.1279 0.4035
vt 0.3712 0.3911
vt 0.3753 0.4078
vt 0.3554 0.4115
vt 0.3524 0.3947
vt 0.2738 0.4179
vt 0.2741 0.4015
vt 0.3874 0.3878
vt 0.3920 0.4044
vt 0.3331 0.3979
vt 0.3350 0.4146
vt 0.2551 0.4184
vt 0.2559 0.4015
vt 0.1482 0.4190
vt 0.1442 0.3997
vt 0.3668 0.3729
vt 0.3491 0.3764
vt 0.3456 0.3559
vt 0.3621 0.3527
vt 0.3822 0.3697
vt 0.3770 0.3495
vt 0.3908 0.3466
vt 0.3959 0.3669
vt 0.0907 0.3859
vt 0.0885 0.3614
vt 0.3013 0.2641
vt 0.3029 0.2872
vt 0.2902 0.2874
vt 0.2897 0.2645
vt 0.1138 0.2816
vt 0.1110 0.2594
vt 0.0956 0.2603
vt 0.0977 0.2824
vt 0.3440 0.2592
vt 0.3474 0.2822
vt 0.3315 0.2846
vt 0.3285 0.2613
vt 0.2773 0.2868
vt 0.2777 0.2641
vt 0.3592 0.2569
vt 0.3629 0.2795
vt 0.3140 0.2630
vt 0.3165 0.2864
vt 0.2631 0.2856
vt 0.2642 0.2632
vt 0.1298 0.2808
vt 0.1265 0.2584
vt 0.0807 0.2613
vt 0.0822 0.2833
vt 0.3012 0.2423
vt 0.3135 0.2409
vt 0.3274 0.2391
vt 0.3285 0.2613
vt 0.3423 0.2372
vt 0.3570 0.2354
vt 0.3732 0.2544
vt 0.3708 0.2338
vt 0.1519 0.2348
vt 0.1381 0.2363
vt 0.1413 0.2573
vt 0.1554 0.2559
vt 0.1238 0.2377
vt 0.1265 0.2584
vt 0.3561 0.2143
vt 0.3421 0.2155
vt 0.3027 0.2207
vt 0.3148 0.2189
vt 0.2647 0.2431
vt 0.2649 0.2234
vt 0.2790 0.2230
vt 0.2781 0.2433
vt 0.1238 0.2377
vt 0.1225 0.2174
vt 0.1084 0.2193
vt 0.1091 0.2392
vt 0.0945 0.2405
vt 0.0946 0.2213
vt 0.0813 0.2231
vt 0.0804 0.2419
vt 0.2899 0.2431
vt 0.2912 0.2221
vt 0.3281 0.2171
vt 0.1090 0.1978
vt 0.0957 0.2001
vt 0.3559 0.1917
vt 0.1224 0.1955
vt 0.2993 0.1440
vt 0.2853 0.1455
vt 0.3563 0.1405
vt 0.3562 0.1668
vt 0.3438 0.1671
vt 0.3445 0.1406
vt 0.3113 0.1427
vt 0.3224 0.1417
vt 0.2693 0.1468
vt 0.1230 0.1711
vt 0.1233 0.1448
vt 0.1107 0.1466
vt 0.1100 0.1733
vt 0.0970 0.1756
vt 0.0980 0.1484
vt 0.0850 0.1499
vt 0.0839 0.1776
vt 0.3333 0.1410
vt 0.1228 0.1179
vt 0.1107 0.1191
vt 0.0984 0.1202
vt 0.0858 0.1210
vt 0.3131 0.1144
vt 0.3016 0.1150
vt 0.3443 0.1140
vt 0.3337 0.1140
vt 0.2881 0.1159
vt 0.3555 0.1142
vt 0.3236 0.1141
vt 0.2723 0.1168
vt 0.3429 0.0886
vt 0.3329 0.0882
vt 0.3028 0.0876
vt 0.2899 0.0878
vt 0.3538 0.0888
vt 0.3137 0.0876
vt 0.3234 0.0879
vt 0.2748 0.0882
vt 0.1217 0.0919
vt 0.1099 0.0925
vt 0.0981 0.0929
vt 0.0857 0.0929
vt 0.2763 0.0629
vt 0.2907 0.0629
vt 0.1199 0.0687
vt 0.1083 0.0689
vt 0.0969 0.0687
vt 0.0850 0.0681
vt 0.3131 0.0638
vt 0.3029 0.0632
vt 0.3403 0.0656
vt 0.3307 0.0651
vt 0.3511 0.0659
vt 0.3219 0.0644
vt 0.1065 0.0483
vt 0.0954 0.0476
vt 0.1182 0.0482
vt 0.1439 0.0665
vt 0.1432 0.0456
vt 0.1307 0.0472
vt 0.1319 0.0679
vt 0.3275 0.0444
vt 0.3369 0.0450
vt 0.2344 0.5240
vt 0.2218 0.5249
vt 0.2206 0.5179
vt 0.2339 0.5171
vt 0.2184 0.5038
vt 0.2333 0.5031
vt 0.2154 0.4865
vt 0.2328 0.4858
vt 0.2125 0.4685
vt 0.2321 0.4678
vt 0.1452 0.0896
vt 0.1334 0.0909
vt 0.1349 0.1165
vt 0.1468 0.1150
vt 0.1481 0.1415
vt 0.1357 0.1430
vt 0.1487 0.1676
vt 0.1359 0.1691
vt 0.1357 0.1935
vt 0.1362 0.2156
vt 0.1497 0.2143
vt 0.1489 0.1922
vt 0.1449 0.2799
vt 0.1594 0.2787
vt 0.2112 0.4513
vt 0.2321 0.4507
vt 0.2119 0.4362
vt 0.2339 0.4356
vt 0.2476 0.5236
vt 0.2480 0.5169
vt 0.2629 0.5170
vt 0.2619 0.5235
vt 0.1755 0.4094
vt 0.1723 0.3925
vt 0.1588 0.3960
vt 0.1625 0.4140
vt 0.1674 0.4291
vt 0.1719 0.4381
vt 0.1839 0.4303
vt 0.1801 0.4230
vt 0.3629 0.0656
vt 0.3654 0.0887
vt 0.3674 0.1144
vt 0.3686 0.1410
vt 0.3689 0.1672
vt 0.0381 0.2451
vt 0.0375 0.2640
vt 0.4098 0.4155
vt 0.4114 0.4238
vt 0.4011 0.3851
vt 0.4060 0.4015
vt 0.2919 0.3829
vt 0.2730 0.3830
vt 0.2727 0.3617
vt 0.2908 0.3616
vt 0.3122 0.3818
vt 0.3104 0.3607
vt 0.3771 0.2764
vt 0.2356 0.4189
vt 0.2136 0.4189
vt 0.2157 0.4000
vt 0.2370 0.4011
vt 0.3696 0.2136
vt 0.3691 0.1917
vt 0.2909 0.3376
vt 0.3078 0.3369
vt 0.2747 0.3375
vt 0.2560 0.3610
vt 0.1053 0.3596
vt 0.1221 0.3576
vt 0.1386 0.3554
vt 0.1542 0.3534
vt 0.1687 0.3517
vt 0.1664 0.3281
vt 0.3721 0.3272
vt 0.3862 0.3240
vt 0.3570 0.3303
vt 0.3409 0.3331
vt 0.3244 0.3354
vt 0.3284 0.3588
vt 0.3310 0.3796
vt 0.1563 0.3757
vt 0.1704 0.3732
vt 0.1412 0.3785
vt 0.1247 0.3814
vt 0.1077 0.3840
vt 0.2451 0.0635
vt 0.2606 0.0632
vt 0.2585 0.0886
vt 0.2428 0.0887
vt 0.2557 0.3825
vt 0.2555 0.1174
vt 0.2394 0.1172
vt 0.2524 0.1475
vt 0.2360 0.1473
vt 0.2496 0.2234
vt 0.2341 0.2231
vt 0.2500 0.2425
vt 0.2351 0.2417
vt 0.2497 0.2620
vt 0.2351 0.2605
vt 0.2788 0.5184
vt 0.2775 0.5248
vt 0.2965 0.5210
vt 0.2947 0.5273
vt 0.0811 0.5056
vt 0.0967 0.5086
vt 0.1583 0.4698
vt 0.1531 0.4671
vt 0.1418 0.4849
vt 0.1472 0.4867
vt 0.1695 0.4562
vt 0.1653 0.4533
vt 0.1695 0.4562
vt 0.1721 0.4581
vt 0.1816 0.4485
vt 0.1797 0.4468
vt 0.1900 0.4392
vt 0.1875 0.4359
vt 0.1765 0.4436
vt 0.1797 0.4468
vt 0.4136 0.4347
vt 0.4140 0.4369
vt 0.4014 0.4413
vt 0.4006 0.4387
vt 0.3889 0.4488
vt 0.3865 0.4450
vt 0.3718 0.4548
vt 0.3668 0.4498
vt 0.3839 0.4407
vt 0.3865 0.4450
vt 0.3590 0.4679
vt 0.3507 0.4622
vt 0.3503 0.4827
vt 0.3407 0.4792
vt 0.1109 0.5119
vt 0.1226 0.5155
vt 0.3127 0.5236
vt 0.3105 0.5297
vt 0.3263 0.5257
vt 0.3236 0.5316
vt 0.3363 0.5271
vt 0.3445 0.5286
vt 0.3425 0.5345
vt 0.3338 0.5329
vt 0.3404 0.5148
vt 0.3363 0.5271
vt 0.1309 0.5188
vt 0.1299 0.5399
vt 0.1362 0.5215
vt 0.1362 0.5215
vt 0.1404 0.5235
vt 0.1765 0.4436
vt 0.4130 0.4305
vt 0.3993 0.4345
vt 0.3839 0.4407
vt 0.1618 0.4715
vt 0.1915 0.4408
vt 0.3768 0.4596
vt 0.3669 0.4729
vt 0.2380 0.3813
vt 0.2392 0.3591
vt 0.2481 0.2839
vt 0.2497 0.2620
vt 0.2647 0.2431
vt 0.0420 0.1503
vt 0.0391 0.2264
vt 0.0375 0.2857
vt 0.3053 0.3118
vt 0.2907 0.3121
vt 0.0354 0.3634
vt 0.0340 0.3873
vt 0.0337 0.4283
vt 0.0334 0.4088
vt 0.0325 0.4615
vt 0.0335 0.4461
vt 0.0302 0.4790
vt 0.0264 0.4973
vt 0.0229 0.5148
vt 0.0209 0.5292
vt 0.0201 0.5364
vt 0.2332 0.2817
vt 0.1485 0.3043
vt 0.1632 0.3032
vt 0.3674 0.3033
vt 0.3521 0.3063
vt 0.3360 0.3089
vt 0.3202 0.3108
vt 0.3816 0.3001
vt 0.0434 0.1198
vt 0.0439 0.0908
vt 0.0434 0.0651
vt 0.2212 0.3562
vt 0.2179 0.3792
vt 0.0576 0.0438
vt 0.3477 0.0452
vt 0.3596 0.0450
vt 0.0429 0.0424
vt 0.8968 0.3609
vt 0.8880 0.3610
vt 0.8843 0.3274
vt 0.8933 0.3260
vt 0.7740 0.1457
vt 0.7689 0.1535
vt 0.7378 0.1367
vt 0.7408 0.1276
vt 0.8951 0.3957
vt 0.8864 0.3945
vt 0.8040 0.1683
vt 0.7979 0.1756
vt 0.8886 0.4299
vt 0.8801 0.4275
vt 0.8305 0.1946
vt 0.8236 0.2010
vt 0.8617 0.4942
vt 0.8542 0.4895
vt 0.8693 0.4594
vt 0.8774 0.4629
vt 0.8531 0.2242
vt 0.8454 0.2295
vt 0.8418 0.5230
vt 0.8350 0.5174
vt 0.8713 0.2565
vt 0.8630 0.2607
vt 0.8182 0.5489
vt 0.8123 0.5426
vt 0.8849 0.2908
vt 0.8758 0.2938
vt 0.7921 0.5709
vt 0.7872 0.5640
vt 0.7641 0.5875
vt 0.7613 0.5803
vt 0.8514 0.1760
vt 0.8376 0.1885
vt 0.8101 0.1612
vt 0.8220 0.1469
vt 0.8763 0.2087
vt 0.8610 0.2191
vt 0.8963 0.2444
vt 0.8798 0.2525
vt 0.9111 0.2824
vt 0.8937 0.2881
vt 0.9203 0.3217
vt 0.9021 0.3246
vt 0.9229 0.3608
vt 0.9053 0.3607
vt 0.9209 0.3990
vt 0.9037 0.3967
vt 0.8842 0.5078
vt 0.8693 0.4987
vt 0.8855 0.4663
vt 0.9015 0.4733
vt 0.9138 0.4368
vt 0.8970 0.4321
vt 0.8622 0.5397
vt 0.8487 0.5285
vt 0.8358 0.5680
vt 0.8244 0.5554
vt 0.8063 0.5909
vt 0.7970 0.5776
vt 0.7758 0.6098
vt 0.7670 0.5953
vt 0.7890 0.1222
vt 0.7791 0.1377
vt 0.7440 0.1182
vt 0.7533 0.1018
vt 0.7460 0.2776
vt 0.7495 0.2982
vt 0.7249 0.3074
vt 0.7138 0.2897
vt 0.8052 0.4379
vt 0.7947 0.4206
vt 0.8137 0.4035
vt 0.8299 0.4157
vt 0.7508 0.3065
vt 0.7293 0.3146
vt 0.7522 0.3149
vt 0.7338 0.3217
vt 0.7535 0.3232
vt 0.7383 0.3289
vt 0.7562 0.3391
vt 0.7458 0.3427
vt 0.7058 0.3253
vt 0.6888 0.3133
vt 0.7904 0.4136
vt 0.8070 0.3986
vt 0.7861 0.4065
vt 0.8003 0.3936
vt 0.7819 0.3994
vt 0.7937 0.3887
vt 0.7743 0.3852
vt 0.7819 0.3796
vt 0.7575 0.3474
vt 0.7577 0.3491
vt 0.7532 0.3529
vt 0.7512 0.3499
vt 0.8248 0.3803
vt 0.8446 0.3854
vt 0.7127 0.3302
vt 0.7195 0.3351
vt 0.7264 0.3400
vt 0.7383 0.3488
vt 0.7691 0.3781
vt 0.7667 0.3753
vt 0.7721 0.3718
vt 0.7739 0.3738
vt 0.6952 0.3492
vt 0.6750 0.3446
vt 0.8167 0.3782
vt 0.8086 0.3762
vt 0.8005 0.3742
vt 0.7853 0.3706
vt 0.7483 0.3564
vt 0.7464 0.3544
vt 0.8261 0.3544
vt 0.8466 0.3515
vt 0.7034 0.3511
vt 0.7116 0.3529
vt 0.7197 0.3548
vt 0.7351 0.3580
vt 0.7749 0.3669
vt 0.7769 0.3682
vt 0.6743 0.3787
vt 0.6946 0.3752
vt 0.7040 0.3994
vt 0.6867 0.4103
vt 0.8178 0.3556
vt 0.8096 0.3568
vt 0.8013 0.3581
vt 0.7858 0.3604
vt 0.7456 0.3616
vt 0.7435 0.3603
vt 0.7028 0.3738
vt 0.7111 0.3949
vt 0.7111 0.3724
vt 0.7181 0.3905
vt 0.7193 0.3710
vt 0.7251 0.3861
vt 0.7347 0.3682
vt 0.7385 0.3779
vt 0.7743 0.3622
vt 0.7774 0.3617
vt 0.8173 0.3298
vt 0.8352 0.3191
vt 0.7431 0.3668
vt 0.7462 0.3662
vt 0.7473 0.3712
vt 0.7457 0.3730
vt 0.7219 0.4180
vt 0.7101 0.4346
vt 0.8101 0.3341
vt 0.8029 0.3384
vt 0.7958 0.3427
vt 0.7822 0.3506
vt 0.7996 0.3103
vt 0.8119 0.2935
vt 0.7266 0.4113
vt 0.7314 0.4045
vt 0.7362 0.3978
vt 0.7446 0.3855
vt 0.7732 0.3573
vt 0.7749 0.3554
vt 0.7453 0.4285
vt 0.7407 0.4482
vt 0.7946 0.3171
vt 0.7897 0.3239
vt 0.7847 0.3307
vt 0.7761 0.3428
vt 0.7514 0.3752
vt 0.7503 0.3777
vt 0.7758 0.2992
vt 0.7806 0.2789
vt 0.7471 0.4204
vt 0.7490 0.4124
vt 0.7509 0.4044
vt 0.7535 0.3885
vt 0.7692 0.3530
vt 0.7701 0.3507
vt 0.7708 0.4294
vt 0.7740 0.4493
vt 0.7738 0.3074
vt 0.7718 0.3156
vt 0.7699 0.3238
vt 0.7671 0.3393
vt 0.7567 0.3770
vt 0.7563 0.3801
vt 0.7695 0.4212
vt 0.7682 0.4131
vt 0.7669 0.4049
vt 0.7642 0.3887
vt 0.7635 0.3510
vt 0.7641 0.3477
vt 0.7624 0.3785
vt 0.7629 0.3804
vt 0.7679 0.6336
vt 0.7694 0.6287
vt 0.7691 0.6339
vt 0.7690 0.6382
vt 0.7738 0.6234
vt 0.7760 0.6291
vt 0.7800 0.6209
vt 0.7856 0.6242
vt 0.9648 0.6446
vt 0.9652 0.6467
vt 0.9588 0.6487
vt 0.9594 0.6436
vt 0.7751 0.6387
vt 0.7725 0.6437
vt 0.7849 0.6344
vt 0.7948 0.6299
vt 0.7919 0.6213
vt 0.7975 0.6248
vt 0.7841 0.6439
vt 0.7778 0.6471
vt 0.7937 0.6396
vt 0.8007 0.6350
vt 0.8008 0.6306
vt 0.7959 0.6452
vt 0.7892 0.6479
vt 0.8004 0.6402
vt 0.8020 0.6354
vt 0.9520 0.6448
vt 0.9532 0.6447
vt 0.8193 0.6685
vt 0.8164 0.6715
vt 0.8106 0.6695
vt 0.8118 0.6683
vt 0.8118 0.6705
vt 0.8108 0.6706
vt 0.8166 0.6672
vt 0.8185 0.6709
vt 0.8199 0.6719
vt 0.8133 0.6719
vt 0.8135 0.6665
vt 0.8202 0.6709
vt 0.8135 0.6711
vt 0.8139 0.6649
vt 0.8148 0.6642
vt 0.8188 0.6712
vt 0.9624 0.6152
vt 0.9677 0.6179
vt 0.9679 0.6189
vt 0.9618 0.6187
vt 0.9571 0.6172
vt 0.9560 0.6172
vt 0.9409 0.6164
vt 0.9486 0.6182
vt 0.9481 0.6309
vt 0.9422 0.6304
vt 0.9560 0.6172
vt 0.9540 0.6306
vt 0.9648 0.6319
vt 0.9598 0.6321
vt 0.9532 0.6447
vt 0.9474 0.6418
vt 0.9400 0.6428
vt 0.7629 0.3804
vt 0.7691 0.3781
vt 0.8278 0.5115
vt 0.8056 0.5358
vt 0.7818 0.5571
vt 0.7566 0.5739
vt 0.7325 0.1450
vt 0.7634 0.1622
vt 0.7916 0.1831
vt 0.8163 0.2075
vt 0.8373 0.2349
vt 0.8542 0.2649
vt 0.8668 0.2968
vt 0.8756 0.3290
vt 0.8789 0.3611
vt 0.8774 0.3933
vt 0.8713 0.4251
vt 0.8609 0.4558
vt 0.8463 0.4848
vt 0.5509 0.9046
vt 0.5470 0.8849
vt 0.5620 0.8831
vt 0.5656 0.9017
vt 0.2781 0.5731
vt 0.2944 0.5832
vt 0.2956 0.5843
vt 0.2769 0.5739
vt 0.5804 0.8991
vt 0.5768 0.8818
vt 0.5925 0.8795
vt 0.5964 0.8953
vt 0.6091 0.8740
vt 0.6116 0.8893
vt 0.1072 0.8416
vt 0.0939 0.8415
vt 0.0942 0.8346
vt 0.1073 0.8350
vt 0.0338 0.8520
vt 0.0596 0.8607
vt 0.0618 0.8751
vt 0.0425 0.8671
vt 0.0782 0.8657
vt 0.0785 0.8794
vt 0.5368 0.8831
vt 0.5289 0.8838
vt 0.5235 0.8676
vt 0.5320 0.8647
vt 0.5446 0.8642
vt 0.5423 0.8527
vt 0.5563 0.8535
vt 0.5591 0.8641
vt 0.0796 0.8392
vt 0.0801 0.8320
vt 0.5738 0.8644
vt 0.5710 0.8541
vt 0.5860 0.8535
vt 0.5895 0.8632
vt 0.5995 0.8497
vt 0.6115 0.8592
vt 0.5320 0.8647
vt 0.5281 0.8524
vt 0.5831 0.9641
vt 0.5857 0.9789
vt 0.5740 0.9807
vt 0.5704 0.9666
vt 0.0780 0.9746
vt 0.0825 0.9564
vt 0.0929 0.9589
vt 0.0897 0.9768
vt 0.0868 0.9341
vt 0.0980 0.9369
vt 0.0506 0.7894
vt 0.0331 0.7843
vt 0.0351 0.7772
vt 0.0522 0.7819
vt 0.1076 0.8669
vt 0.0934 0.8675
vt 0.0934 0.8587
vt 0.1074 0.8583
vt 0.5794 0.9495
vt 0.5662 0.9524
vt 0.0782 0.8657
vt 0.0783 0.8569
vt 0.5982 0.9601
vt 0.6003 0.9755
vt 0.0633 0.9709
vt 0.0698 0.9527
vt 0.6144 0.9550
vt 0.6173 0.9712
vt 0.0338 0.8520
vt 0.0206 0.8410
vt 0.0214 0.8351
vt 0.0401 0.8446
vt 0.0467 0.9643
vt 0.0549 0.9452
vt 0.0606 0.9245
vt 0.0746 0.9307
vt 0.6309 0.9529
vt 0.6365 0.9692
vt 0.0308 0.9525
vt 0.0380 0.9360
vt 0.0437 0.9188
vt 0.1076 0.8201
vt 0.0950 0.8191
vt 0.0951 0.8112
vt 0.1075 0.8125
vt 0.5724 0.8207
vt 0.5884 0.8189
vt 0.5904 0.8270
vt 0.5751 0.8275
vt 0.1177 0.9572
vt 0.1277 0.9723
vt 0.1218 0.9813
vt 0.1127 0.9717
vt 0.2989 0.5868
vt 0.2980 0.5867
vt 0.6107 0.9402
vt 0.5948 0.9456
vt 0.6270 0.9357
vt 0.0640 0.8890
vt 0.0467 0.8839
vt 0.5133 0.8196
vt 0.5281 0.8194
vt 0.5318 0.8258
vt 0.5168 0.8268
vt 0.5427 0.8199
vt 0.5461 0.8261
vt 0.5574 0.8208
vt 0.5605 0.8270
vt 0.0643 0.8188
vt 0.0807 0.8239
vt 0.0801 0.8320
vt 0.0636 0.8272
vt 0.1075 0.8276
vt 0.0947 0.8269
vt 0.0658 0.8027
vt 0.0814 0.8079
vt 0.0811 0.8159
vt 0.0651 0.8106
vt 0.0458 0.8124
vt 0.0270 0.8058
vt 0.0290 0.7980
vt 0.0472 0.8043
vt 0.5565 0.9562
vt 0.5605 0.9693
vt 0.0992 0.9788
vt 0.1024 0.9631
vt 0.5133 0.8196
vt 0.5027 0.8225
vt 0.5000 0.8153
vt 0.5104 0.8134
vt 0.5232 0.8397
vt 0.5140 0.8443
vt 0.5108 0.8387
vt 0.5208 0.8341
vt 0.6144 0.8423
vt 0.6203 0.8470
vt 0.0658 0.8027
vt 0.0487 0.7967
vt 0.0506 0.7894
vt 0.0665 0.7949
vt 0.0472 0.8043
vt 0.0623 0.8402
vt 0.0430 0.8340
vt 0.0438 0.8286
vt 0.0629 0.8348
vt 0.0438 0.8286
vt 0.0241 0.8220
vt 0.0254 0.8143
vt 0.0448 0.8209
vt 0.0807 0.8239
vt 0.0811 0.8159
vt 0.1074 0.8934
vt 0.0929 0.8942
vt 0.0931 0.8810
vt 0.1076 0.8803
vt 0.0703 0.6992
vt 0.0546 0.6971
vt 0.0559 0.6874
vt 0.0719 0.6890
vt 0.0673 0.7868
vt 0.0522 0.7819
vt 0.0534 0.7737
vt 0.0677 0.7781
vt 0.0676 0.7627
vt 0.0546 0.7593
vt 0.0548 0.7536
vt 0.0676 0.7567
vt 0.0542 0.7655
vt 0.0677 0.7692
vt 0.0636 0.8272
vt 0.0604 0.8522
vt 0.0643 0.8188
vt 0.0791 0.8927
vt 0.6164 0.9046
vt 0.6012 0.9110
vt 0.5852 0.9158
vt 0.6218 0.9200
vt 0.6064 0.9259
vt 0.0368 0.7694
vt 0.1065 0.7960
vt 0.0944 0.7944
vt 0.0936 0.7853
vt 0.1054 0.7866
vt 0.0814 0.7912
vt 0.0810 0.7823
vt 0.0379 0.7615
vt 0.0921 0.7753
vt 0.1040 0.7764
vt 0.0801 0.7728
vt 0.0384 0.7555
vt 0.0386 0.7500
vt 0.1029 0.7690
vt 0.0912 0.7680
vt 0.0905 0.7616
vt 0.1022 0.7626
vt 0.6053 0.8148
vt 0.6068 0.8226
vt 0.5599 0.7774
vt 0.5427 0.7790
vt 0.5409 0.7677
vt 0.5584 0.7667
vt 0.5574 0.7582
vt 0.5397 0.7587
vt 0.5389 0.7509
vt 0.5567 0.7509
vt 0.5959 0.7559
vt 0.5967 0.7631
vt 0.5776 0.7649
vt 0.5768 0.7571
vt 0.5242 0.7582
vt 0.5105 0.7570
vt 0.5099 0.7481
vt 0.5235 0.7500
vt 0.5055 0.7996
vt 0.4947 0.7998
vt 0.4919 0.7897
vt 0.5022 0.7899
vt 0.5976 0.7721
vt 0.5787 0.7749
vt 0.5274 0.7792
vt 0.5134 0.7786
vt 0.5116 0.7669
vt 0.5254 0.7678
vt 0.0795 0.7658
vt 0.0791 0.7596
vt 0.5574 0.7582
vt 0.5701 0.9190
vt 0.1013 0.7477
vt 0.0900 0.7462
vt 0.0903 0.7339
vt 0.1013 0.7361
vt 0.0678 0.7414
vt 0.0685 0.7287
vt 0.0796 0.7314
vt 0.0790 0.7441
vt 0.0550 0.7260
vt 0.0549 0.7386
vt 0.0385 0.7357
vt 0.0381 0.7239
vt 0.5801 0.7857
vt 0.5986 0.7818
vt 0.5998 0.7910
vt 0.5816 0.7955
vt 0.5562 0.7238
vt 0.5753 0.7240
vt 0.5754 0.7347
vt 0.5561 0.7346
vt 0.5387 0.7228
vt 0.5385 0.7338
vt 0.5101 0.7190
vt 0.5235 0.7211
vt 0.5232 0.7322
vt 0.5100 0.7302
vt 0.5748 0.6930
vt 0.5563 0.6912
vt 0.5570 0.6828
vt 0.5776 0.6845
vt 0.5277 0.6904
vt 0.5104 0.6891
vt 0.5100 0.6791
vt 0.5237 0.6804
vt 0.5409 0.6902
vt 0.5393 0.6815
vt 0.5943 0.7346
vt 0.5941 0.7242
vt 0.5928 0.6961
vt 0.5978 0.6866
vt 0.1044 0.7093
vt 0.0939 0.7056
vt 0.0961 0.6951
vt 0.1066 0.6990
vt 0.5564 0.7130
vt 0.5751 0.7128
vt 0.0367 0.6965
vt 0.0359 0.6861
vt 0.4989 0.6374
vt 0.4987 0.6482
vt 0.4920 0.6484
vt 0.4923 0.6393
vt 0.5046 0.6275
vt 0.4931 0.6321
vt 0.1303 0.6876
vt 0.1354 0.6640
vt 0.1437 0.6660
vt 0.1399 0.6898
vt 0.1112 0.6802
vt 0.1174 0.6580
vt 0.1268 0.6611
vt 0.1209 0.6841
vt 0.1009 0.6766
vt 0.1069 0.6552
vt 0.0830 0.7021
vt 0.0850 0.6916
vt 0.0761 0.6716
vt 0.0797 0.6520
vt 0.0948 0.6532
vt 0.0896 0.6735
vt 0.0618 0.6516
vt 0.0596 0.6709
vt 0.0596 0.6709
vt 0.0384 0.6709
vt 0.0412 0.6523
vt 0.0618 0.6516
vt 0.5110 0.6345
vt 0.5250 0.6350
vt 0.5246 0.6508
vt 0.5108 0.6494
vt 0.5421 0.6346
vt 0.5624 0.6340
vt 0.5608 0.6530
vt 0.5413 0.6520
vt 0.5855 0.6337
vt 0.5830 0.6539
vt 0.5938 0.7132
vt 0.5751 0.7128
vt 0.5733 0.7049
vt 0.5907 0.7047
vt 0.5171 0.6242
vt 0.5313 0.6234
vt 0.5477 0.6227
vt 0.5661 0.6217
vt 0.5876 0.6211
vt 0.6075 0.6338
vt 0.6039 0.6545
vt 0.1271 0.7060
vt 0.1376 0.7079
vt 0.1066 0.6990
vt 0.1168 0.7028
vt 0.0719 0.6890
vt 0.0850 0.6916
vt 0.0468 0.9013
vt 0.0634 0.9052
vt 0.4985 0.7170
vt 0.4980 0.7286
vt 0.5396 0.7118
vt 0.0400 0.6317
vt 0.0625 0.6315
vt 0.0365 0.6181
vt 0.0575 0.6178
vt 0.6341 0.8383
vt 0.6294 0.8355
vt 0.6448 0.8303
vt 0.6498 0.8329
vt 0.6417 0.8246
vt 0.6256 0.8290
vt 0.6241 0.8246
vt 0.6402 0.8204
vt 0.6387 0.8131
vt 0.6226 0.8170
vt 0.6213 0.8089
vt 0.6377 0.8050
vt 0.6201 0.8012
vt 0.6370 0.7974
vt 0.6189 0.7938
vt 0.6365 0.7903
vt 0.6178 0.7863
vt 0.6362 0.7834
vt 0.6359 0.7760
vt 0.6170 0.7782
vt 0.6163 0.7697
vt 0.6354 0.7680
vt 0.6344 0.7608
vt 0.6154 0.7617
vt 0.6336 0.7547
vt 0.6146 0.7550
vt 0.6128 0.7346
vt 0.6125 0.7245
vt 0.6311 0.7257
vt 0.6313 0.7354
vt 0.6133 0.7148
vt 0.6139 0.7073
vt 0.6330 0.7101
vt 0.6319 0.7170
vt 0.6158 0.6980
vt 0.6180 0.6889
vt 0.6375 0.6907
vt 0.6344 0.7004
vt 0.6210 0.6746
vt 0.6415 0.6765
vt 0.6462 0.6589
vt 0.6245 0.6560
vt 0.6285 0.6349
vt 0.6507 0.6378
vt 0.6315 0.6223
vt 0.6525 0.6246
vt 0.6099 0.6212
vt 0.1139 0.7179
vt 0.1133 0.7227
vt 0.1023 0.7197
vt 0.1032 0.7146
vt 0.1295 0.9178
vt 0.1161 0.9273
vt 0.1068 0.9129
vt 0.1246 0.9033
vt 0.1227 0.8770
vt 0.1233 0.8890
vt 0.1076 0.8669
vt 0.1219 0.8649
vt 0.1214 0.8566
vt 0.5904 0.9312
vt 0.5246 0.7098
vt 0.5189 0.7996
vt 0.5330 0.8004
vt 0.5360 0.8079
vt 0.5217 0.8071
vt 0.5751 0.9348
vt 0.5614 0.9379
vt 0.5560 0.9222
vt 0.5522 0.9434
vt 0.5477 0.9312
vt 0.1207 0.8451
vt 0.1071 0.8464
vt 0.1072 0.8416
vt 0.1205 0.8404
vt 0.1202 0.8339
vt 0.0776 0.9095
vt 0.5452 0.7906
vt 0.5301 0.7907
vt 0.0934 0.8534
vt 0.1072 0.8532
vt 0.0911 0.9118
vt 0.0792 0.8444
vt 0.0796 0.8392
vt 0.0232 0.8270
vt 0.5430 0.9198
vt 0.5803 0.6711
vt 0.6010 0.6725
vt 0.5845 0.8485
vt 0.5961 0.8457
vt 0.5789 0.8391
vt 0.5654 0.8380
vt 0.5634 0.8334
vt 0.5773 0.8347
vt 0.5644 0.9823
vt 0.1197 0.8194
vt 0.1200 0.8267
vt 0.5257 0.8468
vt 0.5405 0.8460
vt 0.1074 0.9444
vt 0.1193 0.8120
vt 0.5055 0.7996
vt 0.5080 0.8071
vt 0.5641 0.7989
vt 0.5816 0.7955
vt 0.5836 0.8040
vt 0.5666 0.8071
vt 0.0786 0.8516
vt 0.6094 0.8346
vt 0.5926 0.8391
vt 0.5918 0.8341
vt 0.6082 0.8299
vt 0.0815 0.7997
vt 0.5160 0.7900
vt 0.0050 0.8207
vt 0.0057 0.8163
vt 0.1072 0.8045
vt 0.0949 0.8031
vt 0.1072 0.8045
vt 0.1188 0.8045
vt 0.0310 0.7911
vt 0.0815 0.7997
vt 0.5479 0.8005
vt 0.5509 0.8083
vt 0.5514 0.8367
vt 0.5382 0.8373
vt 0.5357 0.8318
vt 0.5494 0.8320
vt 0.6014 0.7992
vt 0.0052 0.8327
vt 0.0042 0.8272
vt 0.1180 0.7963
vt 0.5619 0.7888
vt 0.4994 0.7779
vt 0.5022 0.7899
vt 0.5801 0.7857
vt 0.1168 0.7866
vt 0.4992 0.6932
vt 0.5102 0.6942
vt 0.5099 0.6990
vt 0.4989 0.6983
vt 0.1154 0.7765
vt 0.1138 0.7629
vt 0.1145 0.7692
vt 0.5860 0.8115
vt 0.5695 0.8141
vt 0.5208 0.8341
vt 0.5541 0.8147
vt 0.5393 0.8140
vt 0.5248 0.8133
vt 0.5104 0.8134
vt 0.1068 0.9129
vt 0.1439 0.9128
vt 0.1406 0.8982
vt 0.1555 0.8953
vt 0.1578 0.9101
vt 0.1386 0.8851
vt 0.1374 0.8738
vt 0.1517 0.8713
vt 0.1534 0.8824
vt 0.1361 0.8625
vt 0.1374 0.8738
vt 0.1361 0.8625
vt 0.1353 0.8544
vt 0.1489 0.8523
vt 0.1500 0.8603
vt 0.1341 0.8431
vt 0.1336 0.8384
vt 0.1464 0.8363
vt 0.1472 0.8409
vt 0.1330 0.8320
vt 0.1336 0.8384
vt 0.1323 0.8249
vt 0.1316 0.8177
vt 0.1432 0.8160
vt 0.1443 0.8230
vt 0.1308 0.8107
vt 0.1316 0.8177
vt 0.1308 0.8107
vt 0.1300 0.8034
vt 0.1412 0.8018
vt 0.1422 0.8090
vt 0.1291 0.7953
vt 0.1300 0.8034
vt 0.1291 0.7953
vt 0.1279 0.7857
vt 0.1392 0.7845
vt 0.1402 0.7938
vt 0.1267 0.7760
vt 0.1382 0.7750
vt 0.1259 0.7689
vt 0.1254 0.7628
vt 0.1371 0.7622
vt 0.1375 0.7682
vt 0.1246 0.7492
vt 0.1243 0.7392
vt 0.1361 0.7397
vt 0.1363 0.7492
vt 0.5093 0.7075
vt 0.4985 0.7064
vt 0.1258 0.7156
vt 0.1369 0.7172
vt 0.5585 0.6696
vt 0.5397 0.6680
vt 0.6032 0.8069
vt 0.0625 0.6315
vt 0.0827 0.6323
vt 0.0996 0.6336
vt 0.0575 0.6178
vt 0.0777 0.6185
vt 0.0956 0.6196
vt 0.1238 0.6370
vt 0.1129 0.6352
vt 0.1107 0.6210
vt 0.1232 0.6225
vt 0.5237 0.6665
vt 0.5101 0.6650
vt 0.5237 0.6665
vt 0.0552 0.7162
vt 0.0377 0.7145
vt 0.0377 0.7070
vt 0.0555 0.7083
vt 0.0552 0.7162
vt 0.0693 0.7187
vt 0.0806 0.7215
vt 0.0910 0.7243
vt 0.1017 0.7270
vt 0.1127 0.7379
vt 0.1129 0.7487
vt 0.1129 0.7295
vt 0.1244 0.7314
vt 0.1129 0.7295
vt 0.1133 0.7227
vt 0.1247 0.7251
vt 0.4985 0.6636
vt 0.4991 0.6777
vt 0.4925 0.6746
vt 0.4916 0.6619
vt 0.4987 0.6482
vt 0.4985 0.6636
vt 0.1331 0.6389
vt 0.1354 0.6640
vt 0.1409 0.6404
vt 0.1335 0.6240
vt 0.1423 0.6253
vt 0.1502 0.6266
vt 0.1478 0.6418
vt 0.1409 0.6404
vt 0.5389 0.9016
vt 0.5368 0.8831
vt 0.1359 0.9353
vt 0.1432 0.9560
vt 0.1345 0.9628
vt 0.1249 0.9437
vt 0.4994 0.7779
vt 0.4899 0.7777
vt 0.4895 0.7651
vt 0.4977 0.7651
vt 0.5374 0.9148
vt 0.4970 0.7549
vt 0.4967 0.7455
vt 0.4925 0.7163
vt 0.4920 0.7263
vt 0.5064 0.8305
vt 0.4973 0.8081
vt 0.5364 0.9231
vt 0.5335 0.9203
vt 0.5329 0.9123
vt 0.5374 0.9148
vt 0.4933 0.6920
vt 0.4930 0.6989
vt 0.5334 0.9247
vt 0.5349 0.9281
vt 0.5520 0.9721
vt 0.5449 0.9749
vt 0.5434 0.9641
vt 0.5491 0.9603
vt 0.1454 0.8300
vt 0.4925 0.7068
vt 0.1150 0.7128
vt 0.1362 0.7323
vt 0.1364 0.7264
vt 0.6053 0.8148
vt 0.6032 0.8069
vt 0.5959 0.7559
vt 0.5952 0.7496
vt 0.6139 0.7491
vt 0.6146 0.7550
vt 0.6039 0.6545
vt 0.0166 0.6330
vt 0.0153 0.6197
vt 0.0191 0.6542
vt 0.0184 0.6724
vt 0.0176 0.6873
vt 0.0182 0.6975
vt 0.0192 0.7143
vt 0.0191 0.7073
vt 0.0199 0.7326
vt 0.0196 0.7230
vt 0.0384 0.7555
vt 0.0379 0.7615
vt 0.0188 0.7581
vt 0.0193 0.7519
vt 0.0180 0.7653
vt 0.0165 0.7731
vt 0.0147 0.7802
vt 0.0129 0.7869
vt 0.0112 0.7937
vt 0.0093 0.8011
vt 0.0073 0.8091
vt 0.4889 0.7536
vt 0.4902 0.7440
vt 0.1606 0.9285
vt 0.1483 0.9309
vt 0.1359 0.9353
vt 0.1249 0.9437
vt 0.5189 0.8556
vt 0.1533 0.9521
vt 0.5396 0.9281
vt 0.5460 0.9487
vt 0.5429 0.9380
vt 0.5318 0.9002
vt 0.5394 0.9429
vt 0.5370 0.9333
vt 0.1154 0.9882
vt 0.1079 0.9832
vt 0.5415 0.9532
vt 0.5548 0.9836
vt 0.5520 0.9721
vt 0.5461 0.9854
vt 0.5098 0.7396
vt 0.5232 0.7417
vt 0.4971 0.7374
vt 0.4971 0.7374
vt 0.4912 0.7353
vt 0.1249 0.7566
vt 0.1367 0.7562
vt 0.1249 0.7566
vt 0.1133 0.7564
vt 0.1016 0.7558
vt 0.0901 0.7547
vt 0.0676 0.7499
vt 0.0789 0.7527
vt 0.0548 0.7470
vt 0.0548 0.7470
vt 0.0386 0.7437
vt 0.0198 0.7402
vt 0.6132 0.7427
vt 0.6320 0.7430
vt 0.6328 0.7491
vt 0.6139 0.7491
vt 0.6132 0.7427
vt 0.5947 0.7429
vt 0.5563 0.7435
vt 0.5757 0.7433
vt 0.5761 0.7503
vt 0.5567 0.7509
vt 0.5385 0.7431
vt 0.0789 0.7527
vt 0.6092 0.1553
vt 0.6199 0.1514
vt 0.6149 0.1355
vt 0.6046 0.1387
vt 0.5162 0.1867
vt 0.5287 0.1853
vt 0.5275 0.1652
vt 0.5160 0.1673
vt 0.4832 0.1844
vt 0.4923 0.1865
vt 0.4938 0.1697
vt 0.4848 0.1690
vt 0.5528 0.1797
vt 0.5646 0.1754
vt 0.5614 0.1551
vt 0.5502 0.1591
vt 0.5038 0.1873
vt 0.5044 0.1690
vt 0.4675 0.1776
vt 0.4754 0.1814
vt 0.4772 0.1667
vt 0.4697 0.1631
vt 0.5757 0.7433
vt 0.5408 0.1830
vt 0.5389 0.1625
vt 0.4378 0.1644
vt 0.4482 0.1685
vt 0.4520 0.1532
vt 0.4424 0.1486
vt 0.5760 0.1704
vt 0.5725 0.1507
vt 0.4583 0.1731
vt 0.4613 0.1582
vt 0.5872 0.1651
vt 0.5983 0.1599
vt 0.5941 0.1423
vt 0.5834 0.1464
vt 0.6307 0.1482
vt 0.6250 0.1328
vt 0.4717 0.1457
vt 0.4635 0.1415
vt 0.4741 0.1280
vt 0.4663 0.1242
vt 0.4766 0.1098
vt 0.4691 0.1062
vt 0.4804 0.0917
vt 0.4733 0.0884
vt 0.4859 0.0733
vt 0.4796 0.0707
vt 0.4831 0.0529
vt 0.4893 0.0548
vt 0.4930 0.0376
vt 0.4872 0.0366
vt 0.6182 0.1177
vt 0.6087 0.1198
vt 0.6107 0.1023
vt 0.6018 0.1038
vt 0.6026 0.0860
vt 0.5943 0.0874
vt 0.5957 0.0698
vt 0.5881 0.0714
vt 0.5898 0.0520
vt 0.5821 0.0534
vt 0.5760 0.0397
vt 0.5824 0.0373
vt 0.5745 0.0237
vt 0.5696 0.0273
vt 0.5990 0.1222
vt 0.5928 0.1056
vt 0.5860 0.0887
vt 0.5805 0.0729
vt 0.5744 0.0544
vt 0.5696 0.0417
vt 0.5646 0.0302
vt 0.5687 0.1318
vt 0.5584 0.1359
vt 0.5650 0.1133
vt 0.5556 0.1170
vt 0.5612 0.0948
vt 0.5530 0.0980
vt 0.5577 0.0780
vt 0.5502 0.0805
vt 0.5536 0.0589
vt 0.5471 0.0620
vt 0.5457 0.0483
vt 0.5515 0.0464
vt 0.5492 0.0352
vt 0.5440 0.0361
vt 0.4797 0.1490
vt 0.4820 0.1310
vt 0.4843 0.1127
vt 0.4875 0.0945
vt 0.4923 0.0754
vt 0.4954 0.0563
vt 0.4989 0.0383
vt 0.5480 0.1400
vt 0.5463 0.1211
vt 0.5447 0.1018
vt 0.5427 0.0837
vt 0.5406 0.0655
vt 0.5398 0.0503
vt 0.5389 0.0368
vt 0.5790 0.1281
vt 0.5744 0.1101
vt 0.5695 0.0922
vt 0.5652 0.0760
vt 0.5602 0.0567
vt 0.5573 0.0447
vt 0.5544 0.0340
vt 0.4551 0.1370
vt 0.4466 0.1325
vt 0.4585 0.1201
vt 0.4506 0.1158
vt 0.4616 0.1022
vt 0.4542 0.0981
vt 0.4663 0.0848
vt 0.4594 0.0812
vt 0.4731 0.0675
vt 0.4663 0.0638
vt 0.4705 0.0479
vt 0.4769 0.0506
vt 0.4815 0.0351
vt 0.4759 0.0330
vt 0.5891 0.1249
vt 0.5837 0.1076
vt 0.5778 0.0903
vt 0.5729 0.0744
vt 0.5671 0.0553
vt 0.5634 0.0432
vt 0.5595 0.0323
vt 0.5167 0.1498
vt 0.5065 0.1515
vt 0.5177 0.1318
vt 0.5081 0.1336
vt 0.5187 0.1129
vt 0.5096 0.1149
vt 0.5193 0.0934
vt 0.5111 0.0956
vt 0.5198 0.0739
vt 0.5127 0.0758
vt 0.5146 0.0565
vt 0.5211 0.0553
vt 0.5225 0.0382
vt 0.5166 0.0385
vt 0.5376 0.1439
vt 0.5369 0.1252
vt 0.5364 0.1058
vt 0.5350 0.0871
vt 0.5338 0.0688
vt 0.5338 0.0522
vt 0.5336 0.0373
vt 0.4967 0.1520
vt 0.4879 0.1512
vt 0.4989 0.1340
vt 0.4902 0.1331
vt 0.5007 0.1155
vt 0.4923 0.1147
vt 0.5029 0.0967
vt 0.4950 0.0962
vt 0.5058 0.0769
vt 0.4989 0.0767
vt 0.5017 0.0571
vt 0.5081 0.0572
vt 0.5107 0.0387
vt 0.5048 0.0386
vt 0.5271 0.1472
vt 0.5274 0.1289
vt 0.5277 0.1097
vt 0.5272 0.0905
vt 0.5268 0.0716
vt 0.5275 0.0538
vt 0.5281 0.0378
vt 0.6021 0.2819
vt 0.6142 0.2721
vt 0.6047 0.2556
vt 0.5933 0.2649
vt 0.5996 0.2385
vt 0.5886 0.2473
vt 0.5962 0.2207
vt 0.5854 0.2290
vt 0.5932 0.2026
vt 0.5823 0.2100
vt 0.5903 0.1840
vt 0.5792 0.1904
vt 0.5589 0.3049
vt 0.5740 0.2982
vt 0.5677 0.2800
vt 0.5536 0.2856
vt 0.5643 0.2620
vt 0.5507 0.2672
vt 0.5618 0.2432
vt 0.5484 0.2484
vt 0.5590 0.2227
vt 0.5461 0.2273
vt 0.5560 0.2013
vt 0.5435 0.2050
vt 0.6450 0.2396
vt 0.6589 0.2317
vt 0.6520 0.2219
vt 0.6391 0.2281
vt 0.6460 0.2091
vt 0.6338 0.2142
vt 0.6414 0.1946
vt 0.6296 0.1991
vt 0.6377 0.1794
vt 0.6263 0.1834
vt 0.6347 0.1638
vt 0.6236 0.1674
vt 0.6245 0.2613
vt 0.6156 0.2457
vt 0.6105 0.2295
vt 0.6069 0.2125
vt 0.6039 0.1953
vt 0.6014 0.1777
vt 0.4199 0.2622
vt 0.4322 0.2749
vt 0.4362 0.2578
vt 0.4235 0.2481
vt 0.4405 0.2396
vt 0.4282 0.2322
vt 0.4452 0.2217
vt 0.4334 0.2159
vt 0.4496 0.2044
vt 0.4385 0.1996
vt 0.4542 0.1881
vt 0.4437 0.1838
vt 0.4444 0.2876
vt 0.4489 0.2679
vt 0.4528 0.2477
vt 0.4568 0.2283
vt 0.4604 0.2097
vt 0.4640 0.1925
vt 0.5886 0.2906
vt 0.5810 0.2731
vt 0.5770 0.2553
vt 0.5741 0.2367
vt 0.5710 0.2169
vt 0.5678 0.1963
vt 0.4061 0.2516
vt 0.4106 0.2399
vt 0.4158 0.2260
vt 0.4213 0.2111
vt 0.4269 0.1956
vt 0.4325 0.1801
vt 0.4577 0.2989
vt 0.4728 0.3079
vt 0.4760 0.2852
vt 0.4620 0.2774
vt 0.4780 0.2630
vt 0.4652 0.2558
vt 0.4800 0.2419
vt 0.4683 0.2353
vt 0.4817 0.2212
vt 0.4710 0.2155
vt 0.4828 0.2012
vt 0.4733 0.1970
vt 0.5428 0.3125
vt 0.5386 0.2901
vt 0.5362 0.2708
vt 0.5343 0.2518
vt 0.5326 0.2301
vt 0.5307 0.2073
vt 0.6340 0.2501
vt 0.6269 0.2362
vt 0.6218 0.2211
vt 0.6180 0.2051
vt 0.6150 0.1887
vt 0.6125 0.1720
vt 0.5077 0.3162
vt 0.5256 0.3148
vt 0.5229 0.2927
vt 0.5069 0.2930
vt 0.5212 0.2724
vt 0.5062 0.2717
vt 0.5198 0.2528
vt 0.5056 0.2514
vt 0.5190 0.2310
vt 0.5057 0.2296
vt 0.5179 0.2081
vt 0.5053 0.2073
vt 0.4897 0.3139
vt 0.4910 0.2906
vt 0.4917 0.2685
vt 0.4923 0.2476
vt 0.4932 0.2262
vt 0.4934 0.2049
vt 0.4948 0.8173
vt 0.4982 0.8254
vt 0.5208 0.8711
vt 0.5264 0.8858
vt 0.4889 0.7536
vt 0.4871 0.7587
vt 0.4866 0.7665
vt 0.4895 0.7651
vt 0.1260 0.9852
vt 0.1324 0.9800
vt 0.4874 0.7895
vt 0.4896 0.8001
vt 0.5161 0.8596
vt 0.5403 0.9668
vt 0.5415 0.9771
vt 0.1392 0.9737
vt 0.1477 0.9681
vt 0.5422 0.9870
vt 0.1565 0.9659
vt 0.5387 0.9564
vt 0.5315 0.9201
vt 0.5319 0.9257
vt 0.1660 0.9643
vt 0.1636 0.9499
vt 0.4921 0.8092
vt 0.5025 0.8344
vt 0.5077 0.8432
vt 0.4864 0.7778
vt 0.5332 0.9308
vt 0.5309 0.9121
vt 0.5348 0.9367
vt 0.5293 0.9007
vt 0.5369 0.9462
vt 0.5169 0.8510
vt 0.5142 0.8555
vt 0.1190 0.9905
vt 0.3080 0.8181
vt 0.3106 0.8185
vt 0.3113 0.8259
vt 0.3085 0.8253
vt 0.3072 0.8000
vt 0.3094 0.7999
vt 0.3100 0.8101
vt 0.3076 0.8100
vt 0.3119 0.8336
vt 0.3091 0.8327
vt 0.3067 0.7877
vt 0.3088 0.7876
vt 0.3119 0.8431
vt 0.3092 0.8421
vt 0.3006 0.7438
vt 0.3029 0.7442
vt 0.3040 0.7487
vt 0.3018 0.7483
vt 0.3117 0.8528
vt 0.3091 0.8516
vt 0.2903 0.7043
vt 0.2926 0.7040
vt 0.2968 0.7168
vt 0.2944 0.7167
vt 0.3094 0.8826
vt 0.3119 0.8840
vt 0.3107 0.8926
vt 0.3077 0.8905
vt 0.2712 0.6368
vt 0.2717 0.6363
vt 0.2734 0.6458
vt 0.2726 0.6465
vt 0.3063 0.7742
vt 0.3084 0.7742
vt 0.2855 0.6923
vt 0.2875 0.6917
vt 0.3047 0.7605
vt 0.3069 0.7607
vt 0.2699 0.6332
vt 0.2702 0.6329
vt 0.3080 0.9019
vt 0.3052 0.9002
vt 0.2742 0.6569
vt 0.2755 0.6558
vt 0.2786 0.6677
vt 0.2769 0.6687
vt 0.3091 0.8615
vt 0.3116 0.8627
vt 0.3116 0.8732
vt 0.3091 0.8719
vt 0.3009 0.9095
vt 0.3044 0.9114
vt 0.2981 0.9221
vt 0.2936 0.9194
vt 0.2904 0.9364
vt 0.2868 0.9345
vt 0.2798 0.9559
vt 0.2765 0.9529
vt 0.2823 0.6795
vt 0.2805 0.6804
vt 0.3002 0.7292
vt 0.2976 0.7290
vt 0.2633 0.6874
vt 0.2644 0.6870
vt 0.2660 0.6960
vt 0.2649 0.6959
vt 0.2667 0.6861
vt 0.2687 0.6956
vt 0.2700 0.6848
vt 0.2729 0.6950
vt 0.2737 0.6833
vt 0.2774 0.6941
vt 0.2773 0.6818
vt 0.2818 0.6932
vt 0.2632 0.6555
vt 0.2644 0.6550
vt 0.2634 0.6662
vt 0.2621 0.6671
vt 0.2657 0.6536
vt 0.2650 0.6648
vt 0.2675 0.6518
vt 0.2670 0.6630
vt 0.2693 0.6498
vt 0.2693 0.6609
vt 0.2711 0.6479
vt 0.2718 0.6588
vt 0.2688 0.7137
vt 0.2701 0.7153
vt 0.2733 0.7254
vt 0.2718 0.7235
vt 0.2735 0.7159
vt 0.2768 0.7265
vt 0.2785 0.7162
vt 0.2816 0.7270
vt 0.2841 0.7163
vt 0.2870 0.7277
vt 0.2897 0.7166
vt 0.2927 0.7284
vt 0.2623 0.6779
vt 0.2635 0.6771
vt 0.2653 0.6759
vt 0.2681 0.6742
vt 0.2710 0.6724
vt 0.2741 0.6704
vt 0.2504 0.9140
vt 0.2541 0.9169
vt 0.2463 0.9247
vt 0.2428 0.9211
vt 0.2564 0.9178
vt 0.2480 0.9263
vt 0.2613 0.9203
vt 0.2526 0.9306
vt 0.2686 0.9240
vt 0.2603 0.9378
vt 0.2785 0.9295
vt 0.2695 0.9464
vt 0.2795 0.8041
vt 0.2826 0.8047
vt 0.2829 0.8108
vt 0.2798 0.8100
vt 0.2872 0.8056
vt 0.2874 0.8119
vt 0.2926 0.8069
vt 0.2927 0.8135
vt 0.2982 0.8083
vt 0.2982 0.8155
vt 0.3034 0.8094
vt 0.3035 0.8171
vt 0.2700 0.8900
vt 0.2717 0.8900
vt 0.2672 0.8983
vt 0.2644 0.8982
vt 0.2750 0.8898
vt 0.2702 0.8986
vt 0.2809 0.8897
vt 0.2760 0.8991
vt 0.2898 0.8920
vt 0.2846 0.9016
vt 0.2989 0.8966
vt 0.2943 0.9062
vt 0.2793 0.8423
vt 0.2820 0.8439
vt 0.2811 0.8546
vt 0.2787 0.8532
vt 0.2866 0.8452
vt 0.2858 0.8555
vt 0.2924 0.8465
vt 0.2918 0.8565
vt 0.2985 0.8480
vt 0.2983 0.8579
vt 0.3043 0.8499
vt 0.3043 0.8597
vt 0.2575 0.9071
vt 0.2612 0.9087
vt 0.2639 0.9091
vt 0.2691 0.9102
vt 0.2772 0.9123
vt 0.2865 0.9161
vt 0.2780 0.8639
vt 0.2800 0.8650
vt 0.2788 0.8750
vt 0.2772 0.8742
vt 0.2847 0.8657
vt 0.2832 0.8754
vt 0.2910 0.8665
vt 0.2899 0.8762
vt 0.2979 0.8677
vt 0.2973 0.8776
vt 0.3044 0.8700
vt 0.3046 0.8806
vt 0.2759 0.7417
vt 0.2778 0.7438
vt 0.2804 0.7561
vt 0.2783 0.7540
vt 0.2818 0.7451
vt 0.2849 0.7574
vt 0.2870 0.7459
vt 0.2903 0.7583
vt 0.2926 0.7468
vt 0.2957 0.7591
vt 0.2978 0.7476
vt 0.3006 0.7599
vt 0.2741 0.8825
vt 0.2754 0.8828
vt 0.2794 0.8828
vt 0.2854 0.8819
vt 0.2938 0.8838
vt 0.3023 0.8879
vt 0.2669 0.6374
vt 0.2673 0.6383
vt 0.2659 0.6449
vt 0.2648 0.6446
vt 0.2676 0.6380
vt 0.2669 0.6436
vt 0.2680 0.6370
vt 0.2681 0.6418
vt 0.2688 0.6353
vt 0.2693 0.6399
vt 0.2695 0.6339
vt 0.2702 0.6381
vt 0.2823 0.7709
vt 0.2800 0.7694
vt 0.2870 0.7720
vt 0.2925 0.7727
vt 0.2978 0.7734
vt 0.3025 0.7739
vt 0.2680 0.7051
vt 0.2670 0.7042
vt 0.2710 0.7054
vt 0.2756 0.7053
vt 0.2809 0.7051
vt 0.2860 0.7047
vt 0.2824 0.7853
vt 0.2799 0.7845
vt 0.2871 0.7861
vt 0.2926 0.7867
vt 0.2980 0.7873
vt 0.3028 0.7876
vt 0.2797 0.8318
vt 0.2826 0.8335
vt 0.2872 0.8349
vt 0.2927 0.8366
vt 0.2986 0.8385
vt 0.3043 0.8403
vt 0.2749 0.7372
vt 0.2766 0.7395
vt 0.2805 0.7406
vt 0.2857 0.7414
vt 0.2912 0.7422
vt 0.2965 0.7431
vt 0.2800 0.8218
vt 0.2831 0.8235
vt 0.2875 0.8250
vt 0.2928 0.8270
vt 0.2985 0.8292
vt 0.3041 0.8311
vt 0.2823 0.7966
vt 0.2793 0.7960
vt 0.2870 0.7974
vt 0.2926 0.7983
vt 0.2981 0.7992
vt 0.3032 0.7998
vt 0.2800 0.8155
vt 0.2831 0.8168
vt 0.2875 0.8181
vt 0.2927 0.8200
vt 0.2983 0.8221
vt 0.3038 0.8240
vt 0.5385 0.7431
vt 0.5232 0.7417
vt 0.5562 0.7042
vt 0.5409 0.7025
vt 0.2355 0.5796
vt 0.2344 0.5777
vt 0.2369 0.5780
vt 0.2368 0.5787
vt 0.0190 0.7025
vt 0.0376 0.7018
vt 0.5941 0.7008
vt 0.6148 0.7028
vt 0.1139 0.7179
vt 0.1251 0.7206
vt 0.4994 0.6878
vt 0.4932 0.6846
vt 0.1366 0.7220
vt 0.6340 0.7055
vt 0.0824 0.7080
vt 0.0706 0.7051
vt 0.0556 0.7028
vt 0.5276 0.6996
vt 0.1032 0.7146
vt 0.0929 0.7112
vt 0.5254 0.6949
vt 0.5102 0.6942
vt 0.0556 0.7028
vt 0.0919 0.7166
vt 0.0702 0.7107
vt 0.0816 0.7136
vt 0.0555 0.7083
vt 0.2420 0.5805
vt 0.2421 0.5801
vt 0.2463 0.5805
vt 0.2462 0.5807
vt 0.2928 0.5857
vt 0.2876 0.5865
vt 0.2876 0.5858
vt 0.2929 0.5850
vt 0.2578 0.5929
vt 0.2574 0.5913
vt 0.2729 0.5914
vt 0.2753 0.5924
vt 0.2449 0.5872
vt 0.2456 0.5863
vt 0.2383 0.5788
vt 0.2381 0.5794
vt 0.2383 0.5788
vt 0.2383 0.5783
vt 0.2422 0.5797
vt 0.2421 0.5801
vt 0.2478 0.5851
vt 0.2578 0.5889
vt 0.2466 0.5755
vt 0.2463 0.5745
vt 0.2588 0.5738
vt 0.2579 0.5751
vt 0.2481 0.5778
vt 0.2466 0.5755
vt 0.2789 0.5858
vt 0.2785 0.5853
vt 0.2694 0.5891
vt 0.2791 0.5864
vt 0.2877 0.5873
vt 0.2729 0.5914
vt 0.2695 0.5799
vt 0.2580 0.5781
vt 0.2579 0.5751
vt 0.2727 0.5778
vt 0.2753 0.5768
vt 0.2928 0.5866
vt 0.2728 0.5842
vt 0.2726 0.5839
vt 0.2369 0.5774
vt 0.0386 0.7500
vt 0.0196 0.7463
vt 0.2730 0.5845
vt 0.2670 0.5835
vt 0.2583 0.5825
vt 0.2464 0.5802
vt 0.2506 0.5812
vt 0.2506 0.5823
vt 0.2587 0.5840
vt 0.2675 0.5848
vt 0.2672 0.5842
vt 0.2586 0.5833
vt 0.2583 0.5827
vt 0.2670 0.5836
vt 0.2508 0.5819
vt 0.2506 0.5813
vt 0.2361 0.5808
vt 0.2338 0.5776
vt 0.2457 0.5722
vt 0.2588 0.5715
vt 0.2769 0.5739
vt 0.2954 0.5884
vt 0.5892 0.7002
vt 0.5871 0.6974
vt 0.5276 0.6996
vt 0.5254 0.6949
vt 0.5276 0.6952
vt 0.5300 0.6980
vt 0.2772 0.5954
vt 0.2575 0.5955
vt 0.2437 0.5893
vt 0.2361 0.5762
vt 0.2369 0.5774
vt 0.5724 0.6948
vt 0.5413 0.7006
vt 0.5297 0.6926
vt 0.5560 0.7023
vt 0.5725 0.7029
vt 0.5863 0.7025
vt 0.5551 0.6930
vt 0.5405 0.6920
vt 0.2437 0.5896
vt 0.2369 0.5754
vt 0.2576 0.5959
vt 0.2773 0.5959
vt 0.2938 0.5895
vt 0.2596 0.5711
vt 0.2462 0.5716
vt 0.3047 0.7491
vt 0.3075 0.7606
vt 0.3124 0.8634
vt 0.3125 0.8742
vt 0.3064 0.9121
vt 0.2998 0.9233
vt 0.3127 0.8851
vt 0.2920 0.9381
vt 0.3124 0.8533
vt 0.3098 0.9018
vt 0.3108 0.8099
vt 0.3115 0.8184
vt 0.2818 0.9573
vt 0.2790 0.6671
vt 0.2828 0.6790
vt 0.2975 0.7165
vt 0.3009 0.7287
vt 0.2735 0.6454
vt 0.2758 0.6553
vt 0.2878 0.6913
vt 0.3121 0.8261
vt 0.3101 0.7995
vt 0.3127 0.8339
vt 0.3095 0.7873
vt 0.3126 0.8436
vt 0.3035 0.7439
vt 0.2930 0.7037
vt 0.3122 0.8921
vt 0.2719 0.6363
vt 0.3091 0.7740
vt 0.2704 0.6329
vt 0.4222 0.9008
vt 0.4071 0.8974
vt 0.4100 0.8772
vt 0.4238 0.8785
vt 0.2535 0.5967
vt 0.2542 0.5978
vt 0.2372 0.6044
vt 0.2385 0.6035
vt 0.3924 0.8941
vt 0.3772 0.8895
vt 0.3801 0.8730
vt 0.3956 0.8757
vt 0.3623 0.8839
vt 0.3637 0.8684
vt 0.1080 0.8404
vt 0.1082 0.8338
vt 0.0950 0.8333
vt 0.0947 0.8401
vt 0.0330 0.8509
vt 0.0411 0.8656
vt 0.0607 0.8734
vt 0.0592 0.8591
vt 0.0783 0.8779
vt 0.0790 0.8642
vt 0.4357 0.8788
vt 0.4388 0.8615
vt 0.4475 0.8648
vt 0.4440 0.8805
vt 0.4294 0.8488
vt 0.4155 0.8486
vt 0.4168 0.8432
vt 0.4305 0.8437
vt 0.0806 0.8306
vt 0.0802 0.8378
vt 0.4013 0.8487
vt 0.3863 0.8478
vt 0.3884 0.8430
vt 0.4027 0.8435
vt 0.3711 0.8441
vt 0.3740 0.8401
vt 0.4415 0.8496
vt 0.4425 0.8455
vt 0.3862 0.9617
vt 0.3986 0.9648
vt 0.3918 0.9809
vt 0.3818 0.9779
vt 0.0765 0.9672
vt 0.0869 0.9692
vt 0.0908 0.9490
vt 0.0808 0.9466
vt 0.0975 0.9310
vt 0.0858 0.9284
vt 0.0517 0.7880
vt 0.0533 0.7805
vt 0.0361 0.7758
vt 0.0342 0.7831
vt 0.1081 0.8573
vt 0.1080 0.8523
vt 0.0943 0.8524
vt 0.0943 0.8576
vt 0.3907 0.9466
vt 0.4039 0.9490
vt 0.0796 0.8505
vt 0.0793 0.8557
vt 0.3718 0.9575
vt 0.3681 0.9737
vt 0.0625 0.9638
vt 0.0685 0.9444
vt 0.3578 0.9519
vt 0.3522 0.9681
vt 0.0399 0.8433
vt 0.0415 0.8392
vt 0.0231 0.8317
vt 0.0219 0.8345
vt 0.0466 0.9578
vt 0.0532 0.9391
vt 0.0730 0.9258
vt 0.0581 0.9211
vt 0.3420 0.9459
vt 0.3355 0.9610
vt 0.0300 0.9494
vt 0.0359 0.9334
vt 0.0409 0.9167
vt 0.1086 0.8190
vt 0.1085 0.8114
vt 0.0961 0.8100
vt 0.0959 0.8179
vt 0.3824 0.8578
vt 0.3608 0.8537
vt 0.3985 0.8595
vt 0.3980 0.8184
vt 0.3953 0.8253
vt 0.3818 0.8225
vt 0.3843 0.8151
vt 0.4131 0.8599
vt 0.4268 0.8606
vt 0.1143 0.9538
vt 0.1077 0.9648
vt 0.1173 0.9758
vt 0.1244 0.9687
vt 0.2347 0.6063
vt 0.2338 0.6062
vt 0.3624 0.9373
vt 0.3762 0.9429
vt 0.3478 0.9307
vt 0.0446 0.8822
vt 0.0615 0.8886
vt 0.4499 0.8194
vt 0.4478 0.8264
vt 0.4354 0.8252
vt 0.4375 0.8187
vt 0.4217 0.8253
vt 0.4241 0.8191
vt 0.4111 0.8195
vt 0.4085 0.8259
vt 0.0647 0.8174
vt 0.0636 0.8257
vt 0.0806 0.8306
vt 0.0812 0.8226
vt 0.1084 0.8265
vt 0.0955 0.8256
vt 0.0668 0.8014
vt 0.0658 0.8092
vt 0.0819 0.8145
vt 0.0824 0.8066
vt 0.0467 0.8114
vt 0.0482 0.8032
vt 0.0303 0.7973
vt 0.0285 0.8055
vt 0.4137 0.9524
vt 0.4075 0.9679
vt 0.0947 0.9713
vt 0.0989 0.9553
vt 0.4499 0.8194
vt 0.4519 0.8131
vt 0.4623 0.8147
vt 0.4600 0.8217
vt 0.1831 0.7388
vt 0.1823 0.7427
vt 0.1818 0.7424
vt 0.1826 0.7383
vt 0.3576 0.8370
vt 0.3600 0.8343
vt 0.0668 0.8014
vt 0.0677 0.7936
vt 0.0517 0.7880
vt 0.0499 0.7955
vt 0.0482 0.8032
vt 0.4443 0.8386
vt 0.4456 0.8337
vt 0.4551 0.8373
vt 0.4536 0.8422
vt 0.0439 0.8270
vt 0.0452 0.8196
vt 0.0268 0.8135
vt 0.0254 0.8206
vt 0.0819 0.8145
vt 0.0812 0.8226
vt 0.1074 0.8947
vt 0.1086 0.8793
vt 0.0938 0.8797
vt 0.0924 0.8946
vt 0.0678 0.6988
vt 0.0695 0.6886
vt 0.0528 0.6871
vt 0.0515 0.6967
vt 0.0687 0.7857
vt 0.0688 0.7769
vt 0.0544 0.7724
vt 0.0533 0.7805
vt 0.0682 0.7615
vt 0.0680 0.7555
vt 0.0550 0.7523
vt 0.0550 0.7581
vt 0.0685 0.7681
vt 0.0549 0.7643
vt 0.0628 0.8330
vt 0.0636 0.8257
vt 0.0604 0.8508
vt 0.0612 0.8459
vt 0.0647 0.8174
vt 0.0776 0.8928
vt 0.3731 0.9060
vt 0.3583 0.8996
vt 0.3880 0.9121
vt 0.3678 0.9220
vt 0.3532 0.9152
vt 0.0377 0.7681
vt 0.1075 0.7947
vt 0.1065 0.7855
vt 0.0948 0.7842
vt 0.0956 0.7935
vt 0.0823 0.7813
vt 0.0829 0.7906
vt 0.0386 0.7602
vt 0.1051 0.7754
vt 0.0933 0.7743
vt 0.0812 0.7718
vt 0.0388 0.7488
vt 0.0388 0.7543
vt 0.1040 0.7681
vt 0.1031 0.7616
vt 0.0914 0.7606
vt 0.0922 0.7670
vt 0.3673 0.8174
vt 0.3695 0.8096
vt 0.4123 0.7747
vt 0.4142 0.7626
vt 0.4285 0.7645
vt 0.4260 0.7776
vt 0.4154 0.7546
vt 0.4162 0.7479
vt 0.4310 0.7484
vt 0.4300 0.7558
vt 0.3822 0.7505
vt 0.3995 0.7528
vt 0.3985 0.7600
vt 0.3813 0.7570
vt 0.4429 0.7556
vt 0.4439 0.7477
vt 0.4556 0.7463
vt 0.4550 0.7547
vt 0.4566 0.7990
vt 0.4598 0.7891
vt 0.4696 0.7891
vt 0.4670 0.7993
vt 0.3970 0.7710
vt 0.3799 0.7667
vt 0.4387 0.7782
vt 0.4414 0.7649
vt 0.4537 0.7643
vt 0.4511 0.7774
vt 0.0797 0.7585
vt 0.0803 0.7648
vt 0.4154 0.7546
vt 0.4023 0.9158
vt 0.1018 0.7468
vt 0.1013 0.7353
vt 0.0900 0.7331
vt 0.0902 0.7453
vt 0.0674 0.7404
vt 0.0790 0.7431
vt 0.0790 0.7306
vt 0.0673 0.7278
vt 0.0534 0.7251
vt 0.0543 0.7375
vt 0.0365 0.7229
vt 0.0379 0.7346
vt 0.3949 0.7826
vt 0.3922 0.7923
vt 0.3761 0.7862
vt 0.3783 0.7769
vt 0.4177 0.7202
vt 0.4170 0.7322
vt 0.4010 0.7318
vt 0.4014 0.7198
vt 0.4328 0.7196
vt 0.4321 0.7318
vt 0.4567 0.7171
vt 0.4564 0.7290
vt 0.4452 0.7305
vt 0.4459 0.7183
vt 0.4025 0.6885
vt 0.4020 0.6801
vt 0.4195 0.6792
vt 0.4187 0.6875
vt 0.4454 0.6884
vt 0.4479 0.6786
vt 0.4591 0.6780
vt 0.4580 0.6879
vt 0.4348 0.6788
vt 0.4330 0.6874
vt 0.3844 0.7308
vt 0.3847 0.7192
vt 0.3847 0.6907
vt 0.3833 0.6815
vt 0.1038 0.7085
vt 0.1059 0.6983
vt 0.0950 0.6945
vt 0.0927 0.7049
vt 0.4185 0.7086
vt 0.4024 0.7084
vt 0.0345 0.6868
vt 0.0337 0.6959
vt 0.4731 0.6376
vt 0.4796 0.6377
vt 0.4783 0.6488
vt 0.4719 0.6481
vt 0.4694 0.6310
vt 0.4798 0.6295
vt 0.1306 0.6865
vt 0.1404 0.6885
vt 0.1442 0.6646
vt 0.1359 0.6628
vt 0.1108 0.6794
vt 0.1208 0.6832
vt 0.1272 0.6599
vt 0.1178 0.6569
vt 0.1072 0.6544
vt 0.1002 0.6759
vt 0.0833 0.6912
vt 0.0812 0.7015
vt 0.0737 0.6713
vt 0.0882 0.6731
vt 0.0943 0.6526
vt 0.0774 0.6512
vt 0.0578 0.6506
vt 0.0566 0.6706
vt 0.0566 0.6706
vt 0.0578 0.6506
vt 0.0370 0.6515
vt 0.0370 0.6711
vt 0.4627 0.6365
vt 0.4617 0.6484
vt 0.4499 0.6488
vt 0.4506 0.6328
vt 0.4358 0.6319
vt 0.4356 0.6492
vt 0.4188 0.6494
vt 0.4183 0.6307
vt 0.4001 0.6494
vt 0.3983 0.6295
vt 0.3851 0.7081
vt 0.3862 0.6994
vt 0.4033 0.7004
vt 0.4024 0.7084
vt 0.4588 0.6259
vt 0.4464 0.6212
vt 0.4315 0.6198
vt 0.4141 0.6184
vt 0.3943 0.6171
vt 0.3767 0.6289
vt 0.3794 0.6494
vt 0.1274 0.7050
vt 0.1381 0.7067
vt 0.1059 0.6983
vt 0.1166 0.7020
vt 0.0695 0.6886
vt 0.0833 0.6912
vt 0.0442 0.8995
vt 0.0610 0.9045
vt 0.4660 0.7161
vt 0.4662 0.7277
vt 0.4333 0.7078
vt 0.0569 0.6303
vt 0.0352 0.6307
vt 0.0546 0.6169
vt 0.0331 0.6175
vt 0.3436 0.8298
vt 0.3290 0.8233
vt 0.3300 0.8216
vt 0.3453 0.8276
vt 0.0622 0.8385
vt 0.0430 0.8323
vt 0.3358 0.8063
vt 0.3519 0.8113
vt 0.3499 0.8181
vt 0.3340 0.8128
vt 0.3538 0.8035
vt 0.3374 0.7987
vt 0.3387 0.7911
vt 0.3555 0.7958
vt 0.3397 0.7840
vt 0.3572 0.7884
vt 0.3587 0.7807
vt 0.3405 0.7769
vt 0.3411 0.7693
vt 0.3601 0.7723
vt 0.3419 0.7613
vt 0.3614 0.7633
vt 0.3430 0.7536
vt 0.3627 0.7548
vt 0.3441 0.7479
vt 0.3637 0.7488
vt 0.3666 0.7303
vt 0.3477 0.7301
vt 0.3489 0.7197
vt 0.3670 0.7192
vt 0.3668 0.7093
vt 0.3487 0.7109
vt 0.3479 0.7040
vt 0.3668 0.7018
vt 0.3654 0.6924
vt 0.3470 0.6943
vt 0.3450 0.6856
vt 0.3636 0.6834
vt 0.3410 0.6714
vt 0.3609 0.6689
vt 0.3361 0.6528
vt 0.3577 0.6500
vt 0.3315 0.6322
vt 0.3544 0.6296
vt 0.3289 0.6189
vt 0.3508 0.6169
vt 0.3729 0.6164
vt 0.1139 0.7171
vt 0.1026 0.7139
vt 0.1019 0.7190
vt 0.1133 0.7219
vt 0.1289 0.9166
vt 0.1245 0.9020
vt 0.1038 0.9123
vt 0.1145 0.9252
vt 0.1234 0.8873
vt 0.1231 0.8757
vt 0.1083 0.8658
vt 0.1225 0.8639
vt 0.1221 0.8557
vt 0.1218 0.8508
vt 0.3820 0.9281
vt 0.4464 0.7065
vt 0.4444 0.7996
vt 0.4418 0.8067
vt 0.4291 0.8075
vt 0.4318 0.8006
vt 0.3964 0.9314
vt 0.4153 0.9183
vt 0.4094 0.9335
vt 0.4189 0.9376
vt 0.4241 0.9249
vt 0.3324 0.8170
vt 0.3482 0.8225
vt 0.1211 0.8328
vt 0.1213 0.8392
vt 0.0760 0.9088
vt 0.4351 0.7910
vt 0.4227 0.7904
vt 0.1214 0.8439
vt 0.1080 0.8452
vt 0.0899 0.9110
vt 0.0944 0.8489
vt 0.1080 0.8488
vt 0.0800 0.8430
vt 0.0802 0.8378
vt 0.4291 0.9145
vt 0.3816 0.6676
vt 0.4012 0.6667
vt 0.0244 0.8256
vt 0.3898 0.8398
vt 0.3758 0.8372
vt 0.3997 0.9829
vt 0.1209 0.8256
vt 0.1207 0.8183
vt 0.3911 0.8364
vt 0.3929 0.8318
vt 0.4063 0.8320
vt 0.4047 0.8367
vt 0.1054 0.9406
vt 0.1203 0.8109
vt 0.4566 0.7990
vt 0.4541 0.8066
vt 0.4064 0.7970
vt 0.4035 0.8051
vt 0.3895 0.8006
vt 0.3922 0.7923
vt 0.4434 0.8420
vt 0.4313 0.8401
vt 0.0798 0.8468
vt 0.0827 0.7987
vt 0.4476 0.7899
vt 0.3632 0.8288
vt 0.3651 0.8243
vt 0.3794 0.8294
vt 0.3774 0.8340
vt 0.1082 0.8034
vt 0.0960 0.8019
vt 0.1082 0.8034
vt 0.1197 0.8031
vt 0.0321 0.7901
vt 0.0827 0.7987
vt 0.4194 0.7999
vt 0.4164 0.8073
vt 0.0068 0.8194
vt 0.0076 0.8150
vt 0.3740 0.7945
vt 0.0054 0.8265
vt 0.0060 0.8246
vt 0.4184 0.8361
vt 0.4197 0.8314
vt 0.4334 0.8317
vt 0.4322 0.8365
vt 0.1189 0.7947
vt 0.4095 0.7872
vt 0.4629 0.7769
vt 0.4598 0.7891
vt 0.3949 0.7826
vt 0.1178 0.7855
vt 0.4674 0.6927
vt 0.4671 0.6976
vt 0.4576 0.6977
vt 0.4578 0.6930
vt 0.1165 0.7755
vt 0.1156 0.7682
vt 0.1148 0.7619
vt 0.4007 0.8118
vt 0.3869 0.8079
vt 0.4456 0.8337
vt 0.4137 0.8135
vt 0.4396 0.8127
vt 0.4265 0.8133
vt 0.4519 0.8131
vt 0.1038 0.9123
vt 0.0943 0.8662
vt 0.1435 0.9122
vt 0.1577 0.9103
vt 0.1558 0.8952
vt 0.1405 0.8975
vt 0.1386 0.8841
vt 0.1537 0.8820
vt 0.1523 0.8708
vt 0.1377 0.8729
vt 0.1366 0.8617
vt 0.1377 0.8729
vt 0.1360 0.8536
vt 0.1498 0.8515
vt 0.1491 0.8467
vt 0.1355 0.8488
vt 0.0800 0.8430
vt 0.0945 0.8452
vt 0.1339 0.8310
vt 0.1344 0.8373
vt 0.1332 0.8239
vt 0.1453 0.8221
vt 0.1443 0.8150
vt 0.1326 0.8167
vt 0.1319 0.8095
vt 0.1326 0.8167
vt 0.1319 0.8095
vt 0.1433 0.8080
vt 0.1424 0.8007
vt 0.1311 0.8020
vt 0.1301 0.7938
vt 0.1311 0.8020
vt 0.1301 0.7938
vt 0.1414 0.7927
vt 0.1403 0.7834
vt 0.1289 0.7846
vt 0.1392 0.7739
vt 0.1277 0.7749
vt 0.1270 0.7679
vt 0.1386 0.7670
vt 0.1381 0.7611
vt 0.1264 0.7617
vt 0.1254 0.7482
vt 0.1373 0.7481
vt 0.1370 0.7385
vt 0.1250 0.7382
vt 0.4576 0.7060
vt 0.4665 0.7056
vt 0.1261 0.7146
vt 0.1374 0.7160
vt 0.4193 0.6660
vt 0.4354 0.6653
vt 0.3717 0.8020
vt 0.0569 0.6303
vt 0.0795 0.6312
vt 0.0994 0.6326
vt 0.0546 0.6169
vt 0.0757 0.6173
vt 0.0945 0.6183
vt 0.1244 0.6356
vt 0.1234 0.6211
vt 0.1105 0.6197
vt 0.1135 0.6340
vt 0.4490 0.6647
vt 0.4602 0.6640
vt 0.4490 0.6647
vt 0.0530 0.7153
vt 0.0529 0.7075
vt 0.0352 0.7061
vt 0.0356 0.7135
vt 0.0530 0.7153
vt 0.0676 0.7179
vt 0.0794 0.7207
vt 0.0903 0.7235
vt 0.1014 0.7262
vt 0.1136 0.7477
vt 0.1131 0.7370
vt 0.1131 0.7286
vt 0.1249 0.7304
vt 0.1251 0.7241
vt 0.1133 0.7219
vt 0.1131 0.7286
vt 0.4698 0.6633
vt 0.4765 0.6622
vt 0.4748 0.6747
vt 0.4684 0.6773
vt 0.4719 0.6481
vt 0.4698 0.6633
vt 0.1336 0.6374
vt 0.1359 0.6628
vt 0.1414 0.6390
vt 0.1338 0.6225
vt 0.1427 0.6239
vt 0.1414 0.6390
vt 0.1483 0.6403
vt 0.1506 0.6252
vt 0.4357 0.8788
vt 0.4340 0.8969
vt 0.1349 0.9343
vt 0.1223 0.9419
vt 0.1322 0.9612
vt 0.1415 0.9559
vt 0.4629 0.7769
vt 0.4650 0.7641
vt 0.4736 0.7649
vt 0.4718 0.7772
vt 0.4350 0.9102
vt 0.4661 0.7448
vt 0.4660 0.7540
vt 0.4724 0.7160
vt 0.4727 0.7260
vt 0.4575 0.8294
vt 0.4647 0.8075
vt 0.4361 0.9185
vt 0.4350 0.9102
vt 0.4395 0.9084
vt 0.4387 0.9162
vt 0.4733 0.6919
vt 0.4728 0.6986
vt 0.4388 0.9207
vt 0.4373 0.9238
vt 0.4148 0.9706
vt 0.4206 0.9569
vt 0.4259 0.9616
vt 0.4215 0.9735
vt 0.1507 0.8596
vt 0.1480 0.8401
vt 0.1473 0.8354
vt 0.1344 0.8373
vt 0.1348 0.8420
vt 0.1464 0.8291
vt 0.4724 0.7064
vt 0.1149 0.7120
vt 0.1369 0.7311
vt 0.1370 0.7252
vt 0.3695 0.8096
vt 0.3717 0.8020
vt 0.3822 0.7505
vt 0.3637 0.7488
vt 0.3646 0.7435
vt 0.3830 0.7449
vt 0.3794 0.6494
vt 0.0132 0.6333
vt 0.0119 0.6199
vt 0.0155 0.6540
vt 0.0168 0.6729
vt 0.0162 0.6877
vt 0.0159 0.6966
vt 0.0176 0.7134
vt 0.0170 0.7064
vt 0.0196 0.7325
vt 0.0185 0.7221
vt 0.0388 0.7543
vt 0.0200 0.7505
vt 0.0197 0.7563
vt 0.0386 0.7602
vt 0.0189 0.7640
vt 0.0174 0.7719
vt 0.0158 0.7793
vt 0.0142 0.7863
vt 0.0126 0.7933
vt 0.0109 0.8008
vt 0.0091 0.8084
vt 0.4728 0.7439
vt 0.4745 0.7534
vt 0.1475 0.9307
vt 0.1599 0.9290
vt 0.1349 0.9343
vt 0.1223 0.9419
vt 0.4516 0.8492
vt 0.4505 0.8530
vt 0.1517 0.9526
vt 0.4328 0.9230
vt 0.4290 0.9319
vt 0.4250 0.9432
vt 0.4413 0.8963
vt 0.4348 0.9291
vt 0.4320 0.9377
vt 0.1027 0.9765
vt 0.1105 0.9826
vt 0.4293 0.9488
vt 0.4148 0.9706
vt 0.4090 0.9827
vt 0.4187 0.9830
vt 0.4560 0.7381
vt 0.4446 0.7397
vt 0.4662 0.7366
vt 0.4662 0.7366
vt 0.4727 0.7350
vt 0.1259 0.7555
vt 0.1377 0.7551
vt 0.1259 0.7555
vt 0.1142 0.7554
vt 0.1024 0.7549
vt 0.0907 0.7537
vt 0.0677 0.7489
vt 0.0793 0.7517
vt 0.0547 0.7458
vt 0.0547 0.7458
vt 0.0385 0.7425
vt 0.0200 0.7396
vt 0.3656 0.7376
vt 0.3646 0.7435
vt 0.3451 0.7428
vt 0.3464 0.7372
vt 0.3656 0.7376
vt 0.3838 0.7386
vt 0.4167 0.7408
vt 0.4162 0.7479
vt 0.4002 0.7466
vt 0.4007 0.7400
vt 0.4316 0.7408
vt 0.0793 0.7517
vt 0.6086 0.1628
vt 0.6044 0.1460
vt 0.6145 0.1434
vt 0.6196 0.1596
vt 0.5160 0.1884
vt 0.5161 0.1673
vt 0.5278 0.1659
vt 0.5283 0.1875
vt 0.4810 0.1872
vt 0.4835 0.1702
vt 0.4931 0.1703
vt 0.4910 0.1887
vt 0.5527 0.1836
vt 0.5510 0.1622
vt 0.5622 0.1594
vt 0.5644 0.1801
vt 0.5043 0.1689
vt 0.5032 0.1889
vt 0.4643 0.1804
vt 0.4670 0.1644
vt 0.4753 0.1683
vt 0.4727 0.1844
vt 0.4007 0.7400
vt 0.5394 0.1643
vt 0.5406 0.1860
vt 0.4347 0.1651
vt 0.4392 0.1488
vt 0.4485 0.1536
vt 0.4448 0.1699
vt 0.5731 0.1561
vt 0.5757 0.1758
vt 0.4549 0.1752
vt 0.4579 0.1590
vt 0.5867 0.1711
vt 0.5837 0.1525
vt 0.5941 0.1490
vt 0.5976 0.1667
vt 0.6246 0.1413
vt 0.6305 0.1571
vt 0.4612 0.1428
vt 0.4696 0.1471
vt 0.4647 0.1263
vt 0.4726 0.1302
vt 0.4684 0.1078
vt 0.4759 0.1113
vt 0.4743 0.0890
vt 0.4812 0.0917
vt 0.4807 0.0682
vt 0.4875 0.0703
vt 0.4833 0.0522
vt 0.4866 0.0369
vt 0.4932 0.0383
vt 0.4901 0.0539
vt 0.6105 0.1281
vt 0.6200 0.1264
vt 0.6054 0.1120
vt 0.6144 0.1107
vt 0.5991 0.0944
vt 0.6074 0.0933
vt 0.5942 0.0764
vt 0.6019 0.0752
vt 0.5886 0.0557
vt 0.5960 0.0547
vt 0.5826 0.0413
vt 0.5767 0.0282
vt 0.5829 0.0261
vt 0.5895 0.0401
vt 0.6009 0.1300
vt 0.5964 0.1134
vt 0.5907 0.0954
vt 0.5863 0.0775
vt 0.5813 0.0565
vt 0.5759 0.0421
vt 0.5709 0.0294
vt 0.5598 0.1409
vt 0.5705 0.1379
vt 0.5577 0.1223
vt 0.5677 0.1193
vt 0.5557 0.1024
vt 0.5646 0.0998
vt 0.5536 0.0835
vt 0.5618 0.0814
vt 0.5517 0.0615
vt 0.5591 0.0597
vt 0.5502 0.0460
vt 0.5487 0.0325
vt 0.5542 0.0315
vt 0.5566 0.0446
vt 0.4780 0.1505
vt 0.4805 0.1334
vt 0.4836 0.1144
vt 0.4884 0.0940
vt 0.4943 0.0716
vt 0.4997 0.0389
vt 0.4968 0.0549
vt 0.5487 0.1438
vt 0.5476 0.1256
vt 0.5469 0.1056
vt 0.5455 0.0860
vt 0.5443 0.0636
vt 0.5437 0.0477
vt 0.5429 0.0336
vt 0.5809 0.1350
vt 0.5775 0.1169
vt 0.5735 0.0979
vt 0.5701 0.0798
vt 0.5665 0.0583
vt 0.5597 0.0309
vt 0.5630 0.0435
vt 0.4442 0.1339
vt 0.4527 0.1383
vt 0.4489 0.1179
vt 0.4568 0.1221
vt 0.4538 0.0999
vt 0.4610 0.1039
vt 0.4606 0.0826
vt 0.4674 0.0859
vt 0.4673 0.0627
vt 0.4739 0.0656
vt 0.4699 0.0470
vt 0.4739 0.0320
vt 0.4801 0.0349
vt 0.4765 0.0499
vt 0.5910 0.1323
vt 0.5871 0.1149
vt 0.5822 0.0965
vt 0.5783 0.0786
vt 0.5739 0.0573
vt 0.5653 0.0302
vt 0.5694 0.0428
vt 0.5050 0.1519
vt 0.5153 0.1503
vt 0.5064 0.1359
vt 0.5164 0.1344
vt 0.5096 0.1174
vt 0.5192 0.1156
vt 0.5123 0.0955
vt 0.5209 0.0939
vt 0.5147 0.0715
vt 0.5219 0.0701
vt 0.5166 0.0543
vt 0.5180 0.0380
vt 0.5242 0.0370
vt 0.5234 0.0530
vt 0.5374 0.1463
vt 0.5373 0.1289
vt 0.5380 0.1092
vt 0.5374 0.0887
vt 0.5368 0.0659
vt 0.5371 0.0495
vt 0.5368 0.0347
vt 0.4864 0.1524
vt 0.4953 0.1528
vt 0.4885 0.1355
vt 0.4971 0.1364
vt 0.4917 0.1166
vt 0.5003 0.1177
vt 0.4960 0.0955
vt 0.5040 0.0961
vt 0.5010 0.0722
vt 0.5077 0.0722
vt 0.5034 0.0552
vt 0.5058 0.0390
vt 0.5119 0.0387
vt 0.5100 0.0550
vt 0.5262 0.1484
vt 0.5268 0.1319
vt 0.5288 0.1127
vt 0.5293 0.0915
vt 0.5293 0.0682
vt 0.5302 0.0514
vt 0.5305 0.0359
vt 0.5951 0.2894
vt 0.5881 0.2720
vt 0.5998 0.2630
vt 0.6070 0.2792
vt 0.5847 0.2538
vt 0.5958 0.2455
vt 0.5824 0.2353
vt 0.5935 0.2276
vt 0.5801 0.2161
vt 0.5915 0.2093
vt 0.5779 0.1962
vt 0.5894 0.1903
vt 0.5508 0.3121
vt 0.5483 0.2917
vt 0.5624 0.2869
vt 0.5664 0.3062
vt 0.5467 0.2703
vt 0.5602 0.2669
vt 0.5449 0.2496
vt 0.5582 0.2469
vt 0.5429 0.2288
vt 0.5559 0.2264
vt 0.5413 0.2078
vt 0.5539 0.2053
vt 0.6397 0.2489
vt 0.6358 0.2378
vt 0.6493 0.2327
vt 0.6541 0.2429
vt 0.6319 0.2235
vt 0.6450 0.2194
vt 0.6291 0.2079
vt 0.6419 0.2044
vt 0.6268 0.1920
vt 0.6391 0.1889
vt 0.6241 0.1759
vt 0.6359 0.1730
vt 0.6111 0.2537
vt 0.6174 0.2684
vt 0.6071 0.2371
vt 0.6047 0.2200
vt 0.6029 0.2025
vt 0.6008 0.1846
vt 0.4156 0.2621
vt 0.4199 0.2489
vt 0.4325 0.2582
vt 0.4277 0.2742
vt 0.4252 0.2335
vt 0.4375 0.2410
vt 0.4310 0.2178
vt 0.4428 0.2240
vt 0.4363 0.2019
vt 0.4473 0.2073
vt 0.4411 0.1861
vt 0.4514 0.1911
vt 0.4450 0.2678
vt 0.4397 0.2862
vt 0.4497 0.2486
vt 0.4541 0.2303
vt 0.4578 0.2127
vt 0.4611 0.1960
vt 0.5814 0.2986
vt 0.5757 0.2802
vt 0.5729 0.2612
vt 0.5707 0.2420
vt 0.5683 0.2220
vt 0.5661 0.2014
vt 0.4020 0.2518
vt 0.4069 0.2409
vt 0.4124 0.2271
vt 0.4186 0.2123
vt 0.4246 0.1970
vt 0.4301 0.1814
vt 0.4529 0.2970
vt 0.4581 0.2766
vt 0.4723 0.2839
vt 0.4678 0.3058
vt 0.4622 0.2556
vt 0.4754 0.2615
vt 0.4654 0.2362
vt 0.4774 0.2412
vt 0.4682 0.2177
vt 0.4790 0.2220
vt 0.4704 0.2003
vt 0.4802 0.2040
vt 0.5347 0.3160
vt 0.5337 0.2943
vt 0.5326 0.2715
vt 0.5312 0.2503
vt 0.5296 0.2297
vt 0.5284 0.2089
vt 0.6230 0.2450
vt 0.6277 0.2579
vt 0.6191 0.2295
vt 0.6166 0.2132
vt 0.6146 0.1965
vt 0.6124 0.1797
vt 0.5012 0.3161
vt 0.5031 0.2930
vt 0.5185 0.2947
vt 0.5182 0.3173
vt 0.5038 0.2690
vt 0.5182 0.2709
vt 0.5036 0.2478
vt 0.5174 0.2496
vt 0.5031 0.2278
vt 0.5162 0.2292
vt 0.5030 0.2084
vt 0.5155 0.2091
vt 0.4842 0.3122
vt 0.4875 0.2894
vt 0.4894 0.2659
vt 0.4902 0.2451
vt 0.4906 0.2254
vt 0.4911 0.2067
vt 0.4650 0.8246
vt 0.4677 0.8167
vt 0.4469 0.8829
vt 0.4506 0.8683
vt 0.4745 0.7534
vt 0.4736 0.7649
vt 0.4771 0.7665
vt 0.4774 0.7591
vt 0.1290 0.9768
vt 0.1218 0.9812
vt 0.4723 0.7996
vt 0.4742 0.7890
vt 0.4505 0.8530
vt 0.4539 0.8570
vt 0.4251 0.9757
vt 0.4287 0.9650
vt 0.1454 0.9681
vt 0.1364 0.9725
vt 0.4235 0.9845
vt 0.1544 0.9669
vt 0.4315 0.9529
vt 0.4398 0.9216
vt 0.4405 0.9163
vt 0.1622 0.9507
vt 0.1640 0.9654
vt 0.4701 0.8086
vt 0.4591 0.8413
vt 0.4620 0.8330
vt 0.4758 0.7774
vt 0.4383 0.9270
vt 0.4414 0.9085
vt 0.4361 0.9331
vt 0.4437 0.8972
vt 0.4339 0.9417
vt 0.1145 0.9858
vt 0.1777 0.8200
vt 0.1771 0.8274
vt 0.1744 0.8280
vt 0.1751 0.8204
vt 0.1789 0.8018
vt 0.1783 0.8117
vt 0.1760 0.8119
vt 0.1767 0.8017
vt 0.1767 0.8352
vt 0.1739 0.8362
vt 0.1796 0.7897
vt 0.1774 0.7896
vt 0.1764 0.8449
vt 0.1736 0.8461
vt 0.4526 0.8456
vt 0.4516 0.8492
vt 0.4551 0.8534
vt 0.4563 0.8498
vt 0.1767 0.8564
vt 0.1740 0.8577
vt 0.1919 0.7085
vt 0.1887 0.7213
vt 0.1866 0.7213
vt 0.1899 0.7082
vt 0.1764 0.8886
vt 0.1769 0.8945
vt 0.1740 0.8960
vt 0.1744 0.8899
vt 0.2048 0.6381
vt 0.2036 0.6478
vt 0.2030 0.6469
vt 0.2043 0.6376
vt 0.1807 0.7759
vt 0.1785 0.7759
vt 0.1952 0.6959
vt 0.1934 0.6953
vt 0.1817 0.7619
vt 0.1795 0.7620
vt 0.2054 0.6335
vt 0.2050 0.6332
vt 0.1784 0.9021
vt 0.1750 0.9043
vt 0.2026 0.6593
vt 0.2012 0.6712
vt 0.1999 0.6701
vt 0.2016 0.6582
vt 0.1832 0.7504
vt 0.1811 0.7507
vt 0.1769 0.8683
vt 0.1766 0.8800
vt 0.1743 0.8815
vt 0.1744 0.8697
vt 0.1818 0.9114
vt 0.1903 0.9229
vt 0.1853 0.9258
vt 0.1779 0.9135
vt 0.1990 0.9371
vt 0.1954 0.9390
vt 0.2095 0.9555
vt 0.2064 0.9586
vt 0.1986 0.6834
vt 0.1971 0.6824
vt 0.1864 0.7327
vt 0.1843 0.7328
vt 0.2150 0.6906
vt 0.2145 0.6995
vt 0.2132 0.6997
vt 0.2136 0.6902
vt 0.2105 0.6994
vt 0.2115 0.6893
vt 0.2066 0.6987
vt 0.2082 0.6880
vt 0.2024 0.6979
vt 0.2048 0.6865
vt 0.1985 0.6969
vt 0.2014 0.6849
vt 0.2130 0.6578
vt 0.2142 0.6698
vt 0.2126 0.6689
vt 0.2114 0.6572
vt 0.2110 0.6674
vt 0.2100 0.6557
vt 0.2089 0.6655
vt 0.2084 0.6538
vt 0.2067 0.6634
vt 0.2067 0.6517
vt 0.2044 0.6612
vt 0.2050 0.6495
vt 0.2119 0.7174
vt 0.2107 0.7267
vt 0.2093 0.7290
vt 0.2106 0.7192
vt 0.2054 0.7302
vt 0.2072 0.7202
vt 0.2003 0.7310
vt 0.2025 0.7206
vt 0.1952 0.7317
vt 0.1974 0.7210
vt 0.1903 0.7323
vt 0.1926 0.7213
vt 0.2149 0.6808
vt 0.2134 0.6800
vt 0.2116 0.6787
vt 0.2090 0.6770
vt 0.2062 0.6750
vt 0.2035 0.6730
vt 0.2340 0.9160
vt 0.2418 0.9229
vt 0.2385 0.9265
vt 0.2307 0.9191
vt 0.2368 0.9283
vt 0.2284 0.9201
vt 0.2324 0.9328
vt 0.2235 0.9229
vt 0.2250 0.9401
vt 0.2163 0.9268
vt 0.2161 0.9488
vt 0.2070 0.9321
vt 0.2069 0.8063
vt 0.2073 0.8119
vt 0.2032 0.8129
vt 0.2038 0.8068
vt 0.1986 0.8139
vt 0.1988 0.8077
vt 0.1931 0.8156
vt 0.1932 0.8088
vt 0.1875 0.8173
vt 0.1877 0.8101
vt 0.1822 0.8190
vt 0.1826 0.8111
vt 0.2137 0.8939
vt 0.2195 0.9011
vt 0.2167 0.9019
vt 0.2117 0.8944
vt 0.2137 0.9020
vt 0.2080 0.8942
vt 0.2081 0.9023
vt 0.2021 0.8936
vt 0.1995 0.9037
vt 0.1933 0.8950
vt 0.1895 0.9077
vt 0.1846 0.8989
vt 0.2068 0.8447
vt 0.2067 0.8576
vt 0.2041 0.8591
vt 0.2043 0.8467
vt 0.1995 0.8604
vt 0.1999 0.8480
vt 0.1936 0.8621
vt 0.1942 0.8498
vt 0.1872 0.8642
vt 0.1876 0.8521
vt 0.1814 0.8664
vt 0.1816 0.8544
vt 0.2266 0.9095
vt 0.2233 0.9117
vt 0.2205 0.9123
vt 0.2154 0.9134
vt 0.2078 0.9150
vt 0.1986 0.9187
vt 0.2043 0.8689
vt 0.2046 0.8782
vt 0.2028 0.8789
vt 0.2020 0.8699
vt 0.1982 0.8793
vt 0.1974 0.8712
vt 0.1921 0.8810
vt 0.1915 0.8730
vt 0.1857 0.8830
vt 0.1857 0.8754
vt 0.1802 0.8864
vt 0.1806 0.8779
vt 0.2088 0.7442
vt 0.2077 0.7561
vt 0.2057 0.7581
vt 0.2069 0.7465
vt 0.2013 0.7593
vt 0.2026 0.7476
vt 0.1960 0.7600
vt 0.1973 0.7484
vt 0.1907 0.7607
vt 0.1920 0.7492
vt 0.1858 0.7614
vt 0.1871 0.7499
vt 0.2087 0.8863
vt 0.2070 0.8867
vt 0.2028 0.8866
vt 0.1967 0.8865
vt 0.1888 0.8883
vt 0.1817 0.8921
vt 0.2112 0.6387
vt 0.2118 0.6465
vt 0.2102 0.6465
vt 0.2093 0.6397
vt 0.2091 0.6453
vt 0.2084 0.6392
vt 0.2079 0.6435
vt 0.2076 0.6380
vt 0.2068 0.6414
vt 0.2067 0.6360
vt 0.2057 0.6395
vt 0.2059 0.6343
vt 0.2072 0.7713
vt 0.2050 0.7729
vt 0.2005 0.7738
vt 0.1950 0.7745
vt 0.1897 0.7751
vt 0.1847 0.7756
vt 0.2133 0.7081
vt 0.2120 0.7091
vt 0.2090 0.7095
vt 0.2047 0.7095
vt 0.2000 0.7093
vt 0.1955 0.7089
vt 0.2075 0.7863
vt 0.2048 0.7872
vt 0.1999 0.7880
vt 0.1942 0.7887
vt 0.1887 0.7893
vt 0.1837 0.7896
vt 0.2065 0.8331
vt 0.2037 0.8351
vt 0.1992 0.8364
vt 0.1936 0.8383
vt 0.1873 0.8408
vt 0.1814 0.8430
vt 0.1845 0.7426
vt 0.1838 0.7466
vt 0.1817 0.7468
vt 0.1823 0.7427
vt 0.2096 0.7362
vt 0.2092 0.7401
vt 0.2074 0.7425
vt 0.2080 0.7386
vt 0.2031 0.7438
vt 0.2037 0.7398
vt 0.1978 0.7445
vt 0.1985 0.7406
vt 0.1925 0.7453
vt 0.1932 0.7414
vt 0.1877 0.7461
vt 0.1884 0.7421
vt 0.2059 0.8240
vt 0.2031 0.8259
vt 0.1986 0.8273
vt 0.1933 0.8291
vt 0.1872 0.8314
vt 0.1816 0.8335
vt 0.2073 0.7982
vt 0.2043 0.7988
vt 0.1993 0.7995
vt 0.1936 0.8003
vt 0.1880 0.8011
vt 0.1830 0.8016
vt 0.2059 0.8174
vt 0.2028 0.8189
vt 0.1982 0.8202
vt 0.1928 0.8220
vt 0.1873 0.8242
vt 0.1819 0.8260
vt 0.4316 0.7408
vt 0.4446 0.7397
vt 0.4186 0.7005
vt 0.4326 0.6996
vt 0.2927 0.6120
vt 0.2917 0.6109
vt 0.2918 0.6102
vt 0.2941 0.6106
vt 0.0166 0.7016
vt 0.0348 0.7011
vt 0.3829 0.6952
vt 0.3661 0.6973
vt 0.1139 0.7171
vt 0.1254 0.7196
vt 0.4738 0.6845
vt 0.4675 0.6873
vt 0.1372 0.7208
vt 0.3472 0.6993
vt 0.0808 0.7074
vt 0.0683 0.7045
vt 0.0527 0.7022
vt 0.4451 0.6974
vt 0.1026 0.7139
vt 0.0917 0.7105
vt 0.4475 0.6930
vt 0.4578 0.6930
vt 0.0527 0.7022
vt 0.0909 0.7159
vt 0.0681 0.7100
vt 0.0802 0.7128
vt 0.0529 0.7075
vt 0.2857 0.6111
vt 0.2825 0.6100
vt 0.2824 0.6098
vt 0.2857 0.6107
vt 0.2405 0.6061
vt 0.2406 0.6052
vt 0.2478 0.6079
vt 0.2474 0.6084
vt 0.2690 0.6185
vt 0.2536 0.6146
vt 0.2570 0.6143
vt 0.2702 0.6172
vt 0.2816 0.6154
vt 0.2819 0.6164
vt 0.2897 0.6105
vt 0.2897 0.6112
vt 0.2897 0.6105
vt 0.2857 0.6107
vt 0.2856 0.6103
vt 0.2897 0.6100
vt 0.2711 0.6149
vt 0.2802 0.6136
vt 0.2826 0.6045
vt 0.2721 0.6017
vt 0.2712 0.6001
vt 0.2832 0.6035
vt 0.2812 0.6067
vt 0.2826 0.6045
vt 0.2554 0.6085
vt 0.2549 0.6089
vt 0.2618 0.6132
vt 0.2570 0.6143
vt 0.2472 0.6090
vt 0.2545 0.6094
vt 0.2633 0.6049
vt 0.2590 0.6024
vt 0.2721 0.6017
vt 0.2726 0.6048
vt 0.2556 0.6007
vt 0.2403 0.6071
vt 0.2611 0.6082
vt 0.2609 0.6085
vt 0.2919 0.6097
vt 0.0388 0.7488
vt 0.0201 0.7453
vt 0.2607 0.6087
vt 0.2728 0.6091
vt 0.2658 0.6086
vt 0.2824 0.6095
vt 0.2792 0.6095
vt 0.2790 0.6104
vt 0.2723 0.6104
vt 0.2653 0.6098
vt 0.2655 0.6093
vt 0.2658 0.6087
vt 0.2728 0.6093
vt 0.2726 0.6098
vt 0.2792 0.6096
vt 0.2791 0.6100
vt 0.2920 0.6131
vt 0.2946 0.6106
vt 0.2848 0.6012
vt 0.2714 0.5974
vt 0.2542 0.5978
vt 0.2367 0.6082
vt 0.3904 0.6923
vt 0.3880 0.6948
vt 0.4451 0.6974
vt 0.4430 0.6957
vt 0.4453 0.6931
vt 0.4475 0.6930
vt 0.2512 0.6167
vt 0.2681 0.6210
vt 0.2824 0.6188
vt 0.2919 0.6097
vt 0.2931 0.6089
vt 0.4046 0.6904
vt 0.4325 0.6977
vt 0.4434 0.6904
vt 0.4189 0.6986
vt 0.4043 0.6986
vt 0.3908 0.6973
vt 0.4197 0.6893
vt 0.4333 0.6892
vt 0.2823 0.6192
vt 0.2926 0.6078
vt 0.2680 0.6214
vt 0.2512 0.6173
vt 0.2379 0.6094
vt 0.2709 0.5967
vt 0.2847 0.6003
vt 0.1789 0.7620
vt 0.1804 0.7511
vt 0.1735 0.8823
vt 0.1736 0.8704
vt 0.1839 0.9272
vt 0.1761 0.9143
vt 0.1739 0.8889
vt 0.1940 0.9408
vt 0.1732 0.8584
vt 0.1734 0.9042
vt 0.1742 0.8203
vt 0.1752 0.8116
vt 0.2045 0.9601
vt 0.1967 0.6819
vt 0.1994 0.6695
vt 0.1839 0.7320
vt 0.1862 0.7207
vt 0.2012 0.6577
vt 0.2026 0.6465
vt 0.1931 0.6947
vt 0.1736 0.8282
vt 0.1759 0.8014
vt 0.1731 0.8366
vt 0.1767 0.7893
vt 0.1728 0.8467
vt 0.1895 0.7077
vt 0.1728 0.8954
vt 0.2039 0.6375
vt 0.1778 0.7757
vt 0.2047 0.6332
vt 0.3022 0.7360
vt 0.3016 0.7365
vt 0.2990 0.7362
vt 0.2942 0.7354
vt 0.2890 0.7347
vt 0.2835 0.7340
vt 0.2787 0.7334
vt 0.2751 0.7323
vt 0.2737 0.7297
vt 0.5109 0.8490
vt 0.6107 0.8370
vt 0.6265 0.8310
vt 0.1209 0.8484
vt 0.1345 0.8463
vt 0.1478 0.8442
vt 0.0048 0.8226
vt 0.0228 0.8298
vt 0.5964 0.8419
vt 0.0936 0.8464
vt 0.0424 0.8374
vt 0.0789 0.8480
vt 0.0618 0.8438
vt 0.1072 0.8498
vt 0.6425 0.8264
vt 0.5241 0.8429
vt 0.5150 0.8470
vt 0.0417 0.8405
vt 0.0613 0.8473
vt 0.6279 0.8335
vt 0.6437 0.8287
vt 0.1211 0.8517
vt 0.0222 0.8325
vt 0.6121 0.8397
vt 0.0045 0.8252
vt 0.1348 0.8496
vt 0.1482 0.8475
vt 0.3021 0.7395
vt 0.3027 0.7394
vt 0.2951 0.7384
vt 0.2994 0.7391
vt 0.2898 0.7376
vt 0.2843 0.7369
vt 0.2793 0.7362
vt 0.2756 0.7350
vt 0.2741 0.7327
vt 0.5150 0.8470
vt 0.5123 0.8515
vt 0.0789 0.8480
vt 0.0935 0.8499
vt 0.5241 0.8429
vt 0.5375 0.8416
vt 0.1767 0.5869
vt 0.1850 0.5824
vt 0.1851 0.5839
vt 0.1774 0.5879
vt 0.1072 0.8498
vt 0.1775 0.5947
vt 0.1752 0.5910
vt 0.1773 0.5917
vt 0.1792 0.5936
vt 0.1817 0.7468
vt 0.1811 0.7465
vt 0.3523 0.8416
vt 0.3390 0.8329
vt 0.0055 0.8322
vt 0.0205 0.8400
vt 0.3242 0.8264
vt 0.3608 0.8537
vt 0.1892 0.7383
vt 0.1852 0.7387
vt 0.0617 0.8423
vt 0.0423 0.8360
vt 0.3311 0.8196
vt 0.3467 0.8253
vt 0.1216 0.8474
vt 0.1080 0.8452
vt 0.0238 0.8290
vt 0.3911 0.8364
vt 0.3774 0.8340
vt 0.4037 0.8401
vt 0.4443 0.8386
vt 0.4322 0.8365
vt 0.3616 0.8318
vt 0.0063 0.8223
vt 0.4176 0.8396
vt 0.1485 0.8434
vt 0.1352 0.8454
vt 0.4536 0.8422
vt 0.4574 0.8463
vt 0.1852 0.7387
vt 0.2101 0.7324
vt 0.2085 0.7348
vt 0.2044 0.7361
vt 0.1991 0.7368
vt 0.1939 0.7376
vt 0.1892 0.7383
vt 0.2184 0.5834
vt 0.2303 0.5883
vt 0.2288 0.5889
vt 0.2174 0.5851
vt 0.5544 0.8474
vt 0.2018 0.5825
vt 0.2013 0.5837
vt 0.2304 0.5931
vt 0.2203 0.5956
vt 0.2191 0.5941
vt 0.2296 0.5923
vt 0.2053 0.5960
vt 0.1893 0.5958
vt 0.1888 0.5941
vt 0.2043 0.5948
vt 0.5697 0.8482
vt 0.2185 0.5901
vt 0.2300 0.5907
vt 0.1871 0.5889
vt 0.1773 0.5917
vt 0.1888 0.5941
vt 0.2032 0.5890
vt 0.2321 0.5915
vt 0.5934 0.8427
vt 0.5905 0.8407
vt 0.2298 0.5870
vt 0.2324 0.5910
vt 0.5928 0.8449
vt 0.2323 0.5943
vt 0.5405 0.8380
vt 0.5396 0.8408
vt 0.1730 0.5917
vt 0.1758 0.5867
vt 0.5421 0.8439
vt 0.5542 0.8454
vt 0.2209 0.5974
vt 0.2058 0.5980
vt 0.5694 0.8467
vt 0.5844 0.8471
vt 0.2292 0.5975
vt 0.2289 0.5967
vt 0.5787 0.8395
vt 0.5653 0.8382
vt 0.2024 0.5808
vt 0.2190 0.5825
vt 0.2073 0.6037
vt 0.1888 0.6025
vt 0.1905 0.5989
vt 0.2071 0.6000
vt 0.5513 0.8369
vt 0.1850 0.5818
vt 0.1781 0.5967
vt 0.5449 0.3851
vt 0.5582 0.3932
vt 0.5461 0.3945
vt 0.5401 0.3951
vt 0.5279 0.3849
vt 0.5287 0.3948
vt 0.1781 0.5967
vt 0.1840 0.5980
vt 0.1892 0.5973
vt 0.1824 0.5967
vt 0.2268 0.6037
vt 0.2226 0.5989
vt 0.5170 0.3972
vt 0.5069 0.3970
vt 0.5114 0.3949
vt 0.5153 0.3957
vt 0.5405 0.3967
vt 0.5294 0.3963
vt 0.5504 0.3972
vt 0.4996 0.3885
vt 0.5096 0.3854
vt 0.4974 0.3915
vt 0.5600 0.3956
vt 0.5108 0.0380
vt 0.5048 0.0378
vt 0.5281 0.0372
vt 0.5225 0.0376
vt 0.4931 0.0369
vt 0.4873 0.0359
vt 0.5439 0.0355
vt 0.5387 0.0362
vt 0.5335 0.0368
vt 0.5643 0.0295
vt 0.5593 0.0317
vt 0.4989 0.0375
vt 0.5167 0.0379
vt 0.4817 0.0345
vt 0.5490 0.0346
vt 0.5542 0.0333
vt 0.5693 0.0268
vt 0.4763 0.0324
vt 0.5740 0.0232
vt 0.5216 0.0359
vt 0.5159 0.0362
vt 0.5688 0.0245
vt 0.5641 0.0272
vt 0.5591 0.0293
vt 0.5379 0.0340
vt 0.5325 0.0348
vt 0.5486 0.0321
vt 0.5432 0.0331
vt 0.5103 0.0362
vt 0.5047 0.0361
vt 0.4991 0.0358
vt 0.4936 0.0353
vt 0.5539 0.0308
vt 0.4882 0.0343
vt 0.4829 0.0330
vt 0.4778 0.0311
vt 0.5271 0.0354
vt 0.5733 0.0211
vt 0.5207 0.3745
vt 0.5140 0.3738
vt 0.5147 0.3671
vt 0.5205 0.3680
vt 0.5075 0.3728
vt 0.5011 0.3716
vt 0.5037 0.3656
vt 0.5092 0.3664
vt 0.5538 0.3756
vt 0.5475 0.3761
vt 0.5452 0.3700
vt 0.5513 0.3694
vt 0.5656 0.3720
vt 0.5598 0.3742
vt 0.5572 0.3682
vt 0.5629 0.3661
vt 0.5410 0.3761
vt 0.5390 0.3699
vt 0.4948 0.3702
vt 0.4982 0.3645
vt 0.5764 0.3654
vt 0.5712 0.3690
vt 0.5683 0.3632
vt 0.5733 0.3596
vt 0.5814 0.3613
vt 0.5774 0.3555
vt 0.5275 0.3752
vt 0.5265 0.3688
vt 0.4887 0.3683
vt 0.4927 0.3630
vt 0.4776 0.3629
vt 0.4724 0.3595
vt 0.4770 0.3544
vt 0.4822 0.3583
vt 0.5343 0.3757
vt 0.5327 0.3695
vt 0.4830 0.3659
vt 0.4874 0.3610
vt 0.5452 0.3685
vt 0.5510 0.3680
vt 0.5566 0.3668
vt 0.5620 0.3648
vt 0.5098 0.3645
vt 0.5155 0.3653
vt 0.5393 0.3685
vt 0.4987 0.3624
vt 0.5042 0.3636
vt 0.5670 0.3620
vt 0.5718 0.3585
vt 0.5756 0.3547
vt 0.5213 0.3663
vt 0.5272 0.3672
vt 0.4931 0.3609
vt 0.4779 0.3527
vt 0.4829 0.3564
vt 0.5332 0.3680
vt 0.4879 0.3590
vt 0.5593 0.0288
vt 0.5650 0.0280
vt 0.5118 0.0365
vt 0.5180 0.0359
vt 0.5708 0.0273
vt 0.5765 0.0262
vt 0.4752 0.0305
vt 0.4808 0.0333
vt 0.4996 0.0369
vt 0.5057 0.0370
vt 0.5822 0.0242
vt 0.5537 0.0296
vt 0.5242 0.0351
vt 0.5304 0.0341
vt 0.4869 0.0351
vt 0.4933 0.0364
vt 0.5423 0.0319
vt 0.5481 0.0307
vt 0.5365 0.0331
vt 0.5160 0.3614
vt 0.5103 0.3602
vt 0.5110 0.3592
vt 0.5163 0.3603
vt 0.5580 0.3554
vt 0.5524 0.3581
vt 0.5508 0.3570
vt 0.5563 0.3541
vt 0.4876 0.3470
vt 0.4825 0.3413
vt 0.4846 0.3408
vt 0.4895 0.3465
vt 0.4784 0.3351
vt 0.4806 0.3348
vt 0.4932 0.3519
vt 0.4948 0.3512
vt 0.5343 0.3617
vt 0.5281 0.3620
vt 0.5276 0.3609
vt 0.5335 0.3606
vt 0.5633 0.3518
vt 0.5615 0.3503
vt 0.5750 0.3345
vt 0.5720 0.3410
vt 0.5703 0.3395
vt 0.5733 0.3332
vt 0.5220 0.3619
vt 0.5218 0.3608
vt 0.5682 0.3470
vt 0.5663 0.3454
vt 0.5405 0.3611
vt 0.5393 0.3600
vt 0.5465 0.3599
vt 0.5451 0.3589
vt 0.5048 0.3583
vt 0.5058 0.3575
vt 0.4990 0.3557
vt 0.5003 0.3549
vt 0.4874 0.3377
vt 0.4917 0.3431
vt 0.4837 0.3318
vt 0.4964 0.3477
vt 0.5281 0.3575
vt 0.5340 0.3572
vt 0.5549 0.3505
vt 0.5591 0.3469
vt 0.5665 0.3376
vt 0.5695 0.3318
vt 0.5223 0.3574
vt 0.5166 0.3569
vt 0.5629 0.3426
vt 0.5398 0.3565
vt 0.5452 0.3552
vt 0.5503 0.3533
vt 0.5063 0.3541
vt 0.5113 0.3558
vt 0.5013 0.3514
vt 0.4930 0.3420
vt 0.4975 0.3465
vt 0.5282 0.3565
vt 0.5339 0.3562
vt 0.5538 0.3495
vt 0.5578 0.3460
vt 0.5649 0.3367
vt 0.5678 0.3311
vt 0.5226 0.3564
vt 0.5172 0.3558
vt 0.5615 0.3416
vt 0.5393 0.3555
vt 0.5445 0.3542
vt 0.5493 0.3523
vt 0.5071 0.3529
vt 0.5120 0.3547
vt 0.5022 0.3502
vt 0.4889 0.3367
vt 0.4855 0.3311
f 50/1 46/2 45/3 49/4
f 52/5 39/6 38/7 51/8
f 53/9 47/10 46/2 50/1
f 54/11 40/12 39/6 52/5
f 55/13 48/14 47/10 53/9
f 56/15 41/16 40/12 54/11
f 58/17 33/18 34/19 57/20
f 57/20 34/19 48/14 55/13
f 59/21 42/22 41/16 56/15
f 60/23 35/24 33/18 58/17
f 61/25 43/26 42/22 59/21
f 62/27 36/28 35/24 60/23
f 63/29 44/30 43/26 61/25
f 64/31 37/32 36/28 62/27
f 49/4 45/3 44/30 63/29
f 51/33 38/34 37/32 64/31
f 9/35 25/36 24/37 8/38
f 10/39 26/40 25/36 9/35
f 11/41 27/42 26/40 10/39
f 12/43 28/44 27/42 11/41
f 13/45 29/46 28/44 12/43
f 14/47 30/48 29/46 13/45
f 15/49 31/50 30/48 14/47
f 2/51 17/52 18/53 1/54
f 16/55 32/56 31/50 15/49
f 3/57 19/58 17/52 2/51
f 1/54 18/53 32/56 16/55
f 4/59 20/60 19/58 3/57
f 5/61 21/62 20/60 4/59
f 6/63 22/64 21/62 5/61
f 7/65 23/66 22/67 6/68
f 86/69 87/70 175/71 176/72
f 8/38 24/37 23/66 7/65
f 22/64 51/33 64/31 21/62
f 29/46 49/4 63/29 28/44
f 21/62 64/31 62/27 20/60
f 28/44 63/29 61/25 27/42
f 20/60 62/27 60/23 19/58
f 27/42 61/25 59/21 26/40
f 19/58 60/23 58/17 17/52
f 26/40 59/21 56/15 25/36
f 18/53 57/20 55/13 32/56
f 17/52 58/17 57/20 18/53
f 25/36 56/15 54/11 24/37
f 32/56 55/13 53/9 31/50
f 24/37 54/11 52/5 23/66
f 31/50 53/9 50/1 30/48
f 23/66 52/5 51/8 22/67
f 30/48 50/1 49/4 29/46
f 72/73 73/74 168/75 169/76
f 87/70 88/77 174/78 175/71
f 88/77 89/79 173/80 174/78
f 89/79 90/81 172/82 173/80
f 90/81 91/83 171/84 172/82
f 175/71 161/85 162/86 176/72
f 73/74 74/87 167/88 168/75
f 74/87 75/89 166/90 167/88
f 75/89 76/91 165/92 166/90
f 76/91 77/93 164/94 165/92
f 201/95 92/96 170/97 213/98
f 168/75 154/99 155/100 169/76
f 175/71 174/78 160/101 161/85
f 174/78 173/80 159/102 160/101
f 173/80 172/82 158/103 159/102
f 172/82 171/84 157/104 158/103
f 199/105 78/106 163/107 212/108
f 161/85 140/109 141/110 162/86
f 168/75 167/88 153/111 154/99
f 167/88 166/90 152/112 153/111
f 166/90 165/92 151/113 152/112
f 165/92 164/94 150/114 151/113
f 213/98 170/97 156/115 211/116
f 154/99 133/117 134/118 155/100
f 161/85 160/101 139/119 140/109
f 160/101 159/102 138/120 139/119
f 159/102 158/103 137/121 138/120
f 158/103 157/104 136/122 137/121
f 212/108 163/107 149/123 210/124
f 142/125 143/126 126/127 127/128
f 154/99 153/111 132/129 133/117
f 153/111 152/112 131/130 132/129
f 152/112 151/113 130/131 131/130
f 151/113 150/114 129/132 130/131
f 211/116 156/115 135/133 208/134
f 140/109 143/126 142/125 141/110
f 143/126 144/135 125/136 126/127
f 144/135 145/137 124/138 125/136
f 145/137 146/139 123/140 124/138
f 146/139 147/141 122/142 123/140
f 210/124 149/123 128/143 207/144
f 133/117 119/145 120/146 134/118
f 140/109 139/119 144/135 143/126
f 139/119 138/120 145/137 144/135
f 138/120 137/121 146/139 145/137
f 137/121 136/122 147/141 146/139
f 209/147 148/148 121/149 206/150
f 126/127 112/151 113/152 127/128
f 133/117 132/129 118/153 119/145
f 132/129 131/130 117/154 118/153
f 131/130 130/131 116/155 117/154
f 130/131 129/132 115/156 116/155
f 208/134 135/133 148/148 209/147
f 119/145 105/157 106/158 120/146
f 126/127 125/136 111/159 112/151
f 125/136 124/138 110/160 111/159
f 124/138 123/140 109/161 110/160
f 123/140 122/142 108/162 109/161
f 207/144 128/143 114/163 205/164
f 112/151 98/165 99/166 113/152
f 119/145 118/153 104/167 105/157
f 118/153 117/154 103/168 104/167
f 117/154 116/155 102/169 103/168
f 116/155 115/156 101/170 102/169
f 206/150 121/149 107/171 204/172
f 105/157 84/173 85/174 106/158
f 112/151 111/159 97/175 98/165
f 111/159 110/160 96/176 97/175
f 110/160 109/161 95/177 96/176
f 109/161 108/162 94/178 95/177
f 205/164 114/163 100/179 203/180
f 98/165 70/181 71/182 99/166
f 105/157 104/167 83/183 84/173
f 104/167 103/168 82/184 83/183
f 103/168 102/169 81/185 82/184
f 102/169 101/170 80/186 81/185
f 204/172 107/171 93/187 202/188
f 84/173 87/70 86/69 85/174
f 98/165 97/175 69/189 70/181
f 97/175 96/176 68/190 69/189
f 96/176 95/177 67/191 68/190
f 95/177 94/178 66/192 67/191
f 203/180 100/179 79/193 200/194
f 70/181 73/74 72/73 71/182
f 84/173 83/183 88/77 87/70
f 83/183 82/184 89/79 88/77
f 82/184 81/185 90/81 89/79
f 81/185 80/186 91/83 90/81
f 202/188 93/187 65/195 198/196
f 70/181 69/189 74/87 73/74
f 69/189 68/190 75/89 74/87
f 68/190 67/191 76/91 75/89
f 67/191 66/192 77/93 76/91
f 200/194 79/193 92/96 201/95
f 148/197 135/198 177/199 121/200
f 135/198 156/201 180/202 177/199
f 156/201 170/203 183/204 180/202
f 195/205 78/206 65/207 196/208
f 121/200 177/199 178/209 107/210
f 177/199 180/202 181/211 178/209
f 180/202 183/204 184/212 181/211
f 183/204 79/213 100/214 184/212
f 107/210 178/209 179/215 93/216
f 178/209 181/211 182/217 179/215
f 181/211 184/212 185/218 182/217
f 184/212 100/214 114/219 185/218
f 179/215 182/217 163/220 78/221
f 182/217 185/218 149/222 163/220
f 185/218 114/219 128/223 149/222
f 196/208 65/207 93/224 194/225
f 197/226 179/227 78/228 195/229
f 194/230 93/231 179/232 197/233
f 79/234 183/235 187/236 186/237
f 183/238 170/239 188/240 187/241
f 92/242 79/243 186/244 189/245
f 170/246 92/242 189/245 188/247
f 186/248 187/249 190/250 192/251
f 187/249 188/252 191/253 190/250
f 189/245 186/244 192/254 193/255
f 188/247 189/245 193/255 191/253
f 191/253 194/256 197/257 190/250
f 190/250 197/257 195/258 192/251
f 193/255 196/208 194/225 191/253
f 192/254 195/205 196/208 193/255
f 66/192 198/259 199/260 77/93
f 80/186 200/194 201/95 91/83
f 94/178 202/188 198/196 66/192
f 101/170 203/180 200/194 80/186
f 108/162 204/172 202/188 94/178
f 115/156 205/164 203/180 101/170
f 122/142 206/150 204/172 108/162
f 129/132 207/144 205/164 115/156
f 136/122 208/134 209/147 147/141
f 147/141 209/147 206/150 122/142
f 150/114 210/124 207/144 129/132
f 157/104 211/116 208/134 136/122
f 164/94 212/108 210/124 150/114
f 171/84 213/98 211/116 157/104
f 77/93 199/260 212/108 164/94
f 91/83 201/95 213/98 171/84
f 162/261 35/24 36/28 176/262
f 176/262 36/28 37/32 86/263
f 86/263 37/32 38/34 85/264
f 85/265 38/7 39/6 106/266
f 106/266 39/6 40/12 120/267
f 120/267 40/12 41/16 134/268
f 134/268 41/16 42/22 155/269
f 155/269 42/22 43/26 169/270
f 169/270 43/26 44/30 72/271
f 72/271 44/30 45/3 71/272
f 71/272 45/3 46/2 99/273
f 99/273 46/2 47/10 113/274
f 113/274 47/10 48/14 127/275
f 127/275 48/14 34/19 142/276
f 142/276 34/19 33/18 141/277
f 141/277 33/18 35/24 162/261
f 198/196 65/195 78/106 199/260
f 263/278 259/279 258/280 262/281
f 265/282 252/283 251/284 264/285
f 266/286 260/287 259/279 263/278
f 267/288 253/289 252/283 265/282
f 268/290 261/291 260/287 266/286
f 269/292 254/293 253/289 267/288
f 271/294 246/295 247/296 270/297
f 270/297 247/296 261/291 268/290
f 272/298 255/299 254/293 269/292
f 273/300 248/301 246/295 271/294
f 274/302 256/303 255/299 272/298
f 275/304 249/305 248/301 273/300
f 276/306 257/307 256/303 274/302
f 277/308 250/309 249/305 275/304
f 262/281 258/280 257/307 276/306
f 264/310 251/311 250/309 277/308
f 222/312 238/313 237/314 221/315
f 223/316 239/317 238/313 222/312
f 224/318 240/319 239/317 223/316
f 225/320 241/321 240/319 224/318
f 226/322 242/323 241/321 225/320
f 227/324 243/325 242/323 226/322
f 228/326 244/327 243/325 227/324
f 215/328 230/329 231/330 214/331
f 229/332 245/333 244/327 228/326
f 216/334 232/335 230/329 215/328
f 214/331 231/330 245/333 229/332
f 217/336 233/337 232/335 216/334
f 218/338 234/339 233/337 217/336
f 219/340 235/341 234/339 218/338
f 220/342 236/343 235/344 219/345
f 299/346 300/347 388/348 389/349
f 221/315 237/314 236/343 220/342
f 235/341 264/310 277/308 234/339
f 242/323 262/281 276/306 241/321
f 234/339 277/308 275/304 233/337
f 241/321 276/306 274/302 240/319
f 233/337 275/304 273/300 232/335
f 240/319 274/302 272/298 239/317
f 232/335 273/300 271/294 230/329
f 239/317 272/298 269/292 238/313
f 231/330 270/297 268/290 245/333
f 230/329 271/294 270/297 231/330
f 238/313 269/292 267/288 237/314
f 245/333 268/290 266/286 244/327
f 237/314 267/288 265/282 236/343
f 244/327 266/286 263/278 243/325
f 236/343 265/282 264/285 235/344
f 243/325 263/278 262/281 242/323
f 285/350 286/351 381/352 382/353
f 300/347 301/354 387/355 388/348
f 301/354 302/356 386/357 387/355
f 302/356 303/358 385/359 386/357
f 303/358 304/360 384/361 385/359
f 388/348 374/362 375/363 389/349
f 286/351 287/364 380/365 381/352
f 287/364 288/366 379/367 380/365
f 288/366 289/368 378/369 379/367
f 289/368 290/370 377/371 378/369
f 414/372 305/373 383/374 426/375
f 381/352 367/376 368/377 382/353
f 388/348 387/355 373/378 374/362
f 387/355 386/357 372/379 373/378
f 386/357 385/359 371/380 372/379
f 385/359 384/361 370/381 371/380
f 412/382 291/383 376/384 425/385
f 374/362 353/386 354/387 375/363
f 381/352 380/365 366/388 367/376
f 380/365 379/367 365/389 366/388
f 379/367 378/369 364/390 365/389
f 378/369 377/371 363/391 364/390
f 426/375 383/374 369/392 424/393
f 367/376 346/394 347/395 368/377
f 374/362 373/378 352/396 353/386
f 373/378 372/379 351/397 352/396
f 372/379 371/380 350/398 351/397
f 371/380 370/381 349/399 350/398
f 425/385 376/384 362/400 423/401
f 355/402 356/403 339/404 340/405
f 367/376 366/388 345/406 346/394
f 366/388 365/389 344/407 345/406
f 365/389 364/390 343/408 344/407
f 364/390 363/391 342/409 343/408
f 424/393 369/392 348/410 421/411
f 353/386 356/403 355/402 354/387
f 356/403 357/412 338/413 339/404
f 357/412 358/414 337/415 338/413
f 358/414 359/416 336/417 337/415
f 359/416 360/418 335/419 336/417
f 423/401 362/400 341/420 420/421
f 346/394 332/422 333/423 347/395
f 353/386 352/396 357/412 356/403
f 352/396 351/397 358/414 357/412
f 351/397 350/398 359/416 358/414
f 350/398 349/399 360/418 359/416
f 422/424 361/425 334/426 419/427
f 339/404 325/428 326/429 340/405
f 346/394 345/406 331/430 332/422
f 345/406 344/407 330/431 331/430
f 344/407 343/408 329/432 330/431
f 343/408 342/409 328/433 329/432
f 421/411 348/410 361/425 422/424
f 332/422 318/434 319/435 333/423
f 339/404 338/413 324/436 325/428
f 338/413 337/415 323/437 324/436
f 337/415 336/417 322/438 323/437
f 336/417 335/419 321/439 322/438
f 420/421 341/420 327/440 418/441
f 325/428 311/442 312/443 326/429
f 332/422 331/430 317/444 318/434
f 331/430 330/431 316/445 317/444
f 330/431 329/432 315/446 316/445
f 329/432 328/433 314/447 315/446
f 419/427 334/426 320/448 417/449
f 318/434 297/450 298/451 319/435
f 325/428 324/436 310/452 311/442
f 324/436 323/437 309/453 310/452
f 323/437 322/438 308/454 309/453
f 322/438 321/439 307/455 308/454
f 418/441 327/440 313/456 416/457
f 311/442 283/458 284/459 312/443
f 318/434 317/444 296/460 297/450
f 317/444 316/445 295/461 296/460
f 316/445 315/446 294/462 295/461
f 315/446 314/447 293/463 294/462
f 417/449 320/448 306/464 415/465
f 297/450 300/347 299/346 298/451
f 311/442 310/452 282/466 283/458
f 310/452 309/453 281/467 282/466
f 309/453 308/454 280/468 281/467
f 308/454 307/455 279/469 280/468
f 416/457 313/456 292/470 413/471
f 283/458 286/351 285/350 284/459
f 297/450 296/460 301/354 300/347
f 296/460 295/461 302/356 301/354
f 295/461 294/462 303/358 302/356
f 294/462 293/463 304/360 303/358
f 415/465 306/464 278/472 411/473
f 283/458 282/466 287/364 286/351
f 282/466 281/467 288/366 287/364
f 281/467 280/468 289/368 288/366
f 280/468 279/469 290/370 289/368
f 413/471 292/470 305/373 414/372
f 361/474 348/475 390/476 334/477
f 348/475 369/478 393/479 390/476
f 369/478 383/480 396/481 393/479
f 408/482 291/483 278/484 409/485
f 334/477 390/476 391/486 320/487
f 390/476 393/479 394/488 391/486
f 393/479 396/481 397/489 394/488
f 396/481 292/490 313/491 397/489
f 320/487 391/486 392/492 306/493
f 391/486 394/488 395/494 392/492
f 394/488 397/489 398/495 395/494
f 397/489 313/491 327/496 398/495
f 392/492 395/494 376/497 291/498
f 395/494 398/495 362/499 376/497
f 398/495 327/496 341/500 362/499
f 409/485 278/484 306/501 407/502
f 410/503 392/504 291/505 408/506
f 407/507 306/508 392/509 410/510
f 292/511 396/512 400/513 399/514
f 396/515 383/516 401/517 400/518
f 305/519 292/520 399/521 402/522
f 383/523 305/519 402/522 401/524
f 399/525 400/526 403/527 405/528
f 400/526 401/529 404/530 403/527
f 402/522 399/521 405/531 406/532
f 401/524 402/522 406/532 404/530
f 404/530 407/533 410/534 403/527
f 403/527 410/534 408/535 405/528
f 406/532 409/485 407/502 404/530
f 405/531 408/482 409/485 406/532
f 279/469 411/536 412/537 290/370
f 293/463 413/471 414/372 304/360
f 307/455 415/465 411/473 279/469
f 314/447 416/457 413/471 293/463
f 321/439 417/449 415/465 307/455
f 328/433 418/441 416/457 314/447
f 335/419 419/427 417/449 321/439
f 342/409 420/421 418/441 328/433
f 349/399 421/411 422/424 360/418
f 360/418 422/424 419/427 335/419
f 363/391 423/401 420/421 342/409
f 370/381 424/393 421/411 349/399
f 377/371 425/385 423/401 363/391
f 384/361 426/375 424/393 370/381
f 290/370 412/537 425/385 377/371
f 304/360 414/372 426/375 384/361
f 375/538 248/301 249/305 389/539
f 389/539 249/305 250/309 299/540
f 299/540 250/309 251/311 298/541
f 298/542 251/284 252/283 319/543
f 319/543 252/283 253/289 333/544
f 333/544 253/289 254/293 347/545
f 347/545 254/293 255/299 368/546
f 368/546 255/299 256/303 382/547
f 382/547 256/303 257/307 285/548
f 285/548 257/307 258/280 284/549
f 284/549 258/280 259/279 312/550
f 312/550 259/279 260/287 326/551
f 326/551 260/287 261/291 340/552
f 340/552 261/291 247/296 355/553
f 355/553 247/296 246/295 354/554
f 354/554 246/295 248/301 375/538
f 411/473 278/472 291/383 412/537
f 476/555 472/556 471/557 475/558
f 478/559 465/560 464/561 477/562
f 479/563 473/564 472/556 476/555
f 480/565 466/566 465/560 478/559
f 481/567 474/568 473/564 479/563
f 482/569 467/570 466/566 480/565
f 484/571 459/572 460/573 483/574
f 483/574 460/573 474/568 481/567
f 485/575 468/576 467/570 482/569
f 486/577 461/578 459/572 484/571
f 487/579 469/580 468/576 485/575
f 488/581 462/582 461/578 486/577
f 489/583 470/584 469/580 487/579
f 490/585 463/586 462/582 488/581
f 475/558 471/557 470/584 489/583
f 477/587 464/588 463/586 490/585
f 435/589 451/590 450/591 434/592
f 436/593 452/594 451/590 435/589
f 437/595 453/596 452/594 436/593
f 438/597 454/598 453/596 437/595
f 439/599 455/600 454/598 438/597
f 440/601 456/602 455/600 439/599
f 441/603 457/604 456/602 440/601
f 428/605 443/606 444/607 427/608
f 442/609 458/610 457/604 441/603
f 429/611 445/612 443/606 428/605
f 427/608 444/607 458/610 442/609
f 430/613 446/614 445/612 429/611
f 431/615 447/616 446/614 430/613
f 432/617 448/618 447/616 431/615
f 433/619 449/620 448/621 432/622
f 512/623 513/624 601/625 602/626
f 434/592 450/591 449/620 433/619
f 448/618 477/587 490/585 447/616
f 455/600 475/558 489/583 454/598
f 447/616 490/585 488/581 446/614
f 454/598 489/583 487/579 453/596
f 446/614 488/581 486/577 445/612
f 453/596 487/579 485/575 452/594
f 445/612 486/577 484/571 443/606
f 452/594 485/575 482/569 451/590
f 444/607 483/574 481/567 458/610
f 443/606 484/571 483/574 444/607
f 451/590 482/569 480/565 450/591
f 458/610 481/567 479/563 457/604
f 450/591 480/565 478/559 449/620
f 457/604 479/563 476/555 456/602
f 449/620 478/559 477/562 448/621
f 456/602 476/555 475/558 455/600
f 498/627 499/628 594/629 595/630
f 513/624 514/631 600/632 601/625
f 514/631 515/633 599/634 600/632
f 515/633 516/635 598/636 599/634
f 516/635 517/637 597/638 598/636
f 601/625 587/639 588/640 602/626
f 499/628 500/641 593/642 594/629
f 500/641 501/643 592/644 593/642
f 501/643 502/645 591/646 592/644
f 502/645 503/647 590/648 591/646
f 627/649 518/650 596/651 639/652
f 594/629 580/653 581/654 595/630
f 601/625 600/632 586/655 587/639
f 600/632 599/634 585/656 586/655
f 599/634 598/636 584/657 585/656
f 598/636 597/638 583/658 584/657
f 625/659 504/660 589/661 638/662
f 587/639 566/663 567/664 588/640
f 594/629 593/642 579/665 580/653
f 593/642 592/644 578/666 579/665
f 592/644 591/646 577/667 578/666
f 591/646 590/648 576/668 577/667
f 639/652 596/651 582/669 637/670
f 580/653 559/671 560/672 581/654
f 587/639 586/655 565/673 566/663
f 586/655 585/656 564/674 565/673
f 585/656 584/657 563/675 564/674
f 584/657 583/658 562/676 563/675
f 638/662 589/661 575/677 636/678
f 568/679 569/680 552/681 553/682
f 580/653 579/665 558/683 559/671
f 579/665 578/666 557/684 558/683
f 578/666 577/667 556/685 557/684
f 577/667 576/668 555/686 556/685
f 637/670 582/669 561/687 634/688
f 566/663 569/680 568/679 567/664
f 569/680 570/689 551/690 552/681
f 570/689 571/691 550/692 551/690
f 571/691 572/693 549/694 550/692
f 572/693 573/695 548/696 549/694
f 636/678 575/677 554/697 633/698
f 559/671 545/699 546/700 560/672
f 566/663 565/673 570/689 569/680
f 565/673 564/674 571/691 570/689
f 564/674 563/675 572/693 571/691
f 563/675 562/676 573/695 572/693
f 635/701 574/702 547/703 632/704
f 552/681 538/705 539/706 553/682
f 559/671 558/683 544/707 545/699
f 558/683 557/684 543/708 544/707
f 557/684 556/685 542/709 543/708
f 556/685 555/686 541/710 542/709
f 634/688 561/687 574/702 635/701
f 545/699 531/711 532/712 546/700
f 552/681 551/690 537/713 538/705
f 551/690 550/692 536/714 537/713
f 550/692 549/694 535/715 536/714
f 549/694 548/696 534/716 535/715
f 633/698 554/697 540/717 631/718
f 538/705 524/719 525/720 539/706
f 545/699 544/707 530/721 531/711
f 544/707 543/708 529/722 530/721
f 543/708 542/709 528/723 529/722
f 542/709 541/710 527/724 528/723
f 632/704 547/703 533/725 630/726
f 531/711 510/727 511/728 532/712
f 538/705 537/713 523/729 524/719
f 537/713 536/714 522/730 523/729
f 536/714 535/715 521/731 522/730
f 535/715 534/716 520/732 521/731
f 631/718 540/717 526/733 629/734
f 524/719 496/735 497/736 525/720
f 531/711 530/721 509/737 510/727
f 530/721 529/722 508/738 509/737
f 529/722 528/723 507/739 508/738
f 528/723 527/724 506/740 507/739
f 630/726 533/725 519/741 628/742
f 510/727 513/624 512/623 511/728
f 524/719 523/729 495/743 496/735
f 523/729 522/730 494/744 495/743
f 522/730 521/731 493/745 494/744
f 521/731 520/732 492/746 493/745
f 629/734 526/733 505/747 626/748
f 496/735 499/628 498/627 497/736
f 510/727 509/737 514/631 513/624
f 509/737 508/738 515/633 514/631
f 508/738 507/739 516/635 515/633
f 507/739 506/740 517/637 516/635
f 628/742 519/741 491/749 624/750
f 496/735 495/743 500/641 499/628
f 495/743 494/744 501/643 500/641
f 494/744 493/745 502/645 501/643
f 493/745 492/746 503/647 502/645
f 626/748 505/747 518/650 627/649
f 574/751 561/752 603/753 547/754
f 561/752 582/755 606/756 603/753
f 582/755 596/757 609/758 606/756
f 621/759 504/760 491/761 622/762
f 547/754 603/753 604/763 533/764
f 603/753 606/756 607/765 604/763
f 606/756 609/758 610/766 607/765
f 609/758 505/767 526/768 610/766
f 533/764 604/763 605/769 519/770
f 604/763 607/765 608/771 605/769
f 607/765 610/766 611/772 608/771
f 610/766 526/768 540/773 611/772
f 605/769 608/771 589/774 504/775
f 608/771 611/772 575/776 589/774
f 611/772 540/773 554/777 575/776
f 622/762 491/761 519/778 620/779
f 623/780 605/781 504/782 621/783
f 620/784 519/785 605/786 623/787
f 505/788 609/789 613/790 612/791
f 609/792 596/793 614/794 613/795
f 518/796 505/797 612/798 615/799
f 596/800 518/796 615/799 614/801
f 612/802 613/803 616/804 618/805
f 613/803 614/806 617/807 616/804
f 615/799 612/798 618/808 619/809
f 614/801 615/799 619/809 617/807
f 617/807 620/810 623/811 616/804
f 616/804 623/811 621/812 618/805
f 619/809 622/762 620/779 617/807
f 618/808 621/759 622/762 619/809
f 492/746 624/813 625/814 503/647
f 506/740 626/748 627/649 517/637
f 520/732 628/742 624/750 492/746
f 527/724 629/734 626/748 506/740
f 534/716 630/726 628/742 520/732
f 541/710 631/718 629/734 527/724
f 548/696 632/704 630/726 534/716
f 555/686 633/698 631/718 541/710
f 562/676 634/688 635/701 573/695
f 573/695 635/701 632/704 548/696
f 576/668 636/678 633/698 555/686
f 583/658 637/670 634/688 562/676
f 590/648 638/662 636/678 576/668
f 597/638 639/652 637/670 583/658
f 503/647 625/814 638/662 590/648
f 517/637 627/649 639/652 597/638
f 588/815 461/578 462/582 602/816
f 602/816 462/582 463/586 512/817
f 512/817 463/586 464/588 511/818
f 511/819 464/561 465/560 532/820
f 532/820 465/560 466/566 546/821
f 546/821 466/566 467/570 560/822
f 560/822 467/570 468/576 581/823
f 581/823 468/576 469/580 595/824
f 595/824 469/580 470/584 498/825
f 498/825 470/584 471/557 497/826
f 497/826 471/557 472/556 525/827
f 525/827 472/556 473/564 539/828
f 539/828 473/564 474/568 553/829
f 553/829 474/568 460/573 568/830
f 568/830 460/573 459/572 567/831
f 567/831 459/572 461/578 588/815
f 624/750 491/749 504/660 625/814
f 689/832 685/833 684/834 688/835
f 691/836 678/837 677/838 690/839
f 692/840 686/841 685/833 689/832
f 693/842 679/843 678/837 691/836
f 694/844 687/845 686/841 692/840
f 695/846 680/847 679/843 693/842
f 697/848 672/849 673/850 696/851
f 696/851 673/850 687/845 694/844
f 698/852 681/853 680/847 695/846
f 699/854 674/855 672/849 697/848
f 700/856 682/857 681/853 698/852
f 701/858 675/859 674/855 699/854
f 702/860 683/861 682/857 700/856
f 703/862 676/863 675/859 701/858
f 688/835 684/834 683/861 702/860
f 690/864 677/865 676/863 703/862
f 648/866 664/867 663/868 647/869
f 649/870 665/871 664/867 648/866
f 650/872 666/873 665/871 649/870
f 651/874 667/875 666/873 650/872
f 652/876 668/877 667/875 651/874
f 653/878 669/879 668/877 652/876
f 654/880 670/881 669/879 653/878
f 641/882 656/883 657/884 640/885
f 655/886 671/887 670/881 654/880
f 642/888 658/889 656/883 641/882
f 640/885 657/884 671/887 655/886
f 643/890 659/891 658/889 642/888
f 644/892 660/893 659/891 643/890
f 645/894 661/895 660/893 644/892
f 646/896 662/897 661/898 645/899
f 725/900 726/901 814/902 815/903
f 647/869 663/868 662/897 646/896
f 661/895 690/864 703/862 660/893
f 668/877 688/835 702/860 667/875
f 660/893 703/862 701/858 659/891
f 667/875 702/860 700/856 666/873
f 659/891 701/858 699/854 658/889
f 666/873 700/856 698/852 665/871
f 658/889 699/854 697/848 656/883
f 665/871 698/852 695/846 664/867
f 657/884 696/851 694/844 671/887
f 656/883 697/848 696/851 657/884
f 664/867 695/846 693/842 663/868
f 671/887 694/844 692/840 670/881
f 663/868 693/842 691/836 662/897
f 670/881 692/840 689/832 669/879
f 662/897 691/836 690/839 661/898
f 669/879 689/832 688/835 668/877
f 711/904 712/905 807/906 808/907
f 726/901 727/908 813/909 814/902
f 727/908 728/910 812/911 813/909
f 728/910 729/912 811/913 812/911
f 729/912 730/914 810/915 811/913
f 814/902 800/916 801/917 815/903
f 712/905 713/918 806/919 807/906
f 713/918 714/920 805/921 806/919
f 714/920 715/922 804/923 805/921
f 715/922 716/924 803/925 804/923
f 840/926 731/927 809/928 852/929
f 807/906 793/930 794/931 808/907
f 814/902 813/909 799/932 800/916
f 813/909 812/911 798/933 799/932
f 812/911 811/913 797/934 798/933
f 811/913 810/915 796/935 797/934
f 838/936 717/937 802/938 851/939
f 800/916 779/940 780/941 801/917
f 807/906 806/919 792/942 793/930
f 806/919 805/921 791/943 792/942
f 805/921 804/923 790/944 791/943
f 804/923 803/925 789/945 790/944
f 852/929 809/928 795/946 850/947
f 793/930 772/948 773/949 794/931
f 800/916 799/932 778/950 779/940
f 799/932 798/933 777/951 778/950
f 798/933 797/934 776/952 777/951
f 797/934 796/935 775/953 776/952
f 851/939 802/938 788/954 849/955
f 781/956 782/957 765/958 766/959
f 793/930 792/942 771/960 772/948
f 792/942 791/943 770/961 771/960
f 791/943 790/944 769/962 770/961
f 790/944 789/945 768/963 769/962
f 850/947 795/946 774/964 847/965
f 779/940 782/957 781/956 780/941
f 782/957 783/966 764/967 765/958
f 783/966 784/968 763/969 764/967
f 784/968 785/970 762/971 763/969
f 785/970 786/972 761/973 762/971
f 849/955 788/954 767/974 846/975
f 772/948 758/976 759/977 773/949
f 779/940 778/950 783/966 782/957
f 778/950 777/951 784/968 783/966
f 777/951 776/952 785/970 784/968
f 776/952 775/953 786/972 785/970
f 848/978 787/979 760/980 845/981
f 765/958 751/982 752/983 766/959
f 772/948 771/960 757/984 758/976
f 771/960 770/961 756/985 757/984
f 770/961 769/962 755/986 756/985
f 769/962 768/963 754/987 755/986
f 847/965 774/964 787/979 848/978
f 758/976 744/988 745/989 759/977
f 765/958 764/967 750/990 751/982
f 764/967 763/969 749/991 750/990
f 763/969 762/971 748/992 749/991
f 762/971 761/973 747/993 748/992
f 846/975 767/974 753/994 844/995
f 751/982 737/996 738/997 752/983
f 758/976 757/984 743/998 744/988
f 757/984 756/985 742/999 743/998
f 756/985 755/986 741/1000 742/999
f 755/986 754/987 740/1001 741/1000
f 845/981 760/980 746/1002 843/1003
f 744/988 723/1004 724/1005 745/989
f 751/982 750/990 736/1006 737/996
f 750/990 749/991 735/1007 736/1006
f 749/991 748/992 734/1008 735/1007
f 748/992 747/993 733/1009 734/1008
f 844/995 753/994 739/1010 842/1011
f 737/996 709/1012 710/1013 738/997
f 744/988 743/998 722/1014 723/1004
f 743/998 742/999 721/1015 722/1014
f 742/999 741/1000 720/1016 721/1015
f 741/1000 740/1001 719/1017 720/1016
f 843/1003 746/1002 732/1018 841/1019
f 723/1004 726/901 725/900 724/1005
f 737/996 736/1006 708/1020 709/1012
f 736/1006 735/1007 707/1021 708/1020
f 735/1007 734/1008 706/1022 707/1021
f 734/1008 733/1009 705/1023 706/1022
f 842/1011 739/1010 718/1024 839/1025
f 709/1012 712/905 711/904 710/1013
f 723/1004 722/1014 727/908 726/901
f 722/1014 721/1015 728/910 727/908
f 721/1015 720/1016 729/912 728/910
f 720/1016 719/1017 730/914 729/912
f 841/1019 732/1018 704/1026 837/1027
f 709/1012 708/1020 713/918 712/905
f 708/1020 707/1021 714/920 713/918
f 707/1021 706/1022 715/922 714/920
f 706/1022 705/1023 716/924 715/922
f 839/1025 718/1024 731/927 840/926
f 787/1028 774/1029 816/1030 760/1031
f 774/1029 795/1032 819/1033 816/1030
f 795/1032 809/1034 822/1035 819/1033
f 834/1036 717/1037 704/1038 835/1039
f 760/1031 816/1030 817/1040 746/1041
f 816/1030 819/1033 820/1042 817/1040
f 819/1033 822/1035 823/1043 820/1042
f 822/1035 718/1044 739/1045 823/1043
f 746/1041 817/1040 818/1046 732/1047
f 817/1040 820/1042 821/1048 818/1046
f 820/1042 823/1043 824/1049 821/1048
f 823/1043 739/1045 753/1050 824/1049
f 818/1046 821/1048 802/1051 717/1052
f 821/1048 824/1049 788/1053 802/1051
f 824/1049 753/1050 767/1054 788/1053
f 835/1039 704/1038 732/1055 833/1056
f 836/1057 818/1058 717/1059 834/1060
f 833/1061 732/1062 818/1063 836/1064
f 718/1065 822/1066 826/1067 825/1068
f 822/1069 809/1070 827/1071 826/1072
f 731/1073 718/1074 825/1075 828/1076
f 809/1077 731/1073 828/1076 827/1078
f 825/1079 826/1080 829/1081 831/1082
f 826/1080 827/1083 830/1084 829/1081
f 828/1076 825/1075 831/1085 832/1086
f 827/1078 828/1076 832/1086 830/1084
f 830/1084 833/1087 836/1088 829/1081
f 829/1081 836/1088 834/1089 831/1082
f 832/1086 835/1039 833/1056 830/1084
f 831/1085 834/1036 835/1039 832/1086
f 705/1023 837/1090 838/1091 716/924
f 719/1017 839/1025 840/926 730/914
f 733/1009 841/1019 837/1027 705/1023
f 740/1001 842/1011 839/1025 719/1017
f 747/993 843/1003 841/1019 733/1009
f 754/987 844/995 842/1011 740/1001
f 761/973 845/981 843/1003 747/993
f 768/963 846/975 844/995 754/987
f 775/953 847/965 848/978 786/972
f 786/972 848/978 845/981 761/973
f 789/945 849/955 846/975 768/963
f 796/935 850/947 847/965 775/953
f 803/925 851/939 849/955 789/945
f 810/915 852/929 850/947 796/935
f 716/924 838/1091 851/939 803/925
f 730/914 840/926 852/929 810/915
f 801/1092 674/855 675/859 815/1093
f 815/1093 675/859 676/863 725/1094
f 725/1094 676/863 677/865 724/1095
f 724/1096 677/838 678/837 745/1097
f 745/1097 678/837 679/843 759/1098
f 759/1098 679/843 680/847 773/1099
f 773/1099 680/847 681/853 794/1100
f 794/1100 681/853 682/857 808/1101
f 808/1101 682/857 683/861 711/1102
f 711/1102 683/861 684/834 710/1103
f 710/1103 684/834 685/833 738/1104
f 738/1104 685/833 686/841 752/1105
f 752/1105 686/841 687/845 766/1106
f 766/1106 687/845 673/850 781/1107
f 781/1107 673/850 672/849 780/1108
f 780/1108 672/849 674/855 801/1092
f 837/1027 704/1026 717/937 838/1091
f 902/1109 901/1110 897/1111 898/1112
f 904/1113 903/1114 890/1115 891/1116
f 905/1117 902/1109 898/1112 899/1118
f 906/1119 904/1113 891/1116 892/1120
f 907/1121 905/1117 899/1118 900/1122
f 908/1123 906/1119 892/1120 893/1124
f 910/1125 909/1126 886/1127 885/1128
f 909/1126 907/1121 900/1122 886/1127
f 911/1129 908/1123 893/1124 894/1130
f 912/1131 910/1125 885/1128 887/1132
f 913/1133 911/1129 894/1130 895/1134
f 914/1135 912/1131 887/1132 888/1136
f 915/1137 913/1133 895/1134 896/1138
f 916/1139 914/1135 888/1136 889/1140
f 901/1110 915/1137 896/1138 897/1111
f 903/1141 916/1139 889/1140 890/1142
f 861/1143 860/1144 876/1145 877/1146
f 862/1147 861/1143 877/1146 878/1148
f 863/1149 862/1147 878/1148 879/1150
f 864/1151 863/1149 879/1150 880/1152
f 865/1153 864/1151 880/1152 881/1154
f 866/1155 865/1153 881/1154 882/1156
f 867/1157 866/1155 882/1156 883/1158
f 854/1159 853/1160 870/1161 869/1162
f 868/1163 867/1157 883/1158 884/1164
f 855/1165 854/1159 869/1162 871/1166
f 853/1160 868/1163 884/1164 870/1161
f 856/1167 855/1165 871/1166 872/1168
f 857/1169 856/1167 872/1168 873/1170
f 858/1171 857/1169 873/1170 874/1172
f 859/1173 858/1174 874/1175 875/1176
f 938/1177 1028/1178 1027/1179 939/1180
f 860/1144 859/1173 875/1176 876/1145
f 874/1172 873/1170 916/1139 903/1141
f 881/1154 880/1152 915/1137 901/1110
f 873/1170 872/1168 914/1135 916/1139
f 880/1152 879/1150 913/1133 915/1137
f 872/1168 871/1166 912/1131 914/1135
f 879/1150 878/1148 911/1129 913/1133
f 871/1166 869/1162 910/1125 912/1131
f 878/1148 877/1146 908/1123 911/1129
f 870/1161 884/1164 907/1121 909/1126
f 869/1162 870/1161 909/1126 910/1125
f 877/1146 876/1145 906/1119 908/1123
f 884/1164 883/1158 905/1117 907/1121
f 876/1145 875/1176 904/1113 906/1119
f 883/1158 882/1156 902/1109 905/1117
f 875/1176 874/1175 903/1114 904/1113
f 882/1156 881/1154 901/1110 902/1109
f 924/1181 1021/1182 1020/1183 925/1184
f 939/1180 1027/1179 1026/1185 940/1186
f 940/1186 1026/1185 1025/1187 941/1188
f 941/1188 1025/1187 1024/1189 942/1190
f 942/1190 1024/1189 1023/1191 943/1192
f 1027/1179 1028/1178 1014/1193 1013/1194
f 925/1184 1020/1183 1019/1195 926/1196
f 926/1196 1019/1195 1018/1197 927/1198
f 927/1198 1018/1197 1017/1199 928/1200
f 928/1200 1017/1199 1016/1201 929/1202
f 1053/1203 1065/1204 1022/1205 944/1206
f 1020/1183 1021/1182 1007/1207 1006/1208
f 1027/1179 1013/1194 1012/1209 1026/1185
f 1026/1185 1012/1209 1011/1210 1025/1187
f 1025/1187 1011/1210 1010/1211 1024/1189
f 1024/1189 1010/1211 1009/1212 1023/1191
f 1051/1213 1064/1214 1015/1215 930/1216
f 1013/1194 1014/1193 993/1217 992/1218
f 1020/1183 1006/1208 1005/1219 1019/1195
f 1019/1195 1005/1219 1004/1220 1018/1197
f 1018/1197 1004/1220 1003/1221 1017/1199
f 1017/1199 1003/1221 1002/1222 1016/1201
f 1065/1204 1063/1223 1008/1224 1022/1205
f 1006/1208 1007/1207 986/1225 985/1226
f 1013/1194 992/1218 991/1227 1012/1209
f 1012/1209 991/1227 990/1228 1011/1210
f 1011/1210 990/1228 989/1229 1010/1211
f 1010/1211 989/1229 988/1230 1009/1212
f 1064/1214 1062/1231 1001/1232 1015/1215
f 994/1233 979/1234 978/1235 995/1236
f 1006/1208 985/1226 984/1237 1005/1219
f 1005/1219 984/1237 983/1238 1004/1220
f 1004/1220 983/1238 982/1239 1003/1221
f 1003/1221 982/1239 981/1240 1002/1222
f 1063/1223 1060/1241 987/1242 1008/1224
f 992/1218 993/1217 994/1233 995/1236
f 995/1236 978/1235 977/1243 996/1244
f 996/1244 977/1243 976/1245 997/1246
f 997/1246 976/1245 975/1247 998/1248
f 998/1248 975/1247 974/1249 999/1250
f 1062/1231 1059/1251 980/1252 1001/1232
f 985/1226 986/1225 972/1253 971/1254
f 992/1218 995/1236 996/1244 991/1227
f 991/1227 996/1244 997/1246 990/1228
f 990/1228 997/1246 998/1248 989/1229
f 989/1229 998/1248 999/1250 988/1230
f 1061/1255 1058/1256 973/1257 1000/1258
f 978/1235 979/1234 965/1259 964/1260
f 985/1226 971/1254 970/1261 984/1237
f 984/1237 970/1261 969/1262 983/1238
f 983/1238 969/1262 968/1263 982/1239
f 982/1239 968/1263 967/1264 981/1240
f 1060/1241 1061/1255 1000/1258 987/1242
f 971/1254 972/1253 958/1265 957/1266
f 978/1235 964/1260 963/1267 977/1243
f 977/1243 963/1267 962/1268 976/1245
f 976/1245 962/1268 961/1269 975/1247
f 975/1247 961/1269 960/1270 974/1249
f 1059/1251 1057/1271 966/1272 980/1252
f 964/1260 965/1259 951/1273 950/1274
f 971/1254 957/1266 956/1275 970/1261
f 970/1261 956/1275 955/1276 969/1262
f 969/1262 955/1276 954/1277 968/1263
f 968/1263 954/1277 953/1278 967/1264
f 1058/1256 1056/1279 959/1280 973/1257
f 957/1266 958/1265 937/1281 936/1282
f 964/1260 950/1274 949/1283 963/1267
f 963/1267 949/1283 948/1284 962/1268
f 962/1268 948/1284 947/1285 961/1269
f 961/1269 947/1285 946/1286 960/1270
f 1057/1271 1055/1287 952/1288 966/1272
f 950/1274 951/1273 923/1289 922/1290
f 957/1266 936/1282 935/1291 956/1275
f 956/1275 935/1291 934/1292 955/1276
f 955/1276 934/1292 933/1293 954/1277
f 954/1277 933/1293 932/1294 953/1278
f 1056/1279 1054/1295 945/1296 959/1280
f 936/1282 937/1281 938/1177 939/1180
f 950/1274 922/1290 921/1297 949/1283
f 949/1283 921/1297 920/1298 948/1284
f 948/1284 920/1298 919/1299 947/1285
f 947/1285 919/1299 918/1300 946/1286
f 1055/1287 1052/1301 931/1302 952/1288
f 922/1290 923/1289 924/1181 925/1184
f 936/1282 939/1180 940/1186 935/1291
f 935/1291 940/1186 941/1188 934/1292
f 934/1292 941/1188 942/1190 933/1293
f 933/1293 942/1190 943/1192 932/1294
f 1054/1295 1050/1303 917/1304 945/1296
f 922/1290 925/1184 926/1196 921/1297
f 921/1297 926/1196 927/1198 920/1298
f 920/1298 927/1198 928/1200 919/1299
f 919/1299 928/1200 929/1202 918/1300
f 1052/1301 1053/1203 944/1206 931/1302
f 1000/1305 973/1306 1029/1307 987/1308
f 987/1308 1029/1307 1032/1309 1008/1310
f 1008/1310 1032/1309 1035/1311 1022/1312
f 1047/1313 1048/1314 917/1315 930/1316
f 973/1306 959/1317 1030/1318 1029/1307
f 1029/1307 1030/1318 1033/1319 1032/1309
f 1032/1309 1033/1319 1036/1320 1035/1311
f 1035/1311 1036/1320 952/1321 931/1322
f 959/1317 945/1323 1031/1324 1030/1318
f 1030/1318 1031/1324 1034/1325 1033/1319
f 1033/1319 1034/1325 1037/1326 1036/1320
f 1036/1320 1037/1326 966/1327 952/1321
f 1031/1324 930/1328 1015/1329 1034/1325
f 1034/1325 1015/1329 1001/1330 1037/1326
f 1037/1326 1001/1330 980/1331 966/1327
f 1048/1314 1046/1332 945/1333 917/1315
f 1049/1334 1047/1335 930/1336 1031/1337
f 1046/1338 1049/1339 1031/1340 945/1341
f 931/1342 1038/1343 1039/1344 1035/1345
f 1035/1346 1039/1347 1040/1348 1022/1349
f 944/1350 1041/1351 1038/1352 931/1353
f 1022/1354 1040/1355 1041/1351 944/1350
f 1038/1356 1044/1357 1042/1358 1039/1359
f 1039/1359 1042/1358 1043/1360 1040/1361
f 1041/1351 1045/1362 1044/1363 1038/1352
f 1040/1355 1043/1360 1045/1362 1041/1351
f 1043/1360 1042/1358 1049/1364 1046/1365
f 1042/1358 1044/1357 1047/1366 1049/1364
f 1045/1362 1043/1360 1046/1365 1048/1314
f 1044/1363 1045/1362 1048/1314 1047/1313
f 918/1300 929/1202 1051/1367 1050/1368
f 932/1294 943/1192 1053/1203 1052/1301
f 946/1286 918/1300 1050/1368 1054/1295
f 953/1278 932/1294 1052/1301 1055/1287
f 960/1270 946/1286 1054/1295 1056/1279
f 967/1264 953/1278 1055/1287 1057/1271
f 974/1249 960/1270 1056/1279 1058/1256
f 981/1240 967/1264 1057/1271 1059/1251
f 988/1230 999/1250 1061/1255 1060/1241
f 999/1250 974/1249 1058/1256 1061/1255
f 1002/1222 981/1240 1059/1251 1062/1231
f 1009/1212 988/1230 1060/1241 1063/1223
f 1016/1201 1002/1222 1062/1231 1064/1214
f 1023/1191 1009/1212 1063/1223 1065/1204
f 929/1202 1016/1201 1064/1214 1051/1367
f 943/1192 1023/1191 1065/1204 1053/1203
f 1014/1369 1028/1370 888/1136 887/1132
f 1028/1370 938/1371 889/1140 888/1136
f 938/1371 937/1372 890/1142 889/1140
f 937/1373 958/1374 891/1116 890/1115
f 958/1374 972/1375 892/1120 891/1116
f 972/1375 986/1376 893/1124 892/1120
f 986/1376 1007/1377 894/1130 893/1124
f 1007/1377 1021/1378 895/1134 894/1130
f 1021/1378 924/1379 896/1138 895/1134
f 924/1379 923/1380 897/1111 896/1138
f 923/1380 951/1381 898/1112 897/1111
f 951/1381 965/1382 899/1118 898/1112
f 965/1382 979/1383 900/1122 899/1118
f 979/1383 994/1384 886/1127 900/1122
f 994/1384 993/1385 885/1128 886/1127
f 993/1385 1014/1369 887/1132 885/1128
f 1050/1303 1051/1367 930/1216 917/1304
f 1115/1386 1114/1387 1110/1388 1111/1389
f 1117/1390 1116/1391 1103/1392 1104/1393
f 1118/1394 1115/1386 1111/1389 1112/1395
f 1119/1396 1117/1390 1104/1393 1105/1397
f 1120/1398 1118/1394 1112/1395 1113/1399
f 1121/1400 1119/1396 1105/1397 1106/1401
f 1123/1402 1122/1403 1099/1404 1098/1405
f 1122/1403 1120/1398 1113/1399 1099/1404
f 1124/1406 1121/1400 1106/1401 1107/1407
f 1125/1408 1123/1402 1098/1405 1100/1409
f 1126/1410 1124/1406 1107/1407 1108/1411
f 1127/1412 1125/1408 1100/1409 1101/1413
f 1128/1414 1126/1410 1108/1411 1109/1415
f 1129/1416 1127/1412 1101/1413 1102/1417
f 1114/1387 1128/1414 1109/1415 1110/1388
f 1116/1418 1129/1416 1102/1417 1103/1419
f 1074/1420 1073/1421 1089/1422 1090/1423
f 1075/1424 1074/1420 1090/1423 1091/1425
f 1076/1426 1075/1424 1091/1425 1092/1427
f 1077/1428 1076/1426 1092/1427 1093/1429
f 1078/1430 1077/1428 1093/1429 1094/1431
f 1079/1432 1078/1430 1094/1431 1095/1433
f 1080/1434 1079/1432 1095/1433 1096/1435
f 1067/1436 1066/1437 1083/1438 1082/1439
f 1081/1440 1080/1434 1096/1435 1097/1441
f 1068/1442 1067/1436 1082/1439 1084/1443
f 1066/1437 1081/1440 1097/1441 1083/1438
f 1069/1444 1068/1442 1084/1443 1085/1445
f 1070/1446 1069/1444 1085/1445 1086/1447
f 1071/1448 1070/1446 1086/1447 1087/1449
f 1072/1450 1071/1451 1087/1452 1088/1453
f 1151/1454 1241/1455 1240/1456 1152/1457
f 1073/1421 1072/1450 1088/1453 1089/1422
f 1087/1449 1086/1447 1129/1416 1116/1418
f 1094/1431 1093/1429 1128/1414 1114/1387
f 1086/1447 1085/1445 1127/1412 1129/1416
f 1093/1429 1092/1427 1126/1410 1128/1414
f 1085/1445 1084/1443 1125/1408 1127/1412
f 1092/1427 1091/1425 1124/1406 1126/1410
f 1084/1443 1082/1439 1123/1402 1125/1408
f 1091/1425 1090/1423 1121/1400 1124/1406
f 1083/1438 1097/1441 1120/1398 1122/1403
f 1082/1439 1083/1438 1122/1403 1123/1402
f 1090/1423 1089/1422 1119/1396 1121/1400
f 1097/1441 1096/1435 1118/1394 1120/1398
f 1089/1422 1088/1453 1117/1390 1119/1396
f 1096/1435 1095/1433 1115/1386 1118/1394
f 1088/1453 1087/1452 1116/1391 1117/1390
f 1095/1433 1094/1431 1114/1387 1115/1386
f 1137/1458 1234/1459 1233/1460 1138/1461
f 1152/1457 1240/1456 1239/1462 1153/1463
f 1153/1463 1239/1462 1238/1464 1154/1465
f 1154/1465 1238/1464 1237/1466 1155/1467
f 1155/1467 1237/1466 1236/1468 1156/1469
f 1240/1456 1241/1455 1227/1470 1226/1471
f 1138/1461 1233/1460 1232/1472 1139/1473
f 1139/1473 1232/1472 1231/1474 1140/1475
f 1140/1475 1231/1474 1230/1476 1141/1477
f 1141/1477 1230/1476 1229/1478 1142/1479
f 1266/1480 1278/1481 1235/1482 1157/1483
f 1233/1460 1234/1459 1220/1484 1219/1485
f 1240/1456 1226/1471 1225/1486 1239/1462
f 1239/1462 1225/1486 1224/1487 1238/1464
f 1238/1464 1224/1487 1223/1488 1237/1466
f 1237/1466 1223/1488 1222/1489 1236/1468
f 1264/1490 1277/1491 1228/1492 1143/1493
f 1226/1471 1227/1470 1206/1494 1205/1495
f 1233/1460 1219/1485 1218/1496 1232/1472
f 1232/1472 1218/1496 1217/1497 1231/1474
f 1231/1474 1217/1497 1216/1498 1230/1476
f 1230/1476 1216/1498 1215/1499 1229/1478
f 1278/1481 1276/1500 1221/1501 1235/1482
f 1219/1485 1220/1484 1199/1502 1198/1503
f 1226/1471 1205/1495 1204/1504 1225/1486
f 1225/1486 1204/1504 1203/1505 1224/1487
f 1224/1487 1203/1505 1202/1506 1223/1488
f 1223/1488 1202/1506 1201/1507 1222/1489
f 1277/1491 1275/1508 1214/1509 1228/1492
f 1207/1510 1192/1511 1191/1512 1208/1513
f 1219/1485 1198/1503 1197/1514 1218/1496
f 1218/1496 1197/1514 1196/1515 1217/1497
f 1217/1497 1196/1515 1195/1516 1216/1498
f 1216/1498 1195/1516 1194/1517 1215/1499
f 1276/1500 1273/1518 1200/1519 1221/1501
f 1205/1495 1206/1494 1207/1510 1208/1513
f 1208/1513 1191/1512 1190/1520 1209/1521
f 1209/1521 1190/1520 1189/1522 1210/1523
f 1210/1523 1189/1522 1188/1524 1211/1525
f 1211/1525 1188/1524 1187/1526 1212/1527
f 1275/1508 1272/1528 1193/1529 1214/1509
f 1198/1503 1199/1502 1185/1530 1184/1531
f 1205/1495 1208/1513 1209/1521 1204/1504
f 1204/1504 1209/1521 1210/1523 1203/1505
f 1203/1505 1210/1523 1211/1525 1202/1506
f 1202/1506 1211/1525 1212/1527 1201/1507
f 1274/1532 1271/1533 1186/1534 1213/1535
f 1191/1512 1192/1511 1178/1536 1177/1537
f 1198/1503 1184/1531 1183/1538 1197/1514
f 1197/1514 1183/1538 1182/1539 1196/1515
f 1196/1515 1182/1539 1181/1540 1195/1516
f 1195/1516 1181/1540 1180/1541 1194/1517
f 1273/1518 1274/1532 1213/1535 1200/1519
f 1184/1531 1185/1530 1171/1542 1170/1543
f 1191/1512 1177/1537 1176/1544 1190/1520
f 1190/1520 1176/1544 1175/1545 1189/1522
f 1189/1522 1175/1545 1174/1546 1188/1524
f 1188/1524 1174/1546 1173/1547 1187/1526
f 1272/1528 1270/1548 1179/1549 1193/1529
f 1177/1537 1178/1536 1164/1550 1163/1551
f 1184/1531 1170/1543 1169/1552 1183/1538
f 1183/1538 1169/1552 1168/1553 1182/1539
f 1182/1539 1168/1553 1167/1554 1181/1540
f 1181/1540 1167/1554 1166/1555 1180/1541
f 1271/1533 1269/1556 1172/1557 1186/1534
f 1170/1543 1171/1542 1150/1558 1149/1559
f 1177/1537 1163/1551 1162/1560 1176/1544
f 1176/1544 1162/1560 1161/1561 1175/1545
f 1175/1545 1161/1561 1160/1562 1174/1546
f 1174/1546 1160/1562 1159/1563 1173/1547
f 1270/1548 1268/1564 1165/1565 1179/1549
f 1163/1551 1164/1550 1136/1566 1135/1567
f 1170/1543 1149/1559 1148/1568 1169/1552
f 1169/1552 1148/1568 1147/1569 1168/1553
f 1168/1553 1147/1569 1146/1570 1167/1554
f 1167/1554 1146/1570 1145/1571 1166/1555
f 1269/1556 1267/1572 1158/1573 1172/1557
f 1149/1559 1150/1558 1151/1454 1152/1457
f 1163/1551 1135/1567 1134/1574 1162/1560
f 1162/1560 1134/1574 1133/1575 1161/1561
f 1161/1561 1133/1575 1132/1576 1160/1562
f 1160/1562 1132/1576 1131/1577 1159/1563
f 1268/1564 1265/1578 1144/1579 1165/1565
f 1135/1567 1136/1566 1137/1458 1138/1461
f 1149/1559 1152/1457 1153/1463 1148/1568
f 1148/1568 1153/1463 1154/1465 1147/1569
f 1147/1569 1154/1465 1155/1467 1146/1570
f 1146/1570 1155/1467 1156/1469 1145/1571
f 1267/1572 1263/1580 1130/1581 1158/1573
f 1135/1567 1138/1461 1139/1473 1134/1574
f 1134/1574 1139/1473 1140/1475 1133/1575
f 1133/1575 1140/1475 1141/1477 1132/1576
f 1132/1576 1141/1477 1142/1479 1131/1577
f 1265/1578 1266/1480 1157/1483 1144/1579
f 1213/1582 1186/1583 1242/1584 1200/1585
f 1200/1585 1242/1584 1245/1586 1221/1587
f 1221/1587 1245/1586 1248/1588 1235/1589
f 1260/1590 1261/1591 1130/1592 1143/1593
f 1186/1583 1172/1594 1243/1595 1242/1584
f 1242/1584 1243/1595 1246/1596 1245/1586
f 1245/1586 1246/1596 1249/1597 1248/1588
f 1248/1588 1249/1597 1165/1598 1144/1599
f 1172/1594 1158/1600 1244/1601 1243/1595
f 1243/1595 1244/1601 1247/1602 1246/1596
f 1246/1596 1247/1602 1250/1603 1249/1597
f 1249/1597 1250/1603 1179/1604 1165/1598
f 1244/1601 1143/1605 1228/1606 1247/1602
f 1247/1602 1228/1606 1214/1607 1250/1603
f 1250/1603 1214/1607 1193/1608 1179/1604
f 1261/1591 1259/1609 1158/1610 1130/1592
f 1262/1611 1260/1612 1143/1613 1244/1614
f 1259/1615 1262/1616 1244/1617 1158/1618
f 1144/1619 1251/1620 1252/1621 1248/1622
f 1248/1623 1252/1624 1253/1625 1235/1626
f 1157/1627 1254/1628 1251/1629 1144/1630
f 1235/1631 1253/1632 1254/1628 1157/1627
f 1251/1633 1257/1634 1255/1635 1252/1636
f 1252/1636 1255/1635 1256/1637 1253/1638
f 1254/1628 1258/1639 1257/1640 1251/1629
f 1253/1632 1256/1637 1258/1639 1254/1628
f 1256/1637 1255/1635 1262/1641 1259/1642
f 1255/1635 1257/1634 1260/1643 1262/1641
f 1258/1639 1256/1637 1259/1642 1261/1591
f 1257/1640 1258/1639 1261/1591 1260/1590
f 1131/1577 1142/1479 1264/1644 1263/1645
f 1145/1571 1156/1469 1266/1480 1265/1578
f 1159/1563 1131/1577 1263/1645 1267/1572
f 1166/1555 1145/1571 1265/1578 1268/1564
f 1173/1547 1159/1563 1267/1572 1269/1556
f 1180/1541 1166/1555 1268/1564 1270/1548
f 1187/1526 1173/1547 1269/1556 1271/1533
f 1194/1517 1180/1541 1270/1548 1272/1528
f 1201/1507 1212/1527 1274/1532 1273/1518
f 1212/1527 1187/1526 1271/1533 1274/1532
f 1215/1499 1194/1517 1272/1528 1275/1508
f 1222/1489 1201/1507 1273/1518 1276/1500
f 1229/1478 1215/1499 1275/1508 1277/1491
f 1236/1468 1222/1489 1276/1500 1278/1481
f 1142/1479 1229/1478 1277/1491 1264/1644
f 1156/1469 1236/1468 1278/1481 1266/1480
f 1227/1646 1241/1647 1101/1413 1100/1409
f 1241/1647 1151/1648 1102/1417 1101/1413
f 1151/1648 1150/1649 1103/1419 1102/1417
f 1150/1650 1171/1651 1104/1393 1103/1392
f 1171/1651 1185/1652 1105/1397 1104/1393
f 1185/1652 1199/1653 1106/1401 1105/1397
f 1199/1653 1220/1654 1107/1407 1106/1401
f 1220/1654 1234/1655 1108/1411 1107/1407
f 1234/1655 1137/1656 1109/1415 1108/1411
f 1137/1656 1136/1657 1110/1388 1109/1415
f 1136/1657 1164/1658 1111/1389 1110/1388
f 1164/1658 1178/1659 1112/1395 1111/1389
f 1178/1659 1192/1660 1113/1399 1112/1395
f 1192/1660 1207/1661 1099/1404 1113/1399
f 1207/1661 1206/1662 1098/1405 1099/1404
f 1206/1662 1227/1646 1100/1409 1098/1405
f 1263/1580 1264/1644 1143/1493 1130/1581
f 1328/1663 1327/1664 1323/1665 1324/1666
f 1330/1667 1329/1668 1316/1669 1317/1670
f 1331/1671 1328/1663 1324/1666 1325/1672
f 1332/1673 1330/1667 1317/1670 1318/1674
f 1333/1675 1331/1671 1325/1672 1326/1676
f 1334/1677 1332/1673 1318/1674 1319/1678
f 1336/1679 1335/1680 1312/1681 1311/1682
f 1335/1680 1333/1675 1326/1676 1312/1681
f 1337/1683 1334/1677 1319/1678 1320/1684
f 1338/1685 1336/1679 1311/1682 1313/1686
f 1339/1687 1337/1683 1320/1684 1321/1688
f 1340/1689 1338/1685 1313/1686 1314/1690
f 1341/1691 1339/1687 1321/1688 1322/1692
f 1342/1693 1340/1689 1314/1690 1315/1694
f 1327/1664 1341/1691 1322/1692 1323/1665
f 1329/1695 1342/1693 1315/1694 1316/1696
f 1287/1697 1286/1698 1302/1699 1303/1700
f 1288/1701 1287/1697 1303/1700 1304/1702
f 1289/1703 1288/1701 1304/1702 1305/1704
f 1290/1705 1289/1703 1305/1704 1306/1706
f 1291/1707 1290/1705 1306/1706 1307/1708
f 1292/1709 1291/1707 1307/1708 1308/1710
f 1293/1711 1292/1709 1308/1710 1309/1712
f 1280/1713 1279/1714 1296/1715 1295/1716
f 1294/1717 1293/1711 1309/1712 1310/1718
f 1281/1719 1280/1713 1295/1716 1297/1720
f 1279/1714 1294/1717 1310/1718 1296/1715
f 1282/1721 1281/1719 1297/1720 1298/1722
f 1283/1723 1282/1721 1298/1722 1299/1724
f 1284/1725 1283/1723 1299/1724 1300/1726
f 1285/1727 1284/1728 1300/1729 1301/1730
f 1364/1731 1454/1732 1453/1733 1365/1734
f 1286/1698 1285/1727 1301/1730 1302/1699
f 1300/1726 1299/1724 1342/1693 1329/1695
f 1307/1708 1306/1706 1341/1691 1327/1664
f 1299/1724 1298/1722 1340/1689 1342/1693
f 1306/1706 1305/1704 1339/1687 1341/1691
f 1298/1722 1297/1720 1338/1685 1340/1689
f 1305/1704 1304/1702 1337/1683 1339/1687
f 1297/1720 1295/1716 1336/1679 1338/1685
f 1304/1702 1303/1700 1334/1677 1337/1683
f 1296/1715 1310/1718 1333/1675 1335/1680
f 1295/1716 1296/1715 1335/1680 1336/1679
f 1303/1700 1302/1699 1332/1673 1334/1677
f 1310/1718 1309/1712 1331/1671 1333/1675
f 1302/1699 1301/1730 1330/1667 1332/1673
f 1309/1712 1308/1710 1328/1663 1331/1671
f 1301/1730 1300/1729 1329/1668 1330/1667
f 1308/1710 1307/1708 1327/1664 1328/1663
f 1350/1735 1447/1736 1446/1737 1351/1738
f 1365/1734 1453/1733 1452/1739 1366/1740
f 1366/1740 1452/1739 1451/1741 1367/1742
f 1367/1742 1451/1741 1450/1743 1368/1744
f 1368/1744 1450/1743 1449/1745 1369/1746
f 1453/1733 1454/1732 1440/1747 1439/1748
f 1351/1738 1446/1737 1445/1749 1352/1750
f 1352/1750 1445/1749 1444/1751 1353/1752
f 1353/1752 1444/1751 1443/1753 1354/1754
f 1354/1754 1443/1753 1442/1755 1355/1756
f 1479/1757 1491/1758 1448/1759 1370/1760
f 1446/1737 1447/1736 1433/1761 1432/1762
f 1453/1733 1439/1748 1438/1763 1452/1739
f 1452/1739 1438/1763 1437/1764 1451/1741
f 1451/1741 1437/1764 1436/1765 1450/1743
f 1450/1743 1436/1765 1435/1766 1449/1745
f 1477/1767 1490/1768 1441/1769 1356/1770
f 1439/1748 1440/1747 1419/1771 1418/1772
f 1446/1737 1432/1762 1431/1773 1445/1749
f 1445/1749 1431/1773 1430/1774 1444/1751
f 1444/1751 1430/1774 1429/1775 1443/1753
f 1443/1753 1429/1775 1428/1776 1442/1755
f 1491/1758 1489/1777 1434/1778 1448/1759
f 1432/1762 1433/1761 1412/1779 1411/1780
f 1439/1748 1418/1772 1417/1781 1438/1763
f 1438/1763 1417/1781 1416/1782 1437/1764
f 1437/1764 1416/1782 1415/1783 1436/1765
f 1436/1765 1415/1783 1414/1784 1435/1766
f 1490/1768 1488/1785 1427/1786 1441/1769
f 1420/1787 1405/1788 1404/1789 1421/1790
f 1432/1762 1411/1780 1410/1791 1431/1773
f 1431/1773 1410/1791 1409/1792 1430/1774
f 1430/1774 1409/1792 1408/1793 1429/1775
f 1429/1775 1408/1793 1407/1794 1428/1776
f 1489/1777 1486/1795 1413/1796 1434/1778
f 1418/1772 1419/1771 1420/1787 1421/1790
f 1421/1790 1404/1789 1403/1797 1422/1798
f 1422/1798 1403/1797 1402/1799 1423/1800
f 1423/1800 1402/1799 1401/1801 1424/1802
f 1424/1802 1401/1801 1400/1803 1425/1804
f 1488/1785 1485/1805 1406/1806 1427/1786
f 1411/1780 1412/1779 1398/1807 1397/1808
f 1418/1772 1421/1790 1422/1798 1417/1781
f 1417/1781 1422/1798 1423/1800 1416/1782
f 1416/1782 1423/1800 1424/1802 1415/1783
f 1415/1783 1424/1802 1425/1804 1414/1784
f 1487/1809 1484/1810 1399/1811 1426/1812
f 1404/1789 1405/1788 1391/1813 1390/1814
f 1411/1780 1397/1808 1396/1815 1410/1791
f 1410/1791 1396/1815 1395/1816 1409/1792
f 1409/1792 1395/1816 1394/1817 1408/1793
f 1408/1793 1394/1817 1393/1818 1407/1794
f 1486/1795 1487/1809 1426/1812 1413/1796
f 1397/1808 1398/1807 1384/1819 1383/1820
f 1404/1789 1390/1814 1389/1821 1403/1797
f 1403/1797 1389/1821 1388/1822 1402/1799
f 1402/1799 1388/1822 1387/1823 1401/1801
f 1401/1801 1387/1823 1386/1824 1400/1803
f 1485/1805 1483/1825 1392/1826 1406/1806
f 1390/1814 1391/1813 1377/1827 1376/1828
f 1397/1808 1383/1820 1382/1829 1396/1815
f 1396/1815 1382/1829 1381/1830 1395/1816
f 1395/1816 1381/1830 1380/1831 1394/1817
f 1394/1817 1380/1831 1379/1832 1393/1818
f 1484/1810 1482/1833 1385/1834 1399/1811
f 1383/1820 1384/1819 1363/1835 1362/1836
f 1390/1814 1376/1828 1375/1837 1389/1821
f 1389/1821 1375/1837 1374/1838 1388/1822
f 1388/1822 1374/1838 1373/1839 1387/1823
f 1387/1823 1373/1839 1372/1840 1386/1824
f 1483/1825 1481/1841 1378/1842 1392/1826
f 1376/1828 1377/1827 1349/1843 1348/1844
f 1383/1820 1362/1836 1361/1845 1382/1829
f 1382/1829 1361/1845 1360/1846 1381/1830
f 1381/1830 1360/1846 1359/1847 1380/1831
f 1380/1831 1359/1847 1358/1848 1379/1832
f 1482/1833 1480/1849 1371/1850 1385/1834
f 1362/1836 1363/1835 1364/1731 1365/1734
f 1376/1828 1348/1844 1347/1851 1375/1837
f 1375/1837 1347/1851 1346/1852 1374/1838
f 1374/1838 1346/1852 1345/1853 1373/1839
f 1373/1839 1345/1853 1344/1854 1372/1840
f 1481/1841 1478/1855 1357/1856 1378/1842
f 1348/1844 1349/1843 1350/1735 1351/1738
f 1362/1836 1365/1734 1366/1740 1361/1845
f 1361/1845 1366/1740 1367/1742 1360/1846
f 1360/1846 1367/1742 1368/1744 1359/1847
f 1359/1847 1368/1744 1369/1746 1358/1848
f 1480/1849 1476/1857 1343/1858 1371/1850
f 1348/1844 1351/1738 1352/1750 1347/1851
f 1347/1851 1352/1750 1353/1752 1346/1852
f 1346/1852 1353/1752 1354/1754 1345/1853
f 1345/1853 1354/1754 1355/1756 1344/1854
f 1478/1855 1479/1757 1370/1760 1357/1856
f 1426/1859 1399/1860 1455/1861 1413/1862
f 1413/1862 1455/1861 1458/1863 1434/1864
f 1434/1864 1458/1863 1461/1865 1448/1866
f 1473/1867 1474/1868 1343/1869 1356/1870
f 1399/1860 1385/1871 1456/1872 1455/1861
f 1455/1861 1456/1872 1459/1873 1458/1863
f 1458/1863 1459/1873 1462/1874 1461/1865
f 1461/1865 1462/1874 1378/1875 1357/1876
f 1385/1871 1371/1877 1457/1878 1456/1872
f 1456/1872 1457/1878 1460/1879 1459/1873
f 1459/1873 1460/1879 1463/1880 1462/1874
f 1462/1874 1463/1880 1392/1881 1378/1875
f 1457/1878 1356/1882 1441/1883 1460/1879
f 1460/1879 1441/1883 1427/1884 1463/1880
f 1463/1880 1427/1884 1406/1885 1392/1881
f 1474/1868 1472/1886 1371/1887 1343/1869
f 1475/1888 1473/1889 1356/1890 1457/1891
f 1472/1892 1475/1893 1457/1894 1371/1895
f 1357/1896 1464/1897 1465/1898 1461/1899
f 1461/1900 1465/1901 1466/1902 1448/1903
f 1370/1904 1467/1905 1464/1906 1357/1907
f 1448/1908 1466/1909 1467/1905 1370/1904
f 1464/1910 1470/1911 1468/1912 1465/1913
f 1465/1913 1468/1912 1469/1914 1466/1915
f 1467/1905 1471/1916 1470/1917 1464/1906
f 1466/1909 1469/1914 1471/1916 1467/1905
f 1469/1914 1468/1912 1475/1918 1472/1919
f 1468/1912 1470/1911 1473/1920 1475/1918
f 1471/1916 1469/1914 1472/1919 1474/1868
f 1470/1917 1471/1916 1474/1868 1473/1867
f 1344/1854 1355/1756 1477/1921 1476/1922
f 1358/1848 1369/1746 1479/1757 1478/1855
f 1372/1840 1344/1854 1476/1922 1480/1849
f 1379/1832 1358/1848 1478/1855 1481/1841
f 1386/1824 1372/1840 1480/1849 1482/1833
f 1393/1818 1379/1832 1481/1841 1483/1825
f 1400/1803 1386/1824 1482/1833 1484/1810
f 1407/1794 1393/1818 1483/1825 1485/1805
f 1414/1784 1425/1804 1487/1809 1486/1795
f 1425/1804 1400/1803 1484/1810 1487/1809
f 1428/1776 1407/1794 1485/1805 1488/1785
f 1435/1766 1414/1784 1486/1795 1489/1777
f 1442/1755 1428/1776 1488/1785 1490/1768
f 1449/1745 1435/1766 1489/1777 1491/1758
f 1355/1756 1442/1755 1490/1768 1477/1921
f 1369/1746 1449/1745 1491/1758 1479/1757
f 1440/1923 1454/1924 1314/1690 1313/1686
f 1454/1924 1364/1925 1315/1694 1314/1690
f 1364/1925 1363/1926 1316/1696 1315/1694
f 1363/1927 1384/1928 1317/1670 1316/1669
f 1384/1928 1398/1929 1318/1674 1317/1670
f 1398/1929 1412/1930 1319/1678 1318/1674
f 1412/1930 1433/1931 1320/1684 1319/1678
f 1433/1931 1447/1932 1321/1688 1320/1684
f 1447/1932 1350/1933 1322/1692 1321/1688
f 1350/1933 1349/1934 1323/1665 1322/1692
f 1349/1934 1377/1935 1324/1666 1323/1665
f 1377/1935 1391/1936 1325/1672 1324/1666
f 1391/1936 1405/1937 1326/1676 1325/1672
f 1405/1937 1420/1938 1312/1681 1326/1676
f 1420/1938 1419/1939 1311/1682 1312/1681
f 1419/1939 1440/1923 1313/1686 1311/1682
f 1476/1857 1477/1921 1356/1770 1343/1858
f 1541/1940 1540/1941 1536/1942 1537/1943
f 1543/1944 1542/1945 1529/1946 1530/1947
f 1544/1948 1541/1940 1537/1943 1538/1949
f 1545/1950 1543/1944 1530/1947 1531/1951
f 1546/1952 1544/1948 1538/1949 1539/1953
f 1547/1954 1545/1950 1531/1951 1532/1955
f 1549/1956 1548/1957 1525/1958 1524/1959
f 1548/1957 1546/1952 1539/1953 1525/1958
f 1550/1960 1547/1954 1532/1955 1533/1961
f 1551/1962 1549/1956 1524/1959 1526/1963
f 1552/1964 1550/1960 1533/1961 1534/1965
f 1553/1966 1551/1962 1526/1963 1527/1967
f 1554/1968 1552/1964 1534/1965 1535/1969
f 1555/1970 1553/1966 1527/1967 1528/1971
f 1540/1941 1554/1968 1535/1969 1536/1942
f 1542/1972 1555/1970 1528/1971 1529/1973
f 1500/1974 1499/1975 1515/1976 1516/1977
f 1501/1978 1500/1974 1516/1977 1517/1979
f 1502/1980 1501/1978 1517/1979 1518/1981
f 1503/1982 1502/1980 1518/1981 1519/1983
f 1504/1984 1503/1982 1519/1983 1520/1985
f 1505/1986 1504/1984 1520/1985 1521/1987
f 1506/1988 1505/1986 1521/1987 1522/1989
f 1493/1990 1492/1991 1509/1992 1508/1993
f 1507/1994 1506/1988 1522/1989 1523/1995
f 1494/1996 1493/1990 1508/1993 1510/1997
f 1492/1991 1507/1994 1523/1995 1509/1992
f 1495/1998 1494/1996 1510/1997 1511/1999
f 1496/2000 1495/1998 1511/1999 1512/2001
f 1497/2002 1496/2000 1512/2001 1513/2003
f 1498/2004 1497/2005 1513/2006 1514/2007
f 1577/2008 1667/2009 1666/2010 1578/2011
f 1499/1975 1498/2004 1514/2007 1515/1976
f 1513/2003 1512/2001 1555/1970 1542/1972
f 1520/1985 1519/1983 1554/1968 1540/1941
f 1512/2001 1511/1999 1553/1966 1555/1970
f 1519/1983 1518/1981 1552/1964 1554/1968
f 1511/1999 1510/1997 1551/1962 1553/1966
f 1518/1981 1517/1979 1550/1960 1552/1964
f 1510/1997 1508/1993 1549/1956 1551/1962
f 1517/1979 1516/1977 1547/1954 1550/1960
f 1509/1992 1523/1995 1546/1952 1548/1957
f 1508/1993 1509/1992 1548/1957 1549/1956
f 1516/1977 1515/1976 1545/1950 1547/1954
f 1523/1995 1522/1989 1544/1948 1546/1952
f 1515/1976 1514/2007 1543/1944 1545/1950
f 1522/1989 1521/1987 1541/1940 1544/1948
f 1514/2007 1513/2006 1542/1945 1543/1944
f 1521/1987 1520/1985 1540/1941 1541/1940
f 1563/2012 1660/2013 1659/2014 1564/2015
f 1578/2011 1666/2010 1665/2016 1579/2017
f 1579/2017 1665/2016 1664/2018 1580/2019
f 1580/2019 1664/2018 1663/2020 1581/2021
f 1581/2021 1663/2020 1662/2022 1582/2023
f 1666/2010 1667/2009 1653/2024 1652/2025
f 1564/2015 1659/2014 1658/2026 1565/2027
f 1565/2027 1658/2026 1657/2028 1566/2029
f 1566/2029 1657/2028 1656/2030 1567/2031
f 1567/2031 1656/2030 1655/2032 1568/2033
f 1692/2034 1704/2035 1661/2036 1583/2037
f 1659/2014 1660/2013 1646/2038 1645/2039
f 1666/2010 1652/2025 1651/2040 1665/2016
f 1665/2016 1651/2040 1650/2041 1664/2018
f 1664/2018 1650/2041 1649/2042 1663/2020
f 1663/2020 1649/2042 1648/2043 1662/2022
f 1690/2044 1703/2045 1654/2046 1569/2047
f 1652/2025 1653/2024 1632/2048 1631/2049
f 1659/2014 1645/2039 1644/2050 1658/2026
f 1658/2026 1644/2050 1643/2051 1657/2028
f 1657/2028 1643/2051 1642/2052 1656/2030
f 1656/2030 1642/2052 1641/2053 1655/2032
f 1704/2035 1702/2054 1647/2055 1661/2036
f 1645/2039 1646/2038 1625/2056 1624/2057
f 1652/2025 1631/2049 1630/2058 1651/2040
f 1651/2040 1630/2058 1629/2059 1650/2041
f 1650/2041 1629/2059 1628/2060 1649/2042
f 1649/2042 1628/2060 1627/2061 1648/2043
f 1703/2045 1701/2062 1640/2063 1654/2046
f 1633/2064 1618/2065 1617/2066 1634/2067
f 1645/2039 1624/2057 1623/2068 1644/2050
f 1644/2050 1623/2068 1622/2069 1643/2051
f 1643/2051 1622/2069 1621/2070 1642/2052
f 1642/2052 1621/2070 1620/2071 1641/2053
f 1702/2054 1699/2072 1626/2073 1647/2055
f 1631/2049 1632/2048 1633/2064 1634/2067
f 1634/2067 1617/2066 1616/2074 1635/2075
f 1635/2075 1616/2074 1615/2076 1636/2077
f 1636/2077 1615/2076 1614/2078 1637/2079
f 1637/2079 1614/2078 1613/2080 1638/2081
f 1701/2062 1698/2082 1619/2083 1640/2063
f 1624/2057 1625/2056 1611/2084 1610/2085
f 1631/2049 1634/2067 1635/2075 1630/2058
f 1630/2058 1635/2075 1636/2077 1629/2059
f 1629/2059 1636/2077 1637/2079 1628/2060
f 1628/2060 1637/2079 1638/2081 1627/2061
f 1700/2086 1697/2087 1612/2088 1639/2089
f 1617/2066 1618/2065 1604/2090 1603/2091
f 1624/2057 1610/2085 1609/2092 1623/2068
f 1623/2068 1609/2092 1608/2093 1622/2069
f 1622/2069 1608/2093 1607/2094 1621/2070
f 1621/2070 1607/2094 1606/2095 1620/2071
f 1699/2072 1700/2086 1639/2089 1626/2073
f 1610/2085 1611/2084 1597/2096 1596/2097
f 1617/2066 1603/2091 1602/2098 1616/2074
f 1616/2074 1602/2098 1601/2099 1615/2076
f 1615/2076 1601/2099 1600/2100 1614/2078
f 1614/2078 1600/2100 1599/2101 1613/2080
f 1698/2082 1696/2102 1605/2103 1619/2083
f 1603/2091 1604/2090 1590/2104 1589/2105
f 1610/2085 1596/2097 1595/2106 1609/2092
f 1609/2092 1595/2106 1594/2107 1608/2093
f 1608/2093 1594/2107 1593/2108 1607/2094
f 1607/2094 1593/2108 1592/2109 1606/2095
f 1697/2087 1695/2110 1598/2111 1612/2088
f 1596/2097 1597/2096 1576/2112 1575/2113
f 1603/2091 1589/2105 1588/2114 1602/2098
f 1602/2098 1588/2114 1587/2115 1601/2099
f 1601/2099 1587/2115 1586/2116 1600/2100
f 1600/2100 1586/2116 1585/2117 1599/2101
f 1696/2102 1694/2118 1591/2119 1605/2103
f 1589/2105 1590/2104 1562/2120 1561/2121
f 1596/2097 1575/2113 1574/2122 1595/2106
f 1595/2106 1574/2122 1573/2123 1594/2107
f 1594/2107 1573/2123 1572/2124 1593/2108
f 1593/2108 1572/2124 1571/2125 1592/2109
f 1695/2110 1693/2126 1584/2127 1598/2111
f 1575/2113 1576/2112 1577/2008 1578/2011
f 1589/2105 1561/2121 1560/2128 1588/2114
f 1588/2114 1560/2128 1559/2129 1587/2115
f 1587/2115 1559/2129 1558/2130 1586/2116
f 1586/2116 1558/2130 1557/2131 1585/2117
f 1694/2118 1691/2132 1570/2133 1591/2119
f 1561/2121 1562/2120 1563/2012 1564/2015
f 1575/2113 1578/2011 1579/2017 1574/2122
f 1574/2122 1579/2017 1580/2019 1573/2123
f 1573/2123 1580/2019 1581/2021 1572/2124
f 1572/2124 1581/2021 1582/2023 1571/2125
f 1693/2126 1689/2134 1556/2135 1584/2127
f 1561/2121 1564/2015 1565/2027 1560/2128
f 1560/2128 1565/2027 1566/2029 1559/2129
f 1559/2129 1566/2029 1567/2031 1558/2130
f 1558/2130 1567/2031 1568/2033 1557/2131
f 1691/2132 1692/2034 1583/2037 1570/2133
f 1639/2136 1612/2137 1668/2138 1626/2139
f 1626/2139 1668/2138 1671/2140 1647/2141
f 1647/2141 1671/2140 1674/2142 1661/2143
f 1686/2144 1687/2145 1556/2146 1569/2147
f 1612/2137 1598/2148 1669/2149 1668/2138
f 1668/2138 1669/2149 1672/2150 1671/2140
f 1671/2140 1672/2150 1675/2151 1674/2142
f 1674/2142 1675/2151 1591/2152 1570/2153
f 1598/2148 1584/2154 1670/2155 1669/2149
f 1669/2149 1670/2155 1673/2156 1672/2150
f 1672/2150 1673/2156 1676/2157 1675/2151
f 1675/2151 1676/2157 1605/2158 1591/2152
f 1670/2155 1569/2159 1654/2160 1673/2156
f 1673/2156 1654/2160 1640/2161 1676/2157
f 1676/2157 1640/2161 1619/2162 1605/2158
f 1687/2145 1685/2163 1584/2164 1556/2146
f 1688/2165 1686/2166 1569/2167 1670/2168
f 1685/2169 1688/2170 1670/2171 1584/2172
f 1570/2173 1677/2174 1678/2175 1674/2176
f 1674/2177 1678/2178 1679/2179 1661/2180
f 1583/2181 1680/2182 1677/2183 1570/2184
f 1661/2185 1679/2186 1680/2182 1583/2181
f 1677/2187 1683/2188 1681/2189 1678/2190
f 1678/2190 1681/2189 1682/2191 1679/2192
f 1680/2182 1684/2193 1683/2194 1677/2183
f 1679/2186 1682/2191 1684/2193 1680/2182
f 1682/2191 1681/2189 1688/2195 1685/2196
f 1681/2189 1683/2188 1686/2197 1688/2195
f 1684/2193 1682/2191 1685/2196 1687/2145
f 1683/2194 1684/2193 1687/2145 1686/2144
f 1557/2131 1568/2033 1690/2198 1689/2199
f 1571/2125 1582/2023 1692/2034 1691/2132
f 1585/2117 1557/2131 1689/2199 1693/2126
f 1592/2109 1571/2125 1691/2132 1694/2118
f 1599/2101 1585/2117 1693/2126 1695/2110
f 1606/2095 1592/2109 1694/2118 1696/2102
f 1613/2080 1599/2101 1695/2110 1697/2087
f 1620/2071 1606/2095 1696/2102 1698/2082
f 1627/2061 1638/2081 1700/2086 1699/2072
f 1638/2081 1613/2080 1697/2087 1700/2086
f 1641/2053 1620/2071 1698/2082 1701/2062
f 1648/2043 1627/2061 1699/2072 1702/2054
f 1655/2032 1641/2053 1701/2062 1703/2045
f 1662/2022 1648/2043 1702/2054 1704/2035
f 1568/2033 1655/2032 1703/2045 1690/2198
f 1582/2023 1662/2022 1704/2035 1692/2034
f 1653/2200 1667/2201 1527/1967 1526/1963
f 1667/2201 1577/2202 1528/1971 1527/1967
f 1577/2202 1576/2203 1529/1973 1528/1971
f 1576/2204 1597/2205 1530/1947 1529/1946
f 1597/2205 1611/2206 1531/1951 1530/1947
f 1611/2206 1625/2207 1532/1955 1531/1951
f 1625/2207 1646/2208 1533/1961 1532/1955
f 1646/2208 1660/2209 1534/1965 1533/1961
f 1660/2209 1563/2210 1535/1969 1534/1965
f 1563/2210 1562/2211 1536/1942 1535/1969
f 1562/2211 1590/2212 1537/1943 1536/1942
f 1590/2212 1604/2213 1538/1949 1537/1943
f 1604/2213 1618/2214 1539/1953 1538/1949
f 1618/2214 1633/2215 1525/1958 1539/1953
f 1633/2215 1632/2216 1524/1959 1525/1958
f 1632/2216 1653/2200 1526/1963 1524/1959
f 1689/2134 1690/2198 1569/2047 1556/2135
f 1724/2217 1727/2218 1726/2219 1725/2220
f 1727/2218 1729/2221 1728/2222 1726/2219
f 1725/2220 1726/2219 1731/2223 1730/2224
f 1726/2219 1728/2222 1732/2225 1731/2223
f 1724/2217 1734/2226 1733/2227 1727/2218
f 1734/2226 1706/2228 1705/2229 1733/2227
f 1727/2218 1733/2227 1735/2230 1729/2221
f 1733/2227 1705/2229 1707/2231 1735/2230
f 1724/2217 1737/2232 1736/2233 1734/2226
f 1737/2232 1739/2234 1738/2235 1736/2233
f 1734/2226 1736/2233 1708/2236 1706/2228
f 1736/2233 1738/2235 1709/2237 1708/2236
f 1724/2217 1725/2220 1740/2238 1737/2232
f 1725/2220 1730/2224 1741/2239 1740/2238
f 1737/2232 1740/2238 1742/2240 1739/2234
f 1740/2238 1741/2239 1743/2241 1742/2240
f 1744/2242 1747/2243 1746/2244 1745/2245
f 1747/2243 1711/2246 1710/2247 1746/2244
f 1745/2245 1746/2244 1738/2235 1739/2234
f 1746/2244 1710/2247 1709/2237 1738/2235
f 1744/2242 1749/2248 1748/2249 1747/2243
f 1749/2248 1751/2250 1750/2251 1748/2249
f 1747/2243 1748/2249 1712/2252 1711/2246
f 1748/2249 1750/2251 1713/2253 1712/2252
f 1744/2242 1753/2254 1752/2255 1749/2248
f 1753/2254 1755/2256 1754/2257 1752/2255
f 1749/2248 1752/2255 1756/2258 1751/2250
f 1752/2255 1754/2257 1757/2259 1756/2258
f 1744/2242 1745/2245 1758/2260 1753/2254
f 1745/2245 1739/2234 1742/2240 1758/2260
f 1753/2254 1758/2260 1759/2261 1755/2256
f 1758/2260 1742/2240 1743/2241 1759/2261
f 1760/2262 1763/2263 1762/2264 1761/2265
f 1763/2263 1765/2266 1764/2267 1762/2264
f 1761/2265 1762/2264 1767/2268 1766/2269
f 1762/2264 1764/2267 1768/2270 1767/2268
f 1760/2262 1770/2271 1769/2272 1763/2263
f 1770/2271 1772/2273 1771/2274 1769/2272
f 1763/2263 1769/2272 1773/2275 1765/2266
f 1769/2272 1771/2274 1774/2276 1773/2275
f 1775/2277 1778/2278 1777/2279 1776/2280
f 1778/2278 1780/2281 1779/2282 1777/2279
f 1776/2280 1777/2279 1771/2274 1772/2273
f 1777/2279 1779/2282 1774/2276 1771/2274
f 1775/2277 1782/2283 1781/2284 1778/2278
f 1782/2283 1784/2285 1783/2286 1781/2284
f 1778/2278 1781/2284 1785/2287 1780/2281
f 1781/2284 1783/2286 1786/2288 1785/2287
f 1787/2289 1790/2290 1789/2291 1788/2292
f 1790/2290 1792/2293 1791/2294 1789/2291
f 1788/2292 1789/2291 1794/2295 1793/2296
f 1789/2291 1791/2294 1795/2297 1794/2295
f 1787/2289 1797/2298 1796/2299 1790/2290
f 1797/2298 1799/2300 1798/2301 1796/2299
f 1790/2290 1796/2299 1800/2302 1792/2293
f 1796/2299 1798/2301 1801/2303 1800/2302
f 1787/2289 1803/2304 1802/2305 1797/2298
f 1803/2304 1805/2306 1804/2307 1802/2305
f 1797/2298 1802/2305 1806/2308 1799/2300
f 1802/2305 1804/2307 1807/2309 1806/2308
f 1787/2289 1788/2292 1808/2310 1803/2304
f 1788/2292 1793/2296 1809/2311 1808/2310
f 1803/2304 1808/2310 1810/2312 1805/2306
f 1808/2310 1809/2311 1811/2313 1810/2312
f 1812/2314 1815/2315 1814/2316 1813/2317
f 1815/2315 1817/2318 1816/2319 1814/2316
f 1813/2317 1814/2316 1819/2320 1818/2321
f 1814/2316 1816/2319 1820/2322 1819/2320
f 1812/2314 1822/2323 1821/2324 1815/2315
f 1822/2323 1824/2325 1823/2326 1821/2324
f 1815/2315 1821/2324 1825/2327 1817/2318
f 1821/2324 1823/2326 1826/2328 1825/2327
f 1812/2314 1828/2329 1827/2330 1822/2323
f 1828/2329 1830/2331 1829/2332 1827/2330
f 1822/2323 1827/2330 1831/2333 1824/2325
f 1827/2330 1829/2332 1832/2334 1831/2333
f 1812/2314 1813/2317 1833/2335 1828/2329
f 1813/2317 1818/2321 1834/2336 1833/2335
f 1828/2329 1833/2335 1835/2337 1830/2331
f 1833/2335 1834/2336 1836/2338 1835/2337
f 1837/2339 1840/2340 1839/2341 1838/2342
f 1840/2340 1842/2343 1841/2344 1839/2341
f 1838/2342 1839/2341 1798/2301 1799/2300
f 1839/2341 1841/2344 1801/2303 1798/2301
f 1837/2339 1844/2345 1843/2346 1840/2340
f 1844/2345 1846/2347 1845/2348 1843/2346
f 1840/2340 1843/2346 1847/2349 1842/2343
f 1843/2346 1845/2348 1848/2350 1847/2349
f 1837/2339 1850/2351 1849/2352 1844/2345
f 1850/2351 1852/2353 1851/2354 1849/2352
f 1844/2345 1849/2352 1853/2355 1846/2347
f 1849/2352 1851/2354 1854/2356 1853/2355
f 1837/2339 1838/2342 1855/2357 1850/2351
f 1838/2342 1799/2300 1806/2308 1855/2357
f 1850/2351 1855/2357 1856/2358 1852/2353
f 1855/2357 1806/2308 1807/2309 1856/2358
f 1857/2359 1860/2360 1859/2361 1858/2362
f 1860/2360 1862/2363 1861/2364 1859/2361
f 1858/2362 1859/2361 1864/2365 1863/2366
f 1859/2361 1861/2364 1865/2367 1864/2365
f 1857/2359 1867/2368 1866/2369 1860/2360
f 1867/2368 1869/2370 1868/2371 1866/2369
f 1860/2360 1866/2369 1870/2372 1862/2363
f 1866/2369 1868/2371 1871/2373 1870/2372
f 1857/2359 1873/2374 1872/2375 1867/2368
f 1873/2374 1817/2318 1825/2327 1872/2375
f 1867/2368 1872/2375 1874/2376 1869/2370
f 1872/2375 1825/2327 1826/2328 1874/2376
f 1857/2359 1858/2362 1875/2377 1873/2374
f 1858/2362 1863/2366 1876/2378 1875/2377
f 1873/2374 1875/2377 1816/2319 1817/2318
f 1875/2377 1876/2378 1820/2322 1816/2319
f 1877/2379 1880/2380 1879/2381 1878/2382
f 1880/2380 1805/2306 1810/2312 1879/2381
f 1878/2382 1879/2381 1882/2383 1881/2384
f 1879/2381 1810/2312 1811/2313 1882/2383
f 1877/2379 1884/2385 1883/2386 1880/2380
f 1884/2385 1886/2387 1885/2388 1883/2386
f 1880/2380 1883/2386 1804/2307 1805/2306
f 1883/2386 1885/2388 1807/2309 1804/2307
f 1877/2379 1888/2389 1887/2390 1884/2385
f 1888/2389 1890/2391 1889/2392 1887/2390
f 1884/2385 1887/2390 1891/2393 1886/2387
f 1887/2390 1889/2392 1892/2394 1891/2393
f 1877/2379 1878/2382 1893/2395 1888/2389
f 1878/2382 1881/2384 1894/2396 1893/2395
f 1888/2389 1893/2395 1895/2397 1890/2391
f 1893/2395 1894/2396 1896/2398 1895/2397
f 1897/2399 1900/2400 1899/2401 1898/2402
f 1900/2400 1902/2403 1901/2404 1899/2401
f 1898/2402 1899/2401 1904/2405 1903/2406
f 1899/2401 1901/2404 1905/2407 1904/2405
f 1897/2399 1907/2408 1906/2409 1900/2400
f 1907/2408 1818/2321 1819/2320 1906/2409
f 1900/2400 1906/2409 1908/2410 1902/2403
f 1906/2409 1819/2320 1820/2322 1908/2410
f 1897/2399 1910/2411 1909/2412 1907/2408
f 1910/2411 1912/2413 1911/2414 1909/2412
f 1907/2408 1909/2412 1834/2336 1818/2321
f 1909/2412 1911/2414 1836/2338 1834/2336
f 1897/2399 1898/2402 1913/2415 1910/2411
f 1898/2402 1903/2406 1914/2416 1913/2415
f 1910/2411 1913/2415 1915/2417 1912/2413
f 1913/2415 1914/2416 1916/2418 1915/2417
f 1917/2419 1920/2420 1919/2421 1918/2422
f 1920/2420 1852/2353 1856/2358 1919/2421
f 1918/2422 1919/2421 1885/2388 1886/2387
f 1919/2421 1856/2358 1807/2309 1885/2388
f 1917/2419 1922/2423 1921/2424 1920/2420
f 1922/2423 1924/2425 1923/2426 1921/2424
f 1920/2420 1921/2424 1851/2354 1852/2353
f 1921/2424 1923/2426 1854/2356 1851/2354
f 1917/2419 1926/2427 1925/2428 1922/2423
f 1926/2427 1928/2429 1927/2430 1925/2428
f 1922/2423 1925/2428 1929/2431 1924/2425
f 1925/2428 1927/2430 1930/2432 1929/2431
f 1917/2419 1918/2422 1931/2433 1926/2427
f 1918/2422 1886/2387 1891/2393 1931/2433
f 1926/2427 1931/2433 1932/2434 1928/2429
f 1931/2433 1891/2393 1892/2394 1932/2434
f 1933/2435 1936/2436 1935/2437 1934/2438
f 1936/2436 1938/2439 1937/2440 1935/2437
f 1934/2438 1935/2437 1940/2441 1939/2442
f 1935/2437 1937/2440 1941/2443 1940/2441
f 1933/2435 1943/2444 1942/2445 1936/2436
f 1943/2444 1863/2366 1864/2365 1942/2445
f 1936/2436 1942/2445 1944/2446 1938/2439
f 1942/2445 1864/2365 1865/2367 1944/2446
f 1933/2435 1946/2447 1945/2448 1943/2444
f 1946/2447 1902/2403 1908/2410 1945/2448
f 1943/2444 1945/2448 1876/2378 1863/2366
f 1945/2448 1908/2410 1820/2322 1876/2378
f 1933/2435 1934/2438 1947/2449 1946/2447
f 1934/2438 1939/2442 1948/2450 1947/2449
f 1946/2447 1947/2449 1901/2404 1902/2403
f 1947/2449 1948/2450 1905/2407 1901/2404
f 1949/2451 1952/2452 1951/2453 1950/2454
f 1952/2452 1890/2391 1895/2397 1951/2453
f 1950/2454 1951/2453 1954/2455 1953/2456
f 1951/2453 1895/2397 1896/2398 1954/2455
f 1949/2451 1956/2457 1955/2458 1952/2452
f 1956/2457 1958/2459 1957/2460 1955/2458
f 1952/2452 1955/2458 1889/2392 1890/2391
f 1955/2458 1957/2460 1892/2394 1889/2392
f 1949/2451 1960/2461 1959/2462 1956/2457
f 1960/2461 1962/2463 1961/2464 1959/2462
f 1956/2457 1959/2462 1963/2465 1958/2459
f 1959/2462 1961/2464 1964/2466 1963/2465
f 1949/2451 1950/2454 1965/2467 1960/2461
f 1950/2454 1953/2456 1966/2468 1965/2467
f 1960/2461 1965/2467 1967/2469 1962/2463
f 1965/2467 1966/2468 1968/2470 1967/2469
f 1969/2471 1972/2472 1971/2473 1970/2474
f 1972/2472 1974/2475 1973/2476 1971/2473
f 1970/2474 1971/2473 1976/2477 1975/2478
f 1971/2473 1973/2476 1977/2479 1976/2477
f 1969/2471 1979/2480 1978/2481 1972/2472
f 1979/2480 1903/2406 1904/2405 1978/2481
f 1972/2472 1978/2481 1980/2482 1974/2475
f 1978/2481 1904/2405 1905/2407 1980/2482
f 1969/2471 1982/2483 1981/2484 1979/2480
f 1982/2483 1984/2485 1983/2486 1981/2484
f 1979/2480 1981/2484 1914/2416 1903/2406
f 1981/2484 1983/2486 1916/2418 1914/2416
f 1969/2471 1970/2474 1985/2487 1982/2483
f 1970/2474 1975/2478 1986/2488 1985/2487
f 1982/2483 1985/2487 1987/2489 1984/2485
f 1985/2487 1986/2488 1988/2490 1987/2489
f 1989/2491 1992/2492 1991/2493 1990/2494
f 1992/2492 1928/2429 1932/2434 1991/2493
f 1990/2494 1991/2493 1957/2460 1958/2459
f 1991/2493 1932/2434 1892/2394 1957/2460
f 1989/2491 1994/2495 1993/2496 1992/2492
f 1994/2495 1996/2497 1995/2498 1993/2496
f 1992/2492 1993/2496 1927/2430 1928/2429
f 1993/2496 1995/2498 1930/2432 1927/2430
f 1989/2491 1998/2499 1997/2500 1994/2495
f 1998/2499 2000/2501 1999/2502 1997/2500
f 1994/2495 1997/2500 2001/2503 1996/2497
f 1997/2500 1999/2502 1768/2504 2001/2503
f 1989/2491 1990/2494 2002/2505 1998/2499
f 1990/2494 1958/2459 1963/2465 2002/2505
f 1998/2499 2002/2505 2003/2506 2000/2501
f 2002/2505 1963/2465 1964/2466 2003/2506
f 2004/2507 2007/2508 2006/2509 2005/2510
f 2007/2508 2009/2511 2008/2512 2006/2509
f 2005/2510 2006/2509 2011/2513 2010/2514
f 2006/2509 2008/2512 1786/2515 2011/2513
f 2004/2507 2013/2516 2012/2517 2007/2508
f 2013/2516 1939/2442 1940/2441 2012/2517
f 2007/2508 2012/2517 2014/2518 2009/2511
f 2012/2517 1940/2441 1941/2443 2014/2518
f 2004/2507 2016/2519 2015/2520 2013/2516
f 2016/2519 1974/2475 1980/2482 2015/2520
f 2013/2516 2015/2520 1948/2450 1939/2442
f 2015/2520 1980/2482 1905/2407 1948/2450
f 2004/2507 2005/2510 2017/2521 2016/2519
f 2005/2510 2010/2514 2018/2522 2017/2521
f 2016/2519 2017/2521 1973/2476 1974/2475
f 2017/2521 2018/2522 1977/2479 1973/2476
f 2019/2523 2022/2524 2021/2525 2020/2526
f 2022/2524 1962/2463 1967/2469 2021/2525
f 2020/2526 2021/2525 2024/2527 2023/2528
f 2021/2525 1967/2469 1968/2470 2024/2527
f 2019/2523 2026/2529 2025/2530 2022/2524
f 2026/2529 2028/2531 2027/2532 2025/2530
f 2022/2524 2025/2530 1961/2464 1962/2463
f 2025/2530 2027/2532 1964/2466 1961/2464
f 2029/2533 2033/2534 2032/2535 2030/2536
f 2033/2534 1975/2478 1976/2477 2032/2535
f 2030/2536 2032/2535 2034/2537 2031/2538
f 2032/2535 1976/2477 1977/2479 2034/2537
f 2029/2533 2036/2539 2035/2540 2033/2534
f 2036/2539 2038/2541 2037/2542 2035/2540
f 2033/2534 2035/2540 1986/2488 1975/2478
f 2035/2540 2037/2542 1988/2490 1986/2488
f 2039/2543 2042/2544 2041/2545 2040/2546
f 2042/2544 2000/2501 2003/2506 2041/2545
f 2040/2546 2041/2545 2027/2532 2028/2531
f 2041/2545 2003/2506 1964/2466 2027/2532
f 2039/2543 2044/2547 2043/2548 2042/2544
f 2044/2547 1766/2269 1767/2268 2043/2548
f 2042/2544 2043/2548 1999/2502 2000/2501
f 2043/2548 1767/2268 1768/2270 1999/2502
f 2045/2549 2048/2550 2047/2551 2046/2552
f 2048/2550 2010/2514 2011/2513 2047/2551
f 2046/2552 2047/2551 1783/2286 1784/2285
f 2047/2551 2011/2513 1786/2515 1783/2286
f 2045/2549 2050/2553 2049/2554 2048/2550
f 2050/2553 2031/2538 2034/2537 2049/2554
f 2048/2550 2049/2554 2018/2522 2010/2514
f 2049/2554 2034/2537 1977/2479 2018/2522
f 2051/2555 2054/2556 2053/2557 2052/2558
f 2054/2556 2056/2559 2055/2560 2053/2557
f 2052/2558 2053/2557 1845/2348 1846/2347
f 2053/2557 2055/2560 1848/2350 1845/2348
f 2051/2555 2058/2561 2057/2562 2054/2556
f 2058/2561 2060/2563 2059/2564 2057/2562
f 2054/2556 2057/2562 2061/2565 2056/2559
f 2057/2562 2059/2564 2062/2566 2061/2565
f 2051/2555 2064/2567 2063/2568 2058/2561
f 2064/2567 2066/2569 2065/2570 2063/2568
f 2058/2561 2063/2568 2067/2571 2060/2563
f 2063/2568 2065/2570 2068/2572 2067/2571
f 2051/2555 2052/2558 2069/2573 2064/2567
f 2052/2558 1846/2347 1853/2355 2069/2573
f 2064/2567 2069/2573 2070/2574 2066/2569
f 2069/2573 1853/2355 1854/2356 2070/2574
f 2071/2575 2074/2576 2073/2577 2072/2578
f 2074/2576 2076/2579 2075/2580 2073/2577
f 2072/2578 2073/2577 2078/2581 2077/2582
f 2073/2577 2075/2580 2079/2583 2078/2581
f 2071/2575 2081/2584 2080/2585 2074/2576
f 2081/2584 2083/2586 2082/2587 2080/2585
f 2074/2576 2080/2585 2084/2588 2076/2579
f 2080/2585 2082/2587 2085/2589 2084/2588
f 2071/2575 2087/2590 2086/2591 2081/2584
f 2087/2590 1862/2363 1870/2372 2086/2591
f 2081/2584 2086/2591 2088/2592 2083/2586
f 2086/2591 1870/2372 1871/2373 2088/2592
f 2071/2575 2072/2578 2089/2593 2087/2590
f 2072/2578 2077/2582 2090/2594 2089/2593
f 2087/2590 2089/2593 1861/2364 1862/2363
f 2089/2593 2090/2594 1865/2367 1861/2364
f 2091/2595 2094/2596 2093/2597 2092/2598
f 2094/2596 2096/2599 2095/2600 2093/2597
f 2092/2598 2093/2597 2059/2564 2060/2563
f 2093/2597 2095/2600 2062/2566 2059/2564
f 2091/2595 2098/2601 2097/2602 2094/2596
f 2098/2601 2100/2603 2099/2604 2097/2602
f 2094/2596 2097/2602 2101/2605 2096/2599
f 2097/2602 2099/2604 2102/2606 2101/2605
f 2091/2595 2104/2607 2103/2608 2098/2601
f 2104/2607 2106/2609 2105/2610 2103/2608
f 2098/2601 2103/2608 2107/2611 2100/2603
f 2103/2608 2105/2610 2108/2612 2107/2611
f 2091/2595 2092/2598 2109/2613 2104/2607
f 2092/2598 2060/2563 2067/2571 2109/2613
f 2104/2607 2109/2613 2110/2614 2106/2609
f 2109/2613 2067/2571 2068/2572 2110/2614
f 2111/2615 2114/2616 2113/2617 2112/2618
f 2114/2616 2100/2603 2107/2611 2113/2617
f 2112/2618 2113/2617 2116/2619 2115/2620
f 2113/2617 2107/2611 2108/2612 2116/2619
f 2111/2615 2118/2621 2117/2622 2114/2616
f 2118/2621 2120/2623 2119/2624 2117/2622
f 2114/2616 2117/2622 2099/2604 2100/2603
f 2117/2622 2119/2624 2102/2606 2099/2604
f 2111/2615 2122/2625 2121/2626 2118/2621
f 2122/2625 2076/2579 2084/2588 2121/2626
f 2118/2621 2121/2626 2123/2627 2120/2623
f 2121/2626 2084/2588 2085/2589 2123/2627
f 2111/2615 2112/2618 2124/2628 2122/2625
f 2112/2618 2115/2620 2125/2629 2124/2628
f 2122/2625 2124/2628 2075/2580 2076/2579
f 2124/2628 2125/2629 2079/2583 2075/2580
f 2126/2630 2129/2631 2128/2632 2127/2633
f 2129/2631 2066/2569 2070/2574 2128/2632
f 2127/2633 2128/2632 1923/2426 1924/2425
f 2128/2632 2070/2574 1854/2356 1923/2426
f 2126/2630 2131/2634 2130/2635 2129/2631
f 2131/2634 2133/2636 2132/2637 2130/2635
f 2129/2631 2130/2635 2065/2570 2066/2569
f 2130/2635 2132/2637 2068/2572 2065/2570
f 2126/2630 2135/2638 2134/2639 2131/2634
f 2135/2638 2137/2640 2136/2641 2134/2639
f 2131/2634 2134/2639 2138/2642 2133/2636
f 2134/2639 2136/2641 2139/2643 2138/2642
f 2126/2630 2127/2633 2140/2644 2135/2638
f 2127/2633 1924/2425 1929/2431 2140/2644
f 2135/2638 2140/2644 2141/2645 2137/2640
f 2140/2644 1929/2431 1930/2432 2141/2645
f 2142/2646 2145/2647 2144/2648 2143/2649
f 2145/2647 2147/2650 2146/2651 2144/2648
f 2143/2649 2144/2648 2149/2652 2148/2653
f 2144/2648 2146/2651 2150/2654 2149/2652
f 2142/2646 2152/2655 2151/2656 2145/2647
f 2152/2655 2077/2582 2078/2581 2151/2656
f 2145/2647 2151/2656 2153/2657 2147/2650
f 2151/2656 2078/2581 2079/2583 2153/2657
f 2142/2646 2155/2658 2154/2659 2152/2655
f 2155/2658 1938/2439 1944/2446 2154/2659
f 2152/2655 2154/2659 2090/2594 2077/2582
f 2154/2659 1944/2446 1865/2367 2090/2594
f 2142/2646 2143/2649 2156/2660 2155/2658
f 2143/2649 2148/2653 2157/2661 2156/2660
f 2155/2658 2156/2660 1937/2440 1938/2439
f 2156/2660 2157/2661 1941/2443 1937/2440
f 2158/2662 2161/2663 2160/2664 2159/2665
f 2161/2663 2106/2609 2110/2614 2160/2664
f 2159/2665 2160/2664 2132/2637 2133/2636
f 2160/2664 2110/2614 2068/2572 2132/2637
f 2158/2662 2163/2666 2162/2667 2161/2663
f 2163/2666 2165/2668 2164/2669 2162/2667
f 2161/2663 2162/2667 2105/2610 2106/2609
f 2162/2667 2164/2669 2108/2612 2105/2610
f 2158/2662 2167/2670 2166/2671 2163/2666
f 2167/2670 2169/2672 2168/2673 2166/2671
f 2163/2666 2166/2671 2170/2674 2165/2668
f 2166/2671 2168/2673 2171/2675 2170/2674
f 2158/2662 2159/2665 2172/2676 2167/2670
f 2159/2665 2133/2636 2138/2642 2172/2676
f 2167/2670 2172/2676 2173/2677 2169/2672
f 2172/2676 2138/2642 2139/2643 2173/2677
f 2174/2678 2177/2679 2176/2680 2175/2681
f 2177/2679 2165/2668 2170/2674 2176/2680
f 2175/2681 2176/2680 2179/2682 2178/2683
f 2176/2680 2170/2674 2171/2675 2179/2682
f 2174/2678 2181/2684 2180/2685 2177/2679
f 2181/2684 2115/2620 2116/2619 2180/2685
f 2177/2679 2180/2685 2164/2669 2165/2668
f 2180/2685 2116/2619 2108/2612 2164/2669
f 2174/2678 2183/2686 2182/2687 2181/2684
f 2183/2686 2147/2650 2153/2657 2182/2687
f 2181/2684 2182/2687 2125/2629 2115/2620
f 2182/2687 2153/2657 2079/2583 2125/2629
f 2174/2678 2175/2681 2184/2688 2183/2686
f 2175/2681 2178/2683 2185/2689 2184/2688
f 2183/2686 2184/2688 2146/2651 2147/2650
f 2184/2688 2185/2689 2150/2654 2146/2651
f 2186/2690 2189/2691 2188/2692 2187/2693
f 2189/2691 2191/2694 2190/2695 2188/2692
f 2187/2693 2188/2692 2168/2673 2169/2672
f 2188/2692 2190/2695 2171/2675 2168/2673
f 2186/2690 2193/2696 2192/2697 2189/2691
f 2193/2696 2195/2698 2194/2699 2192/2697
f 2189/2691 2192/2697 2196/2700 2191/2694
f 2192/2697 2194/2699 2197/2701 2196/2700
f 2186/2690 2199/2702 2198/2703 2193/2696
f 2199/2702 2201/2704 2200/2705 2198/2703
f 2193/2696 2198/2703 2202/2706 2195/2698
f 2198/2703 2200/2705 2203/2707 2202/2706
f 2186/2690 2187/2693 2204/2708 2199/2702
f 2187/2693 2169/2672 2173/2677 2204/2708
f 2199/2702 2204/2708 2205/2709 2201/2704
f 2204/2708 2173/2677 2139/2643 2205/2709
f 2206/2710 2209/2711 2208/2712 2207/2713
f 2209/2711 2211/2714 2210/2715 2208/2712
f 2207/2713 2208/2712 2213/2716 2212/2717
f 2208/2712 2210/2715 2214/2718 2213/2716
f 2206/2710 2216/2719 2215/2720 2209/2711
f 2216/2719 2191/2694 2196/2700 2215/2720
f 2209/2711 2215/2720 2217/2721 2211/2714
f 2215/2720 2196/2700 2197/2701 2217/2721
f 2206/2710 2219/2722 2218/2723 2216/2719
f 2219/2722 2178/2683 2179/2682 2218/2723
f 2216/2719 2218/2723 2190/2695 2191/2694
f 2218/2723 2179/2682 2171/2675 2190/2695
f 2206/2710 2207/2713 2220/2724 2219/2722
f 2207/2713 2212/2717 2221/2725 2220/2724
f 2219/2722 2220/2724 2185/2689 2178/2683
f 2220/2724 2221/2725 2150/2654 2185/2689
f 2222/2726 2225/2727 2224/2728 2223/2729
f 2225/2727 2137/2640 2141/2645 2224/2728
f 2223/2729 2224/2728 1995/2498 1996/2497
f 2224/2728 2141/2645 1930/2432 1995/2498
f 2222/2726 2227/2730 2226/2731 2225/2727
f 2227/2730 2201/2704 2205/2709 2226/2731
f 2225/2727 2226/2731 2136/2641 2137/2640
f 2226/2731 2205/2709 2139/2643 2136/2641
f 2222/2726 2229/2732 2228/2733 2227/2730
f 2229/2732 2231/2734 2230/2735 2228/2733
f 2227/2730 2228/2733 2200/2705 2201/2704
f 2228/2733 2230/2735 2203/2707 2200/2705
f 2222/2726 2223/2729 2232/2736 2229/2732
f 2223/2729 1996/2497 2001/2503 2232/2736
f 2229/2732 2232/2736 2233/2737 2231/2734
f 2232/2736 2001/2503 1768/2504 2233/2737
f 2234/2738 2237/2739 2236/2740 2235/2741
f 2237/2739 2212/2717 2213/2716 2236/2740
f 2235/2741 2236/2740 2239/2742 2238/2743
f 2236/2740 2213/2716 2214/2718 2239/2742
f 2234/2738 2241/2744 2240/2745 2237/2739
f 2241/2744 2148/2653 2149/2652 2240/2745
f 2237/2739 2240/2745 2221/2725 2212/2717
f 2240/2745 2149/2652 2150/2654 2221/2725
f 2234/2738 2243/2746 2242/2747 2241/2744
f 2243/2746 2009/2511 2014/2518 2242/2747
f 2241/2744 2242/2747 2157/2661 2148/2653
f 2242/2747 2014/2518 1941/2443 2157/2661
f 2234/2738 2235/2741 2244/2748 2243/2746
f 2235/2741 2238/2743 2245/2749 2244/2748
f 2243/2746 2244/2748 2008/2512 2009/2511
f 2244/2748 2245/2749 1786/2515 2008/2512
f 2246/2750 2249/2751 2248/2752 2247/2753
f 2249/2751 2231/2734 2233/2737 2248/2752
f 2247/2753 2248/2752 1764/2267 1765/2266
f 2248/2752 2233/2737 1768/2504 1764/2267
f 2246/2750 2251/2754 2250/2755 2249/2751
f 2251/2754 2195/2698 2202/2706 2250/2755
f 2249/2751 2250/2755 2230/2735 2231/2734
f 2250/2755 2202/2706 2203/2707 2230/2735
f 2246/2750 2253/2756 2252/2757 2251/2754
f 2253/2756 2255/2758 2254/2759 2252/2757
f 2251/2754 2252/2757 2194/2699 2195/2698
f 2252/2757 2254/2759 2197/2701 2194/2699
f 2246/2750 2247/2753 2256/2760 2253/2756
f 2247/2753 1765/2266 1773/2275 2256/2760
f 2253/2756 2256/2760 2257/2761 2255/2758
f 2256/2760 1773/2275 1774/2276 2257/2761
f 2258/2762 2261/2763 2260/2764 2259/2765
f 2261/2763 2211/2714 2217/2721 2260/2764
f 2259/2765 2260/2764 2254/2759 2255/2758
f 2260/2764 2217/2721 2197/2701 2254/2759
f 2258/2762 2263/2766 2262/2767 2261/2763
f 2263/2766 2238/2743 2239/2742 2262/2767
f 2261/2763 2262/2767 2210/2715 2211/2714
f 2262/2767 2239/2742 2214/2718 2210/2715
f 2258/2762 2265/2768 2264/2769 2263/2766
f 2265/2768 1780/2281 1785/2287 2264/2769
f 2263/2766 2264/2769 2245/2749 2238/2743
f 2264/2769 1785/2287 1786/2288 2245/2749
f 2258/2762 2259/2765 2266/2770 2265/2768
f 2259/2765 2255/2758 2257/2761 2266/2770
f 2265/2768 2266/2770 1779/2282 1780/2281
f 2266/2770 2257/2761 1774/2276 1779/2282
f 2267/2771 2270/2772 2269/2773 2268/2774
f 2270/2772 2272/2775 2271/2776 2269/2773
f 2268/2774 2269/2773 1741/2239 1730/2224
f 2269/2773 2271/2776 1743/2241 1741/2239
f 2267/2771 2274/2777 2273/2778 2270/2772
f 2270/2772 2273/2778 2275/2779 2272/2775
f 2267/2771 2277/2780 2276/2781 2274/2777
f 2277/2780 2279/2782 2278/2783 2276/2781
f 2267/2771 2268/2774 2280/2784 2277/2780
f 2268/2774 1730/2224 1731/2223 2280/2784
f 2277/2780 2280/2784 2281/2785 2279/2782
f 2280/2784 1731/2223 1732/2225 2281/2785
f 2282/2786 2285/2787 2284/2788 2283/2789
f 2283/2789 2284/2788 2287/2790 2286/2791
f 2282/2786 2289/2792 2288/2793 2285/2787
f 2289/2792 2272/2775 2275/2779 2288/2793
f 2282/2786 2291/2794 2290/2795 2289/2792
f 2291/2794 1755/2256 1759/2261 2290/2795
f 2289/2792 2290/2795 2271/2776 2272/2775
f 2290/2795 1759/2261 1743/2241 2271/2776
f 2282/2786 2283/2789 2292/2796 2291/2794
f 2283/2789 2286/2791 2293/2797 2292/2796
f 2291/2794 2292/2796 1754/2257 1755/2256
f 2292/2796 2293/2797 1757/2259 1754/2257
f 2294/2798 2297/2799 2296/2800 2295/2801
f 2297/2799 2299/2802 2298/2803 2296/2800
f 2295/2801 2296/2800 1728/2222 1729/2221
f 2296/2800 2298/2803 1732/2225 1728/2222
f 2294/2798 2301/2804 2300/2805 2297/2799
f 2301/2804 2303/2806 2302/2807 2300/2805
f 2297/2799 2300/2805 2304/2808 2299/2802
f 2300/2805 2302/2807 2305/2809 2304/2808
f 2294/2798 2307/2810 2306/2811 2301/2804
f 2307/2810 1715/2812 1716/2813 2306/2811
f 2301/2804 2306/2811 2308/2814 2303/2806
f 2306/2811 1716/2813 1717/2815 2308/2814
f 2294/2798 2295/2801 2309/2816 2307/2810
f 2295/2801 1729/2221 1735/2230 2309/2816
f 2307/2810 2309/2816 1714/2817 1715/2812
f 2309/2816 1735/2230 1707/2231 1714/2817
f 2310/2818 2313/2819 2312/2820 2311/2821
f 2313/2819 2315/2822 2314/2823 2312/2820
f 2311/2821 2312/2820 1720/2824 1718/2825
f 2312/2820 2314/2823 1721/2826 1720/2824
f 2310/2818 2317/2827 2316/2828 2313/2819
f 2317/2827 2319/2829 2318/2830 2316/2828
f 2313/2819 2316/2828 2320/2831 2315/2822
f 2316/2828 2318/2830 2321/2832 2320/2831
f 2310/2818 2323/2833 2322/2834 2317/2827
f 2323/2833 1751/2250 1756/2258 2322/2834
f 2317/2827 2322/2834 2324/2835 2319/2829
f 2322/2834 1756/2258 1757/2259 2324/2835
f 2310/2818 2311/2821 2325/2836 2323/2833
f 2311/2821 1718/2825 1719/2837 2325/2836
f 2323/2833 2325/2836 1750/2251 1751/2250
f 2325/2836 1719/2837 1713/2253 1750/2251
f 2326/2838 2329/2839 2328/2840 2327/2841
f 2329/2839 2299/2802 2304/2808 2328/2840
f 2327/2841 2328/2840 2331/2842 2330/2843
f 2328/2840 2304/2808 2305/2809 2331/2842
f 2326/2838 2333/2844 2332/2845 2329/2839
f 2333/2844 2279/2782 2281/2785 2332/2845
f 2329/2839 2332/2845 2298/2803 2299/2802
f 2332/2845 2281/2785 1732/2225 2298/2803
f 2326/2838 2335/2846 2334/2847 2333/2844
f 2333/2844 2334/2847 2278/2783 2279/2782
f 2326/2838 2327/2841 2336/2848 2335/2846
f 2327/2841 2330/2843 2337/2849 2336/2848
f 2338/2850 2341/2851 2340/2852 2339/2853
f 2341/2851 2286/2791 2287/2790 2340/2852
f 2338/2850 2343/2854 2342/2855 2341/2851
f 2343/2854 2319/2829 2324/2835 2342/2855
f 2341/2851 2342/2855 2293/2797 2286/2791
f 2342/2855 2324/2835 1757/2259 2293/2797
f 2338/2850 2345/2856 2344/2857 2343/2854
f 2345/2856 2347/2858 2346/2859 2344/2857
f 2343/2854 2344/2857 2318/2830 2319/2829
f 2344/2857 2346/2859 2321/2832 2318/2830
f 2338/2850 2339/2853 2348/2860 2345/2856
f 2345/2856 2348/2860 2349/2861 2347/2858
f 2303/2806 2351/2862 2350/2863 2302/2807
f 2314/2823 2354/2864 1723/2865 1721/2826
f 2308/2814 2353/2866 2351/2862 2303/2806
f 2315/2822 2355/2867 2354/2864 2314/2823
f 2302/2807 2350/2863 2352/2868 2305/2809
f 2349/2861 2363/2869 2362/2870 2347/2858
f 1717/2815 1722/2871 2353/2866 2308/2814
f 2330/2843 2358/2872 2360/2873 2337/2849
f 2305/2809 2352/2868 2359/2874 2331/2842
f 2346/2859 2361/2875 2357/2876 2321/2832
f 2347/2858 2362/2870 2361/2875 2346/2859
f 2331/2842 2359/2874 2358/2872 2330/2843
f 2320/2831 2356/2877 2355/2867 2315/2822
f 2321/2832 2357/2876 2356/2877 2320/2831
f 1968/2470 2385/2878 2391/2879 2024/2527
f 1954/2455 2383/2880 2382/2881 1953/2456
f 1983/2486 2386/2882 2381/2883 1916/2418
f 1811/2313 2368/2884 2375/2885 1882/2383
f 1829/2332 2369/2886 2371/2887 1832/2334
f 1911/2414 2378/2888 2373/2889 1836/2338
f 1830/2331 2370/2890 2369/2886 1829/2332
f 1966/2468 2384/2891 2385/2878 1968/2470
f 1881/2384 2374/2892 2376/2893 1894/2396
f 1835/2337 2372/2894 2370/2890 1830/2331
f 1987/2489 2388/2895 2387/2896 1984/2485
f 1953/2456 2382/2881 2384/2891 1966/2468
f 1912/2413 2379/2897 2378/2888 1911/2414
f 1793/2296 2364/2898 2367/2899 1809/2311
f 1988/2490 2389/2900 2388/2895 1987/2489
f 1809/2311 2367/2899 2368/2884 1811/2313
f 2038/2541 2393/2901 2392/2902 2037/2542
f 1984/2485 2387/2896 2386/2882 1983/2486
f 1894/2396 2376/2893 2377/2903 1896/2398
f 1896/2398 2377/2903 2383/2880 1954/2455
f 2024/2527 2391/2879 2390/2904 2023/2528
f 2037/2542 2392/2902 2389/2900 1988/2490
f 1795/2297 2366/2905 2365/2906 1794/2295
f 1915/2417 2380/2907 2379/2897 1912/2413
f 1882/2383 2375/2885 2374/2892 1881/2384
f 1836/2338 2373/2889 2372/2894 1835/2337
f 1916/2418 2381/2883 2380/2907 1915/2417
f 1794/2295 2365/2906 2364/2898 1793/2296
f 2394/2908 2395/2909 2396/2910 2397/2911
f 2397/2911 2396/2910 2398/2912 2399/2913
f 2395/2909 2400/2914 2401/2915 2396/2910
f 2396/2910 2401/2915 2402/2916 2398/2912
f 2394/2908 2397/2911 2403/2917 2404/2918
f 2404/2918 2403/2917 1705/2229 1706/2228
f 2397/2911 2399/2913 2405/2919 2403/2917
f 2403/2917 2405/2919 1707/2231 1705/2229
f 2394/2908 2404/2918 2406/2920 2407/2921
f 2407/2921 2406/2920 2408/2922 2409/2923
f 2404/2918 1706/2228 1708/2236 2406/2920
f 2406/2920 1708/2236 1709/2237 2408/2922
f 2394/2908 2407/2921 2410/2924 2395/2909
f 2395/2909 2410/2924 2411/2925 2400/2914
f 2407/2921 2409/2923 2412/2926 2410/2924
f 2410/2924 2412/2926 2413/2927 2411/2925
f 2414/2928 2415/2929 2416/2930 2417/2931
f 2417/2931 2416/2930 1710/2247 1711/2246
f 2415/2929 2409/2923 2408/2922 2416/2930
f 2416/2930 2408/2922 1709/2237 1710/2247
f 2414/2928 2417/2931 2418/2932 2419/2933
f 2419/2933 2418/2932 2420/2934 2421/2935
f 2417/2931 1711/2246 1712/2252 2418/2932
f 2418/2932 1712/2252 1713/2253 2420/2934
f 2414/2928 2419/2933 2422/2936 2423/2937
f 2423/2937 2422/2936 2424/2938 2425/2939
f 2419/2933 2421/2935 2426/2940 2422/2936
f 2422/2936 2426/2940 2427/2941 2424/2938
f 2414/2928 2423/2937 2428/2942 2415/2929
f 2415/2929 2428/2942 2412/2926 2409/2923
f 2423/2937 2425/2939 2429/2943 2428/2942
f 2428/2942 2429/2943 2413/2927 2412/2926
f 2430/2944 2431/2945 2432/2946 2433/2947
f 2433/2947 2432/2946 2434/2948 2435/2949
f 2431/2945 2436/2950 2437/2951 2432/2946
f 2432/2946 2437/2951 2438/2952 2434/2948
f 2430/2944 2433/2947 2439/2953 2440/2954
f 2440/2954 2439/2953 2441/2955 2442/2956
f 2433/2947 2435/2949 2443/2957 2439/2953
f 2439/2953 2443/2957 2444/2958 2441/2955
f 2445/2959 2446/2960 2447/2961 2448/2962
f 2448/2962 2447/2961 2449/2963 2450/2964
f 2446/2960 2442/2956 2441/2955 2447/2961
f 2447/2961 2441/2955 2444/2958 2449/2963
f 2445/2959 2448/2962 2451/2965 2452/2966
f 2452/2966 2451/2965 2453/2967 2454/2968
f 2448/2962 2450/2964 2455/2969 2451/2965
f 2451/2965 2455/2969 2456/2970 2453/2967
f 2457/2971 2458/2972 2459/2973 2460/2974
f 2460/2974 2459/2973 2461/2975 2462/2976
f 2458/2972 2463/2977 2464/2978 2459/2973
f 2459/2973 2464/2978 2465/2979 2461/2975
f 2457/2971 2460/2974 2466/2980 2467/2981
f 2467/2981 2466/2980 2468/2982 2469/2983
f 2460/2974 2462/2976 2470/2984 2466/2980
f 2466/2980 2470/2984 2471/2985 2468/2982
f 2457/2971 2467/2981 2472/2986 2473/2987
f 2473/2987 2472/2986 2474/2988 2475/2989
f 2467/2981 2469/2983 2476/2990 2472/2986
f 2472/2986 2476/2990 2477/2991 2474/2988
f 2457/2971 2473/2987 2478/2992 2458/2972
f 2458/2972 2478/2992 2479/2993 2463/2977
f 2473/2987 2475/2989 2480/2994 2478/2992
f 2478/2992 2480/2994 2481/2995 2479/2993
f 2482/2996 2483/2997 2484/2998 2485/2999
f 2485/2999 2484/2998 2486/3000 2487/3001
f 2483/2997 2488/3002 2489/3003 2484/2998
f 2484/2998 2489/3003 2490/3004 2486/3000
f 2482/2996 2485/2999 2491/3005 2492/3006
f 2492/3006 2491/3005 2493/3007 2494/3008
f 2485/2999 2487/3001 2495/3009 2491/3005
f 2491/3005 2495/3009 2496/3010 2493/3007
f 2482/2996 2492/3006 2497/3011 2498/3012
f 2498/3012 2497/3011 2499/3013 2500/3014
f 2492/3006 2494/3008 2501/3015 2497/3011
f 2497/3011 2501/3015 2502/3016 2499/3013
f 2482/2996 2498/3012 2503/3017 2483/2997
f 2483/2997 2503/3017 2504/3018 2488/3002
f 2498/3012 2500/3014 2505/3019 2503/3017
f 2503/3017 2505/3019 2506/3020 2504/3018
f 2507/3021 2508/3022 2509/3023 2510/3024
f 2510/3024 2509/3023 2511/3025 2512/3026
f 2508/3022 2469/2983 2468/2982 2509/3023
f 2509/3023 2468/2982 2471/2985 2511/3025
f 2507/3021 2510/3024 2513/3027 2514/3028
f 2514/3028 2513/3027 2515/3029 2516/3030
f 2510/3024 2512/3026 2517/3031 2513/3027
f 2513/3027 2517/3031 2518/3032 2515/3029
f 2507/3021 2514/3028 2519/3033 2520/3034
f 2520/3034 2519/3033 2521/3035 2522/3036
f 2514/3028 2516/3030 2523/3037 2519/3033
f 2519/3033 2523/3037 2524/3038 2521/3035
f 2507/3021 2520/3034 2525/3039 2508/3022
f 2508/3022 2525/3039 2476/2990 2469/2983
f 2520/3034 2522/3036 2526/3040 2525/3039
f 2525/3039 2526/3040 2477/2991 2476/2990
f 2527/3041 2528/3042 2529/3043 2530/3044
f 2530/3044 2529/3043 2531/3045 2532/3046
f 2528/3042 2533/3047 2534/3048 2529/3043
f 2529/3043 2534/3048 2535/3049 2531/3045
f 2527/3041 2530/3044 2536/3050 2537/3051
f 2537/3051 2536/3050 2538/3052 2539/3053
f 2530/3044 2532/3046 2540/3054 2536/3050
f 2536/3050 2540/3054 2541/3055 2538/3052
f 2527/3041 2537/3051 2542/3056 2543/3057
f 2543/3057 2542/3056 2495/3009 2487/3001
f 2537/3051 2539/3053 2544/3058 2542/3056
f 2542/3056 2544/3058 2496/3010 2495/3009
f 2527/3041 2543/3057 2545/3059 2528/3042
f 2528/3042 2545/3059 2546/3060 2533/3047
f 2543/3057 2487/3001 2486/3000 2545/3059
f 2545/3059 2486/3000 2490/3004 2546/3060
f 2547/3061 2548/3062 2549/3063 2550/3064
f 2550/3064 2549/3063 2480/2994 2475/2989
f 2548/3062 2551/3065 2552/3066 2549/3063
f 2549/3063 2552/3066 2481/2995 2480/2994
f 2547/3061 2550/3064 2553/3067 2554/3068
f 2554/3068 2553/3067 2555/3069 2556/3070
f 2550/3064 2475/2989 2474/2988 2553/3067
f 2553/3067 2474/2988 2477/2991 2555/3069
f 2547/3061 2554/3068 2557/3071 2558/3072
f 2558/3072 2557/3071 2559/3073 2560/3074
f 2554/3068 2556/3070 2561/3075 2557/3071
f 2557/3071 2561/3075 2562/3076 2559/3073
f 2547/3061 2558/3072 2563/3077 2548/3062
f 2548/3062 2563/3077 2564/3078 2551/3065
f 2558/3072 2560/3074 2565/3079 2563/3077
f 2563/3077 2565/3079 2566/3080 2564/3078
f 2567/3081 2568/3082 2569/3083 2570/3084
f 2570/3084 2569/3083 2571/3085 2572/3086
f 2568/3082 2573/3087 2574/3088 2569/3083
f 2569/3083 2574/3088 2575/3089 2571/3085
f 2567/3081 2570/3084 2576/3090 2577/3091
f 2577/3091 2576/3090 2489/3003 2488/3002
f 2570/3084 2572/3086 2578/3092 2576/3090
f 2576/3090 2578/3092 2490/3004 2489/3003
f 2567/3081 2577/3091 2579/3093 2580/3094
f 2580/3094 2579/3093 2581/3095 2582/3096
f 2577/3091 2488/3002 2504/3018 2579/3093
f 2579/3093 2504/3018 2506/3020 2581/3095
f 2567/3081 2580/3094 2583/3097 2568/3082
f 2568/3082 2583/3097 2584/3098 2573/3087
f 2580/3094 2582/3096 2585/3099 2583/3097
f 2583/3097 2585/3099 2586/3100 2584/3098
f 2587/3101 2588/3102 2589/3103 2590/3104
f 2590/3104 2589/3103 2526/3040 2522/3036
f 2588/3102 2556/3070 2555/3069 2589/3103
f 2589/3103 2555/3069 2477/2991 2526/3040
f 2587/3101 2590/3104 2591/3105 2592/3106
f 2592/3106 2591/3105 2593/3107 2594/3108
f 2590/3104 2522/3036 2521/3035 2591/3105
f 2591/3105 2521/3035 2524/3038 2593/3107
f 2587/3101 2592/3106 2595/3109 2596/3110
f 2596/3110 2595/3109 2597/3111 2598/3112
f 2592/3106 2594/3108 2599/3113 2595/3109
f 2595/3109 2599/3113 2600/3114 2597/3111
f 2587/3101 2596/3110 2601/3115 2588/3102
f 2588/3102 2601/3115 2561/3075 2556/3070
f 2596/3110 2598/3112 2602/3116 2601/3115
f 2601/3115 2602/3116 2562/3076 2561/3075
f 2603/3117 2604/3118 2605/3119 2606/3120
f 2606/3120 2605/3119 2607/3121 2608/3122
f 2604/3118 2609/3123 2610/3124 2605/3119
f 2605/3119 2610/3124 2611/3125 2607/3121
f 2603/3117 2606/3120 2612/3126 2613/3127
f 2613/3127 2612/3126 2534/3048 2533/3047
f 2606/3120 2608/3122 2614/3128 2612/3126
f 2612/3126 2614/3128 2535/3049 2534/3048
f 2603/3117 2613/3127 2615/3129 2616/3130
f 2616/3130 2615/3129 2578/3092 2572/3086
f 2613/3127 2533/3047 2546/3060 2615/3129
f 2615/3129 2546/3060 2490/3004 2578/3092
f 2603/3117 2616/3130 2617/3131 2604/3118
f 2604/3118 2617/3131 2618/3132 2609/3123
f 2616/3130 2572/3086 2571/3085 2617/3131
f 2617/3131 2571/3085 2575/3089 2618/3132
f 2619/3133 2620/3134 2621/3135 2622/3136
f 2622/3136 2621/3135 2565/3079 2560/3074
f 2620/3134 2623/3137 2624/3138 2621/3135
f 2621/3135 2624/3138 2566/3080 2565/3079
f 2619/3133 2622/3136 2625/3139 2626/3140
f 2626/3140 2625/3139 2627/3141 2628/3142
f 2622/3136 2560/3074 2559/3073 2625/3139
f 2625/3139 2559/3073 2562/3076 2627/3141
f 2619/3133 2626/3140 2629/3143 2630/3144
f 2630/3144 2629/3143 2631/3145 2632/3146
f 2626/3140 2628/3142 2633/3147 2629/3143
f 2629/3143 2633/3147 2634/3148 2631/3145
f 2619/3133 2630/3144 2635/3149 2620/3134
f 2620/3134 2635/3149 2636/3150 2623/3137
f 2630/3144 2632/3146 2637/3151 2635/3149
f 2635/3149 2637/3151 2638/3152 2636/3150
f 2639/3153 2640/3154 2641/3155 2642/3156
f 2642/3156 2641/3155 2643/3157 2644/3158
f 2640/3154 2645/3159 2646/3160 2641/3155
f 2641/3155 2646/3160 2647/3161 2643/3157
f 2639/3153 2642/3156 2648/3162 2649/3163
f 2649/3163 2648/3162 2574/3088 2573/3087
f 2642/3156 2644/3158 2650/3164 2648/3162
f 2648/3162 2650/3164 2575/3089 2574/3088
f 2639/3153 2649/3163 2651/3165 2652/3166
f 2652/3166 2651/3165 2653/3167 2654/3168
f 2649/3163 2573/3087 2584/3098 2651/3165
f 2651/3165 2584/3098 2586/3100 2653/3167
f 2639/3153 2652/3166 2655/3169 2640/3154
f 2640/3154 2655/3169 2656/3170 2645/3159
f 2652/3166 2654/3168 2657/3171 2655/3169
f 2655/3169 2657/3171 2658/3172 2656/3170
f 2659/3173 2660/3174 2661/3175 2662/3176
f 2662/3176 2661/3175 2602/3116 2598/3112
f 2660/3174 2628/3142 2627/3141 2661/3175
f 2661/3175 2627/3141 2562/3076 2602/3116
f 2659/3173 2662/3176 2663/3177 2664/3178
f 2664/3178 2663/3177 2665/3179 2666/3180
f 2662/3176 2598/3112 2597/3111 2663/3177
f 2663/3177 2597/3111 2600/3114 2665/3179
f 2659/3173 2664/3178 2667/3181 2668/3182
f 2668/3182 2667/3181 2669/3183 2670/3184
f 2664/3178 2666/3180 2671/3185 2667/3181
f 2667/3181 2671/3185 2438/3186 2669/3183
f 2659/3173 2668/3182 2672/3187 2660/3174
f 2660/3174 2672/3187 2633/3147 2628/3142
f 2668/3182 2670/3184 2673/3188 2672/3187
f 2672/3187 2673/3188 2634/3148 2633/3147
f 2674/3189 2675/3190 2676/3191 2677/3192
f 2677/3192 2676/3191 2678/3193 2679/3194
f 2675/3190 2680/3195 2681/3196 2676/3191
f 2676/3191 2681/3196 2456/3197 2678/3193
f 2674/3189 2677/3192 2682/3198 2683/3199
f 2683/3199 2682/3198 2610/3124 2609/3123
f 2677/3192 2679/3194 2684/3200 2682/3198
f 2682/3198 2684/3200 2611/3125 2610/3124
f 2674/3189 2683/3199 2685/3201 2686/3202
f 2686/3202 2685/3201 2650/3164 2644/3158
f 2683/3199 2609/3123 2618/3132 2685/3201
f 2685/3201 2618/3132 2575/3089 2650/3164
f 2674/3189 2686/3202 2687/3203 2675/3190
f 2675/3190 2687/3203 2688/3204 2680/3195
f 2686/3202 2644/3158 2643/3157 2687/3203
f 2687/3203 2643/3157 2647/3161 2688/3204
f 2689/3205 2690/3206 2691/3207 2692/3208
f 2692/3208 2691/3207 2637/3151 2632/3146
f 2690/3206 2693/3209 2694/3210 2691/3207
f 2691/3207 2694/3210 2638/3152 2637/3151
f 2689/3205 2692/3208 2695/3211 2696/3212
f 2696/3212 2695/3211 2697/3213 2698/3214
f 2692/3208 2632/3146 2631/3145 2695/3211
f 2695/3211 2631/3145 2634/3148 2697/3213
f 2699/3215 2700/3216 2702/3217 2703/3218
f 2703/3218 2702/3217 2646/3160 2645/3159
f 2700/3216 2701/3219 2704/3220 2702/3217
f 2702/3217 2704/3220 2647/3161 2646/3160
f 2699/3215 2703/3218 2705/3221 2706/3222
f 2706/3222 2705/3221 2707/3223 2708/3224
f 2703/3218 2645/3159 2656/3170 2705/3221
f 2705/3221 2656/3170 2658/3172 2707/3223
f 2709/3225 2710/3226 2711/3227 2712/3228
f 2712/3228 2711/3227 2673/3188 2670/3184
f 2710/3226 2698/3214 2697/3213 2711/3227
f 2711/3227 2697/3213 2634/3148 2673/3188
f 2709/3225 2712/3228 2713/3229 2714/3230
f 2714/3230 2713/3229 2437/2951 2436/2950
f 2712/3228 2670/3184 2669/3183 2713/3229
f 2713/3229 2669/3183 2438/3186 2437/2951
f 2715/3231 2716/3232 2717/3233 2718/3234
f 2718/3234 2717/3233 2681/3196 2680/3195
f 2716/3232 2454/2968 2453/2967 2717/3233
f 2717/3233 2453/2967 2456/2970 2681/3196
f 2715/3231 2718/3234 2719/3235 2720/3236
f 2720/3236 2719/3235 2704/3220 2701/3219
f 2718/3234 2680/3195 2688/3204 2719/3235
f 2719/3235 2688/3204 2647/3161 2704/3220
f 2721/3237 2722/3238 2723/3239 2724/3240
f 2724/3240 2723/3239 2725/3241 2726/3242
f 2722/3238 2516/3030 2515/3029 2723/3239
f 2723/3239 2515/3029 2518/3032 2725/3241
f 2721/3237 2724/3240 2727/3243 2728/3244
f 2728/3244 2727/3243 2729/3245 2730/3246
f 2724/3240 2726/3242 2731/3247 2727/3243
f 2727/3243 2731/3247 2732/3248 2729/3245
f 2721/3237 2728/3244 2733/3249 2734/3250
f 2734/3250 2733/3249 2735/3251 2736/3252
f 2728/3244 2730/3246 2737/3253 2733/3249
f 2733/3249 2737/3253 2738/3254 2735/3251
f 2721/3237 2734/3250 2739/3255 2722/3238
f 2722/3238 2739/3255 2523/3037 2516/3030
f 2734/3250 2736/3252 2740/3256 2739/3255
f 2739/3255 2740/3256 2524/3038 2523/3037
f 2741/3257 2742/3258 2743/3259 2744/3260
f 2744/3260 2743/3259 2745/3261 2746/3262
f 2742/3258 2747/3263 2748/3264 2743/3259
f 2743/3259 2748/3264 2749/3265 2745/3261
f 2741/3257 2744/3260 2750/3266 2751/3267
f 2751/3267 2750/3266 2752/3268 2753/3269
f 2744/3260 2746/3262 2754/3270 2750/3266
f 2750/3266 2754/3270 2755/3271 2752/3268
f 2741/3257 2751/3267 2756/3272 2757/3273
f 2757/3273 2756/3272 2540/3054 2532/3046
f 2751/3267 2753/3269 2758/3274 2756/3272
f 2756/3272 2758/3274 2541/3055 2540/3054
f 2741/3257 2757/3273 2759/3275 2742/3258
f 2742/3258 2759/3275 2760/3276 2747/3263
f 2757/3273 2532/3046 2531/3045 2759/3275
f 2759/3275 2531/3045 2535/3049 2760/3276
f 2761/3277 2762/3278 2763/3279 2764/3280
f 2764/3280 2763/3279 2765/3281 2766/3282
f 2762/3278 2730/3246 2729/3245 2763/3279
f 2763/3279 2729/3245 2732/3248 2765/3281
f 2761/3277 2764/3280 2767/3283 2768/3284
f 2768/3284 2767/3283 2769/3285 2770/3286
f 2764/3280 2766/3282 2771/3287 2767/3283
f 2767/3283 2771/3287 2772/3288 2769/3285
f 2761/3277 2768/3284 2773/3289 2774/3290
f 2774/3290 2773/3289 2775/3291 2776/3292
f 2768/3284 2770/3286 2777/3293 2773/3289
f 2773/3289 2777/3293 2778/3294 2775/3291
f 2761/3277 2774/3290 2779/3295 2762/3278
f 2762/3278 2779/3295 2737/3253 2730/3246
f 2774/3290 2776/3292 2780/3296 2779/3295
f 2779/3295 2780/3296 2738/3254 2737/3253
f 2781/3297 2782/3298 2783/3299 2784/3300
f 2784/3300 2783/3299 2777/3293 2770/3286
f 2782/3298 2785/3301 2786/3302 2783/3299
f 2783/3299 2786/3302 2778/3294 2777/3293
f 2781/3297 2784/3300 2787/3303 2788/3304
f 2788/3304 2787/3303 2789/3305 2790/3306
f 2784/3300 2770/3286 2769/3285 2787/3303
f 2787/3303 2769/3285 2772/3288 2789/3305
f 2781/3297 2788/3304 2791/3307 2792/3308
f 2792/3308 2791/3307 2754/3270 2746/3262
f 2788/3304 2790/3306 2793/3309 2791/3307
f 2791/3307 2793/3309 2755/3271 2754/3270
f 2781/3297 2792/3308 2794/3310 2782/3298
f 2782/3298 2794/3310 2795/3311 2785/3301
f 2792/3308 2746/3262 2745/3261 2794/3310
f 2794/3310 2745/3261 2749/3265 2795/3311
f 2796/3312 2797/3313 2798/3314 2799/3315
f 2799/3315 2798/3314 2740/3256 2736/3252
f 2797/3313 2594/3108 2593/3107 2798/3314
f 2798/3314 2593/3107 2524/3038 2740/3256
f 2796/3312 2799/3315 2800/3316 2801/3317
f 2801/3317 2800/3316 2802/3318 2803/3319
f 2799/3315 2736/3252 2735/3251 2800/3316
f 2800/3316 2735/3251 2738/3254 2802/3318
f 2796/3312 2801/3317 2804/3320 2805/3321
f 2805/3321 2804/3320 2806/3322 2807/3323
f 2801/3317 2803/3319 2808/3324 2804/3320
f 2804/3320 2808/3324 2809/3325 2806/3322
f 2796/3312 2805/3321 2810/3326 2797/3313
f 2797/3313 2810/3326 2599/3113 2594/3108
f 2805/3321 2807/3323 2811/3327 2810/3326
f 2810/3326 2811/3327 2600/3114 2599/3113
f 2812/3328 2813/3329 2814/3330 2815/3331
f 2815/3331 2814/3330 2816/3332 2817/3333
f 2813/3329 2818/3334 2819/3335 2814/3330
f 2814/3330 2819/3335 2820/3336 2816/3332
f 2812/3328 2815/3331 2821/3337 2822/3338
f 2822/3338 2821/3337 2748/3264 2747/3263
f 2815/3331 2817/3333 2823/3339 2821/3337
f 2821/3337 2823/3339 2749/3265 2748/3264
f 2812/3328 2822/3338 2824/3340 2825/3341
f 2825/3341 2824/3340 2614/3128 2608/3122
f 2822/3338 2747/3263 2760/3276 2824/3340
f 2824/3340 2760/3276 2535/3049 2614/3128
f 2812/3328 2825/3341 2826/3342 2813/3329
f 2813/3329 2826/3342 2827/3343 2818/3334
f 2825/3341 2608/3122 2607/3121 2826/3342
f 2826/3342 2607/3121 2611/3125 2827/3343
f 2828/3344 2829/3345 2830/3346 2831/3347
f 2831/3347 2830/3346 2780/3296 2776/3292
f 2829/3345 2803/3319 2802/3318 2830/3346
f 2830/3346 2802/3318 2738/3254 2780/3296
f 2828/3344 2831/3347 2832/3348 2833/3349
f 2833/3349 2832/3348 2834/3350 2835/3351
f 2831/3347 2776/3292 2775/3291 2832/3348
f 2832/3348 2775/3291 2778/3294 2834/3350
f 2828/3344 2833/3349 2836/3352 2837/3353
f 2837/3353 2836/3352 2838/3354 2839/3355
f 2833/3349 2835/3351 2840/3356 2836/3352
f 2836/3352 2840/3356 2841/3357 2838/3354
f 2828/3344 2837/3353 2842/3358 2829/3345
f 2829/3345 2842/3358 2808/3324 2803/3319
f 2837/3353 2839/3355 2843/3359 2842/3358
f 2842/3358 2843/3359 2809/3325 2808/3324
f 2844/3360 2845/3361 2846/3362 2847/3363
f 2847/3363 2846/3362 2840/3356 2835/3351
f 2845/3361 2848/3364 2849/3365 2846/3362
f 2846/3362 2849/3365 2841/3357 2840/3356
f 2844/3360 2847/3363 2850/3366 2851/3367
f 2851/3367 2850/3366 2786/3302 2785/3301
f 2847/3363 2835/3351 2834/3350 2850/3366
f 2850/3366 2834/3350 2778/3294 2786/3302
f 2844/3360 2851/3367 2852/3368 2853/3369
f 2853/3369 2852/3368 2823/3339 2817/3333
f 2851/3367 2785/3301 2795/3311 2852/3368
f 2852/3368 2795/3311 2749/3265 2823/3339
f 2844/3360 2853/3369 2854/3370 2845/3361
f 2845/3361 2854/3370 2855/3371 2848/3364
f 2853/3369 2817/3333 2816/3332 2854/3370
f 2854/3370 2816/3332 2820/3336 2855/3371
f 2856/3372 2857/3373 2858/3374 2859/3375
f 2859/3375 2858/3374 2860/3376 2861/3377
f 2857/3373 2839/3355 2838/3354 2858/3374
f 2858/3374 2838/3354 2841/3357 2860/3376
f 2856/3372 2859/3375 2862/3378 2863/3379
f 2863/3379 2862/3378 2864/3380 2865/3381
f 2859/3375 2861/3377 2866/3382 2862/3378
f 2862/3378 2866/3382 2867/3383 2864/3380
f 2856/3372 2863/3379 2868/3384 2869/3385
f 2869/3385 2868/3384 2870/3386 2871/3387
f 2863/3379 2865/3381 2872/3388 2868/3384
f 2868/3384 2872/3388 2873/3389 2870/3386
f 2856/3372 2869/3385 2874/3390 2857/3373
f 2857/3373 2874/3390 2843/3359 2839/3355
f 2869/3385 2871/3387 2875/3391 2874/3390
f 2874/3390 2875/3391 2809/3325 2843/3359
f 2876/3392 2877/3393 2878/3394 2879/3395
f 2879/3395 2878/3394 2880/3396 2881/3397
f 2877/3393 2882/3398 2883/3399 2878/3394
f 2878/3394 2883/3399 2884/3400 2880/3396
f 2876/3392 2879/3395 2885/3401 2886/3402
f 2886/3402 2885/3401 2866/3382 2861/3377
f 2879/3395 2881/3397 2887/3403 2885/3401
f 2885/3401 2887/3403 2867/3383 2866/3382
f 2876/3392 2886/3402 2888/3404 2889/3405
f 2889/3405 2888/3404 2849/3365 2848/3364
f 2886/3402 2861/3377 2860/3376 2888/3404
f 2888/3404 2860/3376 2841/3357 2849/3365
f 2876/3392 2889/3405 2890/3406 2877/3393
f 2877/3393 2890/3406 2891/3407 2882/3398
f 2889/3405 2848/3364 2855/3371 2890/3406
f 2890/3406 2855/3371 2820/3336 2891/3407
f 2892/3408 2893/3409 2894/3410 2895/3411
f 2895/3411 2894/3410 2811/3327 2807/3323
f 2893/3409 2666/3180 2665/3179 2894/3410
f 2894/3410 2665/3179 2600/3114 2811/3327
f 2892/3408 2895/3411 2896/3412 2897/3413
f 2897/3413 2896/3412 2875/3391 2871/3387
f 2895/3411 2807/3323 2806/3322 2896/3412
f 2896/3412 2806/3322 2809/3325 2875/3391
f 2892/3408 2897/3413 2898/3414 2899/3415
f 2899/3415 2898/3414 2900/3416 2901/3417
f 2897/3413 2871/3387 2870/3386 2898/3414
f 2898/3414 2870/3386 2873/3389 2900/3416
f 2892/3408 2899/3415 2902/3418 2893/3409
f 2893/3409 2902/3418 2671/3185 2666/3180
f 2899/3415 2901/3417 2903/3419 2902/3418
f 2902/3418 2903/3419 2438/3186 2671/3185
f 2904/3420 2905/3421 2906/3422 2907/3423
f 2907/3423 2906/3422 2883/3399 2882/3398
f 2905/3421 2908/3424 2909/3425 2906/3422
f 2906/3422 2909/3425 2884/3400 2883/3399
f 2904/3420 2907/3423 2910/3426 2911/3427
f 2911/3427 2910/3426 2819/3335 2818/3334
f 2907/3423 2882/3398 2891/3407 2910/3426
f 2910/3426 2891/3407 2820/3336 2819/3335
f 2904/3420 2911/3427 2912/3428 2913/3429
f 2913/3429 2912/3428 2684/3200 2679/3194
f 2911/3427 2818/3334 2827/3343 2912/3428
f 2912/3428 2827/3343 2611/3125 2684/3200
f 2904/3420 2913/3429 2914/3430 2905/3421
f 2905/3421 2914/3430 2915/3431 2908/3424
f 2913/3429 2679/3194 2678/3193 2914/3430
f 2914/3430 2678/3193 2456/3197 2915/3431
f 2916/3432 2917/3433 2918/3434 2919/3435
f 2919/3435 2918/3434 2903/3419 2901/3417
f 2917/3433 2435/2949 2434/2948 2918/3434
f 2918/3434 2434/2948 2438/2952 2903/3419
f 2916/3432 2919/3435 2920/3436 2921/3437
f 2921/3437 2920/3436 2872/3388 2865/3381
f 2919/3435 2901/3417 2900/3416 2920/3436
f 2920/3436 2900/3416 2873/3389 2872/3388
f 2916/3432 2921/3437 2922/3438 2923/3439
f 2923/3439 2922/3438 2924/3440 2925/3441
f 2921/3437 2865/3381 2864/3380 2922/3438
f 2922/3438 2864/3380 2867/3383 2924/3440
f 2916/3432 2923/3439 2926/3442 2917/3433
f 2917/3433 2926/3442 2443/2957 2435/2949
f 2923/3439 2925/3441 2927/3443 2926/3442
f 2926/3442 2927/3443 2444/2958 2443/2957
f 2928/3444 2929/3445 2930/3446 2931/3447
f 2931/3447 2930/3446 2887/3403 2881/3397
f 2929/3445 2925/3441 2924/3440 2930/3446
f 2930/3446 2924/3440 2867/3383 2887/3403
f 2928/3444 2931/3447 2932/3448 2933/3449
f 2933/3449 2932/3448 2909/3425 2908/3424
f 2931/3447 2881/3397 2880/3396 2932/3448
f 2932/3448 2880/3396 2884/3400 2909/3425
f 2928/3444 2933/3449 2934/3450 2935/3451
f 2935/3451 2934/3450 2455/2969 2450/2964
f 2933/3449 2908/3424 2915/3431 2934/3450
f 2934/3450 2915/3431 2456/3197 2455/2969
f 2928/3444 2935/3451 2936/3452 2929/3445
f 2929/3445 2936/3452 2927/3443 2925/3441
f 2935/3451 2450/2964 2449/2963 2936/3452
f 2936/3452 2449/2963 2444/2958 2927/3443
f 2937/3453 2938/3454 2939/3455 2940/3456
f 2940/3456 2939/3455 2941/3457 2942/3458
f 2938/3454 2400/2914 2411/2925 2939/3455
f 2939/3455 2411/2925 2413/2927 2941/3457
f 2937/3453 2940/3456 2943/3459 2944/3460
f 2940/3456 2942/3458 2945/3461 2943/3459
f 2937/3453 2944/3460 2946/3462 2947/3463
f 2947/3463 2946/3462 2948/3464 2949/3465
f 2937/3453 2947/3463 2950/3466 2938/3454
f 2938/3454 2950/3466 2401/2915 2400/2914
f 2947/3463 2949/3465 2951/3467 2950/3466
f 2950/3466 2951/3467 2402/2916 2401/2915
f 2952/3468 2953/3469 2954/3470 2955/3471
f 2953/3469 2956/3472 2957/3473 2954/3470
f 2952/3468 2955/3471 2958/3474 2959/3475
f 2959/3475 2958/3474 2945/3461 2942/3458
f 2952/3468 2959/3475 2960/3476 2961/3477
f 2961/3477 2960/3476 2429/2943 2425/2939
f 2959/3475 2942/3458 2941/3457 2960/3476
f 2960/3476 2941/3457 2413/2927 2429/2943
f 2952/3468 2961/3477 2962/3478 2953/3469
f 2953/3469 2962/3478 2963/3479 2956/3472
f 2961/3477 2425/2939 2424/2938 2962/3478
f 2962/3478 2424/2938 2427/2941 2963/3479
f 2964/3480 2965/3481 2966/3482 2967/3483
f 2967/3483 2966/3482 2968/3484 2969/3485
f 2965/3481 2399/2913 2398/2912 2966/3482
f 2966/3482 2398/2912 2402/2916 2968/3484
f 2964/3480 2967/3483 2970/3486 2971/3487
f 2971/3487 2970/3486 2972/3488 2973/3489
f 2967/3483 2969/3485 2974/3490 2970/3486
f 2970/3486 2974/3490 2975/3491 2972/3488
f 2964/3480 2971/3487 2976/3492 2977/3493
f 2977/3493 2976/3492 1716/2813 1715/2812
f 2971/3487 2973/3489 2978/3494 2976/3492
f 2976/3492 2978/3494 1717/2815 1716/2813
f 2964/3480 2977/3493 2979/3495 2965/3481
f 2965/3481 2979/3495 2405/2919 2399/2913
f 2977/3493 1715/2812 1714/2817 2979/3495
f 2979/3495 1714/2817 1707/2231 2405/2919
f 2980/3496 2981/3497 2982/3498 2983/3499
f 2983/3499 2982/3498 2984/3500 2985/3501
f 2981/3497 1718/2825 1720/2824 2982/3498
f 2982/3498 1720/2824 1721/2826 2984/3500
f 2980/3496 2983/3499 2986/3502 2987/3503
f 2987/3503 2986/3502 2988/3504 2989/3505
f 2983/3499 2985/3501 2990/3506 2986/3502
f 2986/3502 2990/3506 2991/3507 2988/3504
f 2980/3496 2987/3503 2992/3508 2993/3509
f 2993/3509 2992/3508 2426/2940 2421/2935
f 2987/3503 2989/3505 2994/3510 2992/3508
f 2992/3508 2994/3510 2427/2941 2426/2940
f 2980/3496 2993/3509 2995/3511 2981/3497
f 2981/3497 2995/3511 1719/2837 1718/2825
f 2993/3509 2421/2935 2420/2934 2995/3511
f 2995/3511 2420/2934 1713/2253 1719/2837
f 2996/3512 2997/3513 2998/3514 2999/3515
f 2999/3515 2998/3514 2974/3490 2969/3485
f 2997/3513 3000/3516 3001/3517 2998/3514
f 2998/3514 3001/3517 2975/3491 2974/3490
f 2996/3512 2999/3515 3002/3518 3003/3519
f 3003/3519 3002/3518 2951/3467 2949/3465
f 2999/3515 2969/3485 2968/3484 3002/3518
f 3002/3518 2968/3484 2402/2916 2951/3467
f 2996/3512 3003/3519 3004/3520 3005/3521
f 3003/3519 2949/3465 2948/3464 3004/3520
f 2996/3512 3005/3521 3006/3522 2997/3513
f 2997/3513 3006/3522 3007/3523 3000/3516
f 3008/3524 3009/3525 3010/3526 3011/3527
f 3011/3527 3010/3526 2957/3473 2956/3472
f 3008/3524 3011/3527 3012/3528 3013/3529
f 3013/3529 3012/3528 2994/3510 2989/3505
f 3011/3527 2956/3472 2963/3479 3012/3528
f 3012/3528 2963/3479 2427/2941 2994/3510
f 3008/3524 3013/3529 3014/3530 3015/3531
f 3015/3531 3014/3530 3016/3532 3017/3533
f 3013/3529 2989/3505 2988/3504 3014/3530
f 3014/3530 2988/3504 2991/3507 3016/3532
f 3008/3524 3015/3531 3018/3534 3009/3525
f 3015/3531 3017/3533 3019/3535 3018/3534
f 2973/3489 2972/3488 3020/3536 3021/3537
f 2984/3500 1721/2826 1723/2865 3024/3538
f 2978/3494 2973/3489 3021/3537 3023/3539
f 2985/3501 2984/3500 3024/3538 3025/3540
f 2972/3488 2975/3491 3022/3541 3020/3536
f 3019/3535 3017/3533 3032/3542 3033/3543
f 1717/2815 2978/3494 3023/3539 1722/2871
f 3000/3516 3007/3523 3030/3544 3028/3545
f 2975/3491 3001/3517 3029/3546 3022/3541
f 3016/3532 2991/3507 3027/3547 3031/3548
f 3017/3533 3016/3532 3031/3548 3032/3542
f 3001/3517 3000/3516 3028/3545 3029/3546
f 2990/3506 2985/3501 3025/3540 3026/3549
f 2991/3507 2990/3506 3026/3549 3027/3547
f 2638/3152 2694/3210 3061/3550 3055/3551
f 2624/3138 2623/3137 3052/3552 3053/3553
f 2653/3167 2586/3100 3051/3554 3056/3555
f 2481/2995 2552/3066 3045/3556 3038/3557
f 2499/3013 2502/3016 3041/3558 3039/3559
f 2581/3095 2506/3020 3043/3560 3048/3561
f 2500/3014 2499/3013 3039/3559 3040/3562
f 2636/3150 2638/3152 3055/3551 3054/3563
f 2551/3065 2564/3078 3046/3564 3044/3565
f 2505/3019 2500/3014 3040/3562 3042/3566
f 2657/3171 2654/3168 3057/3567 3058/3568
f 2623/3137 2636/3150 3054/3563 3052/3552
f 2582/3096 2581/3095 3048/3561 3049/3569
f 2463/2977 2479/2993 3037/3570 3034/3571
f 2658/3172 2657/3171 3058/3568 3059/3572
f 2479/2993 2481/2995 3038/3557 3037/3570
f 2708/3224 2707/3223 3062/3573 3063/3574
f 2654/3168 2653/3167 3056/3555 3057/3567
f 2564/3078 2566/3080 3047/3575 3046/3564
f 2566/3080 2624/3138 3053/3553 3047/3575
f 2694/3210 2693/3209 3060/3576 3061/3550
f 2707/3223 2658/3172 3059/3572 3062/3573
f 2465/2979 2464/2978 3035/3577 3036/3578
f 2585/3099 2582/3096 3049/3569 3050/3579
f 2552/3066 2551/3065 3044/3565 3045/3556
f 2506/3020 2505/3019 3042/3566 3043/3560
f 2586/3100 2585/3099 3050/3579 3051/3554
f 2464/2978 2463/2977 3034/3571 3035/3577
f 1775/2277 1776/2280 3072/3580 3071/3581
f 2045/2549 2046/2552 3107/3582 3106/3583
f 1831/2333 1832/2334 3084/3584 3083/3585
f 1761/2265 1766/2269 3068/3586 3067/3587
f 1760/2262 1761/2265 3067/3587 3066/3588
f 2278/2783 2334/2847 3133/3589 3128/3590
f 2061/2565 2062/2566 3112/3591 3111/3592
f 2055/2560 2056/2559 3110/3593 3109/3594
f 1770/2271 1760/2262 3066/3588 3069/3595
f 2044/2547 2039/2543 3103/3596 3105/3597
f 2123/2627 2085/2589 3115/3598 3123/3599
f 2056/2559 2061/2565 3111/3592 3110/3593
f 2046/2552 1784/2285 3074/3600 3107/3582
f 1776/2280 1772/2273 3070/3601 3072/3580
f 2038/2541 2036/2539 3101/3602 3102/3603
f 1800/2302 1801/2303 3079/3604 3078/3605
f 1848/2350 2055/2560 3109/3594 3088/3606
f 2339/2853 2340/2852 3138/3607 3137/3608
f 2031/2538 2050/2553 3108/3609 3100/3610
f 2095/2600 2096/2599 3118/3611 3117/3612
f 1842/2343 1847/2349 3087/3613 3086/3614
f 2348/2860 2339/2853 3137/3608 3139/3615
f 2039/2543 2040/2546 3104/3616 3103/3596
f 1772/2273 1770/2271 3069/3595 3070/3601
f 1874/2376 1826/2328 3082/3617 3092/3618
f 2028/2531 2026/2529 3096/3619 3097/3620
f 1792/2293 1800/2302 3078/3605 3076/3621
f 2287/2790 2284/2788 3129/3622 3131/3623
f 2036/2539 2029/2533 3098/3624 3101/3602
f 2096/2599 2101/2605 3119/3625 3118/3611
f 2285/2787 2288/2793 3132/3626 3130/3627
f 2102/2606 2119/2624 3121/3628 3120/3629
f 2276/2781 2278/2783 3128/3590 3127/3630
f 2020/2526 2023/2528 3095/3631 3094/3632
f 2019/2523 2020/2526 3094/3632 3093/3633
f 2349/2861 2348/2860 3139/3615 3140/3634
f 2026/2529 2019/2523 3093/3633 3096/3619
f 2284/2788 2285/2787 3130/3627 3129/3622
f 2334/2847 2335/2846 3134/3635 3133/3589
f 2275/2779 2273/2778 3124/3636 3126/3637
f 2274/2777 2276/2781 3127/3630 3125/3638
f 2335/2846 2336/2848 3135/3639 3134/3635
f 2336/2848 2337/2849 3136/3640 3135/3639
f 2030/2536 2031/2538 3100/3610 3099/3641
f 2101/2605 2102/2606 3120/3629 3119/3625
f 2085/2589 2082/2587 3113/3642 3115/3598
f 2083/2586 2088/2592 3116/3643 3114/3644
f 2082/2587 2083/2586 3114/3644 3113/3642
f 1801/2303 1841/2344 3085/3645 3079/3604
f 1795/2297 1791/2294 3075/3646 3077/3647
f 2273/2778 2274/2777 3125/3638 3124/3636
f 1791/2294 1792/2293 3076/3621 3075/3646
f 2119/2624 2120/2623 3122/3648 3121/3628
f 1766/2269 2044/2547 3105/3597 3068/3586
f 2088/2592 1871/2373 3091/3649 3116/3643
f 1824/2325 1831/2333 3083/3585 3081/3650
f 1868/2371 1869/2370 3090/3651 3089/3652
f 1871/2373 1868/2371 3089/3652 3091/3649
f 1869/2370 1874/2376 3092/3618 3090/3651
f 1784/2285 1782/2283 3073/3653 3074/3600
f 2120/2623 2123/2627 3123/3599 3122/3648
f 2050/2553 2045/2549 3106/3583 3108/3609
f 2340/2852 2287/2790 3131/3623 3138/3607
f 2029/2533 2030/2536 3099/3641 3098/3624
f 2288/2793 2275/2779 3126/3637 3132/3626
f 1826/2328 1823/2326 3080/3654 3082/3617
f 2040/2546 2028/2531 3097/3620 3104/3616
f 2062/2566 2095/2600 3117/3612 3112/3591
f 1823/2326 1824/2325 3081/3650 3080/3654
f 1782/2283 1775/2277 3071/3581 3073/3653
f 1841/2344 1842/2343 3086/3614 3085/3645
f 1847/2349 1848/2350 3088/3606 3087/3613
f 2359/2874 2352/2868 3143/3655 3150/3656
f 2350/2863 2351/2862 3142/3657 3141/3658
f 2361/2875 2362/2870 3153/3659 3152/3660
f 2351/2862 2353/2866 3144/3661 3142/3657
f 2362/2870 2363/2869 3154/3662 3153/3659
f 2352/2868 2350/2863 3141/3658 3143/3655
f 2354/2864 2355/2867 3146/3663 3145/3664
f 2356/2877 2357/2876 3148/3665 3147/3666
f 2355/2867 2356/2877 3147/3666 3146/3663
f 2358/2872 2359/2874 3150/3656 3149/3667
f 2360/2873 2358/2872 3149/3667 3151/3668
f 2357/2876 2361/2875 3152/3660 3148/3665
f 1723/2865 2354/2864 3145/3664 3065/3669
f 2363/2869 2349/2861 3140/3634 3154/3662
f 2353/2866 1722/2871 3064/3670 3144/3661
f 2337/2849 2360/2873 3151/3668 3136/3640
f 2369/2886 2370/2890 3161/3671 3160/3672
f 2387/2896 2388/2895 3179/3673 3178/3674
f 2371/2887 2369/2886 3160/3672 3162/3675
f 2381/2883 2386/2882 3177/3676 3172/3677
f 2370/2890 2372/2894 3163/3678 3161/3671
f 2372/2894 2373/2889 3164/3679 3163/3678
f 2386/2882 2387/2896 3178/3674 3177/3676
f 2375/2885 2368/2884 3159/3680 3166/3681
f 2376/2893 2374/2892 3165/3682 3167/3683
f 2368/2884 2367/2899 3158/3684 3159/3680
f 2374/2892 2375/2885 3166/3681 3165/3682
f 2389/2900 2392/2902 3183/3685 3180/3686
f 2392/2902 2393/2901 3184/3687 3183/3685
f 2390/2904 2391/2879 3182/3688 3181/3689
f 2378/2888 2379/2897 3170/3690 3169/3691
f 2379/2897 2380/2907 3171/3692 3170/3690
f 2367/2899 2364/2898 3155/3693 3158/3684
f 2380/2907 2381/2883 3172/3677 3171/3692
f 2373/2889 2378/2888 3169/3691 3164/3679
f 2391/2879 2385/2878 3176/3694 3182/3688
f 2377/2903 2376/2893 3167/3683 3168/3695
f 2365/2906 2366/2905 3157/3696 3156/3697
f 2364/2898 2365/2906 3156/3697 3155/3693
f 2384/2891 2382/2881 3173/3698 3175/3699
f 2388/2895 2389/2900 3180/3686 3179/3673
f 2382/2881 2383/2880 3174/3700 3173/3698
f 2385/2878 2384/2891 3175/3699 3176/3694
f 2383/2880 2377/2903 3168/3695 3174/3700
f 1832/2334 2371/2887 3162/3675 3084/3584
f 2393/2901 2038/2541 3102/3603 3184/3687
f 2023/2528 2390/2904 3181/3689 3095/3631
f 2366/2905 1795/2297 3077/3647 3157/3696
f 2446/2960 2445/2959 3190/3701 3191/3702
f 2716/3232 2715/3231 3225/3703 3226/3704
f 2502/3016 2501/3015 3202/3705 3203/3706
f 2436/2950 2431/2945 3186/3707 3187/3708
f 2431/2945 2430/2944 3185/3709 3186/3707
f 3004/3520 2948/3464 3247/3710 3252/3711
f 2732/3248 2731/3247 3230/3712 3231/3713
f 2726/3242 2725/3241 3228/3714 3229/3715
f 2430/2944 2440/2954 3188/3716 3185/3709
f 2709/3225 2714/3230 3224/3717 3222/3718
f 2755/3271 2793/3309 3242/3719 3234/3720
f 2731/3247 2726/3242 3229/3715 3230/3712
f 2454/2968 2716/3232 3226/3704 3193/3721
f 2442/2956 2446/2960 3191/3702 3189/3722
f 2706/3222 2708/3224 3221/3723 3220/3724
f 2471/2985 2470/2984 3197/3725 3198/3726
f 2725/3241 2518/3032 3207/3727 3228/3714
f 3010/3526 3009/3525 3256/3728 3257/3729
f 2720/3236 2701/3219 3219/3730 3227/3731
f 2766/3282 2765/3281 3236/3732 3237/3733
f 2517/3031 2512/3026 3205/3734 3206/3735
f 3009/3525 3018/3534 3258/3736 3256/3728
f 2710/3226 2709/3225 3222/3718 3223/3737
f 2440/2954 2442/2956 3189/3722 3188/3716
f 2496/3010 2544/3058 3211/3738 3201/3739
f 2696/3212 2698/3214 3216/3740 3215/3741
f 2470/2984 2462/2976 3195/3742 3197/3725
f 2954/3470 2957/3473 3250/3743 3248/3744
f 2699/3215 2706/3222 3220/3724 3217/3745
f 2771/3287 2766/3282 3237/3733 3238/3746
f 2958/3474 2955/3471 3249/3747 3251/3748
f 2789/3305 2772/3288 3239/3749 3240/3750
f 2948/3464 2946/3462 3246/3751 3247/3710
f 2693/3209 2690/3206 3213/3752 3214/3753
f 2690/3206 2689/3205 3212/3754 3213/3752
f 3018/3534 3019/3535 3259/3755 3258/3736
f 2689/3205 2696/3212 3215/3741 3212/3754
f 2955/3471 2954/3470 3248/3744 3249/3747
f 3005/3521 3004/3520 3252/3711 3253/3756
f 2943/3459 2945/3461 3245/3757 3243/3758
f 2946/3462 2944/3460 3244/3759 3246/3751
f 3006/3522 3005/3521 3253/3756 3254/3760
f 3007/3523 3006/3522 3254/3760 3255/3761
f 2701/3219 2700/3216 3218/3762 3219/3730
f 2772/3288 2771/3287 3238/3746 3239/3749
f 2752/3268 2755/3271 3234/3720 3232/3763
f 2758/3274 2753/3269 3233/3764 3235/3765
f 2753/3269 2752/3268 3232/3763 3233/3764
f 2511/3025 2471/2985 3198/3726 3204/3766
f 2461/2975 2465/2979 3196/3767 3194/3768
f 2944/3460 2943/3459 3243/3758 3244/3759
f 2462/2976 2461/2975 3194/3768 3195/3742
f 2790/3306 2789/3305 3240/3750 3241/3769
f 2714/3230 2436/2950 3187/3708 3224/3717
f 2541/3055 2758/3274 3235/3765 3210/3770
f 2501/3015 2494/3008 3200/3771 3202/3705
f 2539/3053 2538/3052 3208/3772 3209/3773
f 2538/3052 2541/3055 3210/3770 3208/3772
f 2544/3058 2539/3053 3209/3773 3211/3738
f 2452/2966 2454/2968 3193/3721 3192/3774
f 2793/3309 2790/3306 3241/3769 3242/3719
f 2715/3231 2720/3236 3227/3731 3225/3703
f 2957/3473 3010/3526 3257/3729 3250/3743
f 2700/3216 2699/3215 3217/3745 3218/3762
f 2945/3461 2958/3474 3251/3748 3245/3757
f 2493/3007 2496/3010 3201/3739 3199/3775
f 2698/3214 2710/3226 3223/3737 3216/3740
f 2765/3281 2732/3248 3231/3713 3236/3732
f 2494/3008 2493/3007 3199/3775 3200/3771
f 2445/2959 2452/2966 3192/3774 3190/3701
f 2512/3026 2511/3025 3204/3766 3205/3734
f 2518/3032 2517/3031 3206/3735 3207/3727
f 3022/3541 3029/3546 3269/3776 3262/3777
f 3021/3537 3020/3536 3260/3778 3261/3779
f 3032/3542 3031/3548 3271/3780 3272/3781
f 3023/3539 3021/3537 3261/3779 3263/3782
f 3033/3543 3032/3542 3272/3781 3273/3783
f 3020/3536 3022/3541 3262/3777 3260/3778
f 3025/3540 3024/3538 3264/3784 3265/3785
f 3027/3547 3026/3549 3266/3786 3267/3787
f 3026/3549 3025/3540 3265/3785 3266/3786
f 3029/3546 3028/3545 3268/3788 3269/3776
f 3028/3545 3030/3544 3270/3789 3268/3788
f 3031/3548 3027/3547 3267/3787 3271/3780
f 3019/3535 3033/3543 3273/3783 3259/3755
f 3030/3544 3007/3523 3255/3761 3270/3789
f 3040/3562 3039/3559 3279/3790 3280/3791
f 3058/3568 3057/3567 3297/3792 3298/3793
f 3039/3559 3041/3558 3281/3794 3279/3790
f 3056/3555 3051/3554 3291/3795 3296/3796
f 3042/3566 3040/3562 3280/3791 3282/3797
f 3043/3560 3042/3566 3282/3797 3283/3798
f 3057/3567 3056/3555 3296/3796 3297/3792
f 3038/3557 3045/3556 3285/3799 3278/3800
f 3044/3565 3046/3564 3286/3801 3284/3802
f 3037/3570 3038/3557 3278/3800 3277/3803
f 3045/3556 3044/3565 3284/3802 3285/3799
f 3062/3573 3059/3572 3299/3804 3302/3805
f 3063/3574 3062/3573 3302/3805 3303/3806
f 3061/3550 3060/3576 3300/3807 3301/3808
f 3049/3569 3048/3561 3288/3809 3289/3810
f 3050/3579 3049/3569 3289/3810 3290/3811
f 3034/3571 3037/3570 3277/3803 3274/3812
f 3051/3554 3050/3579 3290/3811 3291/3795
f 3048/3561 3043/3560 3283/3798 3288/3809
f 3055/3551 3061/3550 3301/3808 3295/3813
f 3046/3564 3047/3575 3287/3814 3286/3801
f 3036/3578 3035/3577 3275/3815 3276/3816
f 3035/3577 3034/3571 3274/3812 3275/3815
f 3052/3552 3054/3563 3294/3817 3292/3818
f 3059/3572 3058/3568 3298/3793 3299/3804
f 3053/3553 3052/3552 3292/3818 3293/3819
f 3054/3563 3055/3551 3295/3813 3294/3817
f 3047/3575 3053/3553 3293/3819 3287/3814
f 3041/3558 2502/3016 3203/3706 3281/3794
f 2708/3224 3063/3574 3303/3806 3221/3723
f 3060/3576 2693/3209 3214/3753 3300/3807
f 2465/2979 3036/3578 3276/3816 3196/3767
f 1722/2871 3023/3539 3263/3782 3064/3670
f 3024/3538 1723/2865 3065/3669 3264/3784
f 3319/3820 3306/3821 3307/3822 3318/3823
f 3327/3824 3308/3825 3309/3826 3324/3827
f 3344/3828 3347/3829 3312/3830 3323/3831
f 3338/3832 3343/3833 3314/3834 3326/3835
f 3333/3836 3336/3837 3316/3838 3325/3839
f 3349/3840 3348/3841 3313/3842 3321/3843
f 3340/3844 3342/3845 3315/3846 3320/3847
f 3335/3848 3337/3849 3317/3850 3322/3851
f 3687/3852 3699/3853 4047/3854 4052/3855
f 4012/3856 3657/3857 4043/3858 4060/3859
f 3657/3857 3662/3860 4044/3861 4043/3858
f 4002/3862 4007/3863 4059/3864 4058/3865
f 3341/3866 3340/3844 3320/3847 3311/3867
f 3346/3868 3349/3840 3321/3843 3310/3869
f 3304/3870 3319/3820 3318/3823 3305/3871
f 3337/3849 3333/3836 3325/3839 3317/3850
f 3342/3845 3338/3832 3326/3835 3315/3846
f 3348/3841 3344/3828 3323/3831 3313/3842
f 3306/3821 3327/3824 3324/3827 3307/3822
f 3308/3825 3331/3872 3332/3873 3309/3826
f 3347/3829 3345/3874 3328/3875 3312/3830
f 3343/3833 3339/3876 3329/3877 3314/3834
f 3336/3837 3334/3878 3330/3879 3316/3838
f 3314/3834 3329/3877 3334/3878 3336/3837
f 3315/3846 3326/3835 3333/3836 3337/3849
f 3334/3878 3329/3877 4014/3880 4019/3881
f 3320/3847 3315/3846 3337/3849 3335/3848
f 3326/3835 3314/3834 3336/3837 3333/3836
f 3312/3830 3328/3875 3339/3876 3343/3833
f 3313/3842 3323/3831 3338/3832 3342/3845
f 3310/3869 3321/3843 3340/3844 3341/3866
f 3705/3882 3687/3852 4052/3855 4049/3883
f 3321/3843 3313/3842 3342/3845 3340/3844
f 3323/3831 3312/3830 3343/3833 3338/3832
f 3309/3826 3332/3873 3345/3874 3347/3829
f 3307/3822 3324/3827 3344/3828 3348/3841
f 3305/3871 3318/3823 3349/3840 3346/3868
f 3641/3884 3636/3885 4034/3886 4036/3887
f 3318/3823 3307/3822 3348/3841 3349/3840
f 3324/3827 3309/3826 3347/3829 3344/3828
f 3465/3888 3462/3889 3378/3890 3426/3891
f 3494/3892 3354/3893 3353/3894 3491/3895
f 3511/3896 3507/3897 3352/3898 3357/3899
f 3521/3900 3522/3901 3367/3902 3435/3903
f 3454/3904 3451/3905 3356/3906 3350/3907
f 3478/3908 3481/3909 3364/3910 3395/3911
f 3464/3912 3459/3913 3355/3914 3358/3915
f 3467/3916 3474/3917 3363/3918 3437/3919
f 3527/3920 3524/3921 3404/3922 3375/3923
f 3497/3924 3415/3925 3382/3926 3492/3927
f 3457/3928 3453/3929 3403/3930 3396/3931
f 3529/3932 3526/3933 3402/3934 3391/3935
f 3520/3936 3517/3937 3405/3938 3392/3939
f 3518/3940 3515/3941 3407/3942 3377/3943
f 3469/3944 3471/3945 3410/3946 3390/3947
f 3468/3948 3473/3949 3413/3950 3368/3951
f 3492/3927 3382/3926 3416/3952 3498/3953
f 3495/3954 3361/3955 3418/3956 3496/3957
f 3509/3958 3512/3959 3420/3960 3388/3961
f 3510/3962 3514/3963 3422/3964 3366/3965
f 3475/3966 3480/3967 3409/3968 3400/3969
f 3477/3970 3482/3971 3412/3972 3371/3973
f 3460/3974 3465/3888 3426/3891 3393/3975
f 3462/3889 3466/3976 3428/3977 3378/3890
f 3486/3978 3487/3979 3424/3980 3399/3981
f 3489/3982 3488/3983 3425/3984 3381/3985
f 3453/3929 3455/3986 3397/3987 3403/3930
f 3458/3988 3456/3989 3398/3990 3374/3991
f 3501/3992 3388/3961 3420/3960 3504/3993
f 3502/3994 3366/3965 3422/3964 3503/3995
f 3500/3996 3372/3997 3421/3998 3506/3999
f 3452/4000 3457/3928 3396/3931 3376/4001
f 3485/4002 3490/4003 3423/4004 3380/4005
f 3461/4006 3463/4007 3427/4008 3379/4009
f 3476/4010 3479/4011 3408/4012 3386/4013
f 3508/4014 3513/4015 3421/3998 3372/3997
f 3493/4016 3373/4017 3415/3925 3497/3924
f 3470/4018 3472/4019 3411/4020 3385/4021
f 3519/4022 3516/4023 3406/4024 3389/4025
f 3526/3933 3525/4026 3431/4027 3402/3934
f 3525/4026 3528/4028 3401/4029 3431/4027
f 3463/4007 3460/3974 3393/3975 3427/4008
f 3513/4015 3509/3958 3388/3961 3421/3998
f 3524/3921 3523/4030 3370/4031 3404/3922
f 3473/3949 3467/3916 3437/3919 3413/3950
f 3479/4011 3475/3966 3400/3969 3408/4012
f 3490/4003 3486/3978 3399/3981 3423/4004
f 3466/3976 3464/3912 3358/3915 3428/3977
f 3503/3995 3422/3964 3357/4032 3505/4033
f 3456/3989 3454/3904 3350/3907 3398/3990
f 3455/3986 3458/3988 3374/3991 3397/3987
f 3516/4023 3520/3936 3392/3939 3406/4024
f 3480/3967 3477/3970 3371/3973 3409/3968
f 3504/3993 3420/3960 3366/3965 3502/3994
f 3488/3983 3483/4034 3436/4035 3425/3984
f 3528/4028 3527/3920 3375/3923 3401/4029
f 3498/3953 3416/3952 3361/3955 3495/3954
f 3517/3937 3518/3940 3377/3943 3405/3938
f 3471/3945 3468/3948 3368/3951 3410/3946
f 3515/3941 3521/3900 3435/3903 3407/3942
f 3505/4033 3357/4032 3352/3898 3499/4036
f 3523/4030 3530/4037 3369/4038 3370/4031
f 3483/4034 3484/4039 3360/4040 3436/4035
f 3506/3999 3421/3998 3388/3961 3501/3992
f 3512/3959 3510/3962 3366/3965 3420/3960
f 3487/3979 3489/3982 3381/3985 3424/3980
f 3472/4019 3469/3944 3390/3947 3411/4020
f 3482/3971 3478/3908 3395/3911 3412/3972
f 3496/3957 3418/3956 3354/3893 3494/3892
f 3514/3963 3511/3896 3357/3899 3422/3964
f 3398/3990 3350/3907 3438/4041 3444/4042
f 3350/3907 3356/3906 3439/4043 3438/4041
f 3374/3991 3398/3990 3444/4042 3440/4044
f 3376/4001 3396/3931 3442/4045 3441/4046
f 3403/3930 3397/3987 3443/4047 3445/4048
f 3397/3987 3374/3991 3440/4044 3443/4047
f 3396/3931 3403/3930 3445/4048 3442/4045
f 3442/4045 3445/4048 3541/4049 3539/4050
f 3443/4047 3440/4044 3448/4051 3540/4052
f 3438/4041 3439/4043 3447/4053 3446/4054
f 3440/4044 3444/4042 3450/4055 3448/4051
f 3445/4048 3443/4047 3540/4052 3541/4049
f 3444/4042 3438/4041 3446/4054 3450/4055
f 3441/4046 3442/4045 3539/4050 3449/4056
f 3426/3891 3378/3890 3458/3988 3455/3986
f 3428/3977 3358/3915 3454/3904 3456/3989
f 3379/4009 3427/4008 3457/3928 3452/4000
f 3378/3890 3428/3977 3456/3989 3458/3988
f 3393/3975 3426/3891 3455/3986 3453/3929
f 3427/4008 3393/3975 3453/3929 3457/3928
f 3358/3915 3355/3914 3451/3905 3454/3904
f 3413/3950 3437/3919 3464/3912 3466/3976
f 3411/4020 3390/3947 3460/3974 3463/4007
f 3385/4021 3411/4020 3463/4007 3461/4006
f 3368/3951 3413/3950 3466/3976 3462/3889
f 3390/3947 3410/3946 3465/3888 3460/3974
f 3437/3919 3363/3918 3459/3913 3464/3912
f 3410/3946 3368/3951 3462/3889 3465/3888
f 3408/4012 3400/3969 3469/3944 3472/4019
f 3409/3968 3371/3973 3468/3948 3471/3945
f 3412/3972 3395/3911 3467/3916 3473/3949
f 3386/4013 3408/4012 3472/4019 3470/4018
f 3371/3973 3412/3972 3473/3949 3468/3948
f 3400/3969 3409/3968 3471/3945 3469/3944
f 3395/3911 3364/3910 3474/3917 3467/3916
f 3425/3984 3436/4035 3478/3908 3482/3971
f 3424/3980 3381/3985 3477/3970 3480/3967
f 3423/4004 3399/3981 3475/3966 3479/4011
f 3380/4005 3423/4004 3479/4011 3476/4010
f 3381/3985 3425/3984 3482/3971 3477/3970
f 3399/3981 3424/3980 3480/3967 3475/3966
f 3436/4035 3360/4040 3481/3909 3478/3908
f 3417/4057 3362/4058 3489/3982 3487/3979
f 3351/4059 3359/4060 3484/4039 3483/4034
f 3419/4061 3351/4059 3483/4034 3488/3983
f 3414/4062 3384/4063 3486/3978 3490/4003
f 3383/4064 3414/4062 3490/4003 3485/4002
f 3362/4058 3419/4061 3488/3983 3489/3982
f 3384/4063 3417/4057 3487/3979 3486/3978
f 3419/4061 3496/3957 3494/3892 3351/4059
f 3417/4057 3498/3953 3495/3954 3362/4058
f 3383/4064 3493/4016 3497/3924 3414/4062
f 3362/4058 3495/3954 3496/3957 3419/4061
f 3384/4063 3492/3927 3498/3953 3417/4057
f 3414/4062 3497/3924 3492/3927 3384/4063
f 3351/4059 3494/3892 3491/3895 3359/4060
f 3415/3925 3506/3999 3501/3992 3382/3926
f 3354/3893 3505/4033 3499/4036 3353/3894
f 3416/3952 3504/3993 3502/3994 3361/3955
f 3418/3956 3503/3995 3505/4033 3354/3893
f 3373/4017 3500/3996 3506/3999 3415/3925
f 3361/3955 3502/3994 3503/3995 3418/3956
f 3382/3926 3501/3992 3504/3993 3416/3952
f 3407/3942 3435/3903 3511/3896 3514/3963
f 3405/3938 3377/3943 3510/3962 3512/3959
f 3406/4024 3392/3939 3509/3958 3513/4015
f 3389/4025 3406/4024 3513/4015 3508/4014
f 3377/3943 3407/3942 3514/3963 3510/3962
f 3392/3939 3405/3938 3512/3959 3509/3958
f 3435/3903 3367/3902 3507/3897 3511/3896
f 3404/3922 3370/4031 3521/3900 3515/3941
f 3401/4029 3375/3923 3518/3940 3517/3937
f 3402/3934 3431/4027 3520/3936 3516/4023
f 3391/3935 3402/3934 3516/4023 3519/4022
f 3375/3923 3404/3922 3515/3941 3518/3940
f 3431/4027 3401/4029 3517/3937 3520/3936
f 3370/4031 3369/4038 3522/3901 3521/3900
f 3429/4065 3434/4066 3530/4037 3523/4030
f 3433/4067 3365/4068 3527/3920 3528/4028
f 3430/4069 3429/4065 3523/4030 3524/3921
f 3387/4070 3433/4067 3528/4028 3525/4026
f 3432/4071 3387/4070 3525/4026 3526/3933
f 3394/4072 3432/4071 3526/3933 3529/3932
f 3365/4068 3430/4069 3524/3921 3527/3920
f 3429/4065 3430/4069 3535/4073 3534/4074
f 3387/4070 3432/4071 3536/4075 3532/4076
f 3432/4071 3394/4072 3533/4077 3536/4075
f 3433/4067 3387/4070 3532/4076 3537/4078
f 3434/4066 3429/4065 3534/4074 3538/4079
f 3365/4068 3433/4067 3537/4078 3531/4080
f 3430/4069 3365/4068 3531/4080 3535/4073
f 3499/4036 3352/3898 3542/4081 3561/4082
f 3484/4039 3359/4060 3546/4083 3559/4084
f 3474/3917 3364/3910 3549/4085 3557/4086
f 3364/3910 3481/3909 3558/4087 3549/4085
f 3447/4053 3439/4043 3553/4088 3554/4089
f 3355/3914 3459/3913 3556/4090 3544/4091
f 3530/4037 3434/4066 3552/4092 3564/4093
f 3352/3898 3507/3897 3562/4094 3542/4081
f 3356/3906 3451/3905 3555/4095 3545/4096
f 3359/4060 3491/3895 3560/4097 3546/4083
f 3481/3909 3360/4040 3547/4098 3558/4087
f 3507/3897 3367/3902 3550/4099 3562/4094
f 3439/4043 3356/3906 3545/4096 3553/4088
f 3367/3902 3522/3901 3563/4100 3550/4099
f 3369/4038 3530/4037 3564/4093 3551/4101
f 3360/4040 3484/4039 3559/4084 3547/4098
f 3522/3901 3369/4038 3551/4101 3563/4100
f 3353/3894 3499/4036 3561/4082 3543/4102
f 3363/3918 3474/3917 3557/4086 3548/4103
f 3451/3905 3355/3914 3544/4091 3555/4095
f 3459/3913 3363/3918 3548/4103 3556/4090
f 3491/3895 3353/3894 3543/4102 3560/4097
f 3434/4066 3538/4079 3565/4104 3552/4092
f 3534/4074 3535/4073 3569/4105 3568/4106
f 3531/4080 3537/4078 3571/4107 3566/4108
f 3532/4076 3536/4075 3570/4109 3567/4110
f 3565/4104 3538/4079 3572/4111 3573/4112
f 3535/4073 3531/4080 3566/4108 3569/4105
f 3538/4079 3534/4074 3568/4106 3572/4111
f 3537/4078 3532/4076 3567/4110 3571/4107
f 3508/4014 3372/3997 3574/4113 3594/4114
f 3379/4009 3452/4000 3587/4115 3577/4116
f 3519/4022 3389/4025 3582/4117 3595/4118
f 3476/4010 3386/4013 3581/4119 3590/4120
f 3441/4046 3449/4056 3586/4121 3585/4122
f 3385/4021 3461/4006 3588/4123 3580/4124
f 3391/3935 3519/4022 3595/4118 3583/4125
f 3470/4018 3385/4021 3580/4124 3589/4126
f 3493/4016 3383/4064 3579/4127 3592/4128
f 3376/4001 3441/4046 3585/4122 3576/4129
f 3389/4025 3508/4014 3594/4114 3582/4117
f 3373/4017 3493/4016 3592/4128 3575/4130
f 3386/4013 3470/4018 3589/4126 3581/4119
f 3533/4077 3394/4072 3584/4131 3597/4132
f 3380/4005 3476/4010 3590/4120 3578/4133
f 3529/3932 3391/3935 3583/4125 3596/4134
f 3452/4000 3376/4001 3576/4129 3587/4115
f 3485/4002 3380/4005 3578/4133 3591/4135
f 3372/3997 3500/3996 3593/4136 3574/4113
f 3383/4064 3485/4002 3591/4135 3579/4127
f 3500/3996 3373/4017 3575/4130 3593/4136
f 3394/4072 3529/3932 3596/4134 3584/4131
f 3461/4006 3379/4009 3577/4116 3588/4123
f 3584/4131 3596/4134 3620/4137 3608/4138
f 3593/4136 3575/4130 3599/4139 3617/4140
f 3596/4134 3583/4125 3607/4141 3620/4137
f 3580/4124 3588/4123 3612/4142 3604/4143
f 3583/4125 3595/4118 3619/4144 3607/4141
f 3595/4118 3582/4117 3606/4145 3619/4144
f 3592/4128 3579/4127 3603/4146 3616/4147
f 3582/4117 3594/4114 3618/4148 3606/4145
f 3585/4122 3586/4121 3610/4149 3609/4150
f 3589/4126 3580/4124 3604/4143 3613/4151
f 3578/4133 3590/4120 3614/4152 3602/4153
f 3576/4129 3585/4122 3609/4150 3600/4154
f 3594/4114 3574/4113 3598/4155 3618/4148
f 3581/4119 3589/4126 3613/4151 3605/4156
f 3590/4120 3581/4119 3605/4156 3614/4152
f 3588/4123 3577/4116 3601/4157 3612/4142
f 3575/4130 3592/4128 3616/4147 3599/4139
f 3587/4115 3576/4129 3600/4154 3611/4158
f 3591/4135 3578/4133 3602/4153 3615/4159
f 3577/4116 3587/4115 3611/4158 3601/4157
f 3579/4127 3591/4135 3615/4159 3603/4146
f 3597/4132 3584/4131 3608/4138 3621/4160
f 3574/4113 3593/4136 3617/4140 3598/4155
f 3325/3839 3316/3838 3622/4161 3625/4162
f 3317/3850 3325/3839 3625/4162 3623/4163
f 3322/3851 3317/3850 3623/4163 3624/4164
f 3316/3838 3330/3879 3626/4165 3622/4161
f 3631/4166 3626/4167 4030/4168 4032/4169
f 3622/4161 3626/4165 3631/4166 3627/4170
f 3623/4163 3625/4162 3630/4171 3628/4172
f 3624/4164 3623/4163 3628/4172 3629/4173
f 3977/4174 3982/4175 4054/4176 4053/4177
f 3625/4162 3622/4161 3627/4170 3630/4171
f 3627/4170 3631/4166 3636/4178 3632/4179
f 3628/4172 3630/4171 3635/4180 3633/4181
f 3629/4173 3628/4172 3633/4181 3634/4182
f 3636/3885 3631/4166 4032/4169 4034/3886
f 3630/4171 3627/4170 3632/4179 3635/4180
f 3635/4180 3632/4179 3637/4183 3640/4184
f 3632/4179 3636/4178 3641/3884 3637/4183
f 3633/4181 3635/4180 3640/4184 3638/4185
f 3634/4182 3633/4181 3638/4185 3639/4186
f 3330/3879 3334/3878 4019/3881 4020/4187
f 3639/4186 3638/4185 3643/4188 3644/4189
f 4007/3863 4012/3856 4060/3859 4059/3864
f 3640/4184 3637/4183 3642/4190 3645/4191
f 3637/4183 3641/3884 3646/4192 3642/4190
f 3638/4185 3640/4184 3645/4191 3643/4188
f 3645/4191 3642/4190 3647/4193 3650/4194
f 3644/4189 3643/4188 3648/4195 3649/4196
f 3642/4190 3646/4192 3651/4197 3647/4193
f 3643/4188 3645/4191 3650/4194 3648/4195
f 3339/3876 3328/3875 4028/4198 4017/4199
f 3648/4195 3650/4194 3655/4200 3653/4201
f 3328/3875 3345/3874 4018/4202 4028/4198
f 3650/4194 3647/4193 3652/4203 3655/4200
f 3649/4196 3648/4195 3653/4201 3654/4204
f 3647/4193 3651/4197 3656/4205 3652/4203
f 3653/4201 3655/4200 3661/4206 3659/4207
f 3646/4192 3641/3884 4036/3887 4038/4208
f 3655/4200 3652/4203 3658/4209 3661/4206
f 3654/4204 3653/4201 3659/4207 3660/4210
f 3652/4203 3656/4205 3662/4211 3658/4209
f 3678/4212 3677/4213 3666/4214 3665/4215
f 3686/4216 3683/4217 3668/4218 3667/4219
f 3704/4220 3682/4221 3671/4222 3707/4223
f 3698/4224 3685/4225 3673/4226 3703/4227
f 3693/4228 3684/4229 3675/4230 3696/4231
f 3709/4232 3680/4233 3672/4234 3708/4235
f 3700/4236 3679/4237 3674/4238 3702/4239
f 3695/4240 3681/4241 3676/4242 3697/4243
f 3345/3874 3332/3873 4016/4244 4018/4202
f 3651/4197 3646/4192 4038/4208 4040/4245
f 3982/4175 3987/4246 4055/4247 4054/4176
f 3332/3873 3331/3872 4015/4248 4016/4244
f 3701/4249 3670/4250 3679/4237 3700/4236
f 3706/4251 3669/4252 3680/4233 3709/4232
f 3663/4253 3664/4254 3677/4213 3678/4212
f 3697/4243 3676/4242 3684/4229 3693/4228
f 3702/4239 3674/4238 3685/4225 3698/4224
f 3708/4235 3672/4234 3682/4221 3704/4220
f 3665/4215 3666/4214 3683/4217 3686/4216
f 3667/4219 3668/4218 3691/4255 3690/4256
f 3707/4223 3671/4222 3687/3852 3705/3882
f 3703/4227 3673/4226 3688/4257 3699/4258
f 3696/4231 3675/4230 3689/4259 3694/4260
f 3673/4226 3696/4231 3694/4260 3688/4257
f 3674/4238 3697/4243 3693/4228 3685/4225
f 3331/3872 3692/4261 4021/4262 4015/4248
f 3679/4237 3695/4240 3697/4243 3674/4238
f 3685/4225 3693/4228 3696/4231 3673/4226
f 3671/4222 3703/4227 3699/4258 3687/3852
f 3672/4234 3702/4239 3698/4224 3682/4221
f 3669/4252 3701/4249 3700/4236 3680/4233
f 3987/4246 3992/4263 4056/4264 4055/4247
f 3680/4233 3700/4236 3702/4239 3672/4234
f 3682/4221 3698/4224 3703/4227 3671/4222
f 3668/4218 3707/4223 3705/3882 3691/4255
f 3666/4214 3708/4235 3704/4220 3683/4217
f 3664/4254 3706/4251 3709/4232 3677/4213
f 3329/3877 3339/3876 4017/4199 4014/3880
f 3677/4213 3709/4232 3708/4235 3666/4214
f 3683/4217 3704/4220 3707/4223 3668/4218
f 3820/4265 3786/4266 3738/4267 3817/4268
f 3849/4269 3846/4270 3713/4271 3714/4272
f 3866/4273 3717/4274 3712/4275 3862/4276
f 3876/4277 3795/4278 3727/4279 3877/4280
f 3809/4281 3710/4282 3716/4283 3806/4284
f 3833/4285 3755/4286 3724/4287 3836/4288
f 3819/4289 3718/4290 3715/4291 3814/4292
f 3822/4293 3797/4294 3723/4295 3829/4296
f 3882/4297 3735/4298 3764/4299 3879/4300
f 3852/4301 3847/4302 3742/4303 3775/4304
f 3812/4305 3756/4306 3763/4307 3808/4308
f 3884/4309 3751/4310 3762/4311 3881/4312
f 3875/4313 3752/4314 3765/4315 3872/4316
f 3873/4317 3737/4318 3767/4319 3870/4320
f 3824/4321 3750/4322 3770/4323 3826/4324
f 3823/4325 3728/4326 3773/4327 3828/4328
f 3847/4302 3853/4329 3776/4330 3742/4303
f 3850/4331 3851/4332 3778/4333 3721/4334
f 3864/4335 3748/4336 3780/4337 3867/4338
f 3865/4339 3726/4340 3782/4341 3869/4342
f 3830/4343 3760/4344 3769/4345 3835/4346
f 3832/4347 3731/4348 3772/4349 3837/4350
f 3815/4351 3753/4352 3786/4266 3820/4265
f 3817/4268 3738/4267 3788/4353 3821/4354
f 3841/4355 3759/4356 3784/4357 3842/4358
f 3844/4359 3741/4360 3785/4361 3843/4362
f 3808/4308 3763/4307 3757/4363 3810/4364
f 3813/4365 3734/4366 3758/4367 3811/4368
f 3856/4369 3859/4370 3780/4337 3748/4336
f 3857/4371 3858/4372 3782/4341 3726/4340
f 3855/4373 3861/4374 3781/4375 3732/4376
f 3807/4377 3736/4378 3756/4306 3812/4305
f 3840/4379 3740/4380 3783/4381 3845/4382
f 3816/4383 3739/4384 3787/4385 3818/4386
f 3831/4387 3746/4388 3768/4389 3834/4390
f 3863/4391 3732/4376 3781/4375 3868/4392
f 3848/4393 3852/4301 3775/4304 3733/4394
f 3825/4395 3745/4396 3771/4397 3827/4398
f 3874/4399 3749/4400 3766/4401 3871/4402
f 3881/4312 3762/4311 3791/4403 3880/4404
f 3880/4404 3791/4403 3761/4405 3883/4406
f 3818/4386 3787/4385 3753/4352 3815/4351
f 3868/4392 3781/4375 3748/4336 3864/4335
f 3879/4300 3764/4299 3730/4407 3878/4408
f 3828/4328 3773/4327 3797/4294 3822/4293
f 3834/4390 3768/4389 3760/4344 3830/4343
f 3845/4382 3783/4381 3759/4356 3841/4355
f 3821/4354 3788/4353 3718/4290 3819/4289
f 3858/4372 3860/4409 3717/4410 3782/4341
f 3811/4368 3758/4367 3710/4282 3809/4281
f 3810/4364 3757/4363 3734/4366 3813/4365
f 3871/4402 3766/4401 3752/4314 3875/4313
f 3835/4346 3769/4345 3731/4348 3832/4347
f 3859/4370 3857/4371 3726/4340 3780/4337
f 3843/4362 3785/4361 3796/4411 3838/4412
f 3883/4406 3761/4405 3735/4298 3882/4297
f 3853/4329 3850/4331 3721/4334 3776/4330
f 3872/4316 3765/4315 3737/4318 3873/4317
f 3826/4324 3770/4323 3728/4326 3823/4325
f 3870/4320 3767/4319 3795/4278 3876/4277
f 3860/4409 3854/4413 3712/4275 3717/4410
f 3878/4408 3730/4407 3729/4414 3885/4415
f 3838/4412 3796/4411 3720/4416 3839/4417
f 3861/4374 3856/4369 3748/4336 3781/4375
f 3867/4338 3780/4337 3726/4340 3865/4339
f 3842/4358 3784/4357 3741/4360 3844/4359
f 3827/4398 3771/4397 3750/4322 3824/4321
f 3837/4350 3772/4349 3755/4286 3833/4285
f 3851/4332 3849/4269 3714/4272 3778/4333
f 3869/4342 3782/4341 3717/4410 3866/4273
f 3758/4367 3804/4418 3798/4419 3710/4282
f 3710/4282 3798/4419 3799/4420 3716/4283
f 3734/4366 3800/4421 3804/4418 3758/4367
f 3736/4378 3801/4422 3802/4423 3756/4306
f 3763/4307 3805/4424 3803/4425 3757/4363
f 3757/4363 3803/4425 3800/4421 3734/4366
f 3756/4306 3802/4423 3805/4424 3763/4307
f 3802/4423 3539/4050 3541/4049 3805/4424
f 3803/4425 3540/4052 3448/4051 3800/4421
f 3798/4419 3446/4054 3447/4053 3799/4420
f 3800/4421 3448/4051 3450/4055 3804/4418
f 3805/4424 3541/4049 3540/4052 3803/4425
f 3804/4418 3450/4055 3446/4054 3798/4419
f 3801/4422 3449/4056 3539/4050 3802/4423
f 3786/4266 3810/4364 3813/4365 3738/4267
f 3788/4353 3811/4368 3809/4281 3718/4290
f 3739/4384 3807/4377 3812/4305 3787/4385
f 3738/4267 3813/4365 3811/4368 3788/4353
f 3753/4352 3808/4308 3810/4364 3786/4266
f 3787/4385 3812/4305 3808/4308 3753/4352
f 3718/4290 3809/4281 3806/4284 3715/4291
f 3773/4327 3821/4354 3819/4289 3797/4294
f 3771/4397 3818/4386 3815/4351 3750/4322
f 3745/4396 3816/4383 3818/4386 3771/4397
f 3728/4326 3817/4268 3821/4354 3773/4327
f 3750/4322 3815/4351 3820/4265 3770/4323
f 3797/4294 3819/4289 3814/4292 3723/4295
f 3770/4323 3820/4265 3817/4268 3728/4326
f 3768/4389 3827/4398 3824/4321 3760/4344
f 3769/4345 3826/4324 3823/4325 3731/4348
f 3772/4349 3828/4328 3822/4293 3755/4286
f 3746/4388 3825/4395 3827/4398 3768/4389
f 3731/4348 3823/4325 3828/4328 3772/4349
f 3760/4344 3824/4321 3826/4324 3769/4345
f 3755/4286 3822/4293 3829/4296 3724/4287
f 3785/4361 3837/4350 3833/4285 3796/4411
f 3784/4357 3835/4346 3832/4347 3741/4360
f 3783/4381 3834/4390 3830/4343 3759/4356
f 3740/4380 3831/4387 3834/4390 3783/4381
f 3741/4360 3832/4347 3837/4350 3785/4361
f 3759/4356 3830/4343 3835/4346 3784/4357
f 3796/4411 3833/4285 3836/4288 3720/4416
f 3777/4426 3842/4358 3844/4359 3722/4427
f 3711/4428 3838/4412 3839/4417 3719/4429
f 3779/4430 3843/4362 3838/4412 3711/4428
f 3774/4431 3845/4382 3841/4355 3744/4432
f 3743/4433 3840/4379 3845/4382 3774/4431
f 3722/4427 3844/4359 3843/4362 3779/4430
f 3744/4432 3841/4355 3842/4358 3777/4426
f 3779/4430 3711/4428 3849/4269 3851/4332
f 3777/4426 3722/4427 3850/4331 3853/4329
f 3743/4433 3774/4431 3852/4301 3848/4393
f 3722/4427 3779/4430 3851/4332 3850/4331
f 3744/4432 3777/4426 3853/4329 3847/4302
f 3774/4431 3744/4432 3847/4302 3852/4301
f 3711/4428 3719/4429 3846/4270 3849/4269
f 3775/4304 3742/4303 3856/4369 3861/4374
f 3714/4272 3713/4271 3854/4413 3860/4409
f 3776/4330 3721/4334 3857/4371 3859/4370
f 3778/4333 3714/4272 3860/4409 3858/4372
f 3733/4394 3775/4304 3861/4374 3855/4373
f 3721/4334 3778/4333 3858/4372 3857/4371
f 3742/4303 3776/4330 3859/4370 3856/4369
f 3767/4319 3869/4342 3866/4273 3795/4278
f 3765/4315 3867/4338 3865/4339 3737/4318
f 3766/4401 3868/4392 3864/4335 3752/4314
f 3749/4400 3863/4391 3868/4392 3766/4401
f 3737/4318 3865/4339 3869/4342 3767/4319
f 3752/4314 3864/4335 3867/4338 3765/4315
f 3795/4278 3866/4273 3862/4276 3727/4279
f 3764/4299 3870/4320 3876/4277 3730/4407
f 3761/4405 3872/4316 3873/4317 3735/4298
f 3762/4311 3871/4402 3875/4313 3791/4403
f 3751/4310 3874/4399 3871/4402 3762/4311
f 3735/4298 3873/4317 3870/4320 3764/4299
f 3791/4403 3875/4313 3872/4316 3761/4405
f 3730/4407 3876/4277 3877/4280 3729/4414
f 3789/4434 3878/4408 3885/4415 3794/4435
f 3793/4436 3883/4406 3882/4297 3725/4437
f 3790/4438 3879/4300 3878/4408 3789/4434
f 3747/4439 3880/4404 3883/4406 3793/4436
f 3792/4440 3881/4312 3880/4404 3747/4439
f 3754/4441 3884/4309 3881/4312 3792/4440
f 3725/4437 3882/4297 3879/4300 3790/4438
f 3789/4434 3889/4442 3890/4443 3790/4438
f 3747/4439 3887/4444 3891/4445 3792/4440
f 3792/4440 3891/4445 3888/4446 3754/4441
f 3793/4436 3892/4447 3887/4444 3747/4439
f 3794/4435 3893/4448 3889/4442 3789/4434
f 3725/4437 3886/4449 3892/4447 3793/4436
f 3790/4438 3890/4443 3886/4449 3725/4437
f 3854/4413 3912/4450 3894/4451 3712/4275
f 3839/4417 3910/4452 3898/4453 3719/4429
f 3829/4296 3908/4454 3901/4455 3724/4287
f 3724/4287 3901/4455 3909/4456 3836/4288
f 3447/4053 3554/4089 3905/4457 3799/4420
f 3715/4291 3896/4458 3907/4459 3814/4292
f 3885/4415 3915/4460 3904/4461 3794/4435
f 3712/4275 3894/4451 3913/4462 3862/4276
f 3716/4283 3897/4463 3906/4464 3806/4284
f 3719/4429 3898/4453 3911/4465 3846/4270
f 3836/4288 3909/4456 3899/4466 3720/4416
f 3862/4276 3913/4462 3902/4467 3727/4279
f 3799/4420 3905/4457 3897/4463 3716/4283
f 3727/4279 3902/4467 3914/4468 3877/4280
f 3729/4414 3903/4469 3915/4460 3885/4415
f 3720/4416 3899/4466 3910/4452 3839/4417
f 3877/4280 3914/4468 3903/4469 3729/4414
f 3713/4271 3895/4470 3912/4450 3854/4413
f 3723/4295 3900/4471 3908/4454 3829/4296
f 3806/4284 3906/4464 3896/4458 3715/4291
f 3814/4292 3907/4459 3900/4471 3723/4295
f 3846/4270 3911/4465 3895/4470 3713/4271
f 3794/4435 3904/4461 3916/4472 3893/4448
f 3889/4442 3919/4473 3920/4474 3890/4443
f 3886/4449 3917/4475 3922/4476 3892/4447
f 3887/4444 3918/4477 3921/4478 3891/4445
f 3916/4472 3924/4479 3923/4480 3893/4448
f 3890/4443 3920/4474 3917/4475 3886/4449
f 3893/4448 3923/4480 3919/4473 3889/4442
f 3892/4447 3922/4476 3918/4477 3887/4444
f 3863/4391 3945/4481 3925/4482 3732/4376
f 3739/4384 3928/4483 3938/4484 3807/4377
f 3874/4399 3946/4485 3933/4486 3749/4400
f 3831/4387 3941/4487 3932/4488 3746/4388
f 3801/4422 3936/4489 3937/4490 3449/4056
f 3745/4396 3931/4491 3939/4492 3816/4383
f 3751/4310 3934/4493 3946/4485 3874/4399
f 3825/4395 3940/4494 3931/4491 3745/4396
f 3848/4393 3943/4495 3930/4496 3743/4433
f 3736/4378 3927/4497 3936/4489 3801/4422
f 3749/4400 3933/4486 3945/4481 3863/4391
f 3733/4394 3926/4498 3943/4495 3848/4393
f 3746/4388 3932/4488 3940/4494 3825/4395
f 3888/4446 3948/4499 3935/4500 3754/4441
f 3740/4380 3929/4501 3941/4487 3831/4387
f 3884/4309 3947/4502 3934/4493 3751/4310
f 3807/4377 3938/4484 3927/4497 3736/4378
f 3840/4379 3942/4503 3929/4501 3740/4380
f 3732/4376 3925/4482 3944/4504 3855/4373
f 3743/4433 3930/4496 3942/4503 3840/4379
f 3855/4373 3944/4504 3926/4498 3733/4394
f 3754/4441 3935/4500 3947/4502 3884/4309
f 3816/4383 3939/4492 3928/4483 3739/4384
f 3935/4500 3959/4505 3971/4506 3947/4502
f 3944/4504 3968/4507 3950/4508 3926/4498
f 3947/4502 3971/4506 3958/4509 3934/4493
f 3931/4491 3955/4510 3963/4511 3939/4492
f 3934/4493 3958/4509 3970/4512 3946/4485
f 3946/4485 3970/4512 3957/4513 3933/4486
f 3943/4495 3967/4514 3954/4515 3930/4496
f 3933/4486 3957/4513 3969/4516 3945/4481
f 3936/4489 3960/4517 3961/4518 3937/4490
f 3940/4494 3964/4519 3955/4510 3931/4491
f 3929/4501 3953/4520 3965/4521 3941/4487
f 3927/4497 3951/4522 3960/4517 3936/4489
f 3945/4481 3969/4516 3949/4523 3925/4482
f 3932/4488 3956/4524 3964/4519 3940/4494
f 3941/4487 3965/4521 3956/4524 3932/4488
f 3939/4492 3963/4511 3952/4525 3928/4483
f 3926/4498 3950/4508 3967/4514 3943/4495
f 3938/4484 3962/4526 3951/4522 3927/4497
f 3942/4503 3966/4527 3953/4520 3929/4501
f 3928/4483 3952/4525 3962/4526 3938/4484
f 3930/4496 3954/4515 3966/4527 3942/4503
f 3948/4499 3972/4528 3959/4505 3935/4500
f 3925/4482 3949/4523 3968/4507 3944/4504
f 3684/4229 3976/4529 3973/4530 3675/4230
f 3676/4242 3974/4531 3976/4529 3684/4229
f 3681/4241 3975/4532 3974/4531 3676/4242
f 3675/4230 3973/4530 3977/4533 3689/4259
f 3694/4260 3689/4259 4051/4534 4050/4535
f 3973/4530 3978/4536 3982/4175 3977/4533
f 3974/4531 3979/4537 3981/4538 3976/4529
f 3975/4532 3980/4539 3979/4537 3974/4531
f 3691/4255 3705/3882 4049/3883 4046/4540
f 3976/4529 3981/4538 3978/4536 3973/4530
f 3978/4536 3983/4541 3987/4246 3982/4175
f 3979/4537 3984/4542 3986/4543 3981/4538
f 3980/4539 3985/4544 3984/4542 3979/4537
f 3690/4256 3691/4255 4046/4540 4045/4545
f 3981/4538 3986/4543 3983/4541 3978/4536
f 3986/4543 3991/4546 3988/4547 3983/4541
f 3983/4541 3988/4547 3992/4263 3987/4246
f 3984/4542 3989/4548 3991/4546 3986/4543
f 3985/4544 3990/4549 3989/4548 3984/4542
f 3656/4205 3651/4197 4040/4245 4042/4550
f 3990/4549 3995/4551 3994/4552 3989/4548
f 3699/4258 3688/4257 4048/4553 4047/3854
f 3991/4546 3996/4554 3993/4555 3988/4547
f 3988/4547 3993/4555 3997/4556 3992/4263
f 3989/4548 3994/4552 3996/4554 3991/4546
f 3996/4554 4001/4557 3998/4558 3993/4555
f 3995/4551 4000/4559 3999/4560 3994/4552
f 3993/4555 3998/4558 4002/4561 3997/4556
f 3994/4552 3999/4560 4001/4557 3996/4554
f 3992/4263 3997/4556 4057/4562 4056/4264
f 3999/4560 4004/4563 4006/4564 4001/4557
f 3688/4257 3694/4260 4050/4535 4048/4553
f 4001/4557 4006/4564 4003/4565 3998/4558
f 4000/4559 4005/4566 4004/4563 3999/4560
f 3998/4558 4003/4565 4007/3863 4002/4561
f 4004/4563 4009/4567 4011/4568 4006/4564
f 3997/4556 4002/4561 4058/3865 4057/4562
f 4006/4564 4011/4568 4008/4569 4003/4565
f 4005/4566 4010/4570 4009/4567 4004/4563
f 4003/4565 4008/4569 4012/3856 4007/3863
f 4019/3881 4024/4571 4025/4572 4020/4187
f 4017/4199 4026/4573 4013/4574 4014/3880
f 4018/4202 4023/4575 4027/4576 4028/4198
f 4015/4248 4021/4262 4022/4577 4016/4244
f 4014/3880 4013/4574 4024/4571 4019/3881
f 4028/4198 4027/4576 4026/4573 4017/4199
f 4016/4244 4022/4577 4023/4575 4018/4202
f 4020/4187 4025/4572 4029/4578 4030/4579
f 4030/4579 4029/4578 4031/4580 4032/4169
f 4032/4169 4031/4580 4033/4581 4034/3886
f 4034/3886 4033/4581 4035/4582 4036/3887
f 4036/3887 4035/4582 4037/4583 4038/4208
f 4038/4208 4037/4583 4039/4584 4040/4245
f 4040/4245 4039/4584 4041/4585 4042/4550
f 4042/4550 4041/4585 4043/3858 4044/3861
f 4050/4535 4051/4534 4025/4572 4024/4571
f 4047/3854 4048/4553 4013/4574 4026/4573
f 4049/3883 4052/3855 4027/4576 4023/4575
f 4045/4545 4046/4540 4022/4577 4021/4262
f 4048/4553 4050/4535 4024/4571 4013/4574
f 4052/3855 4047/3854 4026/4573 4027/4576
f 4046/4540 4049/3883 4023/4575 4022/4577
f 4051/4534 4053/4586 4029/4578 4025/4572
f 4053/4177 4054/4176 4031/4580 4029/4578
f 4054/4176 4055/4247 4033/4581 4031/4580
f 4055/4247 4056/4264 4035/4582 4033/4581
f 4056/4264 4057/4562 4037/4583 4035/4582
f 4057/4562 4058/3865 4039/4584 4037/4583
f 4058/3865 4059/3864 4041/4585 4039/4584
f 4059/3864 4060/3859 4043/3858 4041/4585
f 3692/4261 3690/4256 4045/4545 4021/4262
f 3626/4167 3330/3879 4020/4187 4030/4168
f 3662/3860 3656/4205 4042/4550 4044/3861
f 3689/4259 3977/4533 4053/4177 4051/4534
f 4411/4587 4146/4588 4147/4589 4427/4590
f 4146/4588 4410/4591 4426/4592 4147/4589
f 4428/4593 4426/4592 4410/4591 4412/4594
f 4429/4595 4428/4596 4412/4597 4413/4598
f 4413/4598 4417/4599 4433/4600 4429/4595
f 4321/4601 4320/4602 4336/4603 4337/4604
f 4317/4605 4321/4601 4337/4604 4333/4606
f 4333/4606 4332/4607 4316/4608 4317/4605
f 4332/4609 4330/4610 4314/4611 4316/4612
f 4417/4599 4416/4613 4432/4614 4433/4600
f 4416/4613 4414/4615 4430/4616 4432/4614
f 4131/4617 4314/4611 4330/4610 4133/4618
f 4315/4619 4131/4617 4133/4618 4331/4620
f 4414/4615 4409/4621 4425/4622 4430/4616
f 4409/4621 4415/4623 4431/4624 4425/4622
f 4434/4625 4431/4624 4415/4623 4418/4626
f 4418/4626 4419/4627 4435/4628 4434/4625
f 4342/4629 4341/4630 4325/4631 4326/4632
f 4326/4632 4312/4633 4328/4634 4342/4629
f 4312/4633 4311/4635 4327/4636 4328/4634
f 4311/4635 4315/4619 4331/4620 4327/4636
f 4105/4637 4111/4638 4061/4639 4064/4640
f 4078/4641 4105/4637 4064/4640 4063/4642
f 4077/4643 4081/4644 4071/4645 4067/4646
f 4081/4644 4083/4647 4073/4648 4071/4645
f 4067/4646 4072/4649 4082/4650 4077/4643
f 4063/4651 4079/4652 4068/4653 4062/4654
f 4077/4643 4082/4650 4093/4655 4090/4656
f 4090/4656 4092/4657 4081/4644 4077/4643
f 4092/4657 4094/4658 4083/4647 4081/4644
f 4117/4659 4090/4656 4093/4655 4107/4660
f 4099/4661 4114/4662 4115/4663 4095/4664
f 4122/4665 4123/4666 4099/4667 4085/4668
f 4103/4669 4075/4670 4079/4671 4100/4672
f 4102/4673 4089/4674 4076/4675 4101/4676
f 4101/4676 4076/4675 4075/4670 4103/4669
f 4110/4677 4103/4669 4100/4672 4112/4678
f 4120/4679 4102/4673 4101/4676 4113/4680
f 4113/4680 4101/4676 4103/4669 4110/4677
f 4063/4651 4064/4640 4100/4672 4079/4652
f 4123/4666 4124/4681 4114/4662 4099/4667
f 4064/4640 4061/4639 4112/4678 4100/4672
f 4092/4657 4118/4682 4119/4683 4094/4658
f 4085/4668 4099/4667 4095/4664 4084/4684
f 4090/4656 4117/4659 4118/4682 4092/4657
f 4083/4647 4088/4685 4074/4686 4073/4648
f 4116/4687 4124/4681 4123/4666 4098/4688
f 4098/4688 4123/4666 4122/4665 4086/4689
f 4116/4690 4098/4691 4104/4692 4109/4693
f 4098/4691 4086/4694 4087/4695 4104/4692
f 4115/4663 4107/4660 4093/4655 4095/4664
f 4082/4650 4084/4684 4095/4664 4093/4655
f 4088/4685 4083/4647 4094/4658 4096/4696
f 4119/4683 4106/4697 4096/4696 4094/4658
f 4120/4679 4109/4693 4104/4692 4102/4673
f 4102/4673 4104/4692 4087/4695 4089/4674
f 4097/4698 4066/4699 4091/4700 4108/4701
f 4080/4702 4091/4700 4066/4699 4065/4703
f 4065/4703 4069/4704 4070/4705 4080/4702
f 4074/4686 4088/4685 4080/4702 4070/4705
f 4088/4685 4096/4696 4091/4700 4080/4702
f 4108/4701 4091/4700 4096/4696 4106/4697
f 4105/4637 4078/4641 4065/4706 4066/4707
f 4111/4638 4105/4637 4066/4707 4097/4708
f 4298/4709 4314/4611 4131/4617 4130/4710
f 4490/4711 4134/4712 4127/4713 4474/4714
f 4474/4714 4127/4713 4126/4715 4458/4716
f 4458/4716 4126/4715 4125/4717 4442/4718
f 4442/4718 4125/4717 4147/4589 4426/4592
f 4410/4591 4146/4588 4145/4719 4394/4720
f 4394/4720 4145/4719 4144/4721 4378/4722
f 4362/4723 4140/4724 4139/4725 4346/4726
f 4539/4727 4298/4709 4130/4710 4143/4728
f 4282/4729 4132/4730 4135/4731 4266/4732
f 4196/4733 4136/4734 4137/4735 4199/4736
f 4189/4737 4188/4738 4193/4739 4194/4740
f 4188/4738 4187/4741 4192/4742 4193/4739
f 4136/4734 4191/4743 4197/4744 4137/4735
f 4550/4745 4551/4746 4568/4747 4567/4748
f 4183/4749 4189/4750 4190/4751 4184/4752
f 4183/4749 4182/4753 4188/4738 4189/4750
f 4561/4754 4562/4755 4571/4756 4572/4757
f 4560/4758 4561/4754 4572/4757 4573/4759
f 4182/4753 4181/4760 4187/4741 4188/4738
f 4186/4761 4196/4762 4187/4741 4181/4760
f 4547/4763 4548/4764 4172/4765 4565/4766
f 4165/4767 4170/4768 4171/4769 4166/4770
f 4165/4767 4164/4771 4169/4772 4170/4768
f 4164/4771 4163/4773 4168/4774 4169/4772
f 4244/4775 4174/4776 4168/4774 4163/4773
f 4142/4777 4174/4776 4244/4775 4138/4778
f 4138/4778 4245/4779 4173/4780 4142/4777
f 4221/4781 4222/4782 4217/4783 4216/4784
f 4222/4782 4224/4785 4219/4786 4217/4783
f 4224/4785 4223/4787 4218/4788 4219/4786
f 4223/4787 4220/4789 4215/4790 4218/4788
f 4205/4791 4202/4792 4215/4790 4220/4789
f 4226/4793 4227/4794 4222/4782 4221/4781
f 4227/4794 4229/4795 4224/4785 4222/4782
f 4229/4795 4228/4796 4223/4787 4224/4785
f 4228/4796 4225/4797 4220/4789 4223/4787
f 4220/4789 4225/4797 4208/4798 4205/4791
f 4136/4734 4196/4733 4186/4761 4129/4799
f 4129/4799 4185/4800 4191/4743 4136/4734
f 4546/4801 4547/4763 4565/4766 4162/4802
f 4160/4803 4165/4767 4166/4770 4161/4804
f 4160/4803 4159/4805 4164/4771 4165/4767
f 4159/4805 4158/4806 4163/4773 4164/4771
f 4167/4807 4244/4775 4163/4773 4158/4806
f 4138/4778 4244/4775 4167/4807 4141/4808
f 4141/4808 4157/4809 4245/4779 4138/4778
f 4142/4777 4173/4780 4179/4810 4128/4811
f 4128/4811 4179/4810 4185/4800 4129/4799
f 4199/4736 4192/4742 4187/4741 4196/4733
f 4214/4812 4249/4813 4233/4814 4234/4815
f 4234/4815 4232/4816 4250/4817 4214/4812
f 4211/4818 4231/4819 4251/4820 4252/4821
f 4249/4813 4251/4820 4231/4819 4233/4814
f 4258/4822 4257/4823 4253/4824 4254/4825
f 4513/4826 4258/4822 4254/4825 4512/4827
f 4261/4828 4194/4740 4193/4739 4262/4829
f 4263/4830 4267/4831 4283/4832 4279/4833
f 4132/4730 4283/4832 4267/4831 4135/4731
f 4281/4834 4286/4835 4270/4836 4265/4837
f 4264/4838 4263/4830 4279/4833 4280/4839
f 4291/4840 4290/4841 4274/4842 4275/4843
f 4286/4835 4288/4844 4272/4845 4270/4836
f 4515/4846 4291/4840 4275/4843 4514/4847
f 4265/4837 4271/4848 4287/4849 4281/4834
f 4273/4850 4272/4845 4288/4844 4289/4851
f 4278/4852 4264/4838 4280/4839 4294/4853
f 4531/4854 4307/4855 4306/4856 4530/4857
f 4532/4858 4516/4859 4307/4855 4531/4854
f 4532/4858 4533/4860 4308/4861 4516/4859
f 4143/4728 4130/4710 4299/4862 4538/4863
f 4361/4864 4366/4865 4350/4866 4345/4867
f 4344/4868 4343/4869 4359/4870 4360/4871
f 4371/4872 4370/4873 4354/4874 4355/4875
f 4366/4865 4368/4876 4352/4877 4350/4866
f 4520/4878 4371/4872 4355/4875 4519/4879
f 4345/4867 4351/4880 4367/4881 4361/4864
f 4353/4882 4352/4877 4368/4876 4369/4883
f 4358/4884 4344/4868 4360/4871 4374/4885
f 4343/4869 4347/4886 4363/4887 4359/4870
f 4140/4724 4363/4887 4347/4886 4139/4725
f 4361/4864 4367/4881 4383/4888 4377/4889
f 4383/4888 4367/4881 4370/4890 4386/4891
f 4387/4892 4386/4891 4370/4890 4371/4872
f 4521/4893 4387/4892 4371/4872 4520/4878
f 4372/4894 4388/4895 4521/4893 4520/4878
f 4388/4896 4372/4897 4373/4898 4389/4899
f 4389/4899 4373/4898 4374/4900 4390/4901
f 4522/4902 4403/4903 4387/4892 4521/4893
f 4377/4889 4383/4888 4399/4904 4393/4905
f 4385/4906 4384/4907 4400/4908 4401/4909
f 4390/4910 4376/4911 4392/4912 4406/4913
f 4375/4914 4379/4915 4395/4916 4391/4917
f 4145/4719 4395/4916 4379/4915 4144/4721
f 4393/4905 4398/4918 4382/4919 4377/4889
f 4376/4911 4375/4914 4391/4917 4392/4912
f 4403/4903 4402/4920 4386/4891 4387/4892
f 4398/4918 4400/4908 4384/4907 4382/4919
f 4146/4588 4411/4587 4395/4916 4145/4719
f 4409/4621 4414/4615 4398/4918 4393/4905
f 4392/4912 4391/4917 4407/4921 4408/4922
f 4419/4627 4418/4626 4402/4920 4403/4903
f 4414/4615 4416/4613 4400/4908 4398/4918
f 4523/4923 4419/4627 4403/4903 4522/4902
f 4393/4905 4399/4904 4415/4623 4409/4621
f 4401/4909 4400/4908 4416/4613 4417/4599
f 4406/4913 4392/4912 4408/4922 4422/4924
f 4391/4917 4395/4916 4411/4587 4407/4921
f 4446/4925 4448/4926 4432/4614 4430/4616
f 4525/4927 4451/4928 4435/4929 4524/4930
f 4425/4622 4431/4624 4447/4931 4441/4932
f 4433/4600 4432/4614 4448/4926 4449/4933
f 4438/4934 4424/4935 4440/4936 4454/4937
f 4423/4938 4427/4939 4443/4940 4439/4941
f 4125/4717 4443/4940 4427/4939 4147/4589
f 4441/4932 4446/4925 4430/4616 4425/4622
f 4424/4935 4423/4938 4439/4941 4440/4936
f 4451/4928 4450/4942 4434/4625 4435/4929
f 4454/4937 4440/4936 4456/4943 4470/4944
f 4439/4941 4443/4940 4459/4945 4455/4946
f 4126/4715 4459/4945 4443/4940 4125/4717
f 4457/4947 4462/4948 4446/4925 4441/4932
f 4440/4936 4439/4941 4455/4946 4456/4943
f 4467/4949 4466/4950 4450/4942 4451/4928
f 4462/4948 4464/4951 4448/4926 4446/4925
f 4526/4952 4467/4949 4451/4928 4525/4927
f 4441/4932 4447/4931 4463/4953 4457/4947
f 4449/4933 4448/4926 4464/4951 4465/4954
f 4483/4955 4482/4956 4466/4950 4467/4949
f 4478/4957 4480/4958 4464/4951 4462/4948
f 4527/4959 4483/4955 4467/4949 4526/4952
f 4457/4947 4463/4953 4479/4960 4473/4961
f 4465/4954 4464/4951 4480/4958 4481/4962
f 4470/4944 4456/4943 4472/4963 4486/4964
f 4455/4946 4459/4945 4475/4965 4471/4966
f 4127/4713 4475/4965 4459/4945 4126/4715
f 4473/4961 4478/4957 4462/4948 4457/4947
f 4456/4943 4455/4946 4471/4966 4472/4963
f 4481/4962 4480/4958 4496/4967 4497/4968
f 4486/4964 4472/4963 4488/4969 4502/4970
f 4471/4966 4475/4965 4491/4971 4487/4972
f 4134/4712 4491/4971 4475/4965 4127/4713
f 4489/4973 4494/4974 4478/4957 4473/4961
f 4472/4963 4471/4966 4487/4972 4488/4969
f 4499/4975 4498/4976 4482/4956 4483/4955
f 4494/4974 4496/4967 4480/4958 4478/4957
f 4528/4977 4499/4975 4483/4955 4527/4959
f 4473/4961 4479/4960 4495/4978 4489/4973
f 4504/4979 4488/4969 4487/4972 4503/4980
f 4510/4981 4502/4970 4488/4969 4504/4979
f 4500/4982 4501/4983 4509/4984 4508/4985
f 4499/4975 4507/4986 4506/4987 4498/4976
f 4153/4988 4248/4989 4246/4990 4152/4991
f 4200/4992 4246/4990 4248/4989 4201/4993
f 4479/4960 4482/4956 4498/4976 4495/4978
f 4201/4993 4204/4994 4203/4995 4200/4992
f 4204/4994 4207/4996 4206/4997 4203/4995
f 4484/4998 4485/4999 4501/4983 4500/4982
f 4482/4956 4479/4960 4463/4953 4466/4950
f 4485/4999 4484/4998 4468/5000 4469/5001
f 4452/5002 4453/5003 4469/5001 4468/5000
f 4447/4931 4450/4942 4466/4950 4463/4953
f 4431/4624 4434/4625 4450/4942 4447/4931
f 4436/5004 4437/5005 4453/5003 4452/5002
f 4421/5006 4420/5007 4404/5008 4405/5009
f 4399/4904 4402/4920 4418/4626 4415/4623
f 4383/4888 4386/4891 4402/4920 4399/4904
f 4388/4896 4389/4899 4405/5009 4404/5008
f 4374/4900 4360/4871 4376/4911 4390/4901
f 4360/4871 4359/4870 4375/4914 4376/4911
f 4359/4870 4363/4887 4379/4915 4375/4914
f 4351/4880 4354/4874 4370/4873 4367/4881
f 4144/4721 4379/4915 4363/4887 4140/4724
f 4373/4898 4372/4897 4356/5010 4357/5011
f 4207/4996 4210/5012 4209/5013 4206/4997
f 4210/5012 4213/5014 4212/5015 4209/5013
f 4271/4848 4274/4842 4290/4841 4287/4849
f 4232/4816 4253/4824 4257/4823 4250/4817
f 4154/5016 4149/5017 4238/5018 4247/5019
f 4276/5020 4277/5021 4293/5022 4292/5023
f 4260/5024 4259/5025 4255/5026 4256/5027
f 4501/4983 4502/4970 4510/4981 4509/4984
f 4502/4970 4501/4983 4485/4999 4486/4964
f 4527/4959 4484/5028 4500/5029 4528/4977
f 4526/4952 4468/5030 4484/5028 4527/4959
f 4486/4964 4485/4999 4469/5001 4470/4944
f 4470/4944 4469/5001 4453/5003 4454/4937
f 4525/4927 4452/5031 4468/5030 4526/4952
f 4524/4930 4436/5032 4452/5031 4525/4927
f 4454/4937 4453/5003 4437/5005 4438/4934
f 4405/5009 4406/4913 4422/4924 4421/5006
f 4406/4913 4405/5009 4389/4899 4390/4910
f 4140/4724 4362/4723 4378/4722 4144/4721
f 4378/4722 4362/4723 4364/5033 4380/5034
f 4374/4900 4373/4898 4357/5011 4358/4884
f 4277/5021 4278/4852 4294/4853 4293/5022
f 4256/5027 4261/4828 4262/4829 4260/5024
f 4259/5035 4513/4826 4512/4827 4255/5036
f 4514/4847 4276/5037 4292/5038 4515/4846
f 4544/5039 4302/5040 4304/5041 4543/5042
f 4545/5043 4297/5044 4302/5040 4544/5039
f 4519/4879 4356/5045 4372/4894 4520/4878
f 4269/5046 4268/5047 4212/5015 4213/5014
f 4284/5048 4268/5047 4269/5046 4285/5049
f 4521/4893 4388/4895 4404/5050 4522/4902
f 4522/4902 4404/5050 4420/5051 4523/4923
f 4337/4604 4336/4603 4352/4877 4353/4882
f 4297/5044 4313/5052 4318/5053 4302/5040
f 4302/5040 4318/5053 4320/5054 4304/5041
f 4321/4601 4305/5055 4304/5041 4320/4602
f 4130/4710 4131/4617 4315/4619 4299/4862
f 4311/4635 4295/5056 4299/4862 4315/4619
f 4312/4633 4296/5057 4295/5056 4311/4635
f 4326/4632 4310/5058 4296/5057 4312/4633
f 4325/4631 4309/5059 4310/5058 4326/4632
f 4309/5059 4325/4631 4324/5060 4308/5061
f 4308/4861 4324/5062 4517/5063 4516/4859
f 4516/4859 4517/5063 4323/5064 4307/4855
f 4307/4855 4323/5064 4322/5065 4306/4856
f 4319/5066 4303/5067 4306/4856 4322/5065
f 4313/5052 4297/5044 4303/5067 4319/5066
f 4297/5044 4545/5043 4529/5068 4303/5067
f 4306/4856 4303/5067 4529/5068 4530/4857
f 4309/5059 4308/5061 4533/5069 4534/5070
f 4310/5058 4309/5059 4534/5070 4535/5071
f 4310/5058 4535/5071 4536/5072 4296/5057
f 4296/5057 4536/5072 4537/5073 4295/5056
f 4295/5056 4537/5073 4538/4863 4299/4862
f 4492/5074 4476/5075 4477/5076 4493/5077
f 4305/5055 4542/5078 4543/5042 4304/5041
f 4461/5079 4477/5076 4476/5075 4460/5080
f 4460/5080 4444/5081 4445/5082 4461/5079
f 4429/4595 4445/5082 4444/5081 4428/4596
f 4412/4597 4396/5083 4397/5084 4413/4598
f 4381/5085 4397/5084 4396/5083 4380/5086
f 4365/5087 4381/5085 4380/5086 4364/5088
f 4235/5089 4238/5018 4149/5017 4155/5090
f 4236/5091 4235/5089 4155/5090 4156/5092
f 4238/5018 4215/4790 4202/4792 4247/5019
f 4218/4788 4215/4790 4238/5018 4235/5089
f 4128/4811 4180/5093 4174/4776 4142/4777
f 4174/4776 4180/5093 4175/5094 4168/4774
f 4129/4799 4186/4761 4180/5093 4128/4811
f 4180/5093 4186/4761 4181/4760 4175/5094
f 4208/4798 4225/4797 4231/4819 4211/4818
f 4233/4814 4231/4819 4225/4797 4228/4796
f 4552/5095 4551/5096 4190/5097 4195/5098
f 4553/5099 4552/5095 4195/5098 4198/5100
f 4553/5101 4554/5102 4579/5103 4570/5104
f 4555/5105 4554/5106 4243/5107 4242/5108
f 4555/5109 4556/5110 4580/5111 4578/5112
f 4556/5110 4557/5113 4577/5114 4580/5111
f 4558/5115 4557/5116 4241/5117 4240/5118
f 4559/5119 4558/5115 4240/5118 4230/5120
f 4560/5121 4559/5119 4230/5120 4226/5122
f 4176/5123 4175/5094 4181/4760 4182/4753
f 4177/5124 4176/5123 4182/4753 4183/4749
f 4169/4772 4168/4774 4175/5094 4176/5123
f 4170/4768 4169/4772 4176/5123 4177/5124
f 4219/4786 4218/4788 4235/5089 4236/5091
f 4217/4783 4219/4786 4236/5091 4239/5125
f 4239/5125 4236/5091 4156/5092 4151/5126
f 4237/5127 4239/5125 4151/5126 4150/5128
f 4563/5129 4564/5130 4148/5131 4575/5132
f 4216/4784 4217/4783 4239/5125 4237/5127
f 4562/5133 4216/4784 4237/5127 4563/5134
f 4170/4768 4177/5124 4178/5135 4171/4769
f 4548/5136 4171/4769 4178/5135 4549/5137
f 4177/5124 4183/4749 4184/4752 4178/5135
f 4550/4745 4567/4748 4566/5138 4549/5139
f 4234/4815 4233/4814 4228/4796 4229/4795
f 4232/4816 4234/4815 4229/4795 4227/4794
f 4195/5098 4190/5097 4189/4750 4194/4740
f 4198/5100 4195/5098 4194/4740 4261/4828
f 4243/5140 4198/5100 4261/4828 4256/5027
f 4242/5108 4243/5107 4256/5027 4255/5026
f 4255/5036 4512/4827 4511/5141 4242/5142
f 4512/4827 4254/4825 4241/5143 4511/5141
f 4254/4825 4253/4824 4240/5118 4241/5143
f 4230/5120 4240/5118 4253/4824 4232/4816
f 4230/5120 4232/4816 4227/4794 4226/5122
f 4184/4752 4190/4751 4551/5096 4550/4745
f 4221/4781 4216/4784 4562/5133 4561/4754
f 4226/4793 4221/4781 4561/4754 4560/5121
f 4166/4770 4171/4769 4548/5136 4547/4763
f 4161/4804 4166/4770 4547/4763 4546/4801
f 4569/5144 4568/4747 4551/4746 4552/5095
f 4570/5104 4569/5144 4552/5095 4553/5101
f 4198/5100 4243/5140 4554/5106 4553/5099
f 4578/5145 4579/5103 4554/5102 4555/5105
f 4242/5142 4511/5141 4556/5110 4555/5109
f 4511/5141 4241/5143 4557/5116 4556/5110
f 4576/5146 4577/5114 4557/5113 4558/5115
f 4574/5147 4576/5146 4558/5115 4559/5119
f 4573/4759 4574/5147 4559/5119 4560/4758
f 4237/5127 4150/5128 4564/5130 4563/5134
f 4571/4756 4562/4755 4563/5134 4575/5132
f 4172/4765 4548/4764 4549/5137 4566/5138
f 4184/4752 4550/4745 4549/5139 4178/5135
f 4154/5016 4247/5019 4248/4989 4153/4988
f 4201/4993 4248/4989 4247/5019 4202/4792
f 4202/4792 4205/4791 4204/4994 4201/4993
f 4205/4791 4208/4798 4207/4996 4204/4994
f 4208/4798 4211/4818 4210/5012 4207/4996
f 4211/4818 4252/4821 4213/5014 4210/5012
f 4273/4850 4289/4851 4285/5049 4269/5046
f 4542/5078 4305/5055 4301/5148 4541/5149
f 4305/5055 4321/4601 4317/4605 4301/5148
f 4353/4882 4369/4883 4365/5150 4349/5151
f 4369/4883 4385/5152 4381/5085 4365/5150
f 4369/4883 4368/4876 4384/4907 4385/5152
f 4385/4906 4401/4909 4397/5084 4381/5085
f 4401/4909 4417/4599 4413/4598 4397/5084
f 4433/4600 4449/4933 4445/5082 4429/4595
f 4428/4593 4444/5153 4442/4718 4426/4592
f 4396/5154 4412/4594 4410/4591 4394/4720
f 4380/5034 4396/5154 4394/4720 4378/4722
f 4382/4919 4384/4907 4368/4876 4366/4865
f 4377/4889 4382/4919 4366/4865 4361/4864
f 4362/4723 4346/4726 4348/5155 4364/5033
f 4345/4867 4350/4866 4334/5156 4329/5157
f 4300/5158 4316/4612 4314/4611 4298/4709
f 4540/5159 4300/5158 4298/4709 4539/4727
f 4268/5160 4284/5161 4282/4729 4266/4732
f 4209/5162 4212/5163 4197/4744 4191/4743
f 4206/5164 4209/5162 4191/4743 4185/4800
f 4203/5165 4206/5164 4185/4800 4179/4810
f 4200/5166 4203/5165 4179/4810 4173/4780
f 4173/4780 4245/4779 4246/5167 4200/5166
f 4152/5168 4246/5167 4245/4779 4157/4809
f 4449/4933 4465/4954 4461/5079 4445/5082
f 4465/4954 4481/4962 4477/5076 4461/5079
f 4493/5077 4477/5076 4481/4962 4497/4968
f 4214/4812 4250/4817 4271/4848 4265/4837
f 4265/4837 4270/4836 4249/4813 4214/4812
f 4270/4836 4272/4845 4251/4820 4249/4813
f 4252/4821 4251/4820 4272/4845 4273/4850
f 4213/5014 4252/4821 4273/4850 4269/5046
f 4364/5088 4348/5169 4349/5151 4365/5087
f 4349/5151 4348/5169 4332/4607 4333/4606
f 4197/4744 4212/5163 4268/5160 4266/4732
f 4137/4735 4197/4744 4266/4732 4135/4731
f 4135/4731 4267/4831 4199/4736 4137/4735
f 4192/4742 4199/4736 4267/4831 4263/4830
f 4193/4739 4192/4742 4263/4830 4264/4838
f 4262/4829 4193/4739 4264/4838 4278/4852
f 4260/5024 4262/4829 4278/4852 4277/5021
f 4277/5021 4276/5020 4259/5025 4260/5024
f 4276/5037 4514/4847 4513/4826 4259/5035
f 4514/4847 4275/4843 4258/4822 4513/4826
f 4275/4843 4274/4842 4257/4823 4258/4822
f 4274/4842 4271/4848 4250/4817 4257/4823
f 4350/4866 4352/4877 4336/4603 4334/5156
f 4333/4606 4337/4604 4353/4882 4349/5151
f 4133/4618 4330/4610 4346/4726 4139/4725
f 4327/4636 4331/4620 4347/4886 4343/4869
f 4342/4629 4328/4634 4344/4868 4358/4884
f 4357/5011 4356/5010 4340/5170 4341/5171
f 4519/4879 4355/4875 4339/5172 4518/5173
f 4354/4874 4351/4880 4335/5174 4338/5175
f 4329/5157 4335/5174 4351/4880 4345/4867
f 4355/4875 4354/4874 4338/5175 4339/5172
f 4356/5045 4519/4879 4518/5173 4340/5176
f 4341/4630 4342/4629 4358/4884 4357/5011
f 4328/4634 4327/4636 4343/4869 4344/4868
f 4139/4725 4347/4886 4331/4620 4133/4618
f 4348/5155 4346/4726 4330/4610 4332/4609
f 4444/5153 4460/5177 4458/4716 4442/4718
f 4460/5177 4476/5178 4474/4714 4458/4716
f 4490/4711 4474/4714 4476/5178 4492/5179
f 4301/5148 4317/4605 4316/4608 4300/5180
f 4541/5149 4301/5148 4300/5180 4540/5181
f 4078/4641 4063/4642 4062/4654 4505/5182
f 4504/4979 4503/4980 4075/4670 4076/4675
f 4085/4668 4084/4684 4506/4987 4507/4986
f 4122/4665 4085/4668 4507/4986 4121/5183
f 4510/4981 4504/4979 4076/4675 4089/4674
f 4503/4980 4068/4653 4079/4652 4075/4670
f 4087/4695 4086/4694 4508/4985 4509/4984
f 4084/4684 4082/4650 4072/4649 4506/4987
f 4089/4674 4087/4695 4509/4984 4510/4981
f 4121/5183 4508/5184 4086/4689 4122/4665
f 4078/4641 4505/5182 4069/5185 4065/4706
f 4490/4711 4505/5182 4062/4654 4134/4712
f 4134/4712 4062/4654 4068/4653 4491/4971
f 4503/4980 4487/4972 4491/4971 4068/4653
f 4528/4977 4121/5183 4507/4986 4499/4975
f 4495/4978 4498/4976 4506/4987 4072/4649
f 4074/4686 4497/4968 4496/4967 4073/4648
f 4494/4974 4071/4645 4073/4648 4496/4967
f 4489/4973 4067/4646 4071/4645 4494/4974
f 4067/4646 4489/4973 4495/4978 4072/4649
f 4528/4977 4500/5029 4508/5184 4121/5183
f 4493/5077 4070/4705 4069/4704 4492/5074
f 4497/4968 4074/4686 4070/4705 4493/5077
f 4492/5179 4069/5185 4505/5182 4490/4711
f 4407/4921 4411/4587 4427/4590 4423/4938
f 4424/4935 4408/4922 4407/4921 4423/4938
f 4438/4934 4422/4924 4408/4922 4424/4935
f 4422/4924 4438/4934 4437/5005 4421/5006
f 4436/5004 4420/5007 4421/5006 4437/5005
f 4420/5051 4436/5032 4524/4930 4523/4923
f 4419/4627 4523/4923 4524/4930 4435/4628
f 4320/4602 4318/5053 4334/5156 4336/4603
f 4313/5052 4329/5157 4334/5156 4318/5053
f 4329/5157 4313/5052 4319/5066 4335/5174
f 4322/5065 4338/5175 4335/5174 4319/5066
f 4323/5064 4339/5172 4338/5175 4322/5065
f 4517/5063 4518/5173 4339/5172 4323/5064
f 4324/5062 4340/5176 4518/5173 4517/5063
f 4281/4834 4545/5043 4544/5039 4286/4835
f 4286/4835 4544/5039 4543/5042 4288/4844
f 4542/5078 4289/4851 4288/4844 4543/5042
f 4545/5043 4281/4834 4287/4849 4529/5068
f 4529/5068 4287/4849 4290/4841 4530/4857
f 4291/4840 4531/4854 4530/4857 4290/4841
f 4515/4846 4532/4858 4531/4854 4291/4840
f 4292/5038 4533/4860 4532/4858 4515/4846
f 4533/5069 4292/5023 4293/5022 4534/5070
f 4294/4853 4535/5071 4534/5070 4293/5022
f 4535/5071 4294/4853 4280/4839 4536/5072
f 4536/5072 4280/4839 4279/4833 4537/5073
f 4537/5073 4279/4833 4283/4832 4538/4863
f 4132/4730 4143/4728 4538/4863 4283/4832
f 4143/4728 4132/4730 4282/4729 4539/4727
f 4539/4727 4282/4729 4284/5161 4540/5159
f 4540/5181 4284/5048 4285/5049 4541/5149
f 4541/5149 4285/5049 4289/4851 4542/5078
f 4324/5060 4325/4631 4341/4630 4340/5170
f 4928/5186 4944/5187 4667/5188 4666/5189
f 4666/5189 4667/5188 4943/5190 4927/5191
f 4945/5192 4929/5193 4927/5191 4943/5190
f 4946/5194 4930/5195 4929/5196 4945/5197
f 4930/5195 4946/5194 4950/5198 4934/5199
f 4838/5200 4854/5201 4853/5202 4837/5203
f 4834/5204 4850/5205 4854/5201 4838/5200
f 4850/5205 4834/5204 4833/5206 4849/5207
f 4849/5208 4833/5209 4831/5210 4847/5211
f 4934/5199 4950/5198 4949/5212 4933/5213
f 4933/5213 4949/5212 4947/5214 4931/5215
f 4651/5216 4653/5217 4847/5211 4831/5210
f 4832/5218 4848/5219 4653/5217 4651/5216
f 4931/5215 4947/5214 4942/5220 4926/5221
f 4926/5221 4942/5220 4948/5222 4932/5223
f 4951/5224 4935/5225 4932/5223 4948/5222
f 4935/5225 4951/5224 4952/5226 4936/5227
f 4859/5228 4843/5229 4842/5230 4858/5231
f 4843/5229 4859/5228 4845/5232 4829/5233
f 4829/5233 4845/5232 4844/5234 4828/5235
f 4828/5235 4844/5234 4848/5219 4832/5218
f 4625/5236 4584/5237 4581/5238 4631/5239
f 4598/5240 4583/5241 4584/5237 4625/5236
f 4597/5242 4587/5243 4591/5244 4601/5245
f 4601/5245 4591/5244 4593/5246 4603/5247
f 4587/5243 4597/5242 4602/5248 4592/5249
f 4583/5250 4582/5251 4588/5252 4599/5253
f 4597/5242 4610/5254 4613/5255 4602/5248
f 4610/5254 4597/5242 4601/5245 4612/5256
f 4612/5256 4601/5245 4603/5247 4614/5257
f 4637/5258 4627/5259 4613/5255 4610/5254
f 4619/5260 4615/5261 4635/5262 4634/5263
f 4642/5264 4605/5265 4619/5266 4643/5267
f 4623/5268 4620/5269 4599/5270 4595/5271
f 4622/5272 4621/5273 4596/5274 4609/5275
f 4621/5273 4623/5268 4595/5271 4596/5274
f 4630/5276 4632/5277 4620/5269 4623/5268
f 4640/5278 4633/5279 4621/5273 4622/5272
f 4633/5279 4630/5276 4623/5268 4621/5273
f 4583/5250 4599/5253 4620/5269 4584/5237
f 4643/5267 4619/5266 4634/5263 4644/5280
f 4584/5237 4620/5269 4632/5277 4581/5238
f 4612/5256 4614/5257 4639/5281 4638/5282
f 4605/5265 4604/5283 4615/5261 4619/5266
f 4610/5254 4612/5256 4638/5282 4637/5258
f 4603/5247 4593/5246 4594/5284 4608/5285
f 4636/5286 4618/5287 4643/5267 4644/5280
f 4618/5287 4606/5288 4642/5264 4643/5267
f 4636/5289 4629/5290 4624/5291 4618/5292
f 4618/5292 4624/5291 4607/5293 4606/5294
f 4635/5262 4615/5261 4613/5255 4627/5259
f 4602/5248 4613/5255 4615/5261 4604/5283
f 4608/5285 4616/5295 4614/5257 4603/5247
f 4639/5281 4614/5257 4616/5295 4626/5296
f 4640/5278 4622/5272 4624/5291 4629/5290
f 4622/5272 4609/5275 4607/5293 4624/5291
f 4617/5297 4628/5298 4611/5299 4586/5300
f 4600/5301 4585/5302 4586/5300 4611/5299
f 4585/5302 4600/5301 4590/5303 4589/5304
f 4594/5284 4590/5303 4600/5301 4608/5285
f 4608/5285 4600/5301 4611/5299 4616/5295
f 4628/5298 4626/5296 4616/5295 4611/5299
f 4625/5236 4586/5305 4585/5306 4598/5240
f 4631/5239 4617/5307 4586/5305 4625/5236
f 4815/5308 4650/5309 4651/5216 4831/5210
f 5007/5310 4991/5311 4647/5312 4654/5313
f 4991/5311 4975/5314 4646/5315 4647/5312
f 4975/5314 4959/5316 4645/5317 4646/5315
f 4959/5316 4943/5190 4667/5188 4645/5317
f 4927/5191 4911/5318 4665/5319 4666/5189
f 4911/5318 4895/5320 4664/5321 4665/5319
f 4879/5322 4863/5323 4659/5324 4660/5325
f 5056/5326 4663/5327 4650/5309 4815/5308
f 4799/5328 4783/5329 4655/5330 4652/5331
f 4713/5332 4716/5333 4657/5334 4656/5335
f 4706/5336 4711/5337 4710/5338 4705/5339
f 4705/5339 4710/5338 4709/5340 4704/5341
f 4656/5335 4657/5334 4714/5342 4708/5343
f 5067/5344 4567/5345 4568/5346 5068/5347
f 4700/5348 4701/5349 4707/5350 4706/5351
f 4700/5348 4706/5351 4705/5339 4699/5352
f 5078/5353 4572/5354 4571/5355 5079/5356
f 5077/5357 4573/5358 4572/5354 5078/5353
f 4699/5352 4705/5339 4704/5341 4698/5359
f 4703/5360 4698/5359 4704/5341 4713/5361
f 5064/5362 4565/5363 4172/5364 5065/5365
f 4683/5366 4684/5367 4689/5368 4688/5369
f 4683/5366 4688/5369 4687/5370 4682/5371
f 4682/5371 4687/5370 4686/5372 4681/5373
f 4761/5374 4681/5373 4686/5372 4691/5375
f 4662/5376 4658/5377 4761/5374 4691/5375
f 4658/5377 4662/5376 4690/5378 4762/5379
f 4738/5380 4733/5381 4734/5382 4739/5383
f 4739/5383 4734/5382 4736/5384 4741/5385
f 4741/5385 4736/5384 4735/5386 4740/5387
f 4740/5387 4735/5386 4732/5388 4737/5389
f 4722/5390 4737/5389 4732/5388 4719/5391
f 4743/5392 4738/5380 4739/5383 4744/5393
f 4744/5393 4739/5383 4741/5385 4746/5394
f 4746/5394 4741/5385 4740/5387 4745/5395
f 4745/5395 4740/5387 4737/5389 4742/5396
f 4737/5389 4722/5390 4725/5397 4742/5396
f 4656/5335 4649/5398 4703/5360 4713/5332
f 4649/5398 4656/5335 4708/5343 4702/5399
f 5063/5400 4162/5401 4565/5363 5064/5362
f 4679/5402 4680/5403 4684/5367 4683/5366
f 4679/5402 4683/5366 4682/5371 4678/5404
f 4678/5404 4682/5371 4681/5373 4677/5405
f 4685/5406 4677/5405 4681/5373 4761/5374
f 4658/5377 4661/5407 4685/5406 4761/5374
f 4661/5407 4658/5377 4762/5379 4676/5408
f 4662/5376 4648/5409 4696/5410 4690/5378
f 4648/5409 4649/5398 4702/5399 4696/5410
f 4716/5333 4713/5332 4704/5341 4709/5340
f 4731/5411 4751/5412 4750/5413 4766/5414
f 4751/5412 4731/5411 4767/5415 4749/5416
f 4728/5417 4769/5418 4768/5419 4748/5420
f 4766/5414 4750/5413 4748/5420 4768/5419
f 4775/5421 4771/5422 4770/5423 4774/5424
f 5030/5425 5029/5426 4771/5422 4775/5421
f 4778/5427 4779/5428 4710/5338 4711/5337
f 4780/5429 4796/5430 4800/5431 4784/5432
f 4652/5331 4655/5330 4784/5432 4800/5431
f 4798/5433 4782/5434 4787/5435 4803/5436
f 4781/5437 4797/5438 4796/5430 4780/5429
f 4808/5439 4792/5440 4791/5441 4807/5442
f 4803/5436 4787/5435 4789/5443 4805/5444
f 5032/5445 5031/5446 4792/5440 4808/5439
f 4782/5434 4798/5433 4804/5447 4788/5448
f 4790/5449 4806/5450 4805/5444 4789/5443
f 4795/5451 4811/5452 4797/5438 4781/5437
f 5048/5453 5047/5454 4823/5455 4824/5456
f 5049/5457 5048/5453 4824/5456 5033/5458
f 5049/5457 5033/5458 4825/5459 5050/5460
f 4663/5327 5055/5461 4816/5462 4650/5309
f 4878/5463 4862/5464 4867/5465 4883/5466
f 4861/5467 4877/5468 4876/5469 4860/5470
f 4888/5471 4872/5472 4871/5473 4887/5474
f 4883/5466 4867/5465 4869/5475 4885/5476
f 5037/5477 5036/5478 4872/5472 4888/5471
f 4862/5464 4878/5463 4884/5479 4868/5480
f 4870/5481 4886/5482 4885/5476 4869/5475
f 4875/5483 4891/5484 4877/5468 4861/5467
f 4860/5470 4876/5469 4880/5485 4864/5486
f 4660/5325 4659/5324 4864/5486 4880/5485
f 4878/5463 4894/5487 4900/5488 4884/5479
f 4900/5488 4903/5489 4887/5490 4884/5479
f 4904/5491 4888/5471 4887/5474 4903/5489
f 5038/5492 5037/5477 4888/5471 4904/5491
f 4889/5493 5037/5477 5038/5492 4905/5494
f 4905/5495 4906/5496 4890/5497 4889/5498
f 4906/5496 4907/5499 4891/5500 4890/5497
f 5039/5501 5038/5492 4904/5491 4920/5502
f 4894/5487 4910/5503 4916/5504 4900/5488
f 4902/5505 4918/5506 4917/5507 4901/5508
f 4907/5509 4923/5510 4909/5511 4893/5512
f 4892/5513 4908/5514 4912/5515 4896/5516
f 4665/5319 4664/5321 4896/5516 4912/5515
f 4910/5503 4894/5487 4899/5517 4915/5518
f 4893/5512 4909/5511 4908/5514 4892/5513
f 4920/5502 4904/5491 4903/5489 4919/5519
f 4915/5518 4899/5517 4901/5508 4917/5507
f 4666/5189 4665/5319 4912/5515 4928/5186
f 4926/5221 4910/5503 4915/5518 4931/5215
f 4909/5511 4925/5520 4924/5521 4908/5514
f 4936/5227 4920/5502 4919/5519 4935/5225
f 4931/5215 4915/5518 4917/5507 4933/5213
f 5040/5522 5039/5501 4920/5502 4936/5227
f 4910/5503 4926/5221 4932/5223 4916/5504
f 4918/5506 4934/5199 4933/5213 4917/5507
f 4923/5510 4939/5523 4925/5520 4909/5511
f 4908/5514 4924/5521 4928/5186 4912/5515
f 4963/5524 4947/5214 4949/5212 4965/5525
f 5042/5526 5041/5527 4952/5528 4968/5529
f 4942/5220 4958/5530 4964/5531 4948/5222
f 4950/5198 4966/5532 4965/5525 4949/5212
f 4955/5533 4971/5534 4957/5535 4941/5536
f 4940/5537 4956/5538 4960/5539 4944/5540
f 4645/5317 4667/5188 4944/5187 4960/5539
f 4958/5530 4942/5220 4947/5214 4963/5524
f 4941/5536 4957/5535 4956/5538 4940/5537
f 4968/5529 4952/5528 4951/5224 4967/5541
f 4971/5534 4987/5542 4973/5543 4957/5535
f 4956/5538 4972/5544 4976/5545 4960/5539
f 4646/5315 4645/5317 4960/5539 4976/5545
f 4974/5546 4958/5530 4963/5524 4979/5547
f 4957/5535 4973/5543 4972/5544 4956/5538
f 4984/5548 4968/5529 4967/5541 4983/5549
f 4979/5547 4963/5524 4965/5525 4981/5550
f 5043/5551 5042/5526 4968/5529 4984/5548
f 4958/5530 4974/5546 4980/5552 4964/5531
f 4966/5532 4982/5553 4981/5550 4965/5525
f 5000/5554 4984/5548 4983/5549 4999/5555
f 4995/5556 4979/5547 4981/5550 4997/5557
f 5044/5558 5043/5551 4984/5548 5000/5554
f 4974/5546 4990/5559 4996/5560 4980/5552
f 4982/5553 4998/5561 4997/5557 4981/5550
f 4987/5542 5003/5562 4989/5563 4973/5543
f 4972/5544 4988/5564 4992/5565 4976/5545
f 4647/5312 4646/5315 4976/5545 4992/5565
f 4990/5559 4974/5546 4979/5547 4995/5556
f 4973/5543 4989/5563 4988/5564 4972/5544
f 4998/5561 5014/5566 5013/5567 4997/5557
f 5003/5562 5019/5568 5005/5569 4989/5563
f 4988/5564 5004/5570 5008/5571 4992/5565
f 4654/5313 4647/5312 4992/5565 5008/5571
f 5006/5572 4990/5559 4995/5556 5011/5573
f 4989/5563 5005/5569 5004/5570 4988/5564
f 5016/5574 5000/5554 4999/5555 5015/5575
f 5011/5573 4995/5556 4997/5557 5013/5567
f 5045/5576 5044/5558 5000/5554 5016/5574
f 4990/5559 5006/5572 5012/5577 4996/5560
f 5021/5578 5020/5579 5004/5570 5005/5569
f 5027/5580 5021/5578 5005/5569 5019/5568
f 5017/5581 5025/5582 5026/5583 5018/5584
f 5016/5574 5015/5575 5023/5585 5024/5586
f 4672/5587 4671/5588 4763/5589 4765/5590
f 4717/5591 4718/5592 4765/5590 4763/5589
f 4996/5560 5012/5577 5015/5575 4999/5555
f 4718/5592 4717/5591 4720/5593 4721/5594
f 4721/5594 4720/5593 4723/5595 4724/5596
f 5001/5597 5017/5581 5018/5584 5002/5598
f 4999/5555 4983/5549 4980/5552 4996/5560
f 5002/5598 4986/5599 4985/5600 5001/5597
f 4969/5601 4985/5600 4986/5599 4970/5602
f 4964/5531 4980/5552 4983/5549 4967/5541
f 4948/5222 4964/5531 4967/5541 4951/5224
f 4953/5603 4969/5601 4970/5602 4954/5604
f 4938/5605 4922/5606 4921/5607 4937/5608
f 4916/5504 4932/5223 4935/5225 4919/5519
f 4900/5488 4916/5504 4919/5519 4903/5489
f 4905/5495 4921/5607 4922/5606 4906/5496
f 4891/5500 4907/5499 4893/5512 4877/5468
f 4877/5468 4893/5512 4892/5513 4876/5469
f 4876/5469 4892/5513 4896/5516 4880/5485
f 4868/5480 4884/5479 4887/5490 4871/5473
f 4664/5321 4660/5325 4880/5485 4896/5516
f 4890/5497 4874/5609 4873/5610 4889/5498
f 4724/5596 4723/5595 4726/5611 4727/5612
f 4727/5612 4726/5611 4729/5613 4730/5614
f 4788/5448 4804/5447 4807/5442 4791/5441
f 4749/5416 4767/5415 4774/5424 4770/5423
f 4673/5615 4764/5616 4755/5617 4668/5618
f 4793/5619 4809/5620 4810/5621 4794/5622
f 4777/5623 4773/5624 4772/5625 4776/5626
f 5018/5584 5026/5583 5027/5580 5019/5568
f 5019/5568 5003/5562 5002/5598 5018/5584
f 5044/5558 5045/5576 5017/5627 5001/5628
f 5043/5551 5044/5558 5001/5628 4985/5629
f 5003/5562 4987/5542 4986/5599 5002/5598
f 4987/5542 4971/5534 4970/5602 4986/5599
f 5042/5526 5043/5551 4985/5629 4969/5630
f 5041/5527 5042/5526 4969/5630 4953/5631
f 4971/5534 4955/5533 4954/5604 4970/5602
f 4922/5606 4938/5605 4939/5523 4923/5510
f 4923/5510 4907/5509 4906/5496 4922/5606
f 4660/5325 4664/5321 4895/5320 4879/5322
f 4895/5320 4897/5632 4881/5633 4879/5322
f 4891/5500 4875/5483 4874/5609 4890/5497
f 4794/5622 4810/5621 4811/5452 4795/5451
f 4773/5624 4777/5623 4779/5428 4778/5427
f 4776/5634 4772/5635 5029/5426 5030/5425
f 5031/5446 5032/5445 4809/5636 4793/5637
f 5061/5638 5060/5639 4821/5640 4819/5641
f 5062/5642 5061/5638 4819/5641 4814/5643
f 5036/5478 5037/5477 4889/5493 4873/5644
f 4786/5645 4730/5614 4729/5613 4785/5646
f 4801/5647 4802/5648 4786/5645 4785/5646
f 5038/5492 5039/5501 4921/5649 4905/5494
f 5039/5501 5040/5522 4937/5650 4921/5649
f 4854/5201 4870/5481 4869/5475 4853/5202
f 4814/5643 4819/5641 4835/5651 4830/5652
f 4819/5641 4821/5640 4837/5653 4835/5651
f 4838/5200 4837/5203 4821/5640 4822/5654
f 4650/5309 4816/5462 4832/5218 4651/5216
f 4828/5235 4832/5218 4816/5462 4812/5655
f 4829/5233 4828/5235 4812/5655 4813/5656
f 4843/5229 4829/5233 4813/5656 4827/5657
f 4842/5230 4843/5229 4827/5657 4826/5658
f 4826/5658 4825/5659 4841/5660 4842/5230
f 4825/5459 5033/5458 5034/5661 4841/5662
f 5033/5458 4824/5456 4840/5663 5034/5661
f 4824/5456 4823/5455 4839/5664 4840/5663
f 4836/5665 4839/5664 4823/5455 4820/5666
f 4830/5652 4836/5665 4820/5666 4814/5643
f 4814/5643 4820/5666 5046/5667 5062/5642
f 4823/5455 5047/5454 5046/5667 4820/5666
f 4826/5658 5051/5668 5050/5669 4825/5659
f 4827/5657 5052/5670 5051/5668 4826/5658
f 4827/5657 4813/5656 5053/5671 5052/5670
f 4813/5656 4812/5655 5054/5672 5053/5671
f 4812/5655 4816/5462 5055/5461 5054/5672
f 5009/5673 5010/5674 4994/5675 4993/5676
f 4822/5654 4821/5640 5060/5639 5059/5677
f 4978/5678 4977/5679 4993/5676 4994/5675
f 4977/5679 4978/5678 4962/5680 4961/5681
f 4946/5194 4945/5197 4961/5681 4962/5680
f 4929/5196 4930/5195 4914/5682 4913/5683
f 4898/5684 4897/5685 4913/5683 4914/5682
f 4882/5686 4881/5687 4897/5685 4898/5684
f 4752/5688 4674/5689 4668/5618 4755/5617
f 4753/5690 4675/5691 4674/5689 4752/5688
f 4755/5617 4764/5616 4719/5391 4732/5388
f 4735/5386 4752/5688 4755/5617 4732/5388
f 4648/5409 4662/5376 4691/5375 4697/5692
f 4691/5375 4686/5372 4692/5693 4697/5692
f 4649/5398 4648/5409 4697/5692 4703/5360
f 4697/5692 4692/5693 4698/5359 4703/5360
f 4725/5397 4728/5417 4748/5420 4742/5396
f 4750/5413 4745/5395 4742/5396 4748/5420
f 5069/5694 4712/5695 4707/5696 5068/5697
f 5070/5698 4715/5699 4712/5695 5069/5694
f 5070/5700 4570/5701 4579/5702 5071/5703
f 5072/5704 4759/5705 4760/5706 5071/5707
f 5072/5708 4578/5709 4580/5710 5073/5711
f 5073/5711 4580/5710 4577/5712 5074/5713
f 5075/5714 4757/5715 4758/5716 5074/5717
f 5076/5718 4747/5719 4757/5715 5075/5714
f 5077/5720 4743/5721 4747/5719 5076/5718
f 4693/5722 4699/5352 4698/5359 4692/5693
f 4694/5723 4700/5348 4699/5352 4693/5722
f 4687/5370 4693/5722 4692/5693 4686/5372
f 4688/5369 4694/5723 4693/5722 4687/5370
f 4736/5384 4753/5690 4752/5688 4735/5386
f 4734/5382 4756/5724 4753/5690 4736/5384
f 4756/5724 4670/5725 4675/5691 4753/5690
f 4754/5726 4669/5727 4670/5725 4756/5724
f 5080/5728 4575/5729 4148/5730 5081/5731
f 4733/5381 4754/5726 4756/5724 4734/5382
f 5079/5732 5080/5733 4754/5726 4733/5381
f 4688/5369 4689/5368 4695/5734 4694/5723
f 5065/5735 5066/5736 4695/5734 4689/5368
f 4694/5723 4695/5734 4701/5349 4700/5348
f 5067/5344 5066/5737 4566/5738 4567/5345
f 4751/5412 4746/5394 4745/5395 4750/5413
f 4749/5416 4744/5393 4746/5394 4751/5412
f 4712/5695 4711/5337 4706/5336 4707/5696
f 4715/5699 4778/5427 4711/5337 4712/5695
f 4760/5739 4773/5624 4778/5427 4715/5699
f 4759/5705 4772/5625 4773/5624 4760/5706
f 4772/5635 4759/5740 5028/5741 5029/5426
f 5029/5426 5028/5741 4758/5742 4771/5422
f 4771/5422 4758/5742 4757/5715 4770/5423
f 4747/5719 4749/5416 4770/5423 4757/5715
f 4747/5719 4743/5721 4744/5393 4749/5416
f 4701/5349 5067/5344 5068/5347 4707/5350
f 4738/5380 5078/5353 5079/5356 4733/5381
f 4743/5392 5077/5720 5078/5353 4738/5380
f 4684/5367 5064/5362 5065/5365 4689/5368
f 4680/5403 5063/5400 5064/5362 4684/5367
f 4569/5743 5069/5694 5068/5697 4568/5346
f 4570/5701 5070/5700 5069/5694 4569/5743
f 4715/5699 5070/5698 5071/5703 4760/5739
f 4578/5744 5072/5704 5071/5707 4579/5702
f 4759/5740 5072/5708 5073/5711 5028/5741
f 5028/5741 5073/5711 5074/5713 4758/5742
f 4576/5745 5075/5714 5074/5717 4577/5712
f 4574/5746 5076/5718 5075/5714 4576/5745
f 4573/5358 5077/5357 5076/5718 4574/5746
f 4754/5726 5080/5733 5081/5731 4669/5727
f 4571/5355 4575/5729 5080/5728 5079/5356
f 4172/5364 4566/5738 5066/5737 5065/5365
f 4701/5349 4695/5734 5066/5736 5067/5344
f 4673/5615 4672/5587 4765/5590 4764/5616
f 4718/5592 4719/5391 4764/5616 4765/5590
f 4719/5391 4718/5592 4721/5594 4722/5390
f 4722/5390 4721/5594 4724/5596 4725/5397
f 4725/5397 4724/5596 4727/5612 4728/5417
f 4728/5417 4727/5612 4730/5614 4769/5418
f 4790/5449 4786/5645 4802/5648 4806/5450
f 5059/5677 5058/5747 4818/5748 4822/5654
f 4822/5654 4818/5748 4834/5204 4838/5200
f 4870/5481 4866/5749 4882/5750 4886/5482
f 4886/5482 4882/5750 4898/5684 4902/5751
f 4886/5482 4902/5751 4901/5508 4885/5476
f 4902/5505 4898/5684 4914/5682 4918/5506
f 4918/5506 4914/5682 4930/5195 4934/5199
f 4950/5198 4946/5194 4962/5680 4966/5532
f 4945/5192 4943/5190 4959/5316 4961/5752
f 4913/5753 4911/5318 4927/5191 4929/5193
f 4897/5632 4895/5320 4911/5318 4913/5753
f 4899/5517 4883/5466 4885/5476 4901/5508
f 4894/5487 4878/5463 4883/5466 4899/5517
f 4879/5322 4881/5633 4865/5754 4863/5323
f 4862/5464 4846/5755 4851/5756 4867/5465
f 4817/5757 4815/5308 4831/5210 4833/5209
f 5057/5758 5056/5326 4815/5308 4817/5757
f 4785/5759 4783/5329 4799/5328 4801/5760
f 4726/5761 4708/5343 4714/5342 4729/5762
f 4723/5763 4702/5399 4708/5343 4726/5761
f 4720/5764 4696/5410 4702/5399 4723/5763
f 4717/5765 4690/5378 4696/5410 4720/5764
f 4690/5378 4717/5765 4763/5766 4762/5379
f 4671/5767 4676/5408 4762/5379 4763/5766
f 4966/5532 4962/5680 4978/5678 4982/5553
f 4982/5553 4978/5678 4994/5675 4998/5561
f 5010/5674 5014/5566 4998/5561 4994/5675
f 4731/5411 4782/5434 4788/5448 4767/5415
f 4782/5434 4731/5411 4766/5414 4787/5435
f 4787/5435 4766/5414 4768/5419 4789/5443
f 4769/5418 4790/5449 4789/5443 4768/5419
f 4730/5614 4786/5645 4790/5449 4769/5418
f 4881/5687 4882/5686 4866/5749 4865/5768
f 4866/5749 4850/5205 4849/5207 4865/5768
f 4714/5342 4783/5329 4785/5759 4729/5762
f 4657/5334 4655/5330 4783/5329 4714/5342
f 4655/5330 4657/5334 4716/5333 4784/5432
f 4709/5340 4780/5429 4784/5432 4716/5333
f 4710/5338 4781/5437 4780/5429 4709/5340
f 4779/5428 4795/5451 4781/5437 4710/5338
f 4777/5623 4794/5622 4795/5451 4779/5428
f 4794/5622 4777/5623 4776/5626 4793/5619
f 4793/5637 4776/5634 5030/5425 5031/5446
f 5031/5446 5030/5425 4775/5421 4792/5440
f 4792/5440 4775/5421 4774/5424 4791/5441
f 4791/5441 4774/5424 4767/5415 4788/5448
f 4867/5465 4851/5756 4853/5202 4869/5475
f 4850/5205 4866/5749 4870/5481 4854/5201
f 4653/5217 4659/5324 4863/5323 4847/5211
f 4844/5234 4860/5470 4864/5486 4848/5219
f 4859/5228 4875/5483 4861/5467 4845/5232
f 4874/5609 4858/5769 4857/5770 4873/5610
f 5036/5478 5035/5771 4856/5772 4872/5472
f 4871/5473 4855/5773 4852/5774 4868/5480
f 4846/5755 4862/5464 4868/5480 4852/5774
f 4872/5472 4856/5772 4855/5773 4871/5473
f 4873/5644 4857/5775 5035/5771 5036/5478
f 4858/5231 4874/5609 4875/5483 4859/5228
f 4845/5232 4861/5467 4860/5470 4844/5234
f 4659/5324 4653/5217 4848/5219 4864/5486
f 4865/5754 4849/5208 4847/5211 4863/5323
f 4961/5752 4959/5316 4975/5314 4977/5776
f 4977/5776 4975/5314 4991/5311 4993/5777
f 5007/5310 5009/5778 4993/5777 4991/5311
f 4818/5748 4817/5779 4833/5206 4834/5204
f 5058/5747 5057/5780 4817/5779 4818/5748
f 4598/5240 5022/5781 4582/5251 4583/5241
f 5021/5578 4596/5274 4595/5271 5020/5579
f 4605/5265 5024/5586 5023/5585 4604/5283
f 4642/5264 4641/5782 5024/5586 4605/5265
f 5027/5580 4609/5275 4596/5274 5021/5578
f 5020/5579 4595/5271 4599/5270 4588/5252
f 4607/5293 5026/5583 5025/5582 4606/5294
f 4604/5283 5023/5585 4592/5249 4602/5248
f 4609/5275 5027/5580 5026/5583 4607/5293
f 4641/5782 4642/5264 4606/5288 5025/5783
f 4598/5240 4585/5306 4589/5784 5022/5781
f 5007/5310 4654/5313 4582/5251 5022/5781
f 4654/5313 5008/5571 4588/5252 4582/5251
f 5020/5579 4588/5252 5008/5571 5004/5570
f 5045/5576 5016/5574 5024/5586 4641/5782
f 5012/5577 4592/5249 5023/5585 5015/5575
f 4594/5284 4593/5246 5013/5567 5014/5566
f 5011/5573 5013/5567 4593/5246 4591/5244
f 5006/5572 5011/5573 4591/5244 4587/5243
f 4587/5243 4592/5249 5012/5577 5006/5572
f 5045/5576 4641/5782 5025/5783 5017/5627
f 5010/5674 5009/5673 4589/5304 4590/5303
f 5014/5566 5010/5674 4590/5303 4594/5284
f 5009/5778 5007/5310 5022/5781 4589/5784
f 4924/5521 4940/5537 4944/5540 4928/5186
f 4941/5536 4940/5537 4924/5521 4925/5520
f 4955/5533 4941/5536 4925/5520 4939/5523
f 4939/5523 4938/5605 4954/5604 4955/5533
f 4953/5603 4954/5604 4938/5605 4937/5608
f 4937/5650 5040/5522 5041/5527 4953/5631
f 4936/5227 4952/5226 5041/5527 5040/5522
f 4837/5203 4853/5202 4851/5756 4835/5651
f 4830/5652 4835/5651 4851/5756 4846/5755
f 4846/5755 4852/5774 4836/5665 4830/5652
f 4839/5664 4836/5665 4852/5774 4855/5773
f 4840/5663 4839/5664 4855/5773 4856/5772
f 5034/5661 4840/5663 4856/5772 5035/5771
f 4841/5662 5034/5661 5035/5771 4857/5775
f 4798/5433 4803/5436 5061/5638 5062/5642
f 4803/5436 4805/5444 5060/5639 5061/5638
f 5059/5677 5060/5639 4805/5444 4806/5450
f 5062/5642 5046/5667 4804/5447 4798/5433
f 5046/5667 5047/5454 4807/5442 4804/5447
f 4808/5439 4807/5442 5047/5454 5048/5453
f 5032/5445 4808/5439 5048/5453 5049/5457
f 4809/5636 5032/5445 5049/5457 5050/5460
f 5050/5669 5051/5668 4810/5621 4809/5620
f 4811/5452 4810/5621 5051/5668 5052/5670
f 5052/5670 5053/5671 4797/5438 4811/5452
f 5053/5671 5054/5672 4796/5430 4797/5438
f 5054/5672 5055/5461 4800/5431 4796/5430
f 4652/5331 4800/5431 5055/5461 4663/5327
f 4663/5327 5056/5326 4799/5328 4652/5331
f 5056/5326 5057/5758 4801/5760 4799/5328
f 5057/5780 5058/5747 4802/5648 4801/5647
f 5058/5747 5059/5677 4806/5450 4802/5648
f 4841/5660 4857/5770 4858/5769 4842/5230
f 5131/5785 5127/5786 5126/5787 5130/5788
f 5133/5789 5120/5790 5119/5791 5132/5792
f 5134/5793 5128/5794 5127/5786 5131/5785
f 5135/5795 5121/5796 5120/5790 5133/5789
f 5136/5797 5129/5798 5128/5794 5134/5793
f 5137/5799 5122/5800 5121/5796 5135/5795
f 5139/5801 5114/5802 5115/5803 5138/5804
f 5138/5804 5115/5803 5129/5798 5136/5797
f 5140/5805 5123/5806 5122/5800 5137/5799
f 5141/5807 5116/5808 5114/5802 5139/5801
f 5142/5809 5124/5810 5123/5806 5140/5805
f 5143/5811 5117/5812 5116/5808 5141/5807
f 5144/5813 5125/5814 5124/5810 5142/5809
f 5145/5815 5118/5816 5117/5812 5143/5811
f 5130/5788 5126/5787 5125/5814 5144/5813
f 5132/5817 5119/5818 5118/5816 5145/5815
f 5090/5819 5106/5820 5105/5821 5089/5822
f 5091/5823 5107/5824 5106/5820 5090/5819
f 5092/5825 5108/5826 5107/5824 5091/5823
f 5093/5827 5109/5828 5108/5826 5092/5825
f 5094/5829 5110/5830 5109/5828 5093/5827
f 5095/5831 5111/5832 5110/5830 5094/5829
f 5096/5833 5112/5834 5111/5832 5095/5831
f 5083/5835 5098/5836 5099/5837 5082/5838
f 5097/5839 5113/5840 5112/5834 5096/5833
f 5084/5841 5100/5842 5098/5836 5083/5835
f 5082/5838 5099/5837 5113/5840 5097/5839
f 5085/5843 5101/5844 5100/5842 5084/5841
f 5086/5845 5102/5846 5101/5844 5085/5843
f 5087/5847 5103/5848 5102/5846 5086/5845
f 5088/5849 5104/5850 5103/5851 5087/5852
f 5167/5853 5168/5854 5256/5855 5257/5856
f 5089/5822 5105/5821 5104/5850 5088/5849
f 5103/5848 5132/5817 5145/5815 5102/5846
f 5110/5830 5130/5788 5144/5813 5109/5828
f 5102/5846 5145/5815 5143/5811 5101/5844
f 5109/5828 5144/5813 5142/5809 5108/5826
f 5101/5844 5143/5811 5141/5807 5100/5842
f 5108/5826 5142/5809 5140/5805 5107/5824
f 5100/5842 5141/5807 5139/5801 5098/5836
f 5107/5824 5140/5805 5137/5799 5106/5820
f 5099/5837 5138/5804 5136/5797 5113/5840
f 5098/5836 5139/5801 5138/5804 5099/5837
f 5106/5820 5137/5799 5135/5795 5105/5821
f 5113/5840 5136/5797 5134/5793 5112/5834
f 5105/5821 5135/5795 5133/5789 5104/5850
f 5112/5834 5134/5793 5131/5785 5111/5832
f 5104/5850 5133/5789 5132/5792 5103/5851
f 5111/5832 5131/5785 5130/5788 5110/5830
f 5153/5857 5154/5858 5249/5859 5250/5860
f 5168/5854 5169/5861 5255/5862 5256/5855
f 5169/5861 5170/5863 5254/5864 5255/5862
f 5170/5863 5171/5865 5253/5866 5254/5864
f 5171/5865 5172/5867 5252/5868 5253/5866
f 5256/5855 5242/5869 5243/5870 5257/5856
f 5154/5858 5155/5871 5248/5872 5249/5859
f 5155/5871 5156/5873 5247/5874 5248/5872
f 5156/5873 5157/5875 5246/5876 5247/5874
f 5157/5875 5158/5877 5245/5878 5246/5876
f 5282/5879 5173/5880 5251/5881 5294/5882
f 5249/5859 5235/5883 5236/5884 5250/5860
f 5256/5855 5255/5862 5241/5885 5242/5869
f 5255/5862 5254/5864 5240/5886 5241/5885
f 5254/5864 5253/5866 5239/5887 5240/5886
f 5253/5866 5252/5868 5238/5888 5239/5887
f 5280/5889 5159/5890 5244/5891 5293/5892
f 5242/5869 5221/5893 5222/5894 5243/5870
f 5249/5859 5248/5872 5234/5895 5235/5883
f 5248/5872 5247/5874 5233/5896 5234/5895
f 5247/5874 5246/5876 5232/5897 5233/5896
f 5246/5876 5245/5878 5231/5898 5232/5897
f 5294/5882 5251/5881 5237/5899 5292/5900
f 5235/5883 5214/5901 5215/5902 5236/5884
f 5242/5869 5241/5885 5220/5903 5221/5893
f 5241/5885 5240/5886 5219/5904 5220/5903
f 5240/5886 5239/5887 5218/5905 5219/5904
f 5239/5887 5238/5888 5217/5906 5218/5905
f 5293/5892 5244/5891 5230/5907 5291/5908
f 5223/5909 5224/5910 5207/5911 5208/5912
f 5235/5883 5234/5895 5213/5913 5214/5901
f 5234/5895 5233/5896 5212/5914 5213/5913
f 5233/5896 5232/5897 5211/5915 5212/5914
f 5232/5897 5231/5898 5210/5916 5211/5915
f 5292/5900 5237/5899 5216/5917 5289/5918
f 5221/5893 5224/5910 5223/5909 5222/5894
f 5224/5910 5225/5919 5206/5920 5207/5911
f 5225/5919 5226/5921 5205/5922 5206/5920
f 5226/5921 5227/5923 5204/5924 5205/5922
f 5227/5923 5228/5925 5203/5926 5204/5924
f 5291/5908 5230/5907 5209/5927 5288/5928
f 5214/5901 5200/5929 5201/5930 5215/5902
f 5221/5893 5220/5903 5225/5919 5224/5910
f 5220/5903 5219/5904 5226/5921 5225/5919
f 5219/5904 5218/5905 5227/5923 5226/5921
f 5218/5905 5217/5906 5228/5925 5227/5923
f 5290/5931 5229/5932 5202/5933 5287/5934
f 5207/5911 5193/5935 5194/5936 5208/5912
f 5214/5901 5213/5913 5199/5937 5200/5929
f 5213/5913 5212/5914 5198/5938 5199/5937
f 5212/5914 5211/5915 5197/5939 5198/5938
f 5211/5915 5210/5916 5196/5940 5197/5939
f 5289/5918 5216/5917 5229/5932 5290/5931
f 5200/5929 5186/5941 5187/5942 5201/5930
f 5207/5911 5206/5920 5192/5943 5193/5935
f 5206/5920 5205/5922 5191/5944 5192/5943
f 5205/5922 5204/5924 5190/5945 5191/5944
f 5204/5924 5203/5926 5189/5946 5190/5945
f 5288/5928 5209/5927 5195/5947 5286/5948
f 5193/5935 5179/5949 5180/5950 5194/5936
f 5200/5929 5199/5937 5185/5951 5186/5941
f 5199/5937 5198/5938 5184/5952 5185/5951
f 5198/5938 5197/5939 5183/5953 5184/5952
f 5197/5939 5196/5940 5182/5954 5183/5953
f 5287/5934 5202/5933 5188/5955 5285/5956
f 5186/5941 5165/5957 5166/5958 5187/5942
f 5193/5935 5192/5943 5178/5959 5179/5949
f 5192/5943 5191/5944 5177/5960 5178/5959
f 5191/5944 5190/5945 5176/5961 5177/5960
f 5190/5945 5189/5946 5175/5962 5176/5961
f 5286/5948 5195/5947 5181/5963 5284/5964
f 5179/5949 5151/5965 5152/5966 5180/5950
f 5186/5941 5185/5951 5164/5967 5165/5957
f 5185/5951 5184/5952 5163/5968 5164/5967
f 5184/5952 5183/5953 5162/5969 5163/5968
f 5183/5953 5182/5954 5161/5970 5162/5969
f 5285/5956 5188/5955 5174/5971 5283/5972
f 5165/5957 5168/5854 5167/5853 5166/5958
f 5179/5949 5178/5959 5150/5973 5151/5965
f 5178/5959 5177/5960 5149/5974 5150/5973
f 5177/5960 5176/5961 5148/5975 5149/5974
f 5176/5961 5175/5962 5147/5976 5148/5975
f 5284/5964 5181/5963 5160/5977 5281/5978
f 5151/5965 5154/5858 5153/5857 5152/5966
f 5165/5957 5164/5967 5169/5861 5168/5854
f 5164/5967 5163/5968 5170/5863 5169/5861
f 5163/5968 5162/5969 5171/5865 5170/5863
f 5162/5969 5161/5970 5172/5867 5171/5865
f 5283/5972 5174/5971 5146/5979 5279/5980
f 5151/5965 5150/5973 5155/5871 5154/5858
f 5150/5973 5149/5974 5156/5873 5155/5871
f 5149/5974 5148/5975 5157/5875 5156/5873
f 5148/5975 5147/5976 5158/5877 5157/5875
f 5281/5978 5160/5977 5173/5880 5282/5879
f 5229/5981 5216/5982 5258/5983 5202/5984
f 5216/5982 5237/5985 5261/5986 5258/5983
f 5237/5985 5251/5987 5264/5988 5261/5986
f 5276/5989 5159/5990 5146/5991 5277/5992
f 5202/5984 5258/5983 5259/5993 5188/5994
f 5258/5983 5261/5986 5262/5995 5259/5993
f 5261/5986 5264/5988 5265/5996 5262/5995
f 5264/5988 5160/5997 5181/5998 5265/5996
f 5188/5994 5259/5993 5260/5999 5174/6000
f 5259/5993 5262/5995 5263/6001 5260/5999
f 5262/5995 5265/5996 5266/6002 5263/6001
f 5265/5996 5181/5998 5195/6003 5266/6002
f 5260/5999 5263/6001 5244/6004 5159/6005
f 5263/6001 5266/6002 5230/6006 5244/6004
f 5266/6002 5195/6003 5209/6007 5230/6006
f 5277/5992 5146/5991 5174/6008 5275/6009
f 5278/6010 5260/6011 5159/6012 5276/6013
f 5275/6014 5174/6015 5260/6016 5278/6017
f 5160/6018 5264/6019 5268/6020 5267/6021
f 5264/6022 5251/6023 5269/6024 5268/6025
f 5173/6026 5160/6027 5267/6028 5270/6029
f 5251/6030 5173/6026 5270/6029 5269/6031
f 5267/6032 5268/6033 5271/6034 5273/6035
f 5268/6033 5269/6036 5272/6037 5271/6034
f 5270/6029 5267/6028 5273/6038 5274/6039
f 5269/6031 5270/6029 5274/6039 5272/6037
f 5272/6037 5275/6040 5278/6041 5271/6034
f 5271/6034 5278/6041 5276/6042 5273/6035
f 5274/6039 5277/5992 5275/6009 5272/6037
f 5273/6038 5276/5989 5277/5992 5274/6039
f 5147/5976 5279/6043 5280/6044 5158/5877
f 5161/5970 5281/5978 5282/5879 5172/5867
f 5175/5962 5283/5972 5279/5980 5147/5976
f 5182/5954 5284/5964 5281/5978 5161/5970
f 5189/5946 5285/5956 5283/5972 5175/5962
f 5196/5940 5286/5948 5284/5964 5182/5954
f 5203/5926 5287/5934 5285/5956 5189/5946
f 5210/5916 5288/5928 5286/5948 5196/5940
f 5217/5906 5289/5918 5290/5931 5228/5925
f 5228/5925 5290/5931 5287/5934 5203/5926
f 5231/5898 5291/5908 5288/5928 5210/5916
f 5238/5888 5292/5900 5289/5918 5217/5906
f 5245/5878 5293/5892 5291/5908 5231/5898
f 5252/5868 5294/5882 5292/5900 5238/5888
f 5158/5877 5280/6044 5293/5892 5245/5878
f 5172/5867 5282/5879 5294/5882 5252/5868
f 5243/6045 5116/5808 5117/5812 5257/6046
f 5257/6046 5117/5812 5118/5816 5167/6047
f 5167/6047 5118/5816 5119/5818 5166/6048
f 5166/6049 5119/5791 5120/5790 5187/6050
f 5187/6050 5120/5790 5121/5796 5201/6051
f 5201/6051 5121/5796 5122/5800 5215/6052
f 5215/6052 5122/5800 5123/5806 5236/6053
f 5236/6053 5123/5806 5124/5810 5250/6054
f 5250/6054 5124/5810 5125/5814 5153/6055
f 5153/6055 5125/5814 5126/5787 5152/6056
f 5152/6056 5126/5787 5127/5786 5180/6057
f 5180/6057 5127/5786 5128/5794 5194/6058
f 5194/6058 5128/5794 5129/5798 5208/6059
f 5208/6059 5129/5798 5115/5803 5223/6060
f 5223/6060 5115/5803 5114/5802 5222/6061
f 5222/6061 5114/5802 5116/5808 5243/6045
f 5279/5980 5146/5979 5159/5890 5280/6044
f 5315/6062 5316/6063 5310/6064 5309/6065
f 6411/6066 6412/6067 6424/6068 6425/6069
f 5303/6070 5304/6071 5298/6072 5297/6073
f 5297/6073 5298/6072 5327/6074 5326/6075
f 5309/6065 5310/6064 5304/6071 5303/6070
f 5455/6076 5454/6077 5322/6078 5333/6079
f 5443/6080 5383/6081 5438/6082 5442/6083
f 5438/6082 5383/6081 5346/6084 5429/6085
f 5669/6086 5996/6087 5995/6088 5671/6089
f 5317/6090 5318/6091 5312/6092 5311/6093
f 5454/6077 5453/6094 5321/6095 5322/6078
f 5305/6096 5306/6097 5300/6098 5299/6099
f 5299/6099 5300/6098 5330/6100 5329/6101
f 5671/6102 5670/6103 5318/6091 5317/6090
f 5344/6104 5343/6105 5338/6106 5339/6107
f 5343/6108 5342/6109 5337/6110 5338/6111
f 5342/6109 5341/6112 5336/6113 5337/6110
f 5311/6093 5312/6092 5306/6097 5305/6096
f 5437/6114 5466/6115 5634/6116 5418/6117
f 5352/6118 5349/6119 5350/6120 5353/6121
f 5308/6122 5344/6104 5339/6107 5314/6123
f 5349/6119 5346/6124 5347/6125 5350/6120
f 5363/6126 5362/6127 5343/6105 5344/6104
f 5362/6128 5361/6129 5342/6109 5343/6108
f 5367/6130 5366/6131 5362/6127 5363/6126
f 5443/6132 5370/6133 5371/6134 5444/6135
f 5366/6136 5365/6137 5361/6129 5362/6128
f 5365/6137 5364/6138 5360/6139 5361/6129
f 5375/6140 5374/6141 5366/6131 5367/6130
f 5374/6142 5373/6143 5365/6137 5366/6136
f 5373/6143 5372/6144 5364/6138 5365/6137
f 5387/6145 5388/6146 5656/6147 5368/6148
f 5299/6099 5329/6101 5327/6074 5298/6072
f 5298/6072 5304/6071 5305/6096 5299/6099
f 5361/6129 5360/6139 5341/6112 5342/6109
f 5725/6149 5727/6150 5417/6151 5414/6152
f 5310/6064 5316/6063 5317/6090 5311/6093
f 5735/6153 6012/6154 6011/6155 5734/6156
f 6412/6067 6407/6157 6327/6158 6424/6068
f 5304/6071 5310/6064 5311/6093 5305/6096
f 5295/6159 5367/6130 5363/6126 5302/6160
f 5367/6130 5295/6159 5324/6161 5375/6140
f 5442/6083 5438/6082 5451/6162 5652/6163
f 5729/6164 5722/6165 5410/6166 5672/6167
f 5722/6165 5723/6168 5411/6169 5410/6166
f 5302/6160 5363/6126 5344/6104 5308/6122
f 5724/6170 5725/6149 5414/6152 5413/6171
f 5716/6172 5717/6173 5321/6174 5320/6175
f 5719/6176 5718/6177 5388/6146 5387/6145
f 5723/6168 5724/6170 5413/6171 5411/6169
f 5654/6178 5655/6179 5389/6180 5390/6181
f 5728/6182 5715/6183 5391/6184 5445/6185
f 5407/6186 5314/6123 5339/6107 5630/6187
f 5631/6188 5338/6111 5337/6110 5632/6189
f 5729/6190 6007/6191 6005/6192 5684/6193
f 7612/6194 7613/6195 5997/6196 5674/6197
f 5329/6101 5330/6100 5380/6198 5381/6199
f 5654/6200 5420/6201 5437/6202 5468/6203
f 5390/6181 5445/6204 5420/6201 5654/6178
f 7608/6205 7607/6206 5436/6207 5460/6208
f 5436/6209 5458/6210 5319/6211 5435/6212
f 5718/6177 5717/6213 5389/6214 5388/6146
f 5448/6215 5449/6216 5430/6217 5431/6218
f 6283/6219 6267/6220 5412/6221 5572/6222
f 5638/6223 5418/6224 5439/6225 5477/6226
f 6365/6227 6359/6228 5423/6229 5493/6230
f 5477/6226 5439/6225 5421/6231 5485/6232
f 5460/6208 5436/6207 5435/6212 5320/6233
f 5383/6081 5443/6080 5444/6135 5382/6234
f 5468/6203 5437/6202 5418/6117 5638/6223
f 5716/6235 5728/6182 5445/6185 5390/6181
f 5438/6082 5429/6085 5450/6236 5451/6162
f 5297/6073 5326/6075 5428/6237 5427/6238
f 5427/6238 5426/6239 5303/6070 5297/6073
f 5427/6238 5428/6237 5325/6240 5296/6241
f 5449/6216 5450/6236 5429/6085 5430/6217
f 5418/6224 5634/6116 5475/6242 5439/6225
f 5637/6243 5635/6244 5471/6245 5472/6246
f 5635/6244 5644/6247 5470/6248 5471/6245
f 5439/6225 5475/6242 5483/6249 5421/6231
f 5472/6246 5471/6245 5480/6250 5481/6251
f 5471/6245 5470/6248 5479/6252 5480/6250
f 6359/6228 6366/6253 5491/6254 5423/6229
f 6368/6255 6354/6256 5488/6257 5489/6258
f 5727/6150 5726/6259 5415/6260 5417/6151
f 5401/6261 5400/6262 5512/6263 5513/6264
f 6357/6265 6358/6266 5518/6267 5519/6268
f 6356/6269 5510/6270 5529/6271 6363/6272
f 6364/6273 6362/6274 5526/6275 5530/6276
f 5685/6277 6006/6278 6003/6279 5681/6280
f 5510/6270 5511/6281 5402/6282 5529/6271
f 5399/6283 5398/6284 5531/6285 5525/6286
f 6354/6256 6355/6287 5487/6288 5488/6257
f 5401/6261 5513/6264 5529/6271 5402/6282
f 6357/6289 6363/6272 5529/6271 5513/6264
f 5426/6239 5425/6290 5309/6065 5303/6070
f 5399/6283 5525/6286 5512/6263 5400/6262
f 5497/6291 5496/6292 5546/6293 5547/6294
f 6358/6266 6364/6273 5530/6276 5518/6267
f 5501/6295 5506/6296 5545/6297 5495/6298
f 5440/6299 5506/6296 5501/6295 5434/6300
f 5434/6300 5499/6301 5535/6302 5440/6299
f 5647/6303 5658/6304 5509/6305 5403/6306
f 5528/6307 5514/6308 5520/6309 5523/6310
f 5527/6311 5528/6307 5523/6310 5522/6312
f 5496/6292 5495/6298 5545/6297 5546/6293
f 5507/6313 5503/6314 5521/6315 5517/6316
f 6282/6317 6270/6318 5554/6319 5548/6320
f 6279/6321 6281/6322 5549/6323 5550/6324
f 6270/6318 6272/6325 5555/6326 5554/6319
f 5533/6327 5520/6309 5514/6308 5534/6328
f 5503/6314 5527/6311 5522/6312 5521/6315
f 6269/6329 6282/6317 5548/6320 5553/6330
f 6277/6331 6276/6332 5563/6333 5564/6334
f 6272/6325 6279/6321 5550/6324 5555/6326
f 6300/6335 6301/6336 5514/6308 5528/6307
f 6267/6220 6266/6337 5557/6338 5412/6221
f 5709/6339 5710/6340 5753/6341 5754/6342
f 5708/6343 5709/6339 5754/6342 5755/6344
f 5704/6345 5705/6346 5577/6347 5750/6348
f 5569/6349 5575/6350 5576/6351 5570/6352
f 5569/6349 5568/6353 5574/6354 5575/6350
f 6276/6332 6265/6355 5562/6356 5563/6333
f 5621/6357 5579/6358 5573/6359 5567/6360
f 5416/6361 5579/6358 5621/6357 5384/6362
f 7993/6363 5622/6364 5578/6365 7991/6366
f 5607/6367 5608/6368 5603/6369 5602/6370
f 5568/6353 5567/6360 5573/6359 5574/6354
f 5610/6371 5609/6372 5604/6373 5605/6374
f 5609/6372 5606/6375 5601/6376 5604/6373
f 6299/6377 6301/6378 5542/6379 5543/6380
f 5612/6381 5613/6382 5608/6368 5607/6367
f 5608/6368 5610/6371 5605/6374 5603/6369
f 5615/6383 5614/6384 5609/6372 5610/6371
f 5614/6384 5611/6385 5606/6375 5609/6372
f 5597/6386 5594/6387 5601/6376 5606/6375
f 5703/6388 5704/6345 5750/6348 5566/6389
f 5564/6390 5569/6349 5570/6352 5565/6391
f 5564/6390 5563/6333 5568/6353 5569/6349
f 5613/6382 5615/6383 5610/6371 5608/6368
f 5572/6392 5621/6357 5567/6360 5562/6393
f 5384/6362 5621/6357 5572/6392 5412/6221
f 5412/6221 5557/6338 5622/6364 7993/6363
f 5376/6394 5369/6395 5364/6138 5372/6144
f 5346/6084 5383/6081 5382/6234 5347/6125
f 5644/6247 5638/6223 5477/6226 5470/6248
f 5470/6248 5477/6226 5485/6232 5479/6252
f 6355/6287 6365/6227 5493/6230 5487/6288
f 5676/6396 5507/6313 5517/6316 5677/6397
f 6297/6398 6300/6335 5528/6307 5527/6311
f 5563/6333 5562/6356 5567/6360 5568/6353
f 6265/6355 6283/6219 5572/6222 5562/6356
f 7991/6366 5578/6365 5584/6399 7990/6400
f 7990/6400 5584/6399 5590/6401 7995/6402
f 5331/6403 5332/6404 5379/6405 5378/6406
f 7609/6407 7605/6408 5452/6409 5459/6410
f 5422/6411 5459/6410 5452/6409 5419/6412
f 5713/6413 5714/6414 5422/6411 5419/6412
f 5713/6413 5393/6415 5392/6416 5714/6414
f 5392/6416 5393/6415 5645/6417 5646/6418
f 5461/6419 5467/6420 5646/6418 5645/6417
f 5659/6421 5467/6420 5461/6419 5639/6422
f 5639/6422 5469/6423 5476/6424 5659/6421
f 5484/6425 5476/6424 5469/6423 5478/6426
f 6369/6427 5484/6425 5478/6426 6353/6428
f 5494/6429 5502/6430 5505/6431 5500/6432
f 6288/6433 5538/6434 5539/6435 6285/6436
f 6274/6437 5552/6438 5551/6439 6280/6440
f 5552/6438 5625/6441 5623/6442 5551/6439
f 5592/6443 5623/6442 5625/6441 5593/6444
f 5593/6444 5596/6445 5595/6446 5592/6443
f 5596/6445 5599/6447 5598/6448 5595/6446
f 5606/6375 5611/6385 5600/6449 5597/6386
f 6394/6450 5561/6451 5560/6452 6396/6453
f 5628/6454 5629/6455 5351/6456 5354/6457
f 5448/6215 5431/6218 5432/6458 5447/6459
f 5352/6460 5355/6461 5432/6458 5431/6218
f 5352/6118 5353/6121 5356/6462 5355/6461
f 5296/6241 5301/6463 5426/6239 5427/6238
f 6302/6464 6297/6398 5527/6311 5503/6314
f 5664/6465 5665/6466 5641/6467 5640/6468
f 5301/6463 5307/6469 5425/6290 5426/6239
f 5307/6469 5313/6470 5424/6471 5425/6290
f 5409/6472 5626/6473 5424/6471 5313/6470
f 7600/6474 7599/6475 5455/6476 5456/6477
f 5334/6478 5456/6477 5455/6476 5333/6079
f 5369/6395 5345/6479 5360/6139 5364/6138
f 5399/6283 5400/6262 5643/6480 5642/6481
f 7627/6482 7626/6483 5353/6121 5350/6120
f 5341/6112 5360/6139 5345/6479 5348/6484
f 7597/6485 7608/6205 5460/6208 5453/6486
f 7607/6206 7610/6487 5458/6210 5436/6207
f 5425/6290 5424/6471 5315/6062 5309/6065
f 5424/6471 5626/6473 5408/6488 5315/6062
f 5553/6330 5548/6320 5619/6489 5624/6490
f 7623/6491 7629/6492 5330/6100 5300/6098
f 7601/6493 7604/6494 5406/6495 5405/6496
f 5630/6187 5339/6107 5338/6106 5631/6497
f 5719/6176 5387/6145 5386/6498 5720/6499
f 7638/6500 7633/6501 5318/6091 5670/6103
f 5632/6189 5337/6110 5336/6113 5633/6502
f 5377/6503 5386/6498 5387/6145 5368/6148
f 5685/6504 5664/6465 5640/6468 5682/6505
f 5667/6506 5403/6507 5651/6508 5648/6509
f 7628/6510 7627/6482 5350/6120 5347/6125
f 7602/6511 7596/6512 5404/6513 5508/6514
f 5468/6203 5462/6515 5655/6179 5654/6200
f 5398/6284 5399/6283 5642/6481 5340/6516
f 7609/6517 5459/6518 5458/6210 7610/6487
f 5464/6519 5463/6520 5635/6244 5637/6243
f 5464/6521 5465/6522 5377/6503 5368/6148
f 5445/6204 5391/6184 5653/6523 5420/6201
f 5463/6520 5462/6524 5644/6247 5635/6244
f 5666/6525 5667/6506 5648/6509 5649/6526
f 5462/6515 5468/6203 5638/6223 5644/6247
f 7603/6527 7606/6528 5397/6529 5396/6530
f 5388/6146 5389/6214 5655/6179 5656/6147
f 5403/6507 5509/6305 5650/6531 5651/6508
f 5378/6532 5379/6533 5371/6134 5370/6133
f 7604/6494 7603/6527 5396/6530 5406/6495
f 5636/6534 5465/6522 5464/6521 5637/6243
f 5400/6262 5401/6261 5657/6535 5643/6480
f 5673/6536 5398/6284 5340/6516 5681/6537
f 5401/6261 5402/6282 5647/6538 5657/6535
f 5637/6243 5472/6246 5473/6539 5636/6534
f 5417/6151 5415/6260 5508/6514 5404/6513
f 6404/6540 6387/6541 5541/6542 5680/6543
f 5402/6282 5511/6281 5658/6304 5647/6538
f 5420/6201 5653/6523 5466/6115 5437/6202
f 5320/6233 5321/6174 5453/6094 5460/6208
f 5665/6466 5666/6525 5649/6526 5641/6467
f 5368/6148 5656/6147 5463/6520 5464/6521
f 5472/6246 5481/6251 5482/6544 5473/6539
f 6368/6255 5489/6258 5490/6545 6367/6546
f 5648/6509 5651/6508 5394/6547 5660/6548
f 5413/6171 5414/6152 5405/6496 5406/6495
f 5656/6147 5655/6179 5462/6515 5463/6520
f 5410/6166 5411/6169 5396/6530 5397/6529
f 5672/6167 5410/6166 5397/6529 5674/6549
f 5657/6535 5647/6538 5403/6306 5667/6506
f 5649/6526 5648/6509 5660/6548 5661/6550
f 5411/6169 5413/6171 5406/6495 5396/6530
f 5640/6468 5641/6467 5662/6551 5663/6552
f 5682/6505 5640/6468 5663/6552 5684/6553
f 5641/6467 5649/6526 5661/6550 5662/6551
f 5681/6537 5340/6516 5664/6465 5685/6277
f 5643/6480 5657/6535 5667/6506 5666/6525
f 5340/6516 5642/6481 5665/6466 5664/6465
f 5414/6152 5417/6151 5404/6513 5405/6496
f 5348/6484 5351/6554 5336/6113 5341/6112
f 5633/6502 5336/6113 5351/6554 5629/6455
f 5642/6481 5643/6480 5666/6525 5665/6466
f 5431/6218 5430/6217 5349/6119 5352/6460
f 5686/6555 5683/6556 5357/6557 5627/6558
f 5687/6559 5688/6560 5433/6561 5446/6562
f 5689/6563 5688/6564 5432/6458 5355/6461
f 5689/6565 5690/6566 5359/6567 5358/6568
f 7611/6569 5691/6570 5457/6571 6621/6572
f 5692/6573 5691/6574 5456/6477 5334/6478
f 5730/6575 5693/6576 5385/6577 5721/6578
f 5694/6579 5693/6580 5386/6498 5377/6503
f 5694/6581 5695/6582 5744/6583 5757/6584
f 5696/6585 5695/6586 5465/6522 5636/6534
f 5696/6587 5697/6588 5474/6589 5758/6590
f 5697/6588 5698/6591 5745/6592 5474/6589
f 6361/6593 5699/6594 5746/6595 6360/6596
f 5700/6597 5701/6598 5748/6599 5747/6600
f 6286/6601 6302/6464 5503/6314 5507/6313
f 6298/6602 6286/6601 5507/6313 5676/6396
f 6275/6603 5703/6388 5566/6389 6273/6604
f 5616/6605 5619/6489 5548/6320 5554/6319
f 5617/6606 5616/6605 5554/6319 5555/6326
f 5651/6508 5650/6531 5395/6607 5394/6547
f 5604/6373 5601/6376 5619/6489 5616/6605
f 5323/6608 5585/6609 5579/6358 5416/6361
f 5579/6358 5585/6609 5580/6610 5573/6359
f 5328/6611 5591/6612 5585/6609 5323/6608
f 5585/6609 5591/6612 5586/6613 5580/6610
f 5429/6085 5346/6084 5349/6119 5430/6217
f 5582/6614 5581/6615 5587/6616 5588/6617
f 5581/6615 5580/6610 5586/6613 5587/6616
f 5575/6350 5574/6354 5581/6615 5582/6614
f 5605/6374 5604/6373 5616/6605 5617/6606
f 5574/6354 5573/6359 5580/6610 5581/6615
f 5603/6369 5605/6374 5617/6606 5620/6618
f 5618/6619 5620/6620 5550/6324 5549/6323
f 7992/6621 6296/6622 5556/6623 7989/6624
f 6289/6625 6284/6626 5506/6296 5440/6299
f 6284/6626 6292/6627 5545/6297 5506/6296
f 5620/6620 5617/6606 5555/6326 5550/6324
f 6293/6628 6291/6629 5547/6294 5546/6293
f 5497/6291 5547/6294 5544/6630 5498/6631
f 6291/6629 6294/6632 5544/6630 5547/6294
f 6295/6633 6294/6634 5561/6635 5702/6636
f 5711/6637 5712/6638 5537/6639 5756/6640
f 5602/6370 5603/6369 5620/6618 5618/6619
f 5710/6641 5602/6370 5618/6619 5711/6642
f 5575/6350 5582/6614 5583/6643 5576/6351
f 5705/6644 5576/6351 5583/6643 5706/6645
f 5582/6614 5588/6617 5589/6646 5583/6643
f 5707/6647 5752/6648 5751/6649 5706/6650
f 5315/6062 5668/6651 5669/6652 5316/6063
f 5732/6653 6009/6654 6010/6655 5733/6656
f 5316/6063 5669/6652 5671/6089 5317/6090
f 5673/6657 5998/6658 6002/6659 5678/6660
f 5398/6284 5673/6536 5678/6660 5531/6285
f 5315/6062 5408/6488 5675/6661 5668/6651
f 6362/6274 6352/6662 5679/6663 5526/6275
f 5607/6367 5602/6370 5710/6641 5709/6339
f 5612/6381 5607/6367 5709/6339 5708/6343
f 5570/6352 5576/6351 5705/6644 5704/6345
f 5565/6391 5570/6352 5704/6345 5703/6388
f 5504/6664 5676/6396 5677/6397 5515/6665
f 5672/6167 6000/6666 6007/6191 5729/6164
f 5684/6553 6005/6192 6004/6667 5682/6505
f 5740/6668 6014/6669 5999/6670 5675/6671
f 6402/6672 6404/6540 5680/6543 5536/6673
f 6015/6674 6014/6669 5740/6668 6019/6675
f 5742/6676 6021/6677 6020/6678 5741/6679
f 5628/6454 5354/6457 5683/6556 5686/6555
f 5447/6459 5432/6458 5688/6564 5687/6559
f 5358/6568 5433/6561 5688/6560 5689/6565
f 5355/6461 5356/6462 5690/6566 5689/6563
f 7600/6474 5456/6477 5691/6574 7611/6569
f 5335/6680 5457/6571 5691/6570 5692/6573
f 5720/6499 5386/6498 5693/6580 5730/6575
f 5757/6584 5385/6577 5693/6576 5694/6581
f 5377/6503 5465/6522 5695/6586 5694/6579
f 5758/6590 5744/6583 5695/6582 5696/6587
f 5636/6534 5473/6539 5697/6588 5696/6585
f 5473/6539 5482/6544 5698/6591 5697/6588
f 6367/6546 5490/6545 5699/6594 6361/6593
f 5498/6631 5544/6630 5701/6598 5700/6597
f 6287/6681 6298/6602 5676/6396 5504/6664
f 6278/6682 5565/6391 5703/6388 6275/6603
f 6290/6683 6295/6633 5702/6636 5749/6684
f 5618/6619 5549/6323 5712/6638 5711/6642
f 5753/6341 5710/6340 5711/6642 5756/6640
f 5577/6347 5705/6346 5706/6645 5751/6649
f 5589/6646 5707/6647 5706/6650 5583/6643
f 5381/6199 5380/6198 5332/6404 5331/6403
f 7602/6511 5508/6514 5452/6409 7605/6408
f 5419/6412 5452/6409 5508/6514 5415/6260
f 5726/6685 5395/6686 5393/6415 5713/6413
f 5645/6417 5393/6415 5395/6686 5650/6531
f 5650/6531 5509/6305 5461/6419 5645/6417
f 5639/6422 5461/6419 5509/6305 5658/6304
f 5658/6304 5511/6281 5469/6423 5639/6422
f 5511/6281 5510/6270 5478/6426 5469/6423
f 6356/6687 5532/6688 5486/6689 6353/6690
f 5533/6327 5534/6328 5502/6430 5494/6429
f 6299/6377 5543/6380 5538/6434 6288/6433
f 6269/6329 5553/6330 5552/6438 6274/6437
f 5553/6330 5624/6490 5625/6441 5552/6438
f 5593/6444 5625/6441 5624/6490 5594/6691
f 5594/6387 5597/6386 5596/6445 5593/6444
f 5597/6386 5600/6449 5599/6447 5596/6445
f 5595/6692 5598/6693 5590/6401 5584/6399
f 5592/6694 5595/6692 5584/6399 5578/6365
f 5578/6365 5622/6364 5623/6695 5592/6694
f 5551/6696 5623/6695 5622/6364 5557/6338
f 6280/6697 5551/6696 5557/6338 6266/6337
f 6285/6698 5539/6699 5556/6623 6296/6622
f 5500/6700 5505/6701 5535/6302 5499/6301
f 6366/6702 5483/6703 5484/6704 6369/6705
f 5483/6703 5475/6242 5476/6706 5484/6704
f 5659/6707 5476/6706 5475/6242 5634/6116
f 5634/6116 5466/6115 5467/6708 5659/6707
f 5646/6709 5467/6708 5466/6115 5653/6523
f 5653/6523 5391/6184 5392/6710 5646/6709
f 5714/6711 5392/6710 5391/6184 5715/6183
f 5319/6211 5458/6210 5459/6518 5422/6712
f 5652/6163 5451/6162 5369/6395 5376/6394
f 5451/6162 5450/6236 5345/6479 5369/6395
f 6292/6627 6293/6628 5546/6293 5545/6297
f 5351/6554 5348/6484 5449/6216 5448/6215
f 5448/6215 5447/6459 5354/6457 5351/6554
f 5683/6556 5354/6457 5447/6459 5687/6559
f 5687/6559 5446/6562 5357/6557 5683/6556
f 5314/6123 5407/6186 5409/6472 5313/6470
f 5308/6122 5314/6123 5313/6470 5307/6469
f 5348/6484 5345/6479 5450/6236 5449/6216
f 5295/6159 5302/6160 5301/6463 5296/6241
f 5296/6241 5325/6240 5324/6161 5295/6159
f 5660/6548 5394/6547 5727/6150 5725/6149
f 5684/6193 5663/6552 5722/6165 5729/6190
f 5663/6552 5662/6551 5723/6168 5722/6165
f 5302/6160 5308/6122 5307/6469 5301/6463
f 5661/6550 5660/6548 5725/6149 5724/6170
f 5390/6181 5389/6180 5717/6213 5716/6235
f 5333/6079 5322/6078 5718/6177 5719/6176
f 5662/6551 5661/6550 5724/6170 5723/6168
f 5435/6212 5319/6211 5715/6183 5728/6182
f 5619/6489 5601/6376 5594/6387 5624/6490
f 5320/6175 5435/6212 5728/6182 5716/6172
f 5333/6079 5719/6176 5720/6499 5334/6478
f 5692/6573 5730/6575 5721/6578 5335/6680
f 6352/6662 6001/6713 5516/6714 5679/6663
f 5334/6478 5720/6499 5730/6575 5692/6573
f 5415/6260 5726/6259 5713/6413 5419/6412
f 5422/6712 5714/6711 5715/6183 5319/6211
f 5627/6558 5731/6715 5736/6716 5686/6555
f 5633/6502 5735/6153 5734/6156 5632/6189
f 5686/6555 5736/6716 5732/6717 5628/6454
f 5629/6455 5733/6718 5735/6153 5633/6502
f 5628/6454 5732/6717 5733/6656 5629/6455
f 5681/6537 6003/6279 5998/6658 5673/6536
f 5671/6102 5995/6088 5994/6719 5670/6103
f 5733/6718 6010/6655 6012/6154 5735/6153
f 5736/6716 6013/6720 6009/6654 5732/6717
f 5682/6505 6004/6667 6006/6278 5685/6504
f 5408/6488 5737/6721 5740/6668 5675/6661
f 5409/6472 5738/6722 5739/6723 5626/6473
f 5626/6473 5739/6723 5737/6721 5408/6488
f 5675/6661 5999/6670 5993/6724 5668/6651
f 5739/6723 6018/6725 6016/6726 5737/6721
f 5674/6549 5997/6196 6000/6666 5672/6167
f 5734/6156 6011/6155 6022/6727 5743/6728
f 5738/6722 6017/6729 6018/6725 5739/6723
f 5631/6497 5743/6730 5742/6731 5630/6187
f 5630/6187 5742/6731 5741/6679 5407/6186
f 5741/6679 6020/6678 6017/6729 5738/6722
f 5743/6730 6022/6732 6021/6677 5742/6731
f 5741/6679 5738/6722 5409/6472 5407/6186
f 5668/6651 5993/6724 5996/6087 5669/6652
f 5631/6188 5632/6189 5734/6156 5743/6728
f 6335/6733 6344/6734 5530/6276 5526/6275
f 6343/6735 6335/6733 5526/6275 5679/6663
f 6343/6736 6339/6737 5515/6665 5677/6397
f 6342/6738 6341/6739 5746/6595 5699/6594
f 6342/6740 6347/6741 5498/6631 5700/6597
f 6347/6741 6348/6742 5497/6291 5498/6631
f 6348/6742 6350/6743 5496/6292 5497/6291
f 5322/6078 5321/6095 5717/6173 5718/6177
f 6334/6744 6351/6745 5487/6288 5493/6230
f 6340/6746 6334/6744 5493/6230 5423/6229
f 6340/6747 6346/6748 5499/6301 5434/6300
f 6346/6748 6333/6749 5500/6700 5499/6301
f 6349/6750 6333/6751 5492/6752 5486/6753
f 6349/6754 6345/6755 5533/6327 5494/6429
f 5394/6547 5395/6607 5726/6685 5727/6150
f 6337/6756 6336/6757 5524/6758 5519/6759
f 6338/6760 6337/6756 5519/6759 5518/6267
f 6350/6743 6351/6761 5495/6298 5496/6292
f 5891/6762 5890/6763 5764/6764 5772/6765
f 5903/6766 5902/6767 5769/6768 5768/6769
f 5915/6770 5914/6771 5766/6772 5770/6773
f 5927/6774 5926/6775 5773/6776 5760/6777
f 5914/6771 5938/6778 5767/6779 5766/6772
f 5945/6780 5944/6781 5776/6782 5774/6783
f 5938/6778 5903/6766 5768/6769 5767/6779
f 6345/6755 6336/6784 5520/6309 5533/6327
f 5902/6767 5962/6785 5759/6786 5769/6768
f 5944/6781 5915/6770 5770/6773 5776/6782
f 5969/6787 5968/6788 5765/6789 5771/6790
f 5926/6775 5980/6791 5761/6792 5773/6776
f 5981/6793 5945/6780 5774/6783 5775/6794
f 5968/6788 5981/6793 5775/6794 5765/6789
f 5987/6795 5951/6796 5763/6797 5762/6798
f 5890/6763 5969/6799 5771/6800 5764/6764
f 5962/6785 5927/6774 5760/6777 5759/6786
f 5980/6791 5987/6795 5762/6798 5761/6792
f 5951/6796 5891/6762 5772/6765 5763/6797
f 5775/6794 5774/6783 5878/6801 5795/6802
f 5795/6802 5878/6801 5877/6803 5796/6804
f 5796/6804 5877/6803 5876/6805 5797/6806
f 5797/6806 5876/6805 5875/6807 5798/6808
f 5798/6808 5875/6807 5874/6809 5799/6810
f 7829/6811 7842/6812 5873/6813 5800/6814
f 5764/6764 5771/6800 5860/6815 5879/6816
f 5879/6816 5860/6815 5859/6817 5880/6818
f 5880/6818 5859/6817 5858/6819 5881/6820
f 5881/6820 5858/6819 5857/6821 5882/6822
f 5882/6822 5857/6821 5856/6823 5883/6824
f 7843/6825 7839/6826 5855/6827 5884/6828
f 5772/6765 5764/6764 5879/6816 5819/6829
f 5819/6829 5879/6816 5880/6818 5820/6830
f 5820/6830 5880/6818 5881/6820 5821/6831
f 5821/6831 5881/6820 5882/6822 5822/6832
f 5822/6832 5882/6822 5883/6824 5823/6833
f 7833/6834 7843/6825 5884/6828 5824/6835
f 5773/6776 5761/6792 5866/6836 5867/6837
f 5867/6837 5866/6836 5865/6838 5868/6839
f 5868/6839 5865/6838 5864/6840 5869/6841
f 5869/6841 5864/6840 5863/6842 5870/6843
f 5870/6843 5863/6842 5862/6844 5871/6845
f 7841/6846 7840/6847 5861/6848 5872/6849
f 5774/6783 5776/6782 5842/6850 5878/6801
f 5878/6801 5842/6850 5841/6851 5877/6803
f 5877/6803 5841/6851 5840/6852 5876/6805
f 5876/6805 5840/6852 5839/6853 5875/6807
f 5875/6807 5839/6853 5838/6854 5874/6809
f 7842/6812 7836/6855 5837/6856 5873/6813
f 5760/6777 5773/6776 5867/6837 5843/6857
f 5843/6857 5867/6837 5868/6839 5844/6858
f 5844/6858 5868/6839 5869/6841 5845/6859
f 5845/6859 5869/6841 5870/6843 5846/6860
f 5846/6860 5870/6843 5871/6845 5847/6861
f 7837/6862 7841/6846 5872/6849 5848/6863
f 5761/6792 5762/6798 5854/6864 5866/6836
f 5866/6836 5854/6864 5853/6865 5865/6838
f 5865/6838 5853/6865 5852/6866 5864/6840
f 5864/6840 5852/6866 5851/6867 5863/6842
f 5863/6842 5851/6867 5850/6868 5862/6844
f 7840/6847 7838/6869 5849/6870 5861/6848
f 5771/6790 5765/6789 5806/6871 5860/6872
f 5860/6872 5806/6871 5805/6873 5859/6874
f 5859/6874 5805/6873 5804/6875 5858/6876
f 5858/6876 5804/6875 5803/6877 5857/6878
f 5857/6878 5803/6877 5802/6879 5856/6880
f 7839/6881 7830/6882 5801/6883 5855/6884
f 5762/6798 5763/6797 5830/6885 5854/6864
f 5854/6864 5830/6885 5829/6886 5853/6865
f 5853/6865 5829/6886 5828/6887 5852/6866
f 5852/6866 5828/6887 5827/6888 5851/6867
f 5851/6867 5827/6888 5826/6889 5850/6868
f 7838/6869 7834/6890 5825/6891 5849/6870
f 5767/6779 5768/6769 5788/6892 5807/6893
f 5807/6893 5788/6892 5787/6894 5808/6895
f 5808/6895 5787/6894 5786/6896 5809/6897
f 5809/6897 5786/6896 5785/6898 5810/6899
f 5810/6899 5785/6898 5784/6900 5811/6901
f 7831/6902 7827/6903 5783/6904 5812/6905
f 5759/6786 5760/6777 5843/6857 5789/6906
f 5789/6906 5843/6857 5844/6858 5790/6907
f 5790/6907 5844/6858 5845/6859 5791/6908
f 5791/6908 5845/6859 5846/6860 5792/6909
f 5792/6909 5846/6860 5847/6861 5793/6910
f 7828/6911 7837/6862 5848/6863 5794/6912
f 5770/6773 5766/6772 5818/6913 5831/6914
f 5831/6914 5818/6913 5817/6915 5832/6916
f 5832/6916 5817/6915 5816/6917 5833/6918
f 5833/6918 5816/6917 5815/6919 5834/6920
f 5834/6920 5815/6919 5814/6921 5835/6922
f 7835/6923 7832/6924 5813/6925 5836/6926
f 5776/6782 5770/6773 5831/6914 5842/6850
f 5842/6850 5831/6914 5832/6916 5841/6851
f 5841/6851 5832/6916 5833/6918 5840/6852
f 5840/6852 5833/6918 5834/6920 5839/6853
f 5839/6853 5834/6920 5835/6922 5838/6854
f 7836/6855 7835/6923 5836/6926 5837/6856
f 5763/6797 5772/6765 5819/6829 5830/6885
f 5830/6885 5819/6829 5820/6830 5829/6886
f 5829/6886 5820/6830 5821/6831 5828/6887
f 5828/6887 5821/6831 5822/6832 5827/6888
f 5827/6888 5822/6832 5823/6833 5826/6889
f 5766/6772 5767/6779 5807/6893 5818/6913
f 5818/6913 5807/6893 5808/6895 5817/6915
f 5817/6915 5808/6895 5809/6897 5816/6917
f 5816/6917 5809/6897 5810/6899 5815/6919
f 5815/6919 5810/6899 5811/6901 5814/6921
f 7832/6924 7831/6902 5812/6905 5813/6925
f 5765/6789 5775/6794 5795/6802 5806/6871
f 5806/6871 5795/6802 5796/6804 5805/6873
f 5805/6873 5796/6804 5797/6806 5804/6875
f 5804/6875 5797/6806 5798/6808 5803/6877
f 5803/6877 5798/6808 5799/6810 5802/6879
f 7830/6882 7829/6811 5800/6814 5801/6883
f 5769/6768 5759/6786 5789/6906 5777/6927
f 5777/6927 5789/6906 5790/6907 5778/6928
f 5778/6928 5790/6907 5791/6908 5779/6929
f 5779/6929 5791/6908 5792/6909 5780/6930
f 5780/6930 5792/6909 5793/6910 5781/6931
f 7826/6932 7828/6911 5794/6912 5782/6933
f 5768/6769 5769/6768 5777/6927 5788/6892
f 5788/6892 5777/6927 5778/6928 5787/6894
f 5787/6894 5778/6928 5779/6929 5786/6896
f 5786/6896 5779/6929 5780/6930 5785/6898
f 5785/6898 5780/6930 5781/6931 5784/6900
f 7827/6903 7826/6932 5782/6933 5783/6904
f 5326/6934 5327/6935 5992/6936 5975/6937
f 5975/6937 5992/6936 5991/6938 5976/6939
f 5976/6939 5991/6938 5990/6940 5977/6941
f 5977/6941 5990/6940 5989/6942 5978/6943
f 5978/6943 5989/6942 5988/6944 5979/6945
f 5979/6945 5988/6944 5987/6795 5980/6791
f 5324/6946 5325/6947 5932/6948 5957/6949
f 5957/6949 5932/6948 5931/6950 5958/6951
f 5958/6951 5931/6950 5930/6952 5959/6953
f 5959/6953 5930/6952 5929/6954 5960/6955
f 5960/6955 5929/6954 5928/6956 5961/6957
f 5961/6957 5928/6956 5927/6774 5962/6785
f 5331/6958 5378/6959 5974/6960 5885/6961
f 5885/6961 5974/6960 5973/6962 5886/6963
f 5886/6963 5973/6962 5972/6964 5887/6965
f 5887/6965 5972/6964 5971/6966 5888/6967
f 5888/6967 5971/6966 5970/6968 5889/6969
f 5889/6969 5970/6968 5969/6799 5890/6763
f 5327/6935 5329/6970 5956/6971 5992/6936
f 5992/6936 5956/6971 5955/6972 5991/6938
f 5991/6938 5955/6972 5954/6973 5990/6940
f 5990/6940 5954/6973 5953/6974 5989/6942
f 5989/6942 5953/6974 5952/6975 5988/6944
f 5988/6944 5952/6975 5951/6796 5987/6795
f 5370/6976 5443/6977 5986/6978 5963/6979
f 5963/6979 5986/6978 5985/6980 5964/6981
f 5964/6981 5985/6980 5984/6982 5965/6983
f 5965/6983 5984/6982 5983/6984 5966/6985
f 5966/6985 5983/6984 5982/6986 5967/6987
f 5967/6987 5982/6986 5981/6793 5968/6788
f 5443/6977 5442/6988 5950/6989 5986/6978
f 5986/6978 5950/6989 5949/6990 5985/6980
f 5985/6980 5949/6990 5948/6991 5984/6982
f 5984/6982 5948/6991 5947/6992 5983/6984
f 5983/6984 5947/6992 5946/6993 5982/6986
f 5982/6986 5946/6993 5945/6780 5981/6793
f 5428/6994 5326/6934 5975/6937 5921/6995
f 5921/6995 5975/6937 5976/6939 5922/6996
f 5922/6996 5976/6939 5977/6941 5923/6997
f 5923/6997 5977/6941 5978/6943 5924/6998
f 5924/6998 5978/6943 5979/6945 5925/6999
f 5925/6999 5979/6945 5980/6791 5926/6775
f 5378/7000 5370/6976 5963/6979 5974/7001
f 5974/7001 5963/6979 5964/6981 5973/7002
f 5973/7002 5964/6981 5965/6983 5972/7003
f 5972/7003 5965/6983 5966/6985 5971/7004
f 5971/7004 5966/6985 5967/6987 5970/7005
f 5970/7005 5967/6987 5968/6788 5969/6787
f 5652/7006 5376/7007 5920/7008 5939/7009
f 5939/7009 5920/7008 5919/7010 5940/7011
f 5940/7011 5919/7010 5918/7012 5941/7013
f 5941/7013 5918/7012 5917/7014 5942/7015
f 5942/7015 5917/7014 5916/7016 5943/7017
f 5943/7017 5916/7016 5915/6770 5944/6781
f 5375/7018 5324/6946 5957/6949 5897/7019
f 5897/7019 5957/6949 5958/6951 5898/7020
f 5898/7020 5958/6951 5959/6953 5899/7021
f 5899/7021 5959/6953 5960/6955 5900/7022
f 5900/7022 5960/6955 5961/6957 5901/7023
f 5901/7023 5961/6957 5962/6785 5902/6767
f 7834/6890 7833/6834 5824/6835 5825/6891
f 5329/6970 5381/7024 5896/7025 5956/6971
f 5956/6971 5896/7025 5895/7026 5955/6972
f 5955/6972 5895/7026 5894/7027 5954/6973
f 5954/6973 5894/7027 5893/7028 5953/6974
f 5953/6974 5893/7028 5892/7029 5952/6975
f 5373/7030 5374/7031 5908/7032 5933/7033
f 5933/7033 5908/7032 5907/7034 5934/7035
f 5934/7035 5907/7034 5906/7036 5935/7037
f 5935/7037 5906/7036 5905/7038 5936/7039
f 5936/7039 5905/7038 5904/7040 5937/7041
f 5937/7041 5904/7040 5903/6766 5938/6778
f 5442/6988 5652/7006 5939/7009 5950/6989
f 5950/6989 5939/7009 5940/7011 5949/6990
f 5949/6990 5940/7011 5941/7013 5948/6991
f 5948/6991 5941/7013 5942/7015 5947/6992
f 5947/6992 5942/7015 5943/7017 5946/6993
f 5946/6993 5943/7017 5944/6781 5945/6780
f 5372/7042 5373/7030 5933/7033 5909/7043
f 5909/7043 5933/7033 5934/7035 5910/7044
f 5910/7044 5934/7035 5935/7037 5911/7045
f 5911/7045 5935/7037 5936/7039 5912/7046
f 5912/7046 5936/7039 5937/7041 5913/7047
f 5913/7047 5937/7041 5938/6778 5914/6771
f 5325/6947 5428/6994 5921/6995 5932/6948
f 5932/6948 5921/6995 5922/6996 5931/6950
f 5931/6950 5922/6996 5923/6997 5930/6952
f 5930/6952 5923/6997 5924/6998 5929/6954
f 5929/6954 5924/6998 5925/6999 5928/6956
f 5928/6956 5925/6999 5926/6775 5927/6774
f 5376/7007 5372/7042 5909/7043 5920/7008
f 5920/7008 5909/7043 5910/7044 5919/7010
f 5919/7010 5910/7044 5911/7045 5918/7012
f 5918/7012 5911/7045 5912/7046 5917/7014
f 5917/7014 5912/7046 5913/7047 5916/7016
f 5916/7016 5913/7047 5914/6771 5915/6770
f 5374/7031 5375/7018 5897/7019 5908/7032
f 5908/7032 5897/7019 5898/7020 5907/7034
f 5907/7034 5898/7020 5899/7021 5906/7036
f 5906/7036 5899/7021 5900/7022 5905/7038
f 5905/7038 5900/7022 5901/7023 5904/7040
f 5904/7040 5901/7023 5902/6767 5903/6766
f 5381/7024 5331/6958 5885/6961 5896/7025
f 5896/7025 5885/6961 5886/6963 5895/7026
f 5895/7026 5886/6963 5887/6965 5894/7027
f 5894/7027 5887/6965 5888/6967 5893/7028
f 5893/7028 5888/6967 5889/6969 5892/7029
f 5892/7029 5889/6969 5890/6763 5891/6762
f 5737/6721 6016/6726 6019/6675 5740/6668
f 6005/6192 6035/7048 6037/7049 6007/6191
f 5995/6088 6025/7050 6026/7051 5996/6087
f 6001/7052 6031/7053 6032/7054 6002/7055
f 6011/6155 6041/7056 6042/7057 6012/6154
f 6003/6279 6033/7058 6036/7059 6006/6278
f 5994/6719 6024/7060 6025/7050 5995/6088
f 6020/6678 6050/7061 6051/7062 6021/6677
f 6010/6655 6040/7063 6039/7064 6009/6654
f 6021/6677 6051/7062 6052/7065 6022/6732
f 6009/6654 6039/7064 6043/7066 6013/6720
f 6017/6729 6047/7067 6050/7061 6020/6678
f 6012/6154 6042/7057 6040/7063 6010/6655
f 6014/6669 6044/7068 6045/7069 6015/6674
f 6013/6720 6043/7066 6038/7070 6008/7071
f 6006/6278 6036/7059 6034/7072 6004/6667
f 6000/6666 6030/7073 6027/7074 5997/6196
f 5998/6658 6028/7075 6033/7058 6003/6279
f 6004/6667 6034/7072 6035/7048 6005/6192
f 6015/6674 6045/7069 6049/7076 6019/6675
f 5999/6670 6029/7077 6044/7068 6014/6669
f 6019/6675 6049/7076 6046/7078 6016/6726
f 5993/6724 6023/7079 6029/7077 5999/6670
f 6016/6726 6046/7078 6048/7080 6018/6725
f 7639/7081 7640/7082 6024/7060 5994/6719
f 6018/6725 6048/7080 6047/7067 6017/6729
f 6007/6191 6037/7049 6030/7073 6000/6666
f 6022/6727 6052/7083 6041/7056 6011/6155
f 6002/6659 6032/7054 6028/7075 5998/6658
f 5996/6087 6026/7051 6023/7079 5993/6724
f 6089/7084 6075/7085 6079/7086 6088/7087
f 6101/7088 6059/7089 6074/7090 6100/7091
f 6088/7087 6079/7086 6076/7092 6112/7093
f 6113/7094 6053/7095 6059/7089 6101/7088
f 6112/7093 6076/7092 6078/7096 6124/7097
f 7647/7098 7641/7099 6054/7100 6130/7101
f 6124/7097 6078/7096 6077/7102 6142/7103
f 6149/7104 6067/7105 6060/7106 6148/7107
f 6161/7108 6082/7109 6071/7110 6160/7111
f 6173/7112 6062/7113 6058/7114 6172/7115
f 6179/7116 6056/7117 6053/7095 6113/7094
f 6185/7118 6065/7119 6067/7105 6149/7104
f 6191/7120 6055/7121 6056/7117 6179/7116
f 6197/7122 6061/7123 6062/7113 6173/7112
f 6160/7111 6071/7110 6072/7124 6208/7125
f 6215/7126 6063/7127 6066/7128 6214/7129
f 6130/7101 6054/7100 6055/7121 6191/7120
f 6227/7130 6080/7131 6081/7132 6226/7133
f 6239/7134 6070/7135 6069/7136 6238/7137
f 6226/7133 6081/7132 6082/7109 6161/7108
f 6238/7137 6069/7136 6073/7138 6250/7139
f 6142/7103 6077/7102 6080/7131 6227/7130
f 6208/7125 6072/7124 6070/7135 6239/7134
f 6100/7091 6074/7090 6075/7085 6089/7084
f 6250/7139 6073/7138 6068/7140 6256/7141
f 6214/7129 6066/7128 6064/7142 6262/7143
f 6148/7107 6060/7106 6057/7144 6131/7145
f 6172/7115 6058/7114 6063/7127 6215/7126
f 6262/7143 6064/7142 6065/7119 6185/7118
f 5731/6715 6008/7071 6013/6720 5736/6716
f 6034/7146 6257/7147 6190/7148 6035/7149
f 6257/7147 6258/7150 6189/7151 6190/7148
f 6258/7150 6259/7152 6188/7153 6189/7151
f 6259/7152 6260/7154 6187/7155 6188/7153
f 6260/7154 6261/7156 6186/7157 6187/7155
f 6261/7156 6262/7143 6185/7118 6186/7157
f 6028/7158 6167/7159 6220/7160 6033/7161
f 6167/7159 6168/7162 6219/7163 6220/7160
f 6168/7162 6169/7164 6218/7165 6219/7163
f 6169/7164 6170/7166 6217/7167 6218/7165
f 6170/7166 6171/7168 6216/7169 6217/7167
f 6171/7168 6172/7115 6215/7126 6216/7169
f 6030/7170 6143/7171 6136/7172 6027/7173
f 6143/7171 6144/7174 6135/7175 6136/7172
f 6144/7174 6145/7176 6134/7177 6135/7175
f 6145/7176 6146/7178 6133/7179 6134/7177
f 6146/7178 6147/7180 6132/7181 6133/7179
f 6147/7180 6148/7107 6131/7145 6132/7181
f 6036/7182 6209/7183 6257/7147 6034/7146
f 6209/7183 6210/7184 6258/7150 6257/7147
f 6210/7184 6211/7185 6259/7152 6258/7150
f 6211/7185 6212/7186 6260/7154 6259/7152
f 6212/7186 6213/7187 6261/7156 6260/7154
f 6213/7187 6214/7129 6262/7143 6261/7156
f 6043/7188 6245/7189 6251/7190 6038/7191
f 6245/7189 6246/7192 6252/7193 6251/7190
f 6246/7192 6247/7194 6253/7195 6252/7193
f 6247/7194 6248/7196 6254/7197 6253/7195
f 6248/7196 6249/7198 6255/7199 6254/7197
f 6249/7198 6250/7139 6256/7141 6255/7199
f 6044/7200 6095/7201 6094/7202 6045/7203
f 6095/7201 6096/7204 6093/7205 6094/7202
f 6096/7204 6097/7206 6092/7207 6093/7205
f 6097/7206 6098/7208 6091/7209 6092/7207
f 6098/7208 6099/7210 6090/7211 6091/7209
f 6099/7210 6100/7091 6089/7084 6090/7211
f 6042/7212 6203/7213 6244/7214 6040/7215
f 6203/7213 6204/7216 6243/7217 6244/7214
f 6204/7216 6205/7218 6242/7219 6243/7217
f 6205/7218 6206/7220 6241/7221 6242/7219
f 6206/7220 6207/7222 6240/7223 6241/7221
f 6207/7222 6208/7125 6239/7134 6240/7223
f 6047/7224 6137/7225 6232/7226 6050/7227
f 6137/7225 6138/7228 6231/7229 6232/7226
f 6138/7228 6139/7230 6230/7231 6231/7229
f 6139/7230 6140/7232 6229/7233 6230/7231
f 6140/7232 6141/7234 6228/7235 6229/7233
f 6141/7234 6142/7103 6227/7130 6228/7235
f 6039/7236 6233/7237 6245/7189 6043/7188
f 6233/7237 6234/7238 6246/7192 6245/7189
f 6234/7238 6235/7239 6247/7194 6246/7192
f 6235/7239 6236/7240 6248/7196 6247/7194
f 6236/7240 6237/7241 6249/7198 6248/7196
f 6237/7241 6238/7137 6250/7139 6249/7198
f 6051/7242 6221/7243 6166/7244 6052/7245
f 6221/7243 6222/7246 6165/7247 6166/7244
f 6222/7246 6223/7248 6164/7249 6165/7247
f 6223/7248 6224/7250 6163/7251 6164/7249
f 6224/7250 6225/7252 6162/7253 6163/7251
f 6225/7252 6226/7133 6161/7108 6162/7253
f 6040/7215 6244/7214 6233/7237 6039/7236
f 6244/7214 6243/7217 6234/7238 6233/7237
f 6243/7217 6242/7219 6235/7239 6234/7238
f 6242/7219 6241/7221 6236/7240 6235/7239
f 6241/7221 6240/7223 6237/7241 6236/7240
f 6240/7223 6239/7134 6238/7137 6237/7241
f 6050/7227 6232/7226 6221/7243 6051/7242
f 6232/7226 6231/7229 6222/7246 6221/7243
f 6231/7229 6230/7231 6223/7248 6222/7246
f 6230/7231 6229/7233 6224/7250 6223/7248
f 6229/7233 6228/7235 6225/7252 6224/7250
f 6228/7235 6227/7130 6226/7133 6225/7252
f 6024/7254 6125/7255 6196/7256 6025/7257
f 6125/7255 6126/7258 6195/7259 6196/7256
f 6126/7258 6127/7260 6194/7261 6195/7259
f 6127/7260 6128/7262 6193/7263 6194/7261
f 6128/7262 6129/7264 6192/7265 6193/7263
f 6129/7264 6130/7101 6191/7120 6192/7265
f 6033/7161 6220/7160 6209/7183 6036/7182
f 6220/7160 6219/7163 6210/7184 6209/7183
f 6219/7163 6218/7165 6211/7185 6210/7184
f 6218/7165 6217/7167 6212/7186 6211/7185
f 6217/7167 6216/7169 6213/7187 6212/7186
f 6216/7169 6215/7126 6214/7129 6213/7187
f 6041/7266 6155/7267 6203/7213 6042/7212
f 6155/7267 6156/7268 6204/7216 6203/7213
f 6156/7268 6157/7269 6205/7218 6204/7216
f 6157/7269 6158/7270 6206/7220 6205/7218
f 6158/7270 6159/7271 6207/7222 6206/7220
f 6159/7271 6160/7111 6208/7125 6207/7222
f 6031/7272 6202/7273 6178/7274 6032/7275
f 6202/7273 6201/7276 6177/7277 6178/7274
f 6201/7276 6200/7278 6176/7279 6177/7277
f 6200/7278 6199/7280 6175/7281 6176/7279
f 6199/7280 6198/7282 6174/7283 6175/7281
f 6198/7282 6197/7122 6173/7112 6174/7283
f 6025/7257 6196/7256 6184/7284 6026/7285
f 6196/7256 6195/7259 6183/7286 6184/7284
f 6195/7259 6194/7261 6182/7287 6183/7286
f 6194/7261 6193/7263 6181/7288 6182/7287
f 6193/7263 6192/7265 6180/7289 6181/7288
f 6192/7265 6191/7120 6179/7116 6180/7289
f 6035/7149 6190/7148 6154/7290 6037/7291
f 6190/7148 6189/7151 6153/7292 6154/7290
f 6189/7151 6188/7153 6152/7293 6153/7292
f 6188/7153 6187/7155 6151/7294 6152/7293
f 6187/7155 6186/7157 6150/7295 6151/7294
f 6186/7157 6185/7118 6149/7104 6150/7295
f 6026/7285 6184/7284 6118/7296 6023/7297
f 6184/7284 6183/7286 6117/7298 6118/7296
f 6183/7286 6182/7287 6116/7299 6117/7298
f 6182/7287 6181/7288 6115/7300 6116/7299
f 6181/7288 6180/7289 6114/7301 6115/7300
f 6180/7289 6179/7116 6113/7094 6114/7301
f 6032/7275 6178/7274 6167/7159 6028/7158
f 6178/7274 6177/7277 6168/7162 6167/7159
f 6177/7277 6176/7279 6169/7164 6168/7162
f 6176/7279 6175/7281 6170/7166 6169/7164
f 6175/7281 6174/7283 6171/7168 6170/7166
f 6174/7283 6173/7112 6172/7115 6171/7168
f 6052/7245 6166/7244 6155/7267 6041/7266
f 6166/7244 6165/7247 6156/7268 6155/7267
f 6165/7247 6164/7249 6157/7269 6156/7268
f 6164/7249 6163/7251 6158/7270 6157/7269
f 6163/7251 6162/7253 6159/7271 6158/7270
f 6162/7253 6161/7108 6160/7111 6159/7271
f 6037/7291 6154/7290 6143/7171 6030/7170
f 6154/7290 6153/7292 6144/7174 6143/7171
f 6153/7292 6152/7293 6145/7176 6144/7174
f 6152/7293 6151/7294 6146/7178 6145/7176
f 6151/7294 6150/7295 6147/7180 6146/7178
f 6150/7295 6149/7104 6148/7107 6147/7180
f 6048/7302 6119/7303 6137/7225 6047/7224
f 6119/7303 6120/7304 6138/7228 6137/7225
f 6120/7304 6121/7305 6139/7230 6138/7228
f 6121/7305 6122/7306 6140/7232 6139/7230
f 6122/7306 6123/7307 6141/7234 6140/7232
f 6123/7307 6124/7097 6142/7103 6141/7234
f 7640/7308 7642/7309 6125/7255 6024/7254
f 7642/7309 7643/7310 6126/7258 6125/7255
f 7643/7310 7644/7311 6127/7260 6126/7258
f 7644/7311 7645/7312 6128/7262 6127/7260
f 7645/7312 7646/7313 6129/7264 6128/7262
f 7646/7313 7647/7098 6130/7101 6129/7264
f 6046/7314 6107/7315 6119/7303 6048/7302
f 6107/7315 6108/7316 6120/7304 6119/7303
f 6108/7316 6109/7317 6121/7305 6120/7304
f 6109/7317 6110/7318 6122/7306 6121/7305
f 6110/7318 6111/7319 6123/7307 6122/7306
f 6111/7319 6112/7093 6124/7097 6123/7307
f 6023/7297 6118/7296 6106/7320 6029/7321
f 6118/7296 6117/7298 6105/7322 6106/7320
f 6117/7298 6116/7299 6104/7323 6105/7322
f 6116/7299 6115/7300 6103/7324 6104/7323
f 6115/7300 6114/7301 6102/7325 6103/7324
f 6114/7301 6113/7094 6101/7088 6102/7325
f 6049/7326 6083/7327 6107/7315 6046/7314
f 6083/7327 6084/7328 6108/7316 6107/7315
f 6084/7328 6085/7329 6109/7317 6108/7316
f 6085/7329 6086/7330 6110/7318 6109/7317
f 6086/7330 6087/7331 6111/7319 6110/7318
f 6087/7331 6088/7087 6112/7093 6111/7319
f 6029/7321 6106/7320 6095/7201 6044/7200
f 6106/7320 6105/7322 6096/7204 6095/7201
f 6105/7322 6104/7323 6097/7206 6096/7204
f 6104/7323 6103/7324 6098/7208 6097/7206
f 6103/7324 6102/7325 6099/7210 6098/7208
f 6102/7325 6101/7088 6100/7091 6099/7210
f 6045/7203 6094/7202 6083/7327 6049/7326
f 6094/7202 6093/7205 6084/7328 6083/7327
f 6093/7205 6092/7207 6085/7329 6084/7328
f 6092/7207 6091/7209 6086/7330 6085/7329
f 6091/7209 6090/7211 6087/7331 6086/7330
f 6090/7211 6089/7084 6088/7087 6087/7331
f 6338/7332 6344/7333 5521/6315 5522/6312
f 5542/6379 6301/6378 6300/6335 6264/7334
f 6264/7334 6300/6335 6297/6398 6263/7335
f 6423/7336 6330/7337 6316/7338 6395/7339
f 6389/7340 6280/6697 6266/6337 6405/7341
f 6403/7342 6269/6329 6274/6437 6401/7343
f 6394/7344 6278/6682 6275/6603 6400/7345
f 5537/6639 5712/6638 6268/7346 6271/7347
f 6400/7345 6275/6603 6273/6604 6409/7348
f 5712/6638 5549/6323 6281/6322 6268/7346
f 5565/6391 6278/6682 6277/6331 5564/6390
f 6401/7343 6274/6437 6280/6440 6389/7349
f 6406/7350 6385/7351 6283/6219 6265/6355
f 7988/7352 6405/7341 6266/6337 6267/6220
f 6263/7335 6297/6398 6302/6464 5540/7353
f 6396/7354 6398/7355 6276/6332 6277/6331
f 5952/6975 5892/7029 5891/6762 5951/6796
f 6392/7356 6387/7357 6281/6322 6279/6321
f 6385/7351 6410/7358 6267/6220 6283/6219
f 5505/6701 6285/6698 6296/6622 5535/6302
f 5534/6328 6299/6377 6288/6433 5502/6430
f 5748/6599 5701/6598 6295/6633 6290/6683
f 5536/6673 5680/6543 6298/6602 6287/6681
f 5701/6598 5544/6630 6294/6632 6295/6633
f 5560/6452 5561/6451 6294/6634 6291/6629
f 5559/7359 5560/6452 6291/6629 6293/6628
f 6398/7355 6406/7350 6265/6355 6276/6332
f 5571/7360 5558/7361 6292/6627 6284/6626
f 5441/7362 5571/7360 6284/6626 6289/6625
f 5440/6299 5535/6302 6296/6622 7992/6621
f 5680/6543 5541/6542 6286/6601 6298/6602
f 5541/6542 5540/7353 6302/6464 6286/6601
f 5502/6430 6288/6433 6285/6436 5505/6431
f 6303/7363 6381/7364 6324/7365 6371/7366
f 6318/7367 6329/7368 6314/7369 6393/7370
f 6399/7371 6325/7372 6328/7373 6388/7374
f 5534/6328 5514/6308 6301/6336 6299/6377
f 5558/7361 5559/7359 6293/6628 6292/6627
f 6325/7372 6399/7371 6384/7375 6317/7376
f 6332/7377 6315/7378 6395/7339 6316/7338
f 6332/7379 6331/7380 6310/7381 6381/7382
f 6325/7372 6317/7376 6306/7383 6307/7384
f 6424/6068 6327/6158 6318/7367 6393/7370
f 6319/7385 6386/7386 6382/7387 6313/7388
f 6309/7389 6310/7381 6331/7380 6319/7390
f 6314/7369 6329/7368 6383/7391 6308/7392
f 6315/7378 6332/7377 6381/7382 6303/7363
f 6304/7393 6305/7394 6322/7395 6328/7396
f 6328/7396 6325/7372 6307/7384 6304/7393
f 6329/7368 6322/7395 6305/7394 6383/7391
f 6311/7397 6370/7398 6313/7399 6312/7400
f 6391/7401 6312/7400 6313/7399 6382/7387
f 6397/7402 6388/7374 6328/7373 6322/7395
f 6308/7392 6383/7391 6326/7403 6376/7404
f 6308/7392 6311/7397 6312/7400 6314/7369
f 6319/7385 6331/7380 6390/7405 6386/7386
f 6322/7395 6329/7368 6318/7367 6397/7402
f 6303/7363 6306/7383 6317/7376 6315/7378
f 6309/7389 6319/7390 6313/7388 6370/7398
f 6268/7346 6281/6322 6387/7357 6404/6540
f 5522/6312 5523/6310 6337/6756 6338/7332
f 5523/6310 5520/6309 6336/6784 6337/6756
f 5486/6689 5532/6688 6345/6755 6349/6750
f 5494/6429 5500/6432 6333/6751 6349/6754
f 5491/7406 5492/7407 6333/6749 6346/6748
f 5423/6229 5491/6254 6346/6748 6340/6746
f 5434/6300 5501/6295 6334/6744 6340/6747
f 5501/6295 5495/6298 6351/6761 6334/6744
f 5518/6267 5530/6276 6344/6734 6338/6760
f 5489/6258 5488/6257 6350/6743 6348/6742
f 5490/6545 5489/6258 6348/6742 6347/6741
f 5699/6594 5490/6545 6347/6741 6342/6738
f 5700/6597 5747/6600 6341/6739 6342/6740
f 5679/6663 5516/6714 6339/6737 6343/6735
f 5677/6397 5517/6316 6335/6733 6343/6736
f 5517/6316 5521/6315 6344/7333 6335/6733
f 5678/6660 6002/6659 6001/7052 6352/6662
f 5491/7406 6366/6253 6369/6705 5492/7407
f 5510/6270 6356/6269 6353/6690 5478/6426
f 5482/6544 6367/6546 6361/6593 5698/6591
f 5698/6591 6361/6593 6360/6596 5745/6592
f 5481/6251 6368/6255 6367/6546 5482/6544
f 5492/6752 6369/6427 6353/6428 5486/6753
f 5479/6252 5485/6232 6365/6227 6355/6287
f 5488/6257 5487/6288 6351/6745 6350/6743
f 5519/6268 5524/6758 6363/6272 6357/6265
f 5525/6286 5531/6285 6362/6274 6364/6273
f 5513/6264 5512/6263 6358/6266 6357/6289
f 5532/6688 5524/6758 6336/6757 6345/6755
f 5481/6251 5480/6250 6354/6256 6368/6255
f 5421/6231 5483/6249 6366/6702 6359/6228
f 5512/6263 5525/6286 6364/6273 6358/6266
f 5485/6232 5421/6231 6359/6228 6365/6227
f 5531/6285 5678/6660 6352/6662 6362/6274
f 6278/6682 6394/7344 6396/6453 6277/6331
f 6271/7347 6268/7346 6404/6540 6402/6672
f 6383/7391 6305/7394 6373/7408 6326/7403
f 5480/6250 5479/6252 6355/6287 6354/6256
f 6370/7398 6311/7397 6379/7409 6380/7410
f 6381/7382 6310/7381 6378/7411 6324/7365
f 6309/7389 6370/7398 6380/7410 6377/7412
f 6306/7383 6303/7363 6371/7366 6374/7413
f 6307/7384 6306/7383 6374/7413 6375/7414
f 5532/6688 6356/6687 6363/6272 5524/6758
f 6304/7393 6307/7384 6375/7414 6372/7415
f 6311/7397 6308/7392 6376/7404 6379/7409
f 6310/7381 6309/7389 6377/7412 6378/7411
f 6305/7394 6304/7393 6372/7415 6373/7408
f 6323/7416 6321/7417 6380/7418 6379/7419
f 6321/7417 6320/7420 6377/7421 6380/7418
f 6384/7375 6395/7339 6315/7378 6317/7376
f 5539/6699 6389/7340 6405/7341 5556/6623
f 6320/7420 6324/7365 6378/7411 6377/7421
f 6413/7422 6408/7423 6330/7337 6423/7336
f 6326/7403 6323/7416 6379/7419 6376/7404
f 6373/7408 6372/7415 6323/7416 6326/7403
f 6372/7415 6375/7414 6321/7417 6323/7416
f 6428/7424 6430/7425 6382/7387 6386/7386
f 5543/6380 6403/7342 6401/7343 5538/6434
f 6430/7425 6425/7426 6391/7401 6382/7387
f 5561/6635 6394/6450 6400/7345 5702/6636
f 6327/6158 6422/7427 6397/7402 6318/7367
f 5702/6636 6400/7345 6409/7348 5749/6684
f 6374/7413 6371/7366 6324/7365 6320/7420
f 6375/7414 6374/7413 6320/7420 6321/7417
f 6269/6329 6403/7342 6407/7428 6412/7429
f 5540/7430 6392/7431 6408/7432 6413/7433
f 6427/7434 6421/7435 6399/7371 6388/7374
f 6391/7401 6393/7370 6314/7369 6312/7400
f 5538/6434 6401/7343 6389/7349 5539/6435
f 6421/7435 6429/7436 6384/7375 6399/7371
f 6330/7337 6426/7437 6390/7438 6316/7338
f 5558/7361 5571/7360 6385/7351 6406/7350
f 7989/6624 5556/6623 6405/7341 7988/7352
f 5560/6452 5559/7359 6398/7355 6396/6453
f 6386/7386 6390/7405 6426/7437 6428/7424
f 6388/7374 6397/7402 6422/7427 6427/7434
f 5540/7353 5541/6542 6387/6541 6392/7431
f 5571/7360 5441/7362 6410/7358 6385/7351
f 5559/7359 5558/7361 6406/7350 6398/7355
f 6393/7370 6391/7401 6425/7426 6424/6068
f 6395/7339 6384/7375 6429/7436 6423/7336
f 6282/6317 6269/6329 6412/7429 6411/7439
f 6263/7335 5540/7353 6413/7433 6419/7440
f 6392/7356 6279/6321 6416/7441 6408/7432
f 6264/7334 6263/7335 6419/7440 6415/7442
f 5542/6379 6264/7334 6415/7442 6417/7443
f 6403/7342 5543/6380 6414/7444 6407/7428
f 6270/6318 6282/6317 6411/7439 6420/7445
f 5543/6380 5542/6379 6417/7443 6414/7444
f 6279/6321 6272/6325 6418/7446 6416/7441
f 6272/6325 6270/6318 6420/7445 6418/7446
f 6419/7447 6413/7422 6423/7336 6429/7436
f 6408/7423 6416/7448 6426/7437 6330/7337
f 6415/7449 6419/7447 6429/7436 6421/7435
f 6417/7450 6415/7449 6421/7435 6427/7434
f 6407/6157 6414/7451 6422/7427 6327/6158
f 6420/7452 6411/6066 6425/6069 6430/7425
f 6414/7451 6417/7450 6427/7434 6422/7427
f 6416/7448 6418/7453 6428/7424 6426/7437
f 6418/7453 6420/7452 6430/7425 6428/7424
f 6331/7380 6332/7379 6316/7338 6390/7405
f 6054/7100 6432/7454 6433/7455 6055/7121
f 6080/7131 6458/7456 6459/7457 6081/7132
f 6070/7135 6448/7458 6447/7459 6069/7136
f 6081/7132 6459/7457 6460/7460 6082/7109
f 6069/7136 6447/7459 6451/7461 6073/7138
f 6077/7102 6455/7462 6458/7456 6080/7131
f 6072/7124 6450/7463 6448/7458 6070/7135
f 6074/7090 6452/7464 6453/7465 6075/7085
f 6073/7138 6451/7461 6446/7466 6068/7140
f 6066/7128 6444/7467 6442/7468 6064/7142
f 6060/7106 6438/7469 6435/7470 6057/7144
f 6058/7114 6436/7471 6441/7472 6063/7127
f 6064/7142 6442/7468 6443/7473 6065/7119
f 6075/7085 6453/7465 6457/7474 6079/7086
f 6059/7089 6437/7475 6452/7464 6074/7090
f 6079/7086 6457/7474 6454/7476 6076/7092
f 6053/7095 6431/7477 6437/7475 6059/7089
f 6076/7092 6454/7476 6456/7478 6078/7096
f 7641/7099 7648/7479 6432/7454 6054/7100
f 6078/7096 6456/7478 6455/7462 6077/7102
f 6067/7105 6445/7480 6438/7469 6060/7106
f 6082/7109 6460/7460 6449/7481 6071/7110
f 6062/7113 6440/7482 6436/7471 6058/7114
f 6056/7117 6434/7483 6431/7477 6053/7095
f 6065/7119 6443/7473 6445/7480 6067/7105
f 6055/7121 6433/7455 6434/7483 6056/7117
f 6061/7123 6439/7484 6440/7482 6062/7113
f 6071/7110 6449/7481 6450/7463 6072/7124
f 6063/7127 6441/7472 6444/7467 6066/7128
f 6481/7485 6475/7486 6476/7487 6482/7488
f 7547/7489 7561/7490 7560/7491 7548/7492
f 6469/7493 6463/7494 6464/7495 6470/7496
f 6463/7494 6492/7497 6493/7498 6464/7495
f 6475/7486 6469/7493 6470/7496 6476/7487
f 6619/7499 6499/7500 6488/7501 6618/7502
f 6607/7503 6606/7504 6602/7505 6548/7506
f 6602/7505 6593/7507 6511/7508 6548/7506
f 6830/7509 6832/7510 7144/7511 7145/7512
f 7688/7513 7687/7514 6478/7515 6484/7516
f 6618/7502 6488/7501 6487/7517 6617/7518
f 7686/7519 7685/7520 6466/7521 6472/7522
f 7685/7520 7683/7523 6496/7524 6466/7521
f 7689/7525 7688/7513 6484/7516 6831/7526
f 6509/7527 6504/7528 6503/7529 6508/7530
f 6508/7531 6503/7532 6502/7533 6507/7534
f 6507/7534 6502/7533 6501/7535 6506/7536
f 7687/7514 7686/7519 6472/7522 6478/7515
f 6601/7537 6582/7538 6795/7539 6630/7540
f 7675/7541 6518/7542 6515/7543 7691/7544
f 6474/7545 6480/7546 6504/7528 6509/7527
f 7691/7544 6515/7543 6512/7547 7690/7548
f 6528/7549 6509/7527 6508/7530 6527/7550
f 6527/7551 6508/7531 6507/7534 6526/7552
f 6532/7553 6528/7549 6527/7550 6531/7554
f 7681/7555 6608/7556 6536/7557 7678/7558
f 6531/7559 6527/7551 6526/7552 6530/7560
f 6530/7560 6526/7552 6525/7561 6529/7562
f 6540/7563 6532/7553 6531/7554 6539/7564
f 6539/7565 6531/7559 6530/7560 6538/7566
f 6538/7566 6530/7560 6529/7562 6537/7567
f 6551/7568 6533/7569 6817/7570 6552/7571
f 6465/7572 6464/7495 6493/7498 6495/7573
f 6464/7495 6465/7572 6471/7574 6470/7496
f 6526/7552 6507/7534 6506/7536 6525/7561
f 6885/7575 6578/7576 6581/7577 6887/7578
f 6476/7487 6477/7579 6483/7580 6482/7488
f 6895/7581 6894/7582 7160/7583 7161/7584
f 7548/7492 7560/7491 7466/7585 7544/7586
f 6470/7496 6471/7574 6477/7579 6476/7487
f 6461/7587 6468/7588 6528/7549 6532/7553
f 6532/7553 6540/7563 6490/7589 6461/7587
f 6606/7504 6813/7590 6615/7591 6602/7505
f 6889/7592 6833/7593 6574/7594 6882/7595
f 6882/7595 6574/7594 6575/7596 6883/7597
f 6468/7588 6474/7545 6509/7527 6528/7549
f 6884/7598 6577/7599 6578/7576 6885/7575
f 6877/7600 6486/7601 6487/7602 6878/7603
f 6880/7604 6551/7568 6552/7571 6879/7605
f 6883/7597 6575/7596 6577/7599 6884/7598
f 6815/7606 6554/7607 6553/7608 6816/7609
f 6888/7610 6609/7611 6555/7612 6876/7613
f 6571/7614 6791/7615 6504/7528 6480/7546
f 6792/7616 6793/7617 6502/7533 6503/7532
f 6889/7618 6845/7619 7154/7620 7156/7621
f 7740/7622 7710/7623 7703/7624 7747/7625
f 7683/7523 7680/7626 6545/7627 6496/7524
f 6815/7628 6632/7629 6601/7630 6584/7631
f 6554/7607 6815/7606 6584/7631 6609/7632
f 7737/7633 6835/7634 7146/7635 7738/7636
f 6600/7637 6599/7638 6485/7639 6622/7640
f 6879/7605 6552/7571 6553/7641 6878/7642
f 6612/7643 6595/7644 6594/7645 6613/7646
f 7423/7647 6734/7648 6576/7649 7408/7650
f 6799/7651 6640/7652 6603/7653 6582/7654
f 7502/7655 6656/7656 6587/7657 7497/7658
f 6640/7652 6648/7659 6585/7660 6603/7653
f 6624/7661 6486/7662 6599/7638 6600/7637
f 7679/7663 6547/7664 6608/7556 7681/7555
f 6632/7629 6799/7651 6582/7654 6601/7630
f 6877/7665 6554/7607 6609/7632 6888/7610
f 6602/7505 6615/7591 6614/7666 6593/7507
f 6463/7494 6591/7667 6592/7668 6492/7497
f 6591/7667 6463/7494 6469/7493 6590/7669
f 6591/7667 6462/7670 6491/7671 6592/7668
f 6613/7646 6594/7645 6593/7507 6614/7666
f 6582/7654 6603/7653 6638/7672 6795/7539
f 6798/7673 6636/7674 6635/7675 6796/7676
f 6796/7676 6635/7675 6634/7677 6805/7678
f 6603/7653 6585/7660 6646/7679 6638/7672
f 6636/7674 6644/7680 6643/7681 6635/7675
f 6635/7675 6643/7681 6642/7682 6634/7677
f 7497/7658 6587/7657 6654/7683 7503/7684
f 7505/7685 6652/7686 6651/7687 7492/7688
f 6887/7578 6581/7577 6579/7689 6886/7690
f 6565/7691 6676/7692 6675/7693 6564/7694
f 7495/7695 6682/7696 6681/7697 7496/7698
f 7494/7699 7500/7700 6692/7701 6673/7702
f 7501/7703 6693/7704 6689/7705 7499/7706
f 6846/7707 6842/7708 7152/7709 7155/7710
f 6673/7702 6692/7701 6566/7711 6674/7712
f 6563/7713 6688/7714 6694/7715 6562/7716
f 7492/7688 6651/7687 6650/7717 7493/7718
f 6565/7691 6566/7711 6692/7701 6676/7692
f 7495/7719 6676/7692 6692/7701 7500/7700
f 6590/7669 6469/7493 6475/7486 6589/7720
f 6563/7713 6564/7694 6675/7693 6688/7714
f 6660/7721 6710/7722 6709/7723 6659/7724
f 7496/7698 6681/7697 6693/7704 7501/7703
f 6664/7725 6658/7726 6708/7727 6669/7728
f 6604/7729 6598/7730 6664/7725 6669/7728
f 6598/7730 6604/7729 6698/7731 6662/7732
f 6808/7733 6567/7734 6672/7735 6819/7736
f 6691/7737 6686/7738 6683/7739 6677/7740
f 6690/7741 6685/7742 6686/7738 6691/7737
f 6659/7724 6709/7723 6708/7727 6658/7726
f 6670/7743 6680/7744 6684/7745 6666/7746
f 7422/7747 6711/7748 6717/7749 7411/7750
f 7419/7751 6713/7752 6712/7753 7421/7754
f 7411/7750 6717/7749 6718/7755 7413/7756
f 6696/7757 6697/7758 6677/7740 6683/7739
f 6666/7746 6684/7745 6685/7742 6690/7741
f 7410/7759 6716/7760 6711/7748 7422/7747
f 7417/7761 6727/7762 6726/7763 7416/7764
f 7413/7756 6718/7755 6713/7752 7419/7751
f 7439/7765 6691/7737 6677/7740 7440/7766
f 7408/7650 6576/7649 6720/7767 7407/7768
f 6870/7769 6905/7770 6904/7771 6871/7772
f 6869/7773 6906/7774 6905/7770 6870/7769
f 6865/7775 5750/7776 5577/7777 6866/7778
f 6731/7779 6732/7780 6738/7781 6737/7782
f 6731/7779 6737/7782 6736/7783 6730/7784
f 7416/7764 6726/7763 6725/7785 7406/7786
f 6782/7787 6729/7788 6735/7789 6740/7790
f 6580/7791 6549/7792 6782/7787 6740/7790
f 8002/7793 8000/7794 6739/7795 6783/7796
f 6768/7797 6763/7798 6764/7799 6769/7800
f 6730/7784 6736/7783 6735/7789 6729/7788
f 6771/7801 6766/7802 6765/7803 6770/7804
f 6770/7804 6765/7803 6762/7805 6767/7806
f 7438/7807 6706/7808 6705/7809 7440/7810
f 6773/7811 6768/7797 6769/7800 6774/7812
f 6769/7800 6764/7799 6766/7802 6771/7801
f 6776/7813 6771/7801 6770/7804 6775/7814
f 6775/7814 6770/7804 6767/7806 6772/7815
f 6758/7816 6767/7806 6762/7805 6755/7817
f 6864/7818 5566/7819 5750/7776 6865/7775
f 6727/7820 6728/7821 6732/7780 6731/7779
f 6727/7820 6731/7779 6730/7784 6726/7763
f 6774/7812 6769/7800 6771/7801 6776/7813
f 6734/7822 6725/7823 6729/7788 6782/7787
f 6549/7792 6576/7649 6734/7648 6782/7787
f 6576/7649 8002/7793 6783/7796 6720/7767
f 6541/7824 6537/7567 6529/7562 6534/7825
f 7690/7548 6512/7547 6547/7664 7679/7663
f 6805/7678 6634/7677 6640/7652 6799/7651
f 6634/7677 6642/7682 6648/7659 6640/7652
f 7493/7718 6650/7717 6656/7656 7502/7655
f 6837/7826 6838/7827 6680/7744 6670/7743
f 7436/7828 6690/7741 6691/7737 7439/7765
f 6726/7763 6730/7784 6729/7788 6725/7785
f 7406/7786 6725/7785 6734/7822 7423/7647
f 8000/7794 7999/7829 6745/7830 6739/7795
f 7999/7829 8004/7831 6751/7832 6745/7830
f 7682/7833 7677/7834 6544/7835 6498/7836
f 7733/7837 6624/7661 6600/7637 7702/7838
f 6586/7839 6583/7840 6616/7841 6623/7842
f 6874/7843 6583/7840 6586/7839 6875/7844
f 6874/7843 6875/7844 6556/7845 6557/7846
f 6556/7845 6807/7847 6806/7848 6557/7846
f 6625/7849 6806/7848 6807/7847 6631/7850
f 6820/7851 6800/7852 6625/7849 6631/7850
f 6800/7852 6820/7851 6639/7853 6633/7854
f 6647/7855 6641/7856 6633/7854 6639/7853
f 7506/7857 7491/7858 6641/7856 6647/7855
f 6657/7859 6663/7860 6668/7861 6665/7862
f 7428/7863 7425/7864 6702/7865 6701/7866
f 7414/7867 7420/7868 6714/7869 6715/7870
f 6715/7870 6714/7869 6784/7871 6786/7872
f 6753/7873 6754/7874 6786/7872 6784/7871
f 6754/7874 6753/7873 6756/7875 6757/7876
f 6757/7876 6756/7875 6759/7877 6760/7878
f 6767/7806 6758/7816 6761/7879 6772/7815
f 7531/7880 7533/7881 6723/7882 6724/7883
f 6789/7884 6519/7885 6516/7886 6790/7887
f 6612/7643 6611/7888 6596/7889 6595/7644
f 6517/7890 6595/7644 6596/7889 6520/7891
f 7675/7541 7676/7892 6521/7893 6518/7542
f 6462/7670 6591/7667 6590/7669 6467/7894
f 7441/7895 6666/7746 6690/7741 7436/7828
f 6825/7896 6801/7897 6802/7898 6826/7899
f 6467/7894 6590/7669 6589/7720 6473/7900
f 6473/7900 6589/7720 6588/7901 6479/7902
f 6573/7903 6479/7902 6588/7901 6787/7904
f 7734/7905 6623/7842 6616/7841 7731/7906
f 6500/7907 6499/7500 6619/7499 6620/7908
f 6534/7825 6529/7562 6525/7561 6510/7909
f 6563/7713 6803/7910 6804/7911 6564/7694
f 6522/7912 6620/7908 6619/7499 6610/7913
f 6506/7536 6513/7914 6510/7909 6525/7561
f 7727/7915 6515/7543 6518/7542 7726/7916
f 7674/7917 6617/7918 6624/7661 7733/7837
f 6589/7720 6475/7486 6481/7485 6588/7901
f 6588/7901 6481/7485 6572/7919 6787/7904
f 6716/7760 6785/7920 6780/7921 6711/7748
f 7702/7838 6600/7637 6622/7640 7735/7922
f 7724/7923 6466/7521 6496/7524 7729/7924
f 6791/7615 6792/7925 6503/7529 6504/7528
f 6880/7604 6881/7926 6550/7927 6551/7568
f 6788/7928 6569/7929 6570/7930 7730/7931
f 6793/7617 6794/7932 6501/7535 6502/7533
f 6542/7933 6533/7569 6551/7568 6550/7927
f 6846/7934 6843/7935 6801/7897 6825/7896
f 6828/7936 6809/7937 6812/7938 6567/7939
f 7713/7940 6831/7526 6484/7516 7719/7941
f 7728/7942 6512/7547 6515/7543 7727/7915
f 6632/7629 6815/7628 6816/7609 6626/7943
f 6562/7716 6505/7944 6803/7910 6563/7713
f 6891/7945 6671/7946 6568/7947 7625/7948
f 6628/7949 6798/7673 6796/7676 6627/7950
f 6628/7951 6533/7569 6542/7933 6629/7952
f 6609/7632 6584/7631 6814/7953 6555/7612
f 6627/7950 6796/7676 6805/7678 6626/7954
f 6827/7955 6810/7956 6809/7937 6828/7936
f 6626/7943 6805/7678 6799/7651 6632/7629
f 7734/7957 7735/7922 6622/7640 6623/7958
f 6552/7571 6817/7570 6816/7609 6553/7641
f 6567/7939 6812/7938 6811/7959 6672/7735
f 7677/7960 7678/7558 6536/7557 6544/7961
f 7157/7962 6560/7963 6561/7964 7732/7965
f 6797/7966 6798/7673 6628/7949 6629/7952
f 6564/7694 6804/7911 6818/7967 6565/7691
f 6834/7968 6842/7969 6505/7944 6562/7716
f 6565/7691 6818/7967 6808/7970 6566/7711
f 6798/7673 6797/7966 6637/7971 6636/7674
f 6581/7577 6568/7947 6671/7946 6579/7689
f 7541/7972 6841/7973 6704/7974 7524/7975
f 6566/7711 6808/7970 6819/7736 6674/7712
f 6584/7631 6601/7630 6630/7540 6814/7953
f 6486/7662 6624/7661 6617/7918 6487/7602
f 6826/7899 6802/7898 6810/7956 6827/7955
f 6533/7569 6628/7951 6627/7950 6817/7570
f 6636/7674 6637/7971 6645/7976 6644/7680
f 7505/7685 7504/7977 6653/7978 6652/7686
f 6809/7937 6821/7979 6558/7980 6812/7938
f 6577/7599 6570/7930 6569/7929 6578/7576
f 6817/7570 6627/7950 6626/7954 6816/7609
f 6574/7594 6561/7964 6560/7963 6575/7596
f 6833/7593 6835/7981 6561/7964 6574/7594
f 6818/7967 6828/7936 6567/7939 6808/7970
f 6810/7956 6822/7982 6821/7979 6809/7937
f 6575/7596 6560/7963 6570/7930 6577/7599
f 6801/7897 6824/7983 6823/7984 6802/7898
f 6843/7935 6845/7985 6824/7983 6801/7897
f 6802/7898 6823/7984 6822/7982 6810/7956
f 6842/7969 6846/7707 6825/7896 6505/7944
f 6804/7911 6827/7955 6828/7936 6818/7967
f 6505/7944 6825/7896 6826/7899 6803/7910
f 6578/7576 6569/7929 6568/7947 6581/7577
f 6513/7914 6506/7536 6501/7535 6516/7986
f 6794/7932 6790/7887 6516/7886 6501/7535
f 6803/7910 6826/7899 6827/7955 6804/7911
f 6595/7644 6517/7890 6514/7987 6594/7645
f 6847/7988 5627/7989 5357/7990 6844/7991
f 6848/7992 5446/7993 5433/7994 6849/7995
f 6850/7996 6520/7891 6596/7889 6849/7997
f 7684/7998 5359/7999 6524/8000 6851/8001
f 7674/8002 7728/7942 7727/7915 6597/8003
f 6853/8004 6500/7907 6620/7908 6852/8005
f 6890/8006 5721/8007 5385/8008 6854/8009
f 6855/8010 6542/7933 6550/7927 6854/8011
f 6855/8012 5757/8013 5744/8014 6856/8015
f 6857/8016 6797/7966 6629/7952 6856/8017
f 6857/8018 5758/8019 5474/8020 6858/8021
f 6858/8021 5474/8020 5745/8022 6859/8023
f 7498/8024 6360/8025 5746/8026 6860/8027
f 6861/8028 5747/8029 5748/8030 6862/8031
f 7426/8032 6670/7743 6666/7746 7441/7895
f 7437/8033 6837/7826 6670/7743 7426/8032
f 7415/8034 6273/8035 5566/7819 6864/7818
f 6777/8036 6717/7749 6711/7748 6780/7921
f 6778/8037 6718/7755 6717/7749 6777/8036
f 6812/7938 6558/7980 6559/8038 6811/7959
f 6765/7803 6777/8036 6780/7921 6762/7805
f 6489/8039 6580/7791 6740/7790 6746/8040
f 6740/7790 6735/7789 6741/8041 6746/8040
f 6494/8042 6489/8039 6746/8040 6752/8043
f 6746/8040 6741/8041 6747/8044 6752/8043
f 6593/7507 6594/7645 6514/7987 6511/7508
f 6743/8045 6749/8046 6748/8047 6742/8048
f 6742/8048 6748/8047 6747/8044 6741/8041
f 6737/7782 6743/8045 6742/8048 6736/7783
f 6766/7802 6778/8037 6777/8036 6765/7803
f 6736/7783 6742/8048 6741/8041 6735/7789
f 6764/7799 6781/8049 6778/8037 6766/7802
f 6779/8050 6712/7753 6713/7752 6781/8051
f 8001/8052 7998/8053 6719/8054 7435/8055
f 7429/8056 6604/7729 6669/7728 7424/8057
f 7424/8057 6669/7728 6708/7727 7431/8058
f 6781/8051 6713/7752 6718/7755 6778/8037
f 7432/8059 6709/7723 6710/7722 7430/8060
f 6660/7721 6661/8061 6707/8062 6710/7722
f 7430/8060 6710/7722 6707/8062 7433/8063
f 7434/8064 6863/8065 6724/8066 7433/8067
f 6872/8068 6907/8069 6700/8070 6873/8071
f 6763/7798 6779/8050 6781/8051 6764/7799
f 6871/8072 6872/8073 6779/8050 6763/7798
f 6737/7782 6738/7781 6744/8074 6743/8045
f 6866/8075 6867/8076 6744/8074 6738/7781
f 6743/8045 6744/8074 6750/8077 6749/8046
f 6868/8078 6867/8079 5751/8080 5752/8081
f 6481/7485 6482/7488 6830/8082 6829/8083
f 6892/8084 6893/8085 7159/8086 7158/8087
f 6482/7488 6483/7580 6832/7510 6830/8082
f 6834/8088 6839/8089 7151/8090 7147/8091
f 6562/7716 6694/7715 6839/8089 6834/7968
f 6481/7485 6829/8083 6836/8092 6572/7919
f 7499/7706 6689/7705 6840/8093 7490/8094
f 6768/7797 6870/7769 6871/7772 6763/7798
f 6773/7811 6869/7773 6870/7769 6768/7797
f 6732/7780 6865/7775 6866/7778 6738/7781
f 6728/7821 6864/7818 6865/7775 6732/7780
f 6667/8095 6678/8096 6838/7827 6837/7826
f 6833/7593 6889/7592 7156/7621 7149/8097
f 6845/7985 6843/7935 7153/8098 7154/7620
f 6900/8099 6836/8100 7148/8101 7163/8102
f 7539/8103 6699/8104 6841/7973 7541/7972
f 7164/8105 7168/8106 6900/8099 7163/8102
f 6902/8107 6901/8108 7169/8109 7170/8110
f 6789/7884 6847/7988 6844/7991 6519/7885
f 6611/7888 6848/7992 6849/7995 6596/7889
f 5358/8111 6850/7996 6849/7997 5433/7994
f 7676/7892 7684/7998 6851/8001 6521/7893
f 6621/8112 5457/8113 6852/8114 7736/8115
f 5335/8116 6853/8004 6852/8005 5457/8113
f 6881/7926 6890/8006 6854/8009 6550/7927
f 5757/8013 6855/8012 6854/8011 5385/8008
f 6542/7933 6855/8010 6856/8015 6629/7952
f 5758/8019 6857/8018 6856/8017 5744/8014
f 6797/7966 6857/8016 6858/8021 6637/7971
f 6637/7971 6858/8021 6859/8023 6645/7976
f 7504/7977 7498/8024 6860/8027 6653/7978
f 6661/8061 6861/8028 6862/8031 6707/8062
f 7427/8117 6667/8095 6837/7826 7437/8033
f 7418/8118 7415/8034 6864/7818 6728/7821
f 6290/8119 5749/8120 6863/8065 7434/8064
f 6779/8050 6872/8073 6873/8071 6712/7753
f 6904/7771 6907/8069 6872/8068 6871/7772
f 5577/7777 5751/8080 6867/8079 6866/7778
f 6750/8077 6744/8074 6867/8076 6868/8078
f 7680/7626 7682/7833 6498/7836 6545/7627
f 6522/7912 7736/8115 6852/8114 6620/7908
f 6583/7840 6579/7689 6671/7946 6616/7841
f 6886/8121 6874/7843 6557/7846 6559/8122
f 6806/7848 6811/7959 6559/8038 6557/7846
f 6811/7959 6806/7848 6625/7849 6672/7735
f 6800/7852 6819/7736 6672/7735 6625/7849
f 6819/7736 6800/7852 6633/7854 6674/7712
f 6674/7712 6633/7854 6641/7856 6673/7702
f 7494/8123 7491/8124 6649/8125 6695/8126
f 6696/7757 6657/7859 6665/7862 6697/7758
f 7438/7807 7428/7863 6701/7866 6706/7808
f 7410/7759 7414/7867 6715/7870 6716/7760
f 6716/7760 6715/7870 6786/7872 6785/7920
f 6754/7874 6755/8127 6785/7920 6786/7872
f 6755/7817 6754/7874 6757/7876 6758/7816
f 6758/7816 6757/7876 6760/7878 6761/7879
f 6756/8128 6745/7830 6751/7832 6759/8129
f 6753/8130 6739/7795 6745/7830 6756/8128
f 6739/7795 6753/8130 6784/8131 6783/7796
f 6714/8132 6720/7767 6783/7796 6784/8131
f 7420/8133 7407/7768 6720/7767 6714/8132
f 7425/8134 7435/8055 6719/8054 6702/8135
f 6663/8136 6662/7732 6698/7731 6668/8137
f 7503/8138 7506/8139 6647/8140 6646/8141
f 6646/8141 6647/8140 6639/8142 6638/7672
f 6820/8143 6795/7539 6638/7672 6639/8142
f 6795/7539 6820/8143 6631/8144 6630/7540
f 6807/8145 6814/7953 6630/7540 6631/8144
f 6814/7953 6807/8145 6556/8146 6555/7612
f 6875/8147 6876/7613 6555/7612 6556/8146
f 6485/7639 6586/8148 6623/7958 6622/7640
f 6813/7590 6541/7824 6534/7825 6615/7591
f 6615/7591 6534/7825 6510/7909 6614/7666
f 7431/8058 6708/7727 6709/7723 7432/8059
f 6516/7986 6612/7643 6613/7646 6513/7914
f 6612/7643 6516/7986 6519/7885 6611/7888
f 6844/7991 6848/7992 6611/7888 6519/7885
f 6848/7992 6844/7991 5357/7990 5446/7993
f 6480/7546 6479/7902 6573/7903 6571/7614
f 6474/7545 6473/7900 6479/7902 6480/7546
f 6513/7914 6613/7646 6614/7666 6510/7909
f 6461/7587 6462/7670 6467/7894 6468/7588
f 6462/7670 6461/7587 6490/7589 6491/7671
f 6821/7979 6885/7575 6887/7578 6558/7980
f 6845/7619 6889/7618 6882/7595 6824/7983
f 6824/7983 6882/7595 6883/7597 6823/7984
f 6468/7588 6467/7894 6473/7900 6474/7545
f 6822/7982 6884/7598 6885/7575 6821/7979
f 6554/7607 6877/7665 6878/7603 6553/7608
f 6499/7500 6880/7604 6879/7605 6488/7501
f 6823/7984 6883/7597 6884/7598 6822/7982
f 6599/7638 6888/7610 6876/7613 6485/7639
f 6780/7921 6785/7920 6755/8127 6762/7805
f 6486/7601 6877/7600 6888/7610 6599/7638
f 6499/7500 6500/7907 6881/7926 6880/7604
f 6853/8004 5335/8116 5721/8007 6890/8006
f 7490/8094 6840/8093 6679/8149 7150/8150
f 6500/7907 6853/8004 6890/8006 6881/7926
f 6579/7689 6583/7840 6874/7843 6886/7690
f 6586/8148 6485/7639 6876/7613 6875/8147
f 5627/7989 6847/7988 6896/8151 5731/8152
f 6794/7932 6793/7617 6894/7582 6895/7581
f 6847/7988 6789/7884 6892/8153 6896/8151
f 6790/7887 6794/7932 6895/7581 6893/8154
f 6789/7884 6790/7887 6893/8154 6892/8153
f 6842/7969 6834/7968 7147/8091 7152/7709
f 7689/7525 6831/7526 7143/8155 7692/8156
f 6893/8154 6895/7581 7161/7584 7159/8086
f 6896/8151 6892/8153 7158/8087 7162/8157
f 6843/7935 6846/7934 7155/7710 7153/8098
f 6572/7919 6836/8092 6900/8099 6897/8158
f 6573/7903 6787/7904 6899/8159 6898/8160
f 6787/7904 6572/7919 6897/8158 6899/8159
f 6836/8092 6829/8083 7142/8161 7148/8101
f 6899/8159 6897/8158 7165/8162 7167/8163
f 6835/7981 6833/7593 7149/8097 7146/7635
f 6894/7582 6903/8164 7171/8165 7160/7583
f 6898/8160 6899/8159 7167/8163 7166/8166
f 6792/7925 6791/7615 6902/8167 6903/8168
f 6791/7615 6571/7614 6901/8108 6902/8167
f 6901/8108 6898/8160 7166/8166 7169/8109
f 6903/8168 6902/8167 7170/8110 7171/8169
f 6901/8108 6571/7614 6573/7903 6898/8160
f 6829/8083 6830/8082 7145/7512 7142/8161
f 6792/7616 6903/8164 6894/7582 6793/7617
f 7474/8170 6689/7705 6693/7704 7482/8171
f 7481/8172 6840/8093 6689/7705 7474/8170
f 7481/8173 6838/7827 6678/8096 7478/8174
f 7480/8175 6860/8027 5746/8026 6341/8176
f 7480/8177 6861/8028 6661/8061 7485/8178
f 7485/8178 6661/8061 6660/7721 7486/8179
f 7486/8179 6660/7721 6659/7724 7488/8180
f 6488/7501 6879/7605 6878/7642 6487/7517
f 7473/8181 6656/7656 6650/7717 7489/8182
f 7479/8183 6587/7657 6656/7656 7473/8181
f 7479/8184 6598/7730 6662/7732 7484/8185
f 7484/8185 6662/7732 6663/8136 7472/8186
f 7487/8187 6649/8188 6655/8189 7472/8190
f 7487/8191 6657/7859 6696/7757 7483/8192
f 6558/7980 6887/7578 6886/7690 6559/8038
f 7476/8193 6682/8194 6687/8195 7475/8196
f 7477/8197 6681/7697 6682/7696 7476/8193
f 7488/8180 6659/7724 6658/7726 7489/8198
f 7040/8199 6921/8200 6913/8201 7039/8202
f 7052/8203 6917/8204 6918/8205 7051/8206
f 7064/8207 6919/8208 6915/8209 7063/8210
f 7076/8211 6909/8212 6922/8213 7075/8214
f 7063/8210 6915/8209 6916/8215 7087/8216
f 7094/8217 6923/8218 6925/8219 7093/8220
f 7087/8216 6916/8215 6917/8204 7052/8203
f 7483/8192 6696/7757 6683/7739 7475/8221
f 7051/8206 6918/8205 6908/8222 7111/8223
f 7093/8220 6925/8219 6919/8208 7064/8207
f 7118/8224 6920/8225 6914/8226 7117/8227
f 7075/8214 6922/8213 6910/8228 7129/8229
f 7130/8230 6924/8231 6923/8218 7094/8217
f 7117/8227 6914/8226 6924/8231 7130/8230
f 7136/8232 6911/8233 6912/8234 7100/8235
f 7039/8202 6913/8201 6920/8236 7118/8237
f 7111/8223 6908/8222 6909/8212 7076/8211
f 7129/8229 6910/8228 6911/8233 7136/8232
f 7100/8235 6912/8234 6921/8200 7040/8199
f 6924/8231 6944/8238 7027/8239 6923/8218
f 6944/8238 6945/8240 7026/8241 7027/8239
f 6945/8240 6946/8242 7025/8243 7026/8241
f 6946/8242 6947/8244 7024/8245 7025/8243
f 6947/8244 6948/8246 7023/8247 7024/8245
f 7811/8248 6949/8249 7022/8250 7824/8251
f 6913/8201 7028/8252 7009/8253 6920/8236
f 7028/8252 7029/8254 7008/8255 7009/8253
f 7029/8254 7030/8256 7007/8257 7008/8255
f 7030/8256 7031/8258 7006/8259 7007/8257
f 7031/8258 7032/8260 7005/8261 7006/8259
f 7825/8262 7033/8263 7004/8264 7821/8265
f 6921/8200 6968/8266 7028/8252 6913/8201
f 6968/8266 6969/8267 7029/8254 7028/8252
f 6969/8267 6970/8268 7030/8256 7029/8254
f 6970/8268 6971/8269 7031/8258 7030/8256
f 6971/8269 6972/8270 7032/8260 7031/8258
f 7815/8271 6973/8272 7033/8263 7825/8262
f 6922/8213 7016/8273 7015/8274 6910/8228
f 7016/8273 7017/8275 7014/8276 7015/8274
f 7017/8275 7018/8277 7013/8278 7014/8276
f 7018/8277 7019/8279 7012/8280 7013/8278
f 7019/8279 7020/8281 7011/8282 7012/8280
f 7823/8283 7021/8284 7010/8285 7822/8286
f 6923/8218 7027/8239 6991/8287 6925/8219
f 7027/8239 7026/8241 6990/8288 6991/8287
f 7026/8241 7025/8243 6989/8289 6990/8288
f 7025/8243 7024/8245 6988/8290 6989/8289
f 7024/8245 7023/8247 6987/8291 6988/8290
f 7824/8251 7022/8250 6986/8292 7818/8293
f 6909/8212 6992/8294 7016/8273 6922/8213
f 6992/8294 6993/8295 7017/8275 7016/8273
f 6993/8295 6994/8296 7018/8277 7017/8275
f 6994/8296 6995/8297 7019/8279 7018/8277
f 6995/8297 6996/8298 7020/8281 7019/8279
f 7819/8299 6997/8300 7021/8284 7823/8283
f 6910/8228 7015/8274 7003/8301 6911/8233
f 7015/8274 7014/8276 7002/8302 7003/8301
f 7014/8276 7013/8278 7001/8303 7002/8302
f 7013/8278 7012/8280 7000/8304 7001/8303
f 7012/8280 7011/8282 6999/8305 7000/8304
f 7822/8286 7010/8285 6998/8306 7820/8307
f 6920/8225 7009/8308 6955/8309 6914/8226
f 7009/8308 7008/8310 6954/8311 6955/8309
f 7008/8310 7007/8312 6953/8313 6954/8311
f 7007/8312 7006/8314 6952/8315 6953/8313
f 7006/8314 7005/8316 6951/8317 6952/8315
f 7821/8318 7004/8319 6950/8320 7812/8321
f 6911/8233 7003/8301 6979/8322 6912/8234
f 7003/8301 7002/8302 6978/8323 6979/8322
f 7002/8302 7001/8303 6977/8324 6978/8323
f 7001/8303 7000/8304 6976/8325 6977/8324
f 7000/8304 6999/8305 6975/8326 6976/8325
f 7820/8307 6998/8306 6974/8327 7816/8328
f 6916/8215 6956/8329 6937/8330 6917/8204
f 6956/8329 6957/8331 6936/8332 6937/8330
f 6957/8331 6958/8333 6935/8334 6936/8332
f 6958/8333 6959/8335 6934/8336 6935/8334
f 6959/8335 6960/8337 6933/8338 6934/8336
f 7813/8339 6961/8340 6932/8341 7809/8342
f 6908/8222 6938/8343 6992/8294 6909/8212
f 6938/8343 6939/8344 6993/8295 6992/8294
f 6939/8344 6940/8345 6994/8296 6993/8295
f 6940/8345 6941/8346 6995/8297 6994/8296
f 6941/8346 6942/8347 6996/8298 6995/8297
f 7810/8348 6943/8349 6997/8300 7819/8299
f 6919/8208 6980/8350 6967/8351 6915/8209
f 6980/8350 6981/8352 6966/8353 6967/8351
f 6981/8352 6982/8354 6965/8355 6966/8353
f 6982/8354 6983/8356 6964/8357 6965/8355
f 6983/8356 6984/8358 6963/8359 6964/8357
f 7817/8360 6985/8361 6962/8362 7814/8363
f 6925/8219 6991/8287 6980/8350 6919/8208
f 6991/8287 6990/8288 6981/8352 6980/8350
f 6990/8288 6989/8289 6982/8354 6981/8352
f 6989/8289 6988/8290 6983/8356 6982/8354
f 6988/8290 6987/8291 6984/8358 6983/8356
f 7818/8293 6986/8292 6985/8361 7817/8360
f 6912/8234 6979/8322 6968/8266 6921/8200
f 6979/8322 6978/8323 6969/8267 6968/8266
f 6978/8323 6977/8324 6970/8268 6969/8267
f 6977/8324 6976/8325 6971/8269 6970/8268
f 6976/8325 6975/8326 6972/8270 6971/8269
f 6915/8209 6967/8351 6956/8329 6916/8215
f 6967/8351 6966/8353 6957/8331 6956/8329
f 6966/8353 6965/8355 6958/8333 6957/8331
f 6965/8355 6964/8357 6959/8335 6958/8333
f 6964/8357 6963/8359 6960/8337 6959/8335
f 7814/8363 6962/8362 6961/8340 7813/8339
f 6914/8226 6955/8309 6944/8238 6924/8231
f 6955/8309 6954/8311 6945/8240 6944/8238
f 6954/8311 6953/8313 6946/8242 6945/8240
f 6953/8313 6952/8315 6947/8244 6946/8242
f 6952/8315 6951/8317 6948/8246 6947/8244
f 7812/8321 6950/8320 6949/8249 7811/8248
f 6918/8205 6926/8364 6938/8343 6908/8222
f 6926/8364 6927/8365 6939/8344 6938/8343
f 6927/8365 6928/8366 6940/8345 6939/8344
f 6928/8366 6929/8367 6941/8346 6940/8345
f 6929/8367 6930/8368 6942/8347 6941/8346
f 7808/8369 6931/8370 6943/8349 7810/8348
f 6917/8204 6937/8330 6926/8364 6918/8205
f 6937/8330 6936/8332 6927/8365 6926/8364
f 6936/8332 6935/8334 6928/8366 6927/8365
f 6935/8334 6934/8336 6929/8367 6928/8366
f 6934/8336 6933/8338 6930/8368 6929/8367
f 7809/8342 6932/8341 6931/8370 7808/8369
f 6492/8371 7124/8372 7141/8373 6493/8374
f 7124/8372 7125/8375 7140/8376 7141/8373
f 7125/8375 7126/8377 7139/8378 7140/8376
f 7126/8377 7127/8379 7138/8380 7139/8378
f 7127/8379 7128/8381 7137/8382 7138/8380
f 7128/8381 7129/8229 7136/8232 7137/8382
f 6490/8383 7106/8384 7081/8385 6491/8386
f 7106/8384 7107/8387 7080/8388 7081/8385
f 7107/8387 7108/8389 7079/8390 7080/8388
f 7108/8389 7109/8391 7078/8392 7079/8390
f 7109/8391 7110/8393 7077/8394 7078/8392
f 7110/8393 7111/8223 7076/8211 7077/8394
f 6497/8395 7034/8396 7123/8397 6543/8398
f 7034/8396 7035/8399 7122/8400 7123/8397
f 7035/8399 7036/8401 7121/8402 7122/8400
f 7036/8401 7037/8403 7120/8404 7121/8402
f 7037/8403 7038/8405 7119/8406 7120/8404
f 7038/8405 7039/8202 7118/8237 7119/8406
f 6493/8374 7141/8373 7105/8407 6495/8408
f 7141/8373 7140/8376 7104/8409 7105/8407
f 7140/8376 7139/8378 7103/8410 7104/8409
f 7139/8378 7138/8380 7102/8411 7103/8410
f 7138/8380 7137/8382 7101/8412 7102/8411
f 7137/8382 7136/8232 7100/8235 7101/8412
f 6535/8413 7112/8414 7135/8415 6607/8416
f 7112/8414 7113/8417 7134/8418 7135/8415
f 7113/8417 7114/8419 7133/8420 7134/8418
f 7114/8419 7115/8421 7132/8422 7133/8420
f 7115/8421 7116/8423 7131/8424 7132/8422
f 7116/8423 7117/8227 7130/8230 7131/8424
f 6607/8416 7135/8415 7099/8425 6606/8426
f 7135/8415 7134/8418 7098/8427 7099/8425
f 7134/8418 7133/8420 7097/8428 7098/8427
f 7133/8420 7132/8422 7096/8429 7097/8428
f 7132/8422 7131/8424 7095/8430 7096/8429
f 7131/8424 7130/8230 7094/8217 7095/8430
f 6592/8431 7070/8432 7124/8372 6492/8371
f 7070/8432 7071/8433 7125/8375 7124/8372
f 7071/8433 7072/8434 7126/8377 7125/8375
f 7072/8434 7073/8435 7127/8379 7126/8377
f 7073/8435 7074/8436 7128/8381 7127/8379
f 7074/8436 7075/8214 7129/8229 7128/8381
f 6543/8437 7123/8438 7112/8414 6535/8413
f 7123/8438 7122/8439 7113/8417 7112/8414
f 7122/8439 7121/8440 7114/8419 7113/8417
f 7121/8440 7120/8441 7115/8421 7114/8419
f 7120/8441 7119/8442 7116/8423 7115/8421
f 7119/8442 7118/8224 7117/8227 7116/8423
f 6813/8443 7088/8444 7069/8445 6541/8446
f 7088/8444 7089/8447 7068/8448 7069/8445
f 7089/8447 7090/8449 7067/8450 7068/8448
f 7090/8449 7091/8451 7066/8452 7067/8450
f 7091/8451 7092/8453 7065/8454 7066/8452
f 7092/8453 7093/8220 7064/8207 7065/8454
f 6540/8455 7046/8456 7106/8384 6490/8383
f 7046/8456 7047/8457 7107/8387 7106/8384
f 7047/8457 7048/8458 7108/8389 7107/8387
f 7048/8458 7049/8459 7109/8391 7108/8389
f 7049/8459 7050/8460 7110/8393 7109/8391
f 7050/8460 7051/8206 7111/8223 7110/8393
f 7816/8328 6974/8327 6973/8272 7815/8271
f 6495/8408 7105/8407 7045/8461 6546/8462
f 7105/8407 7104/8409 7044/8463 7045/8461
f 7104/8409 7103/8410 7043/8464 7044/8463
f 7103/8410 7102/8411 7042/8465 7043/8464
f 7102/8411 7101/8412 7041/8466 7042/8465
f 6538/8467 7082/8468 7057/8469 6539/8470
f 7082/8468 7083/8471 7056/8472 7057/8469
f 7083/8471 7084/8473 7055/8474 7056/8472
f 7084/8473 7085/8475 7054/8476 7055/8474
f 7085/8475 7086/8477 7053/8478 7054/8476
f 7086/8477 7087/8216 7052/8203 7053/8478
f 6606/8426 7099/8425 7088/8444 6813/8443
f 7099/8425 7098/8427 7089/8447 7088/8444
f 7098/8427 7097/8428 7090/8449 7089/8447
f 7097/8428 7096/8429 7091/8451 7090/8449
f 7096/8429 7095/8430 7092/8453 7091/8451
f 7095/8430 7094/8217 7093/8220 7092/8453
f 6537/8479 7058/8480 7082/8468 6538/8467
f 7058/8480 7059/8481 7083/8471 7082/8468
f 7059/8481 7060/8482 7084/8473 7083/8471
f 7060/8482 7061/8483 7085/8475 7084/8473
f 7061/8483 7062/8484 7086/8477 7085/8475
f 7062/8484 7063/8210 7087/8216 7086/8477
f 6491/8386 7081/8385 7070/8432 6592/8431
f 7081/8385 7080/8388 7071/8433 7070/8432
f 7080/8388 7079/8390 7072/8434 7071/8433
f 7079/8390 7078/8392 7073/8435 7072/8434
f 7078/8392 7077/8394 7074/8436 7073/8435
f 7077/8394 7076/8211 7075/8214 7074/8436
f 6541/8446 7069/8445 7058/8480 6537/8479
f 7069/8445 7068/8448 7059/8481 7058/8480
f 7068/8448 7067/8450 7060/8482 7059/8481
f 7067/8450 7066/8452 7061/8483 7060/8482
f 7066/8452 7065/8454 7062/8484 7061/8483
f 7065/8454 7064/8207 7063/8210 7062/8484
f 6539/8470 7057/8469 7046/8456 6540/8455
f 7057/8469 7056/8472 7047/8457 7046/8456
f 7056/8472 7055/8474 7048/8458 7047/8457
f 7055/8474 7054/8476 7049/8459 7048/8458
f 7054/8476 7053/8478 7050/8460 7049/8459
f 7053/8478 7052/8203 7051/8206 7050/8460
f 6546/8462 7045/8461 7034/8396 6497/8395
f 7045/8461 7044/8463 7035/8399 7034/8396
f 7044/8463 7043/8464 7036/8401 7035/8399
f 7043/8464 7042/8465 7037/8403 7036/8401
f 7042/8465 7041/8466 7038/8405 7037/8403
f 7041/8466 7040/8199 7039/8202 7038/8405
f 6897/8158 6900/8099 7168/8106 7165/8162
f 7154/7620 7156/7621 7186/8485 7184/8486
f 7144/7511 7145/7512 7175/8487 7174/8488
f 7150/8489 7151/8490 7181/8491 7180/8492
f 7160/7583 7161/7584 7190/8493 7189/8494
f 7152/7709 7155/7710 7185/8495 7182/8496
f 7692/8497 7144/7511 7174/8488 7693/8498
f 7169/8109 7170/8110 7199/8499 7198/8500
f 7159/8086 7158/8087 7187/8501 7188/8502
f 7170/8110 7171/8169 7200/8503 7199/8499
f 7158/8087 7162/8157 7191/8504 7187/8501
f 7166/8166 7169/8109 7198/8500 7195/8505
f 7161/7584 7159/8086 7188/8502 7190/8493
f 7163/8102 7164/8105 7193/8506 7192/8507
f 7162/8157 6008/8508 6038/8509 7191/8504
f 7155/7710 7153/8098 7183/8510 7185/8495
f 7149/8097 7146/7635 7176/8511 7179/8512
f 7147/8091 7152/7709 7182/8496 7177/8513
f 7153/8098 7154/7620 7184/8486 7183/8510
f 7164/8105 7168/8106 7197/8514 7193/8506
f 7148/8101 7163/8102 7192/8507 7178/8515
f 7168/8106 7165/8162 7194/8516 7197/8514
f 7142/8161 7148/8101 7178/8515 7172/8517
f 7165/8162 7167/8163 7196/8518 7194/8516
f 6891/7945 7731/7906 6616/7841 6671/7946
f 7167/8163 7166/8166 7195/8505 7196/8518
f 7156/7621 7149/8097 7179/8512 7186/8485
f 7171/8165 7160/7583 7189/8494 7200/8519
f 7151/8090 7147/8091 7177/8513 7181/8491
f 7145/7512 7142/8161 7172/8517 7175/8487
f 7236/8520 7235/8521 7226/8522 7222/8523
f 7248/8524 7247/8525 7221/8526 7207/8527
f 7235/8521 7259/8528 7223/8529 7226/8522
f 7260/8530 7248/8524 7207/8527 7201/8531
f 7259/8528 7271/8532 7225/8533 7223/8529
f 7712/8534 7143/8535 7173/8536 7711/8537
f 7271/8532 7289/8538 7224/8539 7225/8533
f 7296/8540 7295/8541 7208/8542 7215/8543
f 7308/8544 7307/8545 7218/8546 7229/8547
f 7320/8548 7319/8549 7206/8550 7210/8551
f 7326/8552 7260/8530 7201/8531 7204/8553
f 7332/8554 7296/8540 7215/8543 7213/8555
f 7338/8556 7326/8552 7204/8553 7203/8557
f 7344/8558 7320/8548 7210/8551 7209/8559
f 7307/8545 7355/8560 7219/8561 7218/8546
f 7362/8562 7361/8563 7214/8564 7211/8565
f 7700/8566 7338/8556 7203/8557 7694/8567
f 7374/8568 7373/8569 7228/8570 7227/8571
f 7386/8572 7385/8573 7216/8574 7217/8575
f 7373/8569 7308/8544 7229/8547 7228/8570
f 7385/8573 7397/8576 7220/8577 7216/8574
f 7289/8538 7374/8568 7227/8571 7224/8539
f 7355/8560 7386/8572 7217/8575 7219/8561
f 7247/8525 7236/8520 7222/8523 7221/8526
f 7397/8576 6256/8578 6068/8579 7220/8577
f 7361/8563 7403/8580 7212/8581 7214/8564
f 7295/8541 7278/8582 7205/8583 7208/8542
f 7319/8549 7362/8562 7211/8565 7206/8550
f 7403/8580 7332/8554 7213/8555 7212/8581
f 5731/8152 6896/8151 7162/8157 6008/8508
f 7183/8584 7184/8585 7337/8586 7398/8587
f 7398/8587 7337/8586 7336/8588 7399/8589
f 7399/8589 7336/8588 7335/8590 7400/8591
f 7400/8591 7335/8590 7334/8592 7401/8593
f 7401/8593 7334/8592 7333/8594 7402/8595
f 7402/8595 7333/8594 7332/8554 7403/8580
f 7177/8596 7182/8597 7367/8598 7314/8599
f 7314/8599 7367/8598 7366/8600 7315/8601
f 7315/8601 7366/8600 7365/8602 7316/8603
f 7316/8603 7365/8602 7364/8604 7317/8605
f 7317/8605 7364/8604 7363/8606 7318/8607
f 7318/8607 7363/8606 7362/8562 7319/8549
f 7179/8608 7176/8609 7283/8610 7290/8611
f 7290/8611 7283/8610 7282/8612 7291/8613
f 7291/8613 7282/8612 7281/8614 7292/8615
f 7292/8615 7281/8614 7280/8616 7293/8617
f 7293/8617 7280/8616 7279/8618 7294/8619
f 7294/8619 7279/8618 7278/8582 7295/8541
f 7185/8620 7183/8584 7398/8587 7356/8621
f 7356/8621 7398/8587 7399/8589 7357/8622
f 7357/8622 7399/8589 7400/8591 7358/8623
f 7358/8623 7400/8591 7401/8593 7359/8624
f 7359/8624 7401/8593 7402/8595 7360/8625
f 7360/8625 7402/8595 7403/8580 7361/8563
f 7191/8626 6038/8627 6251/8628 7392/8629
f 7392/8629 6251/8628 6252/8630 7393/8631
f 7393/8631 6252/8630 6253/8632 7394/8633
f 7394/8633 6253/8632 6254/8634 7395/8635
f 7395/8635 6254/8634 6255/8636 7396/8637
f 7396/8637 6255/8636 6256/8578 7397/8576
f 7192/8638 7193/8639 7241/8640 7242/8641
f 7242/8641 7241/8640 7240/8642 7243/8643
f 7243/8643 7240/8642 7239/8644 7244/8645
f 7244/8645 7239/8644 7238/8646 7245/8647
f 7245/8647 7238/8646 7237/8648 7246/8649
f 7246/8649 7237/8648 7236/8520 7247/8525
f 7190/8650 7188/8651 7391/8652 7350/8653
f 7350/8653 7391/8652 7390/8654 7351/8655
f 7351/8655 7390/8654 7389/8656 7352/8657
f 7352/8657 7389/8656 7388/8658 7353/8659
f 7353/8659 7388/8658 7387/8660 7354/8661
f 7354/8661 7387/8660 7386/8572 7355/8560
f 7195/8662 7198/8663 7379/8664 7284/8665
f 7284/8665 7379/8664 7378/8666 7285/8667
f 7285/8667 7378/8666 7377/8668 7286/8669
f 7286/8669 7377/8668 7376/8670 7287/8671
f 7287/8671 7376/8670 7375/8672 7288/8673
f 7288/8673 7375/8672 7374/8568 7289/8538
f 7187/8674 7191/8626 7392/8629 7380/8675
f 7380/8675 7392/8629 7393/8631 7381/8676
f 7381/8676 7393/8631 7394/8633 7382/8677
f 7382/8677 7394/8633 7395/8635 7383/8678
f 7383/8678 7395/8635 7396/8637 7384/8679
f 7384/8679 7396/8637 7397/8576 7385/8573
f 7199/8680 7200/8681 7313/8682 7368/8683
f 7368/8683 7313/8682 7312/8684 7369/8685
f 7369/8685 7312/8684 7311/8686 7370/8687
f 7370/8687 7311/8686 7310/8688 7371/8689
f 7371/8689 7310/8688 7309/8690 7372/8691
f 7372/8691 7309/8690 7308/8544 7373/8569
f 7188/8651 7187/8674 7380/8675 7391/8652
f 7391/8652 7380/8675 7381/8676 7390/8654
f 7390/8654 7381/8676 7382/8677 7389/8656
f 7389/8656 7382/8677 7383/8678 7388/8658
f 7388/8658 7383/8678 7384/8679 7387/8660
f 7387/8660 7384/8679 7385/8573 7386/8572
f 7198/8663 7199/8680 7368/8683 7379/8664
f 7379/8664 7368/8683 7369/8685 7378/8666
f 7378/8666 7369/8685 7370/8687 7377/8668
f 7377/8668 7370/8687 7371/8689 7376/8670
f 7376/8670 7371/8689 7372/8691 7375/8672
f 7375/8672 7372/8691 7373/8569 7374/8568
f 7693/8692 7174/8693 7343/8694 7695/8695
f 7695/8695 7343/8694 7342/8696 7696/8697
f 7696/8697 7342/8696 7341/8698 7697/8699
f 7697/8699 7341/8698 7340/8700 7698/8701
f 7698/8701 7340/8700 7339/8702 7699/8703
f 7699/8703 7339/8702 7338/8556 7700/8566
f 7182/8597 7185/8620 7356/8621 7367/8598
f 7367/8598 7356/8621 7357/8622 7366/8600
f 7366/8600 7357/8622 7358/8623 7365/8602
f 7365/8602 7358/8623 7359/8624 7364/8604
f 7364/8604 7359/8624 7360/8625 7363/8606
f 7363/8606 7360/8625 7361/8563 7362/8562
f 7189/8704 7190/8650 7350/8653 7302/8705
f 7302/8705 7350/8653 7351/8655 7303/8706
f 7303/8706 7351/8655 7352/8657 7304/8707
f 7304/8707 7352/8657 7353/8659 7305/8708
f 7305/8708 7353/8659 7354/8661 7306/8709
f 7306/8709 7354/8661 7355/8560 7307/8545
f 7180/8710 7181/8711 7325/8712 7349/8713
f 7349/8713 7325/8712 7324/8714 7348/8715
f 7348/8715 7324/8714 7323/8716 7347/8717
f 7347/8717 7323/8716 7322/8718 7346/8719
f 7346/8719 7322/8718 7321/8720 7345/8721
f 7345/8721 7321/8720 7320/8548 7344/8558
f 7174/8693 7175/8722 7331/8723 7343/8694
f 7343/8694 7331/8723 7330/8724 7342/8696
f 7342/8696 7330/8724 7329/8725 7341/8698
f 7341/8698 7329/8725 7328/8726 7340/8700
f 7340/8700 7328/8726 7327/8727 7339/8702
f 7339/8702 7327/8727 7326/8552 7338/8556
f 7184/8585 7186/8728 7301/8729 7337/8586
f 7337/8586 7301/8729 7300/8730 7336/8588
f 7336/8588 7300/8730 7299/8731 7335/8590
f 7335/8590 7299/8731 7298/8732 7334/8592
f 7334/8592 7298/8732 7297/8733 7333/8594
f 7333/8594 7297/8733 7296/8540 7332/8554
f 7175/8722 7172/8734 7265/8735 7331/8723
f 7331/8723 7265/8735 7264/8736 7330/8724
f 7330/8724 7264/8736 7263/8737 7329/8725
f 7329/8725 7263/8737 7262/8738 7328/8726
f 7328/8726 7262/8738 7261/8739 7327/8727
f 7327/8727 7261/8739 7260/8530 7326/8552
f 7181/8711 7177/8596 7314/8599 7325/8712
f 7325/8712 7314/8599 7315/8601 7324/8714
f 7324/8714 7315/8601 7316/8603 7323/8716
f 7323/8716 7316/8603 7317/8605 7322/8718
f 7322/8718 7317/8605 7318/8607 7321/8720
f 7321/8720 7318/8607 7319/8549 7320/8548
f 7200/8681 7189/8704 7302/8705 7313/8682
f 7313/8682 7302/8705 7303/8706 7312/8684
f 7312/8684 7303/8706 7304/8707 7311/8686
f 7311/8686 7304/8707 7305/8708 7310/8688
f 7310/8688 7305/8708 7306/8709 7309/8690
f 7309/8690 7306/8709 7307/8545 7308/8544
f 7186/8728 7179/8608 7290/8611 7301/8729
f 7301/8729 7290/8611 7291/8613 7300/8730
f 7300/8730 7291/8613 7292/8615 7299/8731
f 7299/8731 7292/8615 7293/8617 7298/8732
f 7298/8732 7293/8617 7294/8619 7297/8733
f 7297/8733 7294/8619 7295/8541 7296/8540
f 7196/8740 7195/8662 7284/8665 7266/8741
f 7266/8741 7284/8665 7285/8667 7267/8742
f 7267/8742 7285/8667 7286/8669 7268/8743
f 7268/8743 7286/8669 7287/8671 7269/8744
f 7269/8744 7287/8671 7288/8673 7270/8745
f 7270/8745 7288/8673 7289/8538 7271/8532
f 7704/8746 7277/8747 7202/8748 7710/8749
f 7711/8750 7173/8751 7272/8752 7709/8753
f 7709/8753 7272/8752 7273/8754 7708/8755
f 7708/8755 7273/8754 7274/8756 7707/8757
f 7707/8757 7274/8756 7275/8758 7706/8759
f 7706/8759 7275/8758 7276/8760 7705/8761
f 7194/8762 7196/8740 7266/8741 7254/8763
f 7254/8763 7266/8741 7267/8742 7255/8764
f 7255/8764 7267/8742 7268/8743 7256/8765
f 7256/8765 7268/8743 7269/8744 7257/8766
f 7257/8766 7269/8744 7270/8745 7258/8767
f 7258/8767 7270/8745 7271/8532 7259/8528
f 7172/8734 7178/8768 7253/8769 7265/8735
f 7265/8735 7253/8769 7252/8770 7264/8736
f 7264/8736 7252/8770 7251/8771 7263/8737
f 7263/8737 7251/8771 7250/8772 7262/8738
f 7262/8738 7250/8772 7249/8773 7261/8739
f 7261/8739 7249/8773 7248/8524 7260/8530
f 7197/8774 7194/8762 7254/8763 7230/8775
f 7230/8775 7254/8763 7255/8764 7231/8776
f 7231/8776 7255/8764 7256/8765 7232/8777
f 7232/8777 7256/8765 7257/8766 7233/8778
f 7233/8778 7257/8766 7258/8767 7234/8779
f 7234/8779 7258/8767 7259/8528 7235/8521
f 7178/8768 7192/8638 7242/8641 7253/8769
f 7253/8769 7242/8641 7243/8643 7252/8770
f 7252/8770 7243/8643 7244/8645 7251/8771
f 7251/8771 7244/8645 7245/8647 7250/8772
f 7250/8772 7245/8647 7246/8649 7249/8773
f 7249/8773 7246/8649 7247/8525 7248/8524
f 7193/8639 7197/8774 7230/8775 7241/8640
f 7241/8640 7230/8775 7231/8776 7240/8642
f 7240/8642 7231/8776 7232/8777 7239/8644
f 7239/8644 7232/8777 7233/8778 7238/8646
f 7238/8646 7233/8778 7234/8779 7237/8648
f 7237/8648 7234/8779 7235/8521 7236/8520
f 7477/8780 6685/7742 6684/7745 7482/8781
f 6705/7809 7405/8782 7439/7765 7440/7810
f 7405/8782 7404/8783 7436/7828 7439/7765
f 7559/8784 7532/8785 7455/8786 7469/8787
f 7526/8788 7542/8789 7407/7768 7420/8133
f 7540/8790 7538/8791 7414/7867 7410/7759
f 7531/8792 7537/8793 7415/8034 7418/8118
f 6700/8070 7412/8794 7409/8795 6873/8071
f 7537/8793 6409/8796 6273/8035 7415/8034
f 6873/8071 7409/8795 7421/7754 6712/7753
f 6728/7821 6727/7820 7417/7761 7418/8118
f 7538/8791 7526/8797 7420/7868 7414/7867
f 7543/8798 7406/7786 7423/7647 7522/8799
f 7997/8800 7408/7650 7407/7768 7542/8789
f 7404/8783 6703/8801 7441/7895 7436/7828
f 7533/8802 7417/7761 7416/7764 7535/8803
f 7101/8412 7100/8235 7040/8199 7041/8466
f 7529/8804 7419/7751 7421/7754 7524/8805
f 7522/8799 7423/7647 7408/7650 7546/8806
f 6668/8137 6698/7731 7435/8055 7425/8134
f 6697/7758 6665/7862 7428/7863 7438/7807
f 5748/8030 6290/8119 7434/8064 6862/8031
f 6699/8104 7427/8117 7437/8033 6841/7973
f 6862/8031 7434/8064 7433/8067 6707/8062
f 6723/7882 7430/8060 7433/8063 6724/7883
f 6722/8807 7432/8059 7430/8060 6723/7882
f 7535/8803 7416/7764 7406/7786 7543/8798
f 6733/8808 7424/8057 7431/8058 6721/8809
f 6605/8810 7429/8056 7424/8057 6733/8808
f 6604/7729 8001/8052 7435/8055 6698/7731
f 6841/7973 7437/8033 7426/8032 6704/7974
f 6704/7974 7426/8032 7441/7895 6703/8801
f 6665/7862 6668/7861 7425/7864 7428/7863
f 7442/8811 7508/8812 7463/8813 7518/8814
f 7457/8815 7530/8816 7453/8817 7468/8818
f 7536/8819 7525/8820 7467/8821 7464/8822
f 6697/7758 7438/7807 7440/7810 6677/7740
f 6721/8809 7431/8058 7432/8059 6722/8807
f 7464/8822 7456/8823 7521/8824 7536/8819
f 7471/8825 7455/8786 7532/8785 7454/8826
f 7471/8827 7518/8828 7449/8829 7470/8830
f 7464/8822 7446/8831 7445/8832 7456/8823
f 7560/7491 7530/8816 7457/8815 7466/7585
f 7458/8833 7452/8834 7519/8835 7523/8836
f 7448/8837 7458/8838 7470/8830 7449/8829
f 7453/8817 7447/8839 7520/8840 7468/8818
f 7454/8826 7442/8811 7518/8814 7471/8825
f 7443/8841 7467/8842 7461/8843 7444/8844
f 7467/8842 7443/8841 7446/8831 7464/8822
f 7468/8818 7520/8840 7444/8844 7461/8843
f 7450/8845 7451/8846 7452/8847 7507/8848
f 7528/8849 7519/8835 7452/8834 7451/8846
f 7534/8850 7461/8843 7467/8842 7525/8820
f 7447/8839 7513/8851 7465/8852 7520/8840
f 7447/8839 7453/8817 7451/8846 7450/8845
f 7458/8833 7523/8836 7527/8853 7470/8830
f 7461/8843 7534/8850 7457/8815 7468/8818
f 7442/8811 7454/8826 7456/8823 7445/8832
f 7448/8837 7507/8848 7452/8847 7458/8838
f 7409/8795 7541/7972 7524/7975 7421/7754
f 6685/7742 7477/8780 7476/8193 6686/7738
f 6686/7738 7476/8193 7475/8196 6683/7739
f 6649/8125 7487/8187 7483/8192 6695/8126
f 6657/7859 7487/8191 7472/8190 6663/7860
f 6654/8854 7484/8185 7472/8186 6655/8855
f 6587/7657 7479/8183 7484/8185 6654/7683
f 6598/7730 7479/8184 7473/8181 6664/7725
f 6664/7725 7473/8181 7489/8182 6658/7726
f 6681/7697 7477/8197 7482/8781 6693/7704
f 6652/7686 7486/8179 7488/8180 6651/7687
f 6653/7978 7485/8178 7486/8179 6652/7686
f 6860/8027 7480/8175 7485/8178 6653/7978
f 6861/8028 7480/8177 6341/8176 5747/8029
f 6840/8093 7481/8172 7478/8174 6679/8149
f 6838/7827 7481/8173 7474/8170 6680/7744
f 6680/7744 7474/8170 7482/8171 6684/7745
f 6839/8089 7490/8094 7150/8150 7151/8090
f 6654/8854 6655/8855 7506/8139 7503/7684
f 6673/7702 6641/7856 7491/7858 7494/7699
f 6645/7976 6859/8023 7498/8024 7504/7977
f 6859/8023 5745/8022 6360/8025 7498/8024
f 6644/7680 6645/7976 7504/7977 7505/7685
f 6655/8189 6649/8188 7491/8124 7506/7857
f 6642/7682 7493/7718 7502/7655 6648/7659
f 6651/7687 7488/8180 7489/8198 6650/7717
f 6682/7696 7495/7695 7500/7700 6687/8195
f 6688/7714 7501/7703 7499/7706 6694/7715
f 6676/7692 7495/7719 7496/7698 6675/7693
f 6695/8126 7483/8192 7475/8221 6687/8195
f 6644/7680 7505/7685 7492/7688 6643/7681
f 6585/7660 7497/7658 7503/7684 6646/7679
f 6675/7693 7496/7698 7501/7703 6688/7714
f 6648/7659 7502/7655 7497/7658 6585/7660
f 6694/7715 7499/7706 7490/8094 6839/8089
f 7418/8118 7417/7761 7533/8802 7531/8792
f 7412/8794 7539/8103 7541/7972 7409/8795
f 7520/8840 7465/8852 7510/8856 7444/8844
f 6643/7681 7492/7688 7493/7718 6642/7682
f 7507/8848 7517/8857 7516/8858 7450/8845
f 7518/8828 7463/8813 7515/8859 7449/8829
f 7448/8837 7514/8860 7517/8857 7507/8848
f 7445/8832 7511/8861 7508/8812 7442/8811
f 7446/8831 7512/8862 7511/8861 7445/8832
f 6695/8126 6687/8195 7500/7700 7494/8123
f 7443/8841 7509/8863 7512/8862 7446/8831
f 7450/8845 7516/8858 7513/8851 7447/8839
f 7449/8829 7515/8859 7514/8860 7448/8837
f 7444/8844 7510/8856 7509/8863 7443/8841
f 7462/8864 7516/8865 7517/8866 7460/8867
f 7460/8867 7517/8866 7514/8868 7459/8869
f 7521/8824 7456/8823 7454/8826 7532/8785
f 6702/8135 6719/8054 7542/8789 7526/8788
f 7459/8869 7514/8868 7515/8859 7463/8813
f 7549/8870 7559/8784 7469/8787 7545/8871
f 7465/8852 7513/8851 7516/8865 7462/8864
f 7510/8856 7465/8852 7462/8864 7509/8863
f 7509/8863 7462/8864 7460/8867 7512/8862
f 7564/8872 7523/8836 7519/8835 7566/8873
f 6706/7808 6701/7866 7538/8791 7540/8790
f 7566/8873 7519/8835 7528/8849 7561/8874
f 6724/8066 6863/8065 7537/8793 7531/7880
f 7466/7585 7457/8815 7534/8850 7558/8875
f 6863/8065 5749/8120 6409/8796 7537/8793
f 7511/8861 7459/8869 7463/8813 7508/8812
f 7512/8862 7460/8867 7459/8869 7511/8861
f 7410/7759 7548/8876 7544/8877 7540/8790
f 6703/8878 7549/8879 7545/8880 7529/8881
f 7563/8882 7525/8820 7536/8819 7557/8883
f 7528/8849 7451/8846 7453/8817 7530/8816
f 6701/7866 6702/7865 7526/8797 7538/8791
f 7557/8883 7536/8819 7521/8824 7565/8884
f 7469/8787 7455/8786 7527/8885 7562/8886
f 6721/8809 7543/8798 7522/8799 6733/8808
f 7998/8053 7997/8800 7542/8789 6719/8054
f 6723/7882 7533/7881 7535/8803 6722/8807
f 7523/8836 7564/8872 7562/8886 7527/8853
f 7525/8820 7563/8882 7558/8875 7534/8850
f 6703/8801 7529/8881 7524/8805 6704/7974
f 6733/8808 7522/8799 7546/8806 6605/8810
f 6722/8807 7535/8803 7543/8798 6721/8809
f 7530/8816 7560/7491 7561/7490 7528/8849
f 7532/8785 7559/8784 7565/8884 7521/8824
f 7422/7747 7547/8887 7548/8876 7410/7759
f 7404/8783 7555/8888 7549/8879 6703/8801
f 7529/8804 7545/8880 7552/8889 7419/7751
f 7405/8782 7551/8890 7555/8888 7404/8783
f 6705/7809 7553/8891 7551/8890 7405/8782
f 7540/8790 7544/8877 7550/8892 6706/7808
f 7411/7750 7556/8893 7547/8887 7422/7747
f 6706/7808 7550/8892 7553/8891 6705/7809
f 7419/7751 7552/8889 7554/8894 7413/7756
f 7413/7756 7554/8894 7556/8893 7411/7750
f 7555/8895 7565/8884 7559/8784 7549/8870
f 7545/8871 7469/8787 7562/8886 7552/8896
f 7551/8897 7557/8883 7565/8884 7555/8895
f 7553/8898 7563/8882 7557/8883 7551/8897
f 7544/7586 7466/7585 7558/8875 7550/8899
f 7556/8900 7566/8873 7561/8874 7547/7489
f 7550/8899 7558/8875 7563/8882 7553/8898
f 7552/8896 7562/8886 7564/8872 7554/8901
f 7554/8901 7564/8872 7566/8873 7556/8900
f 7470/8830 7527/8853 7455/8786 7471/8827
f 7694/8567 7203/8557 7569/8902 7701/8903
f 7227/8571 7228/8570 7594/8904 7593/8905
f 7217/8575 7216/8574 7582/8906 7583/8907
f 7228/8570 7229/8547 7595/8908 7594/8904
f 7216/8574 7220/8577 7586/8909 7582/8906
f 7224/8539 7227/8571 7593/8905 7590/8910
f 7219/8561 7217/8575 7583/8907 7585/8911
f 7221/8526 7222/8523 7588/8912 7587/8913
f 7220/8577 6068/8579 6446/8914 7586/8909
f 7214/8564 7212/8581 7578/8915 7580/8916
f 7208/8542 7205/8583 7571/8917 7574/8918
f 7206/8550 7211/8565 7577/8919 7572/8920
f 7212/8581 7213/8555 7579/8921 7578/8915
f 7222/8523 7226/8522 7592/8922 7588/8912
f 7207/8527 7221/8526 7587/8913 7573/8923
f 7226/8522 7223/8529 7589/8924 7592/8922
f 7201/8531 7207/8527 7573/8923 7567/8925
f 7223/8529 7225/8533 7591/8926 7589/8924
f 7705/8761 7276/8760 7277/8747 7704/8746
f 7225/8533 7224/8539 7590/8910 7591/8926
f 7215/8543 7208/8542 7574/8918 7581/8927
f 7229/8547 7218/8546 7584/8928 7595/8908
f 7210/8551 7206/8550 7572/8920 7576/8929
f 7204/8553 7201/8531 7567/8925 7570/8930
f 7213/8555 7215/8543 7581/8927 7579/8921
f 7203/8557 7204/8553 7570/8930 7569/8902
f 7209/8559 7210/8551 7576/8929 7575/8931
f 7218/8546 7219/8561 7585/8911 7584/8928
f 7211/8565 7214/8564 7580/8916 7577/8919
f 6057/7144 6435/7470 7622/8932 7615/8933
f 6132/7181 6131/7145 7621/8934 7620/8935
f 6133/7179 6132/7181 7620/8935 7619/8936
f 6134/7177 6133/7179 7619/8936 7618/8937
f 6135/7175 6134/7177 7618/8937 7617/8938
f 6136/7172 6135/7175 7617/8938 7616/8939
f 6027/7173 6136/7172 7616/8939 7614/8940
f 6131/7145 6057/7144 7615/8933 7621/8934
f 5997/6196 6027/7074 7614/8941 7613/6195
f 7655/8942 7602/6511 7605/6408 7656/8943
f 7653/8944 7600/6474 7611/6569 7661/8945
f 7661/8945 7611/6569 6621/6572 6523/8946
f 7659/8947 7609/6517 7610/6487 7660/8948
f 7655/8942 7649/8949 7596/6512 7602/6511
f 5453/6486 5454/6077 7598/8950 7597/6485
f 5674/6549 5397/6529 7606/6528 7612/6194
f 5405/6496 5404/6513 7596/6512 7601/6493
f 7673/8951 7660/8948 7610/6487 7607/6206
f 7650/8952 7658/8953 7608/6205 7597/6485
f 5454/6077 5455/6076 7599/6475 7598/8950
f 7653/8944 7652/8954 7599/6475 7600/6474
f 7659/8955 7656/8943 7605/6408 7609/6407
f 7658/8953 7673/8951 7607/6206 7608/6205
f 7662/8956 7663/8957 7613/6195 7612/6194
f 5670/6103 5994/6719 7639/7081 7638/6500
f 5382/6234 5444/6135 7630/8958 7634/8959
f 5379/6405 5332/6404 7632/8960 7635/8961
f 5356/6462 5353/6121 7626/6483 7624/8962
f 5347/6125 5382/6234 7634/8959 7628/6510
f 5444/6135 5371/6134 7636/8963 7630/8958
f 5380/6198 5330/6100 7629/6492 7631/8964
f 5379/6533 7635/8965 7636/8963 5371/6134
f 5690/6566 7637/8966 6524/8967 5359/6567
f 5356/6462 7624/8962 7637/8966 5690/6566
f 5380/6198 7631/8964 7632/8960 5332/6404
f 7665/8968 7672/8969 7648/7479 7641/7099
f 7670/8970 7671/8971 7647/7098 7646/7313
f 7669/8972 7670/8970 7646/7313 7645/7312
f 7668/8973 7669/8972 7645/7312 7644/7311
f 7667/8974 7668/8973 7644/7311 7643/7310
f 7666/8975 7667/8974 7643/7310 7642/7309
f 7664/8976 7666/8975 7642/7309 7640/7308
f 7671/8971 7665/8968 7641/7099 7647/7098
f 7663/8977 7664/8978 7640/7082 7639/7081
f 7650/8979 7651/8980 7627/6482 7628/6510
f 7662/8981 7657/8982 7633/6501 7638/6500
f 7784/8983 7770/8984 7758/8985 7757/8986
f 7651/8980 7652/8987 7626/6483 7627/6482
f 7598/8950 7599/6475 7652/8954 7651/8980
f 7750/8988 7767/8989 7756/8990 7762/8991
f 7612/6194 7606/6528 7657/8982 7662/8956
f 7597/6485 7598/8950 7651/8980 7650/8952
f 7613/6195 7614/8941 7664/8978 7663/8957
f 7621/8934 7615/8933 7665/8968 7671/8971
f 7614/8940 7616/8939 7666/8975 7664/8976
f 7616/8939 7617/8938 7667/8974 7666/8975
f 7617/8938 7618/8937 7668/8973 7667/8974
f 7618/8937 7619/8936 7669/8972 7668/8973
f 7619/8936 7620/8935 7670/8970 7669/8972
f 7620/8935 7621/8934 7671/8971 7670/8970
f 7615/8933 7622/8932 7672/8969 7665/8968
f 7638/6500 7639/7081 7663/8977 7662/8981
f 7634/8959 7630/8958 7673/8951 7658/8953
f 7635/8961 7632/8960 7656/8943 7659/8955
f 7624/8962 7626/6483 7652/8987 7653/8944
f 7628/6510 7634/8959 7658/8953 7650/8979
f 7630/8958 7636/8963 7660/8948 7673/8951
f 7631/8964 7629/6492 7649/8949 7655/8942
f 7635/8965 7659/8947 7660/8948 7636/8963
f 7637/8966 7661/8945 6523/8946 6524/8967
f 7624/8962 7653/8944 7661/8945 7637/8966
f 7631/8964 7655/8942 7656/8943 7632/8960
f 7202/8992 7694/8567 7701/8903 7568/8993
f 7276/8760 7699/8703 7700/8566 7277/8747
f 7275/8758 7698/8701 7699/8703 7276/8760
f 7274/8756 7697/8699 7698/8701 7275/8758
f 7273/8754 7696/8697 7697/8699 7274/8756
f 7272/8752 7695/8695 7696/8697 7273/8754
f 7173/8751 7693/8692 7695/8695 7272/8752
f 7277/8747 7700/8566 7694/8567 7202/8748
f 7143/8535 7692/8156 7693/8498 7173/8536
f 6832/7510 7689/7525 7692/8156 7144/7511
f 6546/8994 6497/8995 7682/7833 7680/7626
f 6520/7891 6850/7996 7684/7998 7676/7892
f 6850/7996 5358/8111 5359/7999 7684/7998
f 6543/8996 6535/8997 7678/7558 7677/7960
f 6517/7890 6520/7891 7676/7892 7675/7541
f 6497/8995 6543/8998 7677/7834 7682/7833
f 6511/7508 7690/7548 7679/7663 6548/7506
f 6548/7506 7679/7663 7681/7555 6607/7503
f 6495/8999 6546/8994 7680/7626 7683/7523
f 6607/7503 7681/7555 7678/7558 6535/8997
f 6514/7987 7691/7544 7690/7548 6511/7508
f 6517/7890 7675/7541 7691/7544 6514/7987
f 6477/7579 6471/7574 7686/7519 7687/7514
f 6832/7510 6483/7580 7688/7513 7689/7525
f 6465/7572 6495/7573 7683/7523 7685/7520
f 6471/7574 6465/7572 7685/7520 7686/7519
f 6483/7580 6477/7579 7687/7514 7688/7513
f 7279/8618 7745/9000 7746/9001 7278/8582
f 6831/7526 7713/7940 7712/8534 7143/8155
f 6547/7664 7717/9002 7718/9003 6608/7556
f 6544/7835 7716/9004 7720/9005 6498/7836
f 6521/7893 7725/9006 7726/7916 6518/7542
f 6597/8003 7727/7915 7726/7916 6610/9007
f 6512/7547 7728/7942 7717/9002 6547/7664
f 6608/7556 7718/9003 7715/9008 6536/7557
f 6788/9009 7724/7923 7729/7924 7625/9010
f 6466/7521 7724/7923 7721/9011 6472/7522
f 7737/9012 7713/7940 7719/7941 7732/9013
f 7730/7931 6570/7930 6560/7963 7157/7962
f 6545/7627 7723/9014 7729/7924 6496/7524
f 6544/7961 6536/7557 7715/9008 7716/9015
f 6478/7515 7722/9016 7719/7941 6484/7516
f 6524/8000 6523/9017 7714/9018 6851/8001
f 6521/7893 6851/8001 7714/9018 7725/9006
f 6545/7627 6498/7836 7720/9005 7723/9014
f 7738/9019 7712/8534 7711/8537 7739/9020
f 7746/9021 7704/8746 7710/8749 7740/7622
f 7739/9022 7711/8750 7709/8753 7741/9023
f 7741/9023 7709/8753 7708/8755 7742/9024
f 7742/9024 7708/8755 7707/8757 7743/9025
f 7743/9025 7707/8757 7706/8759 7744/9026
f 7744/9026 7706/8759 7705/8761 7745/9027
f 7745/9027 7705/8761 7704/8746 7746/9001
f 6472/7522 7721/9011 7722/9016 6478/7515
f 7710/7623 7202/8748 7568/8993 7703/7624
f 7280/8616 7744/9026 7745/9027 7279/8618
f 7281/8614 7743/9025 7744/9026 7280/8616
f 7282/8612 7742/9024 7743/9025 7281/8614
f 7283/8610 7741/9023 7742/9024 7282/8612
f 7176/8609 7739/9022 7741/9023 7283/8610
f 7278/8582 7746/9001 7740/7622 7205/8583
f 7146/7635 7738/7636 7739/9020 7176/8511
f 7721/9011 7730/7931 7157/7962 7722/9016
f 6835/7981 7737/7633 7732/9013 6561/7964
f 6569/7929 6788/7928 7625/9010 6568/7947
f 6618/7502 6597/8003 6610/9007 6619/7499
f 7723/9014 7720/9005 7731/7906 6891/7945
f 7725/9006 7714/9018 7736/8115 6522/7912
f 6523/9017 6621/8112 7736/8115 7714/9018
f 6617/7518 7674/7917 6597/8003 6618/7502
f 7722/9016 7157/7962 7732/7965 7719/7941
f 7716/9015 7715/9008 7735/7922 7734/7957
f 7723/9014 6891/7945 7625/7948 7729/7924
f 7724/7923 6788/9009 7730/7931 7721/9011
f 7718/9003 7702/7838 7735/7922 7715/9008
f 7728/7942 7674/8002 7733/7837 7717/9002
f 7725/9006 6522/7912 6610/7913 7726/7916
f 7716/9004 7734/7905 7731/7906 7720/9005
f 7717/9002 7733/7837 7702/7838 7718/9003
f 7713/7940 7737/9012 7738/7636 7712/8534
f 7205/8583 7740/7622 7747/7625 7571/8917
f 7779/9028 7769/9029 7753/9030 7755/9031
f 5312/6092 5318/6091 7633/6501 7749/9032
f 7770/8984 7776/9033 7759/9034 7758/8985
f 7772/9035 7780/9036 7761/9037 7760/9038
f 7783/9039 7775/9040 7766/9041 7763/9042
f 5306/6097 5312/6092 7749/9032 7751/9043
f 7776/9033 7779/9028 7755/9031 7759/9034
f 7780/9036 7783/9039 7763/9042 7761/9037
f 5300/6098 5306/6097 7751/9043 7623/6491
f 7754/9044 7752/9045 7760/9038 7761/9037
f 7755/9031 7753/9030 7752/9045 7754/9044
f 7765/9046 7756/9047 7757/8986 7758/8985
f 7766/9048 7762/8991 7756/8990 7765/9046
f 7763/9042 7766/9041 7765/9046 7764/9049
f 7764/9049 7765/9046 7758/8985 7759/9034
f 7761/9037 7763/9042 7764/9049 7754/9044
f 7754/9044 7764/9049 7759/9034 7755/9031
f 7775/9040 7750/8988 7762/8991 7766/9041
f 7767/8989 7784/8983 7757/8986 7756/8990
f 7786/9050 7772/9035 7760/9038 7752/9045
f 7769/9029 7786/9050 7752/9045 7753/9030
f 7596/6512 7649/8949 7787/9051 7768/9052
f 7768/9053 7787/9054 7786/9050 7769/9029
f 7649/8949 7629/6492 7773/9055 7787/9051
f 7787/9054 7773/9056 7772/9035 7786/9050
f 7657/8982 7606/6528 7785/9057 7654/9058
f 7654/9059 7785/9060 7784/8983 7767/8989
f 7749/9032 7633/6501 7748/9061 7774/9062
f 7783/9039 7780/9036 7794/9063 7797/9064
f 7623/6491 7751/9043 7782/9065 7781/9066
f 7772/9035 7773/9056 7791/9067 7790/9068
f 7604/6494 7601/6493 7778/9069 7777/9070
f 7777/9071 7778/9072 7779/9028 7776/9033
f 7751/9043 7749/9032 7774/9062 7782/9065
f 7782/9073 7774/9074 7792/9075 7796/9076
f 7629/6492 7623/6491 7781/9066 7773/9055
f 7780/9036 7772/9035 7790/9068 7794/9063
f 7603/6527 7604/6494 7777/9070 7771/9077
f 7771/9078 7777/9071 7776/9033 7770/8984
f 7601/6493 7596/6512 7768/9052 7778/9069
f 7778/9072 7768/9053 7769/9029 7779/9028
f 7633/6501 7657/8982 7654/9058 7748/9061
f 7748/9079 7654/9059 7767/8989 7750/8988
f 7606/6528 7603/6527 7771/9077 7785/9057
f 7785/9060 7771/9078 7770/8984 7784/8983
f 7794/9080 7790/9081 7800/9082 7804/9083
f 7797/9084 7794/9080 7804/9083 7807/9085
f 7774/9074 7748/9086 7789/9087 7792/9075
f 7775/9040 7783/9039 7797/9064 7793/9088
f 7750/8988 7775/9040 7793/9088 7788/9089
f 7773/9056 7781/9090 7795/9091 7791/9067
f 7748/9079 7750/8988 7788/9089 7789/9087
f 7781/9090 7782/9073 7796/9076 7795/9091
f 7802/9092 7799/9093 7798/9094 7803/9095
f 7805/9096 7806/9097 7807/9085 7804/9083
f 7806/9097 7802/9092 7803/9095 7807/9085
f 7801/9098 7805/9096 7804/9083 7800/9082
f 7788/9099 7793/9100 7803/9095 7798/9094
f 7793/9100 7797/9084 7807/9085 7803/9095
f 7789/9101 7788/9099 7798/9094 7799/9093
f 7790/9081 7791/9102 7801/9098 7800/9082
f 6975/8326 7816/8328 7815/8271 6972/8270
f 6933/8338 7809/8342 7808/8369 6930/8368
f 6930/8368 7808/8369 7810/8348 6942/8347
f 6951/8317 7812/8321 7811/8248 6948/8246
f 6963/8359 7814/8363 7813/8339 6960/8337
f 6987/8291 7818/8293 7817/8360 6984/8358
f 6984/8358 7817/8360 7814/8363 6963/8359
f 6942/8347 7810/8348 7819/8299 6996/8298
f 6960/8337 7813/8339 7809/8342 6933/8338
f 6999/8305 7820/8307 7816/8328 6975/8326
f 7005/8316 7821/8318 7812/8321 6951/8317
f 7011/8282 7822/8286 7820/8307 6999/8305
f 6996/8298 7819/8299 7823/8283 7020/8281
f 7023/8247 7824/8251 7818/8293 6987/8291
f 7020/8281 7823/8283 7822/8286 7011/8282
f 6972/8270 7815/8271 7825/8262 7032/8260
f 7032/8260 7825/8262 7821/8265 7005/8261
f 6948/8246 7811/8248 7824/8251 7023/8247
f 5826/6889 5823/6833 7833/6834 7834/6890
f 5784/6900 5781/6931 7826/6932 7827/6903
f 5781/6931 5793/6910 7828/6911 7826/6932
f 5802/6879 5799/6810 7829/6811 7830/6882
f 5814/6921 5811/6901 7831/6902 7832/6924
f 5838/6854 5835/6922 7835/6923 7836/6855
f 5835/6922 5814/6921 7832/6924 7835/6923
f 5793/6910 5847/6861 7837/6862 7828/6911
f 5811/6901 5784/6900 7827/6903 7831/6902
f 5850/6868 5826/6889 7834/6890 7838/6869
f 5856/6880 5802/6879 7830/6882 7839/6881
f 5862/6844 5850/6868 7838/6869 7840/6847
f 5847/6861 5871/6845 7841/6846 7837/6862
f 5874/6809 5838/6854 7836/6855 7842/6812
f 5871/6845 5862/6844 7840/6847 7841/6846
f 5823/6833 5883/6824 7843/6825 7833/6834
f 5883/6824 5856/6823 7839/6826 7843/6825
f 5799/6810 5874/6809 7842/6812 7829/6811
f 5836/6926 5813/6925 7850/9103 7853/9104
f 5783/6904 5782/6933 7844/9105 7845/9106
f 5800/6814 5873/6813 7860/9107 7847/9108
f 5848/6863 5872/6849 7859/9109 7855/9110
f 5794/6912 5848/6863 7855/9110 7846/9111
f 5782/6933 5794/6912 7846/9111 7844/9105
f 5825/6891 5824/6835 7851/9112 7852/9113
f 5873/6813 5837/6856 7854/9114 7860/9107
f 5812/6905 5783/6904 7845/9106 7849/9115
f 5801/6883 5800/6814 7847/9108 7848/9116
f 5872/6849 5861/6848 7858/9117 7859/9109
f 5849/6870 5825/6891 7852/9113 7856/9118
f 5813/6925 5812/6905 7849/9115 7850/9103
f 5824/6835 5884/6828 7861/9119 7851/9112
f 5855/6884 5801/6883 7848/9116 7857/9120
f 5837/6856 5836/6926 7853/9104 7854/9114
f 5884/6828 5855/6827 7857/9121 7861/9119
f 5861/6848 5849/6870 7856/9118 7858/9117
f 7849/9115 7845/9106 7863/9122 7867/9123
f 7851/9112 7861/9119 7879/9124 7869/9125
f 7852/9113 7851/9112 7869/9125 7870/9126
f 7846/9111 7855/9110 7873/9127 7864/9128
f 7859/9109 7858/9117 7876/9129 7877/9130
f 7853/9104 7850/9103 7868/9131 7871/9132
f 7860/9107 7854/9114 7872/9133 7878/9134
f 7854/9114 7853/9104 7871/9132 7872/9133
f 7855/9110 7859/9109 7877/9130 7873/9127
f 7850/9103 7849/9115 7867/9123 7868/9131
f 7858/9117 7856/9118 7874/9135 7876/9129
f 7848/9116 7847/9108 7865/9136 7866/9137
f 7857/9120 7848/9116 7866/9137 7875/9138
f 7847/9108 7860/9107 7878/9134 7865/9136
f 7844/9105 7846/9111 7864/9128 7862/9139
f 7856/9118 7852/9113 7870/9126 7874/9135
f 7861/9119 7857/9121 7875/9140 7879/9124
f 7845/9106 7844/9105 7862/9139 7863/9122
f 7864/9141 7873/9142 7891/9143 7882/9144
f 7877/9145 7876/9146 7894/9147 7895/9148
f 7871/9149 7868/9150 7886/9151 7889/9152
f 7878/9153 7872/9154 7890/9155 7896/9156
f 7872/9154 7871/9149 7889/9152 7890/9155
f 7873/9142 7877/9145 7895/9148 7891/9143
f 7868/9150 7867/9157 7885/9158 7886/9151
f 7876/9146 7874/9159 7892/9160 7894/9147
f 7866/9161 7865/9162 7883/9163 7884/9164
f 7875/9165 7866/9161 7884/9164 7893/9166
f 7865/9162 7878/9153 7896/9156 7883/9163
f 7862/9167 7864/9141 7882/9144 7880/9168
f 7874/9159 7870/9169 7888/9170 7892/9160
f 7879/9171 7875/9172 7893/9173 7897/9174
f 7863/9175 7862/9167 7880/9168 7881/9176
f 7867/9157 7863/9175 7881/9176 7885/9158
f 7869/9177 7879/9171 7897/9174 7887/9178
f 7870/9169 7869/9177 7887/9178 7888/9170
f 7889/9152 7886/9151 7904/9179 7907/9180
f 7896/9156 7890/9155 7908/9181 7914/9182
f 7890/9155 7889/9152 7907/9180 7908/9181
f 7891/9143 7895/9148 7913/9183 7909/9184
f 7886/9151 7885/9158 7903/9185 7904/9179
f 7894/9147 7892/9160 7910/9186 7912/9187
f 7884/9164 7883/9163 7901/9188 7902/9189
f 7893/9166 7884/9164 7902/9189 7911/9190
f 7883/9163 7896/9156 7914/9182 7901/9188
f 7880/9168 7882/9144 7900/9191 7898/9192
f 7892/9160 7888/9170 7906/9193 7910/9186
f 7897/9174 7893/9173 7911/9194 7915/9195
f 7881/9176 7880/9168 7898/9192 7899/9196
f 7885/9158 7881/9176 7899/9196 7903/9185
f 7887/9178 7897/9174 7915/9195 7905/9197
f 7888/9170 7887/9178 7905/9197 7906/9193
f 7882/9144 7891/9143 7909/9184 7900/9191
f 7895/9148 7894/9147 7912/9187 7913/9183
f 6974/8327 6998/8306 7928/9198 7924/9199
f 6961/8340 6962/8362 7922/9200 7921/9201
f 7033/8263 6973/8272 7923/9202 7933/9203
f 6950/8320 7004/8319 7929/9204 7920/9205
f 6985/8361 6986/8292 7926/9206 7925/9207
f 7004/8264 7033/8263 7933/9203 7929/9208
f 6998/8306 7010/8285 7930/9209 7928/9198
f 6962/8362 6985/8361 7925/9207 7922/9200
f 6931/8370 6932/8341 7917/9210 7916/9211
f 7022/8250 6949/8249 7919/9212 7932/9213
f 7021/8284 6997/8300 7927/9214 7931/9215
f 6997/8300 6943/8349 7918/9216 7927/9214
f 6943/8349 6931/8370 7916/9211 7918/9216
f 6986/8292 7022/8250 7932/9213 7926/9206
f 6932/8341 6961/8340 7921/9201 7917/9210
f 6949/8249 6950/8320 7920/9205 7919/9212
f 6973/8272 6974/8327 7924/9199 7923/9202
f 7010/8285 7021/8284 7931/9215 7930/9209
f 7921/9217 7922/9218 7940/9219 7939/9220
f 7928/9221 7930/9222 7948/9223 7946/9224
f 7919/9225 7920/9226 7938/9227 7937/9228
f 7920/9226 7929/9229 7947/9230 7938/9227
f 7932/9231 7919/9225 7937/9228 7950/9232
f 7918/9233 7916/9234 7934/9235 7936/9236
f 7924/9237 7928/9221 7946/9224 7942/9238
f 7929/9239 7933/9240 7951/9241 7947/9242
f 7916/9234 7917/9243 7935/9244 7934/9235
f 7917/9243 7921/9217 7939/9220 7935/9244
f 7933/9240 7923/9245 7941/9246 7951/9241
f 7923/9245 7924/9237 7942/9238 7941/9246
f 7927/9247 7918/9233 7936/9236 7945/9248
f 7930/9222 7931/9249 7949/9250 7948/9223
f 7922/9218 7925/9251 7943/9252 7940/9219
f 7926/9253 7932/9231 7950/9232 7944/9254
f 7925/9251 7926/9253 7944/9254 7943/9252
f 7931/9249 7927/9247 7945/9248 7949/9250
f 7937/9228 7938/9227 7956/9255 7955/9256
f 7938/9227 7947/9230 7965/9257 7956/9255
f 7950/9232 7937/9228 7955/9256 7968/9258
f 7936/9236 7934/9235 7952/9259 7954/9260
f 7942/9238 7946/9224 7964/9261 7960/9262
f 7947/9242 7951/9241 7969/9263 7965/9264
f 7934/9235 7935/9244 7953/9265 7952/9259
f 7935/9244 7939/9220 7957/9266 7953/9265
f 7951/9241 7941/9246 7959/9267 7969/9263
f 7941/9246 7942/9238 7960/9262 7959/9267
f 7945/9248 7936/9236 7954/9260 7963/9268
f 7948/9223 7949/9250 7967/9269 7966/9270
f 7940/9219 7943/9252 7961/9271 7958/9272
f 7944/9254 7950/9232 7968/9258 7962/9273
f 7943/9252 7944/9254 7962/9273 7961/9271
f 7949/9250 7945/9248 7963/9268 7967/9269
f 7939/9220 7940/9219 7958/9272 7957/9266
f 7946/9224 7948/9223 7966/9270 7964/9261
f 7968/9258 7955/9256 7973/9274 7986/9275
f 7954/9260 7952/9259 7970/9276 7972/9277
f 7960/9262 7964/9261 7982/9278 7978/9279
f 7965/9264 7969/9263 7987/9280 7983/9281
f 7952/9259 7953/9265 7971/9282 7970/9276
f 7953/9265 7957/9266 7975/9283 7971/9282
f 7969/9263 7959/9267 7977/9284 7987/9280
f 7959/9267 7960/9262 7978/9279 7977/9284
f 7963/9268 7954/9260 7972/9277 7981/9285
f 7966/9270 7967/9269 7985/9286 7984/9287
f 7958/9272 7961/9271 7979/9288 7976/9289
f 7962/9273 7968/9258 7986/9275 7980/9290
f 7961/9271 7962/9273 7980/9290 7979/9288
f 7967/9269 7963/9268 7981/9285 7985/9286
f 7957/9266 7958/9272 7976/9289 7975/9283
f 7964/9261 7966/9270 7984/9287 7982/9278
f 7955/9256 7956/9255 7974/9291 7973/9274
f 7956/9255 7965/9257 7983/9292 7974/9291
f 5328/6611 5323/6608 7994/6608 7996/6611
f 6869/7773 6773/7811 8040/7811 8045/7773
f 5586/6613 5591/6612 8012/6612 8007/6613
f 7999/7829 8000/7794 8052/7794 8051/7829
f 7993/6363 7991/6366 8048/6366 8049/6363
f 6549/7792 6580/7791 8029/7791 8027/7792
f 6747/8044 6748/8047 8031/8047 8030/8044
f 8004/7831 7999/7829 8051/7829 8054/7831
f 5412/6221 7993/6363 8049/6363 8005/6221
f 6773/7811 6774/7812 8041/7812 8040/7811
f 7991/6366 7990/6400 8047/6400 8048/6366
f 5615/6383 5613/6382 8018/6382 8020/6383
f 5707/6647 5589/6646 8010/6646 8021/6647
f 5598/6448 5599/6447 8014/6447 8013/6448
f 6775/7814 6772/7815 8039/7815 8042/7814
f 5752/6648 5707/6647 8021/6647 8023/6648
f 6748/8047 6749/8046 8032/8046 8031/8047
f 6751/7832 8004/7831 8054/7831 8034/7832
f 6576/7649 6549/7792 8027/7792 8028/7649
f 5599/6447 5600/6449 8015/6449 8014/6447
f 6868/8078 5752/8081 8023/8081 8044/8078
f 6774/7812 6776/7813 8043/7813 8041/7812
f 6759/8129 6751/7832 8034/7832 8036/8129
f 5612/6381 5708/6343 8022/6343 8017/6381
f 6494/8042 6752/8043 8035/8043 8026/8042
f 6580/7791 6489/8039 8025/8039 8029/7791
f 5708/6343 5755/6344 8024/6344 8022/6343
f 5416/6361 5384/6362 8003/6362 8006/6361
f 6489/8039 6494/8042 8026/8042 8025/8039
f 7990/6400 7995/6402 8050/6402 8047/6400
f 6749/8046 6750/8077 8033/8077 8032/8046
f 8000/7794 8002/7793 8053/7793 8052/7794
f 8002/7793 6576/7649 8028/7649 8053/7793
f 5588/6617 5587/6616 8008/6616 8009/6617
f 7995/6402 5590/6401 8011/6401 8050/6402
f 5590/6401 5598/6693 8013/6693 8011/6401
f 5600/6449 5611/6385 8016/6385 8015/6449
f 5591/6612 5328/6611 7996/6611 8012/6612
f 5589/6646 5588/6617 8009/6617 8010/6646
f 6772/7815 6761/7879 8038/7879 8039/7815
f 6752/8043 6747/8044 8030/8044 8035/8043
f 6906/7774 6869/7773 8045/7773 8046/7774
f 5614/6384 5615/6383 8020/6383 8019/6384
f 5613/6382 5612/6381 8017/6381 8018/6382
f 5384/6362 5412/6221 8005/6221 8003/6362
f 6750/8077 6868/8078 8044/8078 8033/8077
f 6760/7878 6759/7877 8036/7877 8037/7878
f 6776/7813 6775/7814 8042/7814 8043/7813
f 5611/6385 5614/6384 8019/6384 8016/6385
f 5587/6616 5586/6613 8007/6613 8008/6616
f 6761/7879 6760/7878 8037/7878 8038/7879
f 5323/6608 5416/6361 8006/6361 7994/6608
f 5756/6640 5537/6639 8059/6639 8063/6640
f 5754/6342 5753/6341 8060/6341 8061/6342
f 8024/6344 5755/6344 8062/6344 8069/6344
f 6339/6737 5516/6714 8057/6714 8067/6737
f 5515/6665 6339/6737 8067/6737 8056/6665
f 6271/7347 6402/6672 8068/6672 8065/7347
f 5504/6664 5515/6665 8056/6665 8055/6664
f 6287/6681 5504/6664 8055/6664 8066/6681
f 5516/6714 6001/6713 8064/6713 8057/6714
f 5753/6341 5756/6640 8063/6640 8060/6341
f 5537/6639 6271/7347 8065/7347 8059/6639
f 5755/6344 5754/6342 8061/6342 8062/6344
f 5536/6673 6287/6681 8066/6681 8058/6673
f 6402/6672 5536/6673 8058/6673 8068/6672